{"type":"FeatureCollection","features":[{"type":"Feature","id":"GBR-2083","properties":{"kind":"division","code":"GBR-2083","countryCode":"GBR","name":"Derry","localName":"Derry","labelEnglish":"Derry","labelLocal":"Derry","labelBoth":"Derry","type":"London Borough (city)","iso":"GB-DRY","qid":"Q1200370"},"geometry":{"type":"Polygon","coordinates":[[[-7.4158,54.9444],[-7.0103,54.8155],[-7.1499,55.0487],[-7.2471,55.0693],[-7.4158,54.9444]]]}},{"type":"Feature","id":"label-GBR-2083","properties":{"kind":"division-label","code":"GBR-2083","countryCode":"GBR","name":"Derry","localName":"Derry","labelEnglish":"Derry","labelLocal":"Derry","labelBoth":"Derry","type":"London Borough (city)","iso":"GB-DRY","qid":"Q1200370"},"geometry":{"type":"Point","coordinates":[-7.21329,54.9694]}},{"type":"Feature","id":"GBR-2135","properties":{"kind":"division","code":"GBR-2135","countryCode":"GBR","name":"Strabane","localName":"Strabane","labelEnglish":"Strabane","labelLocal":"Strabane","labelBoth":"Strabane","type":"District","iso":"GB-STB","qid":"Q1198500"},"geometry":{"type":"Polygon","coordinates":[[[-7.4158,54.9444],[-7.708,54.6048],[-7.6934,54.6008],[-6.9298,54.7677],[-6.9175,54.8158],[-7.0103,54.8155],[-7.4158,54.9444]]]}},{"type":"Feature","id":"label-GBR-2135","properties":{"kind":"division-label","code":"GBR-2135","countryCode":"GBR","name":"Strabane","localName":"Strabane","labelEnglish":"Strabane","labelLocal":"Strabane","labelBoth":"Strabane","type":"District","iso":"GB-STB","qid":"Q1198500"},"geometry":{"type":"Point","coordinates":[-7.41337,54.8064]}},{"type":"Feature","id":"GBR-2136","properties":{"kind":"division","code":"GBR-2136","countryCode":"GBR","name":"Fermanagh","localName":"Fermanagh","labelEnglish":"Fermanagh","labelLocal":"Fermanagh","labelBoth":"Fermanagh","type":"District","iso":"GB-FER","qid":"Q1198461"},"geometry":{"type":"Polygon","coordinates":[[[-7.708,54.6048],[-8.1685,54.4635],[-7.9421,54.2989],[-7.3165,54.1143],[-7.1895,54.3357],[-7.3645,54.4302],[-7.6934,54.6008],[-7.708,54.6048]]]}},{"type":"Feature","id":"label-GBR-2136","properties":{"kind":"division-label","code":"GBR-2136","countryCode":"GBR","name":"Fermanagh","localName":"Fermanagh","labelEnglish":"Fermanagh","labelLocal":"Fermanagh","labelBoth":"Fermanagh","type":"District","iso":"GB-FER","qid":"Q1198461"},"geometry":{"type":"Point","coordinates":[-7.66047,54.3798]}},{"type":"Feature","id":"GBR-2089","properties":{"kind":"division","code":"GBR-2089","countryCode":"GBR","name":"Dungannon and South Tyrone","localName":"Dungannon and South Tyrone","labelEnglish":"Dungannon and South Tyrone","labelLocal":"Dungannon and South Tyrone","labelBoth":"Dungannon and South Tyrone","type":"District","iso":"GB-DGN","qid":"Q1198466"},"geometry":{"type":"Polygon","coordinates":[[[-6.87,54.326],[-6.5547,54.4633],[-6.5278,54.5398],[-6.9614,54.5766],[-7.3645,54.4302],[-7.1895,54.3357],[-6.87,54.326]]]}},{"type":"Feature","id":"label-GBR-2089","properties":{"kind":"division-label","code":"GBR-2089","countryCode":"GBR","name":"Dungannon and South Tyrone","localName":"Dungannon and South Tyrone","labelEnglish":"Dungannon and South Tyrone","labelLocal":"Dungannon and South Tyrone","labelBoth":"Dungannon and South Tyrone","type":"District","iso":"GB-DGN","qid":"Q1198466"},"geometry":{"type":"Point","coordinates":[-6.94613,54.4791]}},{"type":"Feature","id":"GBR-2085","properties":{"kind":"division","code":"GBR-2085","countryCode":"GBR","name":"Armagh","localName":"Armagh","labelEnglish":"Armagh","labelLocal":"Armagh","labelBoth":"Armagh","type":"District","iso":"GB-ARM","qid":"Q4792580"},"geometry":{"type":"Polygon","coordinates":[[[-6.87,54.326],[-6.6484,54.1737],[-6.36,54.2769],[-6.4053,54.3938],[-6.5547,54.4633],[-6.87,54.326]]]}},{"type":"Feature","id":"label-GBR-2085","properties":{"kind":"division-label","code":"GBR-2085","countryCode":"GBR","name":"Armagh","localName":"Armagh","labelEnglish":"Armagh","labelLocal":"Armagh","labelBoth":"Armagh","type":"District","iso":"GB-ARM","qid":"Q4792580"},"geometry":{"type":"Point","coordinates":[-6.62144,54.3304]}},{"type":"Feature","id":"GBR-2086","properties":{"kind":"division","code":"GBR-2086","countryCode":"GBR","name":"Newry and Mourne","localName":"Newry and Mourne","labelEnglish":"Newry and Mourne","labelLocal":"Newry and Mourne","labelBoth":"Newry and Mourne","type":"District","iso":"GB-NYM","qid":"Q606825"},"geometry":{"type":"Polygon","coordinates":[[[-6.6484,54.1737],[-6.6052,54.0445],[-6.2699,54.0979],[-5.866,54.1841],[-6.0453,54.2466],[-6.36,54.2769],[-6.6484,54.1737]]]}},{"type":"Feature","id":"label-GBR-2086","properties":{"kind":"division-label","code":"GBR-2086","countryCode":"GBR","name":"Newry and Mourne","localName":"Newry and Mourne","labelEnglish":"Newry and Mourne","labelLocal":"Newry and Mourne","labelBoth":"Newry and Mourne","type":"District","iso":"GB-NYM","qid":"Q606825"},"geometry":{"type":"Point","coordinates":[-6.26952,54.1804]}},{"type":"Feature","id":"GBR-2126","properties":{"kind":"division","code":"GBR-2126","countryCode":"GBR","name":"Flintshire","localName":"Flintshire","labelEnglish":"Flintshire","labelLocal":"Flintshire","labelBoth":"Flintshire","type":"Unitary Authority (wales)","iso":"GB-FLN","qid":"Q505610"},"geometry":{"type":"Polygon","coordinates":[[[-3.0845,53.2586],[-3.3605,53.3511],[-3.1227,53.0664],[-2.9568,53.1446],[-3.0845,53.2586]]]}},{"type":"Feature","id":"label-GBR-2126","properties":{"kind":"division-label","code":"GBR-2126","countryCode":"GBR","name":"Flintshire","localName":"Flintshire","labelEnglish":"Flintshire","labelLocal":"Flintshire","labelBoth":"Flintshire","type":"Unitary Authority (wales)","iso":"GB-FLN","qid":"Q505610"},"geometry":{"type":"Point","coordinates":[-3.14709,53.1815]}},{"type":"Feature","id":"GBR-5707","properties":{"kind":"division","code":"GBR-5707","countryCode":"GBR","name":"Cheshire West and Chester","localName":"Cheshire West and Chester","labelEnglish":"Cheshire West and Chester","labelLocal":"Cheshire West and Chester","labelBoth":"Cheshire West and Chester","type":"Unitary Authority","iso":"GB-CHW","qid":"Q1070591"},"geometry":{"type":"Polygon","coordinates":[[[-2.9568,53.1446],[-2.7277,52.9665],[-2.6228,52.9858],[-2.509,53.3309],[-2.5694,53.3123],[-2.7755,53.2999],[-2.9264,53.3048],[-3.0959,53.2871],[-3.0845,53.2586],[-2.9568,53.1446]]]}},{"type":"Feature","id":"label-GBR-5707","properties":{"kind":"division-label","code":"GBR-5707","countryCode":"GBR","name":"Cheshire West and Chester","localName":"Cheshire West and Chester","labelEnglish":"Cheshire West and Chester","labelLocal":"Cheshire West and Chester","labelBoth":"Cheshire West and Chester","type":"Unitary Authority","iso":"GB-CHW","qid":"Q1070591"},"geometry":{"type":"Point","coordinates":[-2.76774,53.1671]}},{"type":"Feature","id":"GBR-2127","properties":{"kind":"division","code":"GBR-2127","countryCode":"GBR","name":"Wrexham","localName":"Wrexham","labelEnglish":"Wrexham","labelLocal":"Wrexham","labelBoth":"Wrexham","type":"Unitary Authority (wales)","iso":"GB-WRX","qid":"Q843868"},"geometry":{"type":"Polygon","coordinates":[[[-2.9568,53.1446],[-3.1227,53.0664],[-3.3907,52.8674],[-3.1404,52.7963],[-2.7277,52.9665],[-2.9568,53.1446]]]}},{"type":"Feature","id":"label-GBR-2127","properties":{"kind":"division-label","code":"GBR-2127","countryCode":"GBR","name":"Wrexham","localName":"Wrexham","labelEnglish":"Wrexham","labelLocal":"Wrexham","labelBoth":"Wrexham","type":"Unitary Authority (wales)","iso":"GB-WRX","qid":"Q843868"},"geometry":{"type":"Point","coordinates":[-3.0538,53.017]}},{"type":"Feature","id":"GBR-2779","properties":{"kind":"division","code":"GBR-2779","countryCode":"GBR","name":"Shropshire","localName":"Shropshire","labelEnglish":"Shropshire","labelLocal":"Shropshire","labelBoth":"Shropshire","type":"Unitary Single-Tier County","iso":"GB-SHR","qid":"Q23103"},"geometry":{"type":"Polygon","coordinates":[[[-3.1404,52.7963],[-2.9615,52.7337],[-3.1993,52.4125],[-2.9574,52.3412],[-2.6409,52.3322],[-2.2862,52.4446],[-2.324,52.7477],[-2.4246,52.607],[-2.6462,52.7585],[-2.3966,52.8216],[-2.3788,52.9896],[-2.6228,52.9858],[-2.7277,52.9665],[-3.1404,52.7963]]]}},{"type":"Feature","id":"label-GBR-2779","properties":{"kind":"division-label","code":"GBR-2779","countryCode":"GBR","name":"Shropshire","localName":"Shropshire","labelEnglish":"Shropshire","labelLocal":"Shropshire","labelBoth":"Shropshire","type":"Unitary Single-Tier County","iso":"GB-SHR","qid":"Q23103"},"geometry":{"type":"Point","coordinates":[-2.72133,52.6167]}},{"type":"Feature","id":"GBR-2111","properties":{"kind":"division","code":"GBR-2111","countryCode":"GBR","name":"Powys","localName":"Powys","labelEnglish":"Powys","labelLocal":"Powys","labelBoth":"Powys","type":"Unitary Authority (wales)","iso":"GB-POW","qid":"Q156150"},"geometry":{"type":"Polygon","coordinates":[[[-3.1404,52.7963],[-3.3907,52.8674],[-3.47,52.8619],[-3.9275,52.5532],[-3.652,52.3475],[-3.7412,52.1216],[-3.8,51.7853],[-3.5837,51.7513],[-3.4352,51.8166],[-3.3338,51.7899],[-3.289,51.7933],[-3.1569,51.8107],[-3.0512,51.9835],[-2.9574,52.3412],[-3.1993,52.4125],[-2.9615,52.7337],[-3.1404,52.7963]]]}},{"type":"Feature","id":"label-GBR-2111","properties":{"kind":"division-label","code":"GBR-2111","countryCode":"GBR","name":"Powys","localName":"Powys","labelEnglish":"Powys","labelLocal":"Powys","labelBoth":"Powys","type":"Unitary Authority (wales)","iso":"GB-POW","qid":"Q156150"},"geometry":{"type":"Point","coordinates":[-3.4415,52.338]}},{"type":"Feature","id":"GBR-2775","properties":{"kind":"division","code":"GBR-2775","countryCode":"GBR","name":"Herefordshire","localName":"Herefordshire","labelEnglish":"Herefordshire","labelLocal":"Herefordshire","labelBoth":"Herefordshire","type":"Unitary Authority","iso":"GB-HEF","qid":"Q23129"},"geometry":{"type":"Polygon","coordinates":[[[-3.0512,51.9835],[-2.6485,51.8214],[-2.3516,52.0139],[-2.6409,52.3322],[-2.9574,52.3412],[-3.0512,51.9835]]]}},{"type":"Feature","id":"label-GBR-2775","properties":{"kind":"division-label","code":"GBR-2775","countryCode":"GBR","name":"Herefordshire","localName":"Herefordshire","labelEnglish":"Herefordshire","labelLocal":"Herefordshire","labelBoth":"Herefordshire","type":"Unitary Authority","iso":"GB-HEF","qid":"Q23129"},"geometry":{"type":"Point","coordinates":[-2.73691,52.0807]}},{"type":"Feature","id":"GBR-2132","properties":{"kind":"division","code":"GBR-2132","countryCode":"GBR","name":"Monmouthshire","localName":"Monmouthshire","labelEnglish":"Monmouthshire","labelLocal":"Monmouthshire","labelBoth":"Monmouthshire","type":"Unitary Authority (wales)","iso":"GB-MON","qid":"Q207176"},"geometry":{"type":"Polygon","coordinates":[[[-3.0512,51.9835],[-3.1569,51.8107],[-3.1285,51.7945],[-2.9613,51.6274],[-2.7981,51.5635],[-2.6654,51.6173],[-2.6485,51.8214],[-3.0512,51.9835]]]}},{"type":"Feature","id":"label-GBR-2132","properties":{"kind":"division-label","code":"GBR-2132","countryCode":"GBR","name":"Monmouthshire","localName":"Monmouthshire","labelEnglish":"Monmouthshire","labelLocal":"Monmouthshire","labelBoth":"Monmouthshire","type":"Unitary Authority (wales)","iso":"GB-MON","qid":"Q207176"},"geometry":{"type":"Point","coordinates":[-2.90226,51.7744]}},{"type":"Feature","id":"GBR-2039","properties":{"kind":"division","code":"GBR-2039","countryCode":"GBR","name":"Gloucestershire","localName":"Gloucestershire","labelEnglish":"Gloucestershire","labelLocal":"Gloucestershire","labelBoth":"Gloucestershire","type":"Administrative County","iso":"GB-GLS","qid":"Q23165"},"geometry":{"type":"Polygon","coordinates":[[[-2.6654,51.6173],[-2.5355,51.673],[-2.2716,51.5772],[-1.7497,51.6588],[-1.6833,51.6786],[-1.6525,51.9839],[-1.7578,52.1058],[-2.3516,52.0139],[-2.6485,51.8214],[-2.6654,51.6173]]]}},{"type":"Feature","id":"label-GBR-2039","properties":{"kind":"division-label","code":"GBR-2039","countryCode":"GBR","name":"Gloucestershire","localName":"Gloucestershire","labelEnglish":"Gloucestershire","labelLocal":"Gloucestershire","labelBoth":"Gloucestershire","type":"Administrative County","iso":"GB-GLS","qid":"Q23165"},"geometry":{"type":"Point","coordinates":[-2.14862,51.8153]}},{"type":"Feature","id":"GBR-2026","properties":{"kind":"division","code":"GBR-2026","countryCode":"GBR","name":"Scottish Borders","localName":"Scottish Borders","labelEnglish":"Scottish Borders","labelLocal":"Scottish Borders","labelBoth":"Scottish Borders","type":"Unitary District","iso":"GB-SCB","qid":"Q211113"},"geometry":{"type":"Polygon","coordinates":[[[-2.0229,55.8055],[-2.3604,55.9527],[-2.8209,55.8217],[-3.3602,55.8117],[-3.3953,55.8173],[-3.4579,55.7696],[-3.5003,55.4097],[-2.8726,55.2619],[-2.8503,55.1113],[-2.685,55.1908],[-2.1829,55.4624],[-2.3273,55.6251],[-2.0229,55.8055]]]}},{"type":"Feature","id":"label-GBR-2026","properties":{"kind":"division-label","code":"GBR-2026","countryCode":"GBR","name":"Scottish Borders","localName":"Scottish Borders","labelEnglish":"Scottish Borders","labelLocal":"Scottish Borders","labelBoth":"Scottish Borders","type":"Unitary District","iso":"GB-SCB","qid":"Q211113"},"geometry":{"type":"Point","coordinates":[-2.77899,55.4929]}},{"type":"Feature","id":"GBR-2034","properties":{"kind":"division","code":"GBR-2034","countryCode":"GBR","name":"Northumberland","localName":"Northumberland","labelEnglish":"Northumberland","labelLocal":"Northumberland","labelBoth":"Northumberland","type":"Unitary Single-Tier County","iso":"GB-NBL","qid":"Q23079"},"geometry":{"type":"Polygon","coordinates":[[[-2.685,55.1908],[-2.305,54.7832],[-1.8201,54.9047],[-1.7495,55.0027],[-1.6493,55.0677],[-1.4556,55.0697],[-1.6308,55.5851],[-2.0229,55.8055],[-2.3273,55.6251],[-2.1829,55.4624],[-2.685,55.1908]]]}},{"type":"Feature","id":"label-GBR-2034","properties":{"kind":"division-label","code":"GBR-2034","countryCode":"GBR","name":"Northumberland","localName":"Northumberland","labelEnglish":"Northumberland","labelLocal":"Northumberland","labelBoth":"Northumberland","type":"Unitary Single-Tier County","iso":"GB-NBL","qid":"Q23079"},"geometry":{"type":"Point","coordinates":[-2.07057,55.3152]}},{"type":"Feature","id":"GBR-2139","properties":{"kind":"division","code":"GBR-2139","countryCode":"GBR","name":"Cumbria","localName":"Cumbria","labelEnglish":"Cumbria","labelLocal":"Cumbria","labelBoth":"Cumbria","type":"Administrative County","iso":"GB-CMA","qid":"Q23066"},"geometry":{"type":"Polygon","coordinates":[[[-2.8503,55.1113],[-3.0503,54.9815],[-3.3879,54.8834],[-3.6342,54.5129],[-3.241,54.1121],[-2.8364,54.1676],[-2.4475,54.2302],[-2.1552,54.4556],[-2.305,54.7832],[-2.685,55.1908],[-2.8503,55.1113]]]}},{"type":"Feature","id":"label-GBR-2139","properties":{"kind":"division-label","code":"GBR-2139","countryCode":"GBR","name":"Cumbria","localName":"Cumbria","labelEnglish":"Cumbria","labelLocal":"Cumbria","labelBoth":"Cumbria","type":"Administrative County","iso":"GB-CMA","qid":"Q23066"},"geometry":{"type":"Point","coordinates":[-2.89222,54.6368]}},{"type":"Feature","id":"GBR-2138","properties":{"kind":"division","code":"GBR-2138","countryCode":"GBR","name":"Dumfries and Galloway","localName":"Dumfries and Galloway","labelEnglish":"Dumfries and Galloway","labelLocal":"Dumfries and Galloway","labelBoth":"Dumfries and Galloway","type":"Unitary District","iso":"GB-DGY","qid":"Q126514"},"geometry":{"type":"Polygon","coordinates":[[[-2.8503,55.1113],[-2.8726,55.2619],[-3.5003,55.4097],[-3.6423,55.2896],[-3.9832,55.461],[-4.4675,55.1578],[-5.0325,54.9937],[-5.1282,54.8489],[-4.8591,54.633],[-4.8591,54.8663],[-4.3719,54.6823],[-4.4029,54.9073],[-3.9642,54.7719],[-3.5705,54.9954],[-3.0503,54.9815],[-2.8503,55.1113]]]}},{"type":"Feature","id":"label-GBR-2138","properties":{"kind":"division-label","code":"GBR-2138","countryCode":"GBR","name":"Dumfries and Galloway","localName":"Dumfries and Galloway","labelEnglish":"Dumfries and Galloway","labelLocal":"Dumfries and Galloway","labelBoth":"Dumfries and Galloway","type":"Unitary District","iso":"GB-DGY","qid":"Q126514"},"geometry":{"type":"Point","coordinates":[-4.01555,55.0998]}},{"type":"Feature","id":"GBR-2102","properties":{"kind":"division","code":"GBR-2102","countryCode":"GBR","name":"Limavady","localName":"Limavady","labelEnglish":"Limavady","labelLocal":"Limavady","labelBoth":"Limavady","type":"District","iso":"GB-LMV","qid":"Q1198505"},"geometry":{"type":"Polygon","coordinates":[[[-7.1499,55.0487],[-7.0103,54.8155],[-6.9175,54.8158],[-6.7811,54.9111],[-6.8384,55.1754],[-7.1499,55.0487]]]}},{"type":"Feature","id":"label-GBR-2102","properties":{"kind":"division-label","code":"GBR-2102","countryCode":"GBR","name":"Limavady","localName":"Limavady","labelEnglish":"Limavady","labelLocal":"Limavady","labelBoth":"Limavady","type":"District","iso":"GB-LMV","qid":"Q1198505"},"geometry":{"type":"Point","coordinates":[-6.9714,54.9923]}},{"type":"Feature","id":"GBR-2100","properties":{"kind":"division","code":"GBR-2100","countryCode":"GBR","name":"Coleraine","localName":"Coleraine","labelEnglish":"Coleraine","labelLocal":"Coleraine","labelBoth":"Coleraine","type":"District","iso":"GB-CLR","qid":"Q991411"},"geometry":{"type":"Polygon","coordinates":[[[-6.8384,55.1754],[-6.7811,54.9111],[-6.5204,54.9451],[-6.5153,55.1491],[-6.5461,55.2252],[-6.8384,55.1754]]]}},{"type":"Feature","id":"label-GBR-2100","properties":{"kind":"division-label","code":"GBR-2100","countryCode":"GBR","name":"Coleraine","localName":"Coleraine","labelEnglish":"Coleraine","labelLocal":"Coleraine","labelBoth":"Coleraine","type":"District","iso":"GB-CLR","qid":"Q991411"},"geometry":{"type":"Point","coordinates":[-6.68879,55.0562]}},{"type":"Feature","id":"GBR-2773","properties":{"kind":"division","code":"GBR-2773","countryCode":"GBR","name":"Moyle","localName":"Moyle","labelEnglish":"Moyle","labelLocal":"Moyle","labelBoth":"Moyle","type":"District","iso":"GB-MYL","qid":"Q1198496"},"geometry":{"type":"Polygon","coordinates":[[[-6.5461,55.2252],[-6.5153,55.1491],[-6.1925,55.0283],[-6.1019,54.9869],[-5.981,55.0557],[-6.101,55.2124],[-6.5461,55.2252]]]}},{"type":"Feature","id":"label-GBR-2773","properties":{"kind":"division-label","code":"GBR-2773","countryCode":"GBR","name":"Moyle","localName":"Moyle","labelEnglish":"Moyle","labelLocal":"Moyle","labelBoth":"Moyle","type":"District","iso":"GB-MYL","qid":"Q1198496"},"geometry":{"type":"Point","coordinates":[-6.26357,55.1639]}},{"type":"Feature","id":"GBR-2095","properties":{"kind":"division","code":"GBR-2095","countryCode":"GBR","name":"Larne","localName":"Larne","labelEnglish":"Larne","labelLocal":"Larne","labelBoth":"Larne","type":"District","iso":"GB-LRN","qid":"Q1198470"},"geometry":{"type":"Polygon","coordinates":[[[-5.981,55.0557],[-6.1019,54.9869],[-6.007,54.7986],[-5.8892,54.7694],[-5.6921,54.7705],[-5.981,55.0557]]]}},{"type":"Feature","id":"label-GBR-2095","properties":{"kind":"division-label","code":"GBR-2095","countryCode":"GBR","name":"Larne","localName":"Larne","labelEnglish":"Larne","labelLocal":"Larne","labelBoth":"Larne","type":"District","iso":"GB-LRN","qid":"Q1198470"},"geometry":{"type":"Point","coordinates":[-5.89587,54.861]}},{"type":"Feature","id":"GBR-2096","properties":{"kind":"division","code":"GBR-2096","countryCode":"GBR","name":"Carrickfergus","localName":"Carrickfergus","labelEnglish":"Carrickfergus","labelLocal":"Carrickfergus","labelBoth":"Carrickfergus","type":"District","iso":"GB-CKF","qid":"Q1045012"},"geometry":{"type":"Polygon","coordinates":[[[-5.6921,54.7705],[-5.8892,54.7694],[-5.8779,54.6823],[-5.6921,54.7705]]]}},{"type":"Feature","id":"label-GBR-2096","properties":{"kind":"division-label","code":"GBR-2096","countryCode":"GBR","name":"Carrickfergus","localName":"Carrickfergus","labelEnglish":"Carrickfergus","labelLocal":"Carrickfergus","labelBoth":"Carrickfergus","type":"District","iso":"GB-CKF","qid":"Q1045012"},"geometry":{"type":"Point","coordinates":[-5.79899,54.7431]}},{"type":"Feature","id":"GBR-2097","properties":{"kind":"division","code":"GBR-2097","countryCode":"GBR","name":"Newtownabbey","localName":"Newtownabbey","labelEnglish":"Newtownabbey","labelLocal":"Newtownabbey","labelBoth":"Newtownabbey","type":"District","iso":"GB-NTA","qid":"Q1198475"},"geometry":{"type":"Polygon","coordinates":[[[-5.8779,54.6823],[-5.8892,54.7694],[-6.007,54.7986],[-6.0842,54.7919],[-6.0225,54.6625],[-5.9143,54.6468],[-5.8779,54.6823]]]}},{"type":"Feature","id":"label-GBR-2097","properties":{"kind":"division-label","code":"GBR-2097","countryCode":"GBR","name":"Newtownabbey","localName":"Newtownabbey","labelEnglish":"Newtownabbey","labelLocal":"Newtownabbey","labelBoth":"Newtownabbey","type":"District","iso":"GB-NTA","qid":"Q1198475"},"geometry":{"type":"Point","coordinates":[-5.98106,54.7173]}},{"type":"Feature","id":"GBR-2082","properties":{"kind":"division","code":"GBR-2082","countryCode":"GBR","name":"Belfast","localName":"Belfast","labelEnglish":"Belfast","labelLocal":"Belfast","labelBoth":"Belfast","type":"District","iso":"GB-BFS","qid":"Q1140130"},"geometry":{"type":"Polygon","coordinates":[[[-5.9143,54.6468],[-6.0225,54.6625],[-6.0659,54.6227],[-5.9547,54.5544],[-5.8078,54.6144],[-5.8705,54.6228],[-5.9143,54.6468]]]}},{"type":"Feature","id":"label-GBR-2082","properties":{"kind":"division-label","code":"GBR-2082","countryCode":"GBR","name":"Belfast","localName":"Belfast","labelEnglish":"Belfast","labelLocal":"Belfast","labelBoth":"Belfast","type":"District","iso":"GB-BFS","qid":"Q1140130"},"geometry":{"type":"Point","coordinates":[-5.93684,54.6113]}},{"type":"Feature","id":"GBR-2098","properties":{"kind":"division","code":"GBR-2098","countryCode":"GBR","name":"North Down","localName":"North Down","labelEnglish":"North Down","labelLocal":"North Down","labelBoth":"North Down","type":"District","iso":"GB-NDN","qid":"Q1156987"},"geometry":{"type":"Polygon","coordinates":[[[-5.8705,54.6228],[-5.8078,54.6144],[-5.757,54.6158],[-5.565,54.6723],[-5.8705,54.6228]]]}},{"type":"Feature","id":"label-GBR-2098","properties":{"kind":"division-label","code":"GBR-2098","countryCode":"GBR","name":"North Down","localName":"North Down","labelEnglish":"North Down","labelLocal":"North Down","labelBoth":"North Down","type":"District","iso":"GB-NDN","qid":"Q1156987"},"geometry":{"type":"Point","coordinates":[-5.71772,54.6476]}},{"type":"Feature","id":"GBR-2137","properties":{"kind":"division","code":"GBR-2137","countryCode":"GBR","name":"Ards","localName":"Ards","labelEnglish":"Ards","labelLocal":"Ards","labelBoth":"Ards","type":"District","iso":"GB-ARD","qid":"Q640080"},"geometry":{"type":"Polygon","coordinates":[[[-5.565,54.6723],[-5.757,54.6158],[-5.8187,54.4916],[-5.6385,54.4636],[-5.565,54.6723]]]}},{"type":"Feature","id":"label-GBR-2137","properties":{"kind":"division-label","code":"GBR-2137","countryCode":"GBR","name":"Ards","localName":"Ards","labelEnglish":"Ards","labelLocal":"Ards","labelBoth":"Ards","type":"District","iso":"GB-ARD","qid":"Q640080"},"geometry":{"type":"Point","coordinates":[-5.62705,54.5164]}},{"type":"Feature","id":"GBR-2099","properties":{"kind":"division","code":"GBR-2099","countryCode":"GBR","name":"Down","localName":"Down","labelEnglish":"Down","labelLocal":"Down","labelBoth":"Down","type":"District","iso":"GB-DOW","qid":"Q1198492"},"geometry":{"type":"Polygon","coordinates":[[[-5.6385,54.4636],[-5.8187,54.4916],[-5.8681,54.4791],[-5.9504,54.3797],[-6.0453,54.2466],[-5.866,54.1841],[-5.553,54.2985],[-5.6385,54.4636]]]}},{"type":"Feature","id":"label-GBR-2099","properties":{"kind":"division-label","code":"GBR-2099","countryCode":"GBR","name":"Down","localName":"Down","labelEnglish":"Down","labelLocal":"Down","labelBoth":"Down","type":"District","iso":"GB-DOW","qid":"Q1198492"},"geometry":{"type":"Point","coordinates":[-5.80955,54.3616]}},{"type":"Feature","id":"GBR-2017","properties":{"kind":"division","code":"GBR-2017","countryCode":"GBR","name":"Clackmannanshire","localName":"Clackmannanshire","labelEnglish":"Clackmannanshire","labelLocal":"Clackmannanshire","labelBoth":"Clackmannanshire","type":"Unitary District","iso":"GB-CLK","qid":"Q207268"},"geometry":{"type":"Polygon","coordinates":[[[-3.7465,56.0728],[-3.6306,56.1282],[-3.8244,56.1925],[-3.8375,56.1074],[-3.7465,56.0728]]]}},{"type":"Feature","id":"label-GBR-2017","properties":{"kind":"division-label","code":"GBR-2017","countryCode":"GBR","name":"Clackmannanshire","localName":"Clackmannanshire","labelEnglish":"Clackmannanshire","labelLocal":"Clackmannanshire","labelBoth":"Clackmannanshire","type":"Unitary District","iso":"GB-CLK","qid":"Q207268"},"geometry":{"type":"Point","coordinates":[-3.70779,56.1431]}},{"type":"Feature","id":"GBR-2016","properties":{"kind":"division","code":"GBR-2016","countryCode":"GBR","name":"Stirling","localName":"Stirling","labelEnglish":"Stirling","labelLocal":"Stirling","labelBoth":"Stirling","type":"Unitary District","iso":"GB-STG","qid":"Q217838"},"geometry":{"type":"Polygon","coordinates":[[[-3.8375,56.1074],[-3.8244,56.1925],[-4.2195,56.3291],[-4.1756,56.5095],[-4.6394,56.4718],[-4.5981,56.0778],[-4.3648,55.9756],[-4.1257,56.0055],[-4.0113,56.0122],[-3.7391,56.0507],[-3.8375,56.1074]]]}},{"type":"Feature","id":"label-GBR-2016","properties":{"kind":"division-label","code":"GBR-2016","countryCode":"GBR","name":"Stirling","localName":"Stirling","labelEnglish":"Stirling","labelLocal":"Stirling","labelBoth":"Stirling","type":"Unitary District","iso":"GB-STG","qid":"Q217838"},"geometry":{"type":"Point","coordinates":[-4.28804,56.2213]}},{"type":"Feature","id":"GBR-2015","properties":{"kind":"division","code":"GBR-2015","countryCode":"GBR","name":"Falkirk","localName":"Falkirk","labelEnglish":"Falkirk","labelLocal":"Falkirk","labelBoth":"Falkirk","type":"Unitary District","iso":"GB-FAL","qid":"Q216802"},"geometry":{"type":"Polygon","coordinates":[[[-3.7391,56.0507],[-4.0113,56.0122],[-3.8089,55.8952],[-3.5053,56.0056],[-3.7391,56.0507]]]}},{"type":"Feature","id":"label-GBR-2015","properties":{"kind":"division-label","code":"GBR-2015","countryCode":"GBR","name":"Falkirk","localName":"Falkirk","labelEnglish":"Falkirk","labelLocal":"Falkirk","labelBoth":"Falkirk","type":"Unitary District","iso":"GB-FAL","qid":"Q216802"},"geometry":{"type":"Point","coordinates":[-3.75831,55.9811]}},{"type":"Feature","id":"GBR-2025","properties":{"kind":"division","code":"GBR-2025","countryCode":"GBR","name":"West Lothian","localName":"West Lothian","labelEnglish":"West Lothian","labelLocal":"West Lothian","labelBoth":"West Lothian","type":"Unitary District","iso":"GB-WLN","qid":"Q204940"},"geometry":{"type":"Polygon","coordinates":[[[-3.5053,56.0056],[-3.8089,55.8952],[-3.7334,55.7835],[-3.4579,55.7696],[-3.3953,55.8173],[-3.4498,55.9968],[-3.5053,56.0056]]]}},{"type":"Feature","id":"label-GBR-2025","properties":{"kind":"division-label","code":"GBR-2025","countryCode":"GBR","name":"West Lothian","localName":"West Lothian","labelEnglish":"West Lothian","labelLocal":"West Lothian","labelBoth":"West Lothian","type":"Unitary District","iso":"GB-WLN","qid":"Q204940"},"geometry":{"type":"Point","coordinates":[-3.60556,55.8947]}},{"type":"Feature","id":"GBR-2023","properties":{"kind":"division","code":"GBR-2023","countryCode":"GBR","name":"Edinburgh","localName":"Edinburgh","labelEnglish":"Edinburgh","labelLocal":"Edinburgh","labelBoth":"Edinburgh","type":"Unitary District (city)","iso":"GB-EDH","qid":"Q23436"},"geometry":{"type":"Polygon","coordinates":[[[-3.4498,55.9968],[-3.3953,55.8173],[-3.3602,55.8117],[-3.0782,55.9468],[-3.4498,55.9968]]]}},{"type":"Feature","id":"label-GBR-2023","properties":{"kind":"division-label","code":"GBR-2023","countryCode":"GBR","name":"Edinburgh","localName":"Edinburgh","labelEnglish":"Edinburgh","labelLocal":"Edinburgh","labelBoth":"Edinburgh","type":"Unitary District (city)","iso":"GB-EDH","qid":"Q23436"},"geometry":{"type":"Point","coordinates":[-3.26452,55.9132]}},{"type":"Feature","id":"GBR-2024","properties":{"kind":"division","code":"GBR-2024","countryCode":"GBR","name":"Midlothian","localName":"Midlothian","labelEnglish":"Midlothian","labelLocal":"Midlothian","labelBoth":"Midlothian","type":"Unitary District","iso":"GB-MLN","qid":"Q206934"},"geometry":{"type":"Polygon","coordinates":[[[-3.0782,55.9468],[-3.3602,55.8117],[-2.8209,55.8217],[-3.0612,55.9478],[-3.0782,55.9468]]]}},{"type":"Feature","id":"label-GBR-2024","properties":{"kind":"division-label","code":"GBR-2024","countryCode":"GBR","name":"Midlothian","localName":"Midlothian","labelEnglish":"Midlothian","labelLocal":"Midlothian","labelBoth":"Midlothian","type":"Unitary District","iso":"GB-MLN","qid":"Q206934"},"geometry":{"type":"Point","coordinates":[-3.06592,55.8241]}},{"type":"Feature","id":"GBR-2022","properties":{"kind":"division","code":"GBR-2022","countryCode":"GBR","name":"East Lothian","localName":"East Lothian","labelEnglish":"East Lothian","labelLocal":"East Lothian","labelBoth":"East Lothian","type":"Unitary District","iso":"GB-ELN","qid":"Q207257"},"geometry":{"type":"Polygon","coordinates":[[[-3.0612,55.9478],[-2.8209,55.8217],[-2.3604,55.9527],[-2.8028,56.0648],[-3.0612,55.9478]]]}},{"type":"Feature","id":"label-GBR-2022","properties":{"kind":"division-label","code":"GBR-2022","countryCode":"GBR","name":"East Lothian","localName":"East Lothian","labelEnglish":"East Lothian","labelLocal":"East Lothian","labelBoth":"East Lothian","type":"Unitary District","iso":"GB-ELN","qid":"Q207257"},"geometry":{"type":"Point","coordinates":[-2.7108,55.9477]}},{"type":"Feature","id":"GBR-5662","properties":{"kind":"division","code":"GBR-5662","countryCode":"GBR","name":"North Tyneside","localName":"North Tyneside","labelEnglish":"North Tyneside","labelLocal":"North Tyneside","labelBoth":"North Tyneside","type":"Metropolitan Borough","iso":"GB-NTY","qid":"Q1120443"},"geometry":{"type":"Polygon","coordinates":[[[-1.4556,55.0697],[-1.6493,55.0677],[-1.49,54.9831],[-1.4129,55.0003],[-1.4556,55.0697]]]}},{"type":"Feature","id":"label-GBR-5662","properties":{"kind":"division-label","code":"GBR-5662","countryCode":"GBR","name":"North Tyneside","localName":"North Tyneside","labelEnglish":"North Tyneside","labelLocal":"North Tyneside","labelBoth":"North Tyneside","type":"Metropolitan Borough","iso":"GB-NTY","qid":"Q1120443"},"geometry":{"type":"Point","coordinates":[-1.48264,55.0184]}},{"type":"Feature","id":"GBR-5663","properties":{"kind":"division","code":"GBR-5663","countryCode":"GBR","name":"South Tyneside","localName":"South Tyneside","labelEnglish":"South Tyneside","labelLocal":"South Tyneside","labelBoth":"South Tyneside","type":"Metropolitan Borough","iso":"GB-STY","qid":"Q1541228"},"geometry":{"type":"Polygon","coordinates":[[[-1.4129,55.0003],[-1.49,54.9831],[-1.5322,54.9539],[-1.5257,54.9214],[-1.3603,54.9171],[-1.4129,55.0003]]]}},{"type":"Feature","id":"label-GBR-5663","properties":{"kind":"division-label","code":"GBR-5663","countryCode":"GBR","name":"South Tyneside","localName":"South Tyneside","labelEnglish":"South Tyneside","labelLocal":"South Tyneside","labelBoth":"South Tyneside","type":"Metropolitan Borough","iso":"GB-STY","qid":"Q1541228"},"geometry":{"type":"Point","coordinates":[-1.44209,54.9526]}},{"type":"Feature","id":"GBR-5664","properties":{"kind":"division","code":"GBR-5664","countryCode":"GBR","name":"Sunderland","localName":"Sunderland","labelEnglish":"Sunderland","labelLocal":"Sunderland","labelBoth":"Sunderland","type":"Metropolitan Borough","iso":"GB-SND","qid":"Q1280897"},"geometry":{"type":"Polygon","coordinates":[[[-1.3603,54.9171],[-1.5257,54.9214],[-1.5773,54.886],[-1.3408,54.8727],[-1.3603,54.9171]]]}},{"type":"Feature","id":"label-GBR-5664","properties":{"kind":"division-label","code":"GBR-5664","countryCode":"GBR","name":"Sunderland","localName":"Sunderland","labelEnglish":"Sunderland","labelLocal":"Sunderland","labelBoth":"Sunderland","type":"Metropolitan Borough","iso":"GB-SND","qid":"Q1280897"},"geometry":{"type":"Point","coordinates":[-1.46175,54.8617]}},{"type":"Feature","id":"GBR-2029","properties":{"kind":"division","code":"GBR-2029","countryCode":"GBR","name":"Durham","localName":"Durham","labelEnglish":"Durham","labelLocal":"Durham","labelBoth":"Durham","type":"Unitary Single-Tier County","iso":"GB-DUR","qid":"Q23082"},"geometry":{"type":"Polygon","coordinates":[[[-1.3408,54.8727],[-1.5773,54.886],[-1.8201,54.9047],[-2.305,54.7832],[-2.1552,54.4556],[-1.6818,54.5311],[-1.4126,54.6],[-1.3885,54.6267],[-1.2453,54.7254],[-1.3408,54.8727]]]}},{"type":"Feature","id":"label-GBR-2029","properties":{"kind":"division-label","code":"GBR-2029","countryCode":"GBR","name":"Durham","localName":"Durham","labelEnglish":"Durham","labelLocal":"Durham","labelBoth":"Durham","type":"Unitary Single-Tier County","iso":"GB-DUR","qid":"Q23082"},"geometry":{"type":"Point","coordinates":[-1.79965,54.6955]}},{"type":"Feature","id":"GBR-2030","properties":{"kind":"division","code":"GBR-2030","countryCode":"GBR","name":"Hartlepool","localName":"Hartlepool","labelEnglish":"Hartlepool","labelLocal":"Hartlepool","labelBoth":"Hartlepool","type":"Unitary Authority","iso":"GB-HPL","qid":"Q2594690"},"geometry":{"type":"Polygon","coordinates":[[[-1.2453,54.7254],[-1.3885,54.6267],[-1.2117,54.6066],[-1.1926,54.62],[-1.2453,54.7254]]]}},{"type":"Feature","id":"label-GBR-2030","properties":{"kind":"division-label","code":"GBR-2030","countryCode":"GBR","name":"Hartlepool","localName":"Hartlepool","labelEnglish":"Hartlepool","labelLocal":"Hartlepool","labelBoth":"Hartlepool","type":"Unitary Authority","iso":"GB-HPL","qid":"Q2594690"},"geometry":{"type":"Point","coordinates":[-1.27662,54.6625]}},{"type":"Feature","id":"GBR-2032","properties":{"kind":"division","code":"GBR-2032","countryCode":"GBR","name":"Redcar and Cleveland","localName":"Redcar and Cleveland","labelEnglish":"Redcar and Cleveland","labelLocal":"Redcar and Cleveland","labelBoth":"Redcar and Cleveland","type":"Unitary Authority","iso":"GB-RCC","qid":"Q1434448"},"geometry":{"type":"Polygon","coordinates":[[[-1.1926,54.62],[-1.2117,54.6066],[-1.2187,54.5754],[-1.1795,54.5038],[-0.7788,54.5574],[-1.1926,54.62]]]}},{"type":"Feature","id":"label-GBR-2032","properties":{"kind":"division-label","code":"GBR-2032","countryCode":"GBR","name":"Redcar and Cleveland","localName":"Redcar and Cleveland","labelEnglish":"Redcar and Cleveland","labelLocal":"Redcar and Cleveland","labelBoth":"Redcar and Cleveland","type":"Unitary Authority","iso":"GB-RCC","qid":"Q1434448"},"geometry":{"type":"Point","coordinates":[-0.999287,54.5485]}},{"type":"Feature","id":"GBR-2140","properties":{"kind":"division","code":"GBR-2140","countryCode":"GBR","name":"North Yorkshire","localName":"North Yorkshire","labelEnglish":"North Yorkshire","labelLocal":"North Yorkshire","labelBoth":"North Yorkshire","type":"Administrative County","iso":"GB-NYK","qid":"Q23086"},"geometry":{"type":"Polygon","coordinates":[[[-0.7788,54.5574],[-1.1795,54.5038],[-1.2508,54.4866],[-1.432,54.4811],[-1.6818,54.5311],[-2.1552,54.4556],[-2.4475,54.2302],[-2.4583,54.0472],[-2.0326,53.8476],[-1.9778,53.8694],[-1.7286,53.9027],[-1.2942,53.9255],[-1.3069,53.738],[-1.23,53.6207],[-1.0739,53.6477],[-0.9405,53.868],[-1.1412,53.8601],[-1.1468,54.0278],[-0.928,53.9718],[-0.1999,54.1525],[-0.7788,54.5574]]]}},{"type":"Feature","id":"label-GBR-2140","properties":{"kind":"division-label","code":"GBR-2140","countryCode":"GBR","name":"North Yorkshire","localName":"North Yorkshire","labelEnglish":"North Yorkshire","labelLocal":"North Yorkshire","labelBoth":"North Yorkshire","type":"Administrative County","iso":"GB-NYK","qid":"Q23086"},"geometry":{"type":"Point","coordinates":[-1.37567,54.2158]}},{"type":"Feature","id":"GBR-2124","properties":{"kind":"division","code":"GBR-2124","countryCode":"GBR","name":"East Riding of Yorkshire","localName":"East Riding of Yorkshire","labelEnglish":"East Riding of Yorkshire","labelLocal":"East Riding of Yorkshire","labelBoth":"East Riding of Yorkshire","type":"Unitary Authority","iso":"GB-ERY","qid":"Q23088"},"geometry":{"type":"Polygon","coordinates":[[[-0.1999,54.1525],[-0.928,53.9718],[-0.9405,53.868],[-1.0739,53.6477],[-0.8607,53.6124],[-0.6993,53.6913],[-0.4497,53.7143],[-0.341,53.7876],[-0.2956,53.7388],[0.1335,53.6426],[-0.1511,53.8993],[-0.1999,54.1525]]]}},{"type":"Feature","id":"label-GBR-2124","properties":{"kind":"division-label","code":"GBR-2124","countryCode":"GBR","name":"East Riding of Yorkshire","localName":"East Riding of Yorkshire","labelEnglish":"East Riding of Yorkshire","labelLocal":"East Riding of Yorkshire","labelBoth":"East Riding of Yorkshire","type":"Unitary Authority","iso":"GB-ERY","qid":"Q23088"},"geometry":{"type":"Point","coordinates":[-0.480224,53.9047]}},{"type":"Feature","id":"GBR-2055","properties":{"kind":"division","code":"GBR-2055","countryCode":"GBR","name":"Kingston upon Hull","localName":"Kingston upon Hull","labelEnglish":"Kingston upon Hull","labelLocal":"Kingston upon Hull","labelBoth":"Kingston upon Hull","type":"Unitary Authority","iso":"GB-KHL","qid":"Q128147"},"geometry":{"type":"Polygon","coordinates":[[[-0.2956,53.7388],[-0.341,53.7876],[-0.4497,53.7143],[-0.2956,53.7388]]]}},{"type":"Feature","id":"label-GBR-2055","properties":{"kind":"division-label","code":"GBR-2055","countryCode":"GBR","name":"Kingston upon Hull","localName":"Kingston upon Hull","labelEnglish":"Kingston upon Hull","labelLocal":"Kingston upon Hull","labelBoth":"Kingston upon Hull","type":"Unitary Authority","iso":"GB-KHL","qid":"Q128147"},"geometry":{"type":"Point","coordinates":[-0.372646,53.7577]}},{"type":"Feature","id":"GBR-2057","properties":{"kind":"division","code":"GBR-2057","countryCode":"GBR","name":"North Lincolnshire","localName":"North Lincolnshire","labelEnglish":"North Lincolnshire","labelLocal":"North Lincolnshire","labelBoth":"North Lincolnshire","type":"Unitary Authority","iso":"GB-NLN","qid":"Q175945"},"geometry":{"type":"Polygon","coordinates":[[[-0.6993,53.6913],[-0.8607,53.6124],[-0.9194,53.4874],[-0.7972,53.4523],[-0.2821,53.6063],[-0.1985,53.6296],[-0.6993,53.6913]]]}},{"type":"Feature","id":"label-GBR-2057","properties":{"kind":"division-label","code":"GBR-2057","countryCode":"GBR","name":"North Lincolnshire","localName":"North Lincolnshire","labelEnglish":"North Lincolnshire","labelLocal":"North Lincolnshire","labelBoth":"North Lincolnshire","type":"Unitary Authority","iso":"GB-NLN","qid":"Q175945"},"geometry":{"type":"Point","coordinates":[-0.570942,53.5741]}},{"type":"Feature","id":"GBR-2056","properties":{"kind":"division","code":"GBR-2056","countryCode":"GBR","name":"North East Lincolnshire","localName":"North East Lincolnshire","labelEnglish":"North East Lincolnshire","labelLocal":"North East Lincolnshire","labelBoth":"North East Lincolnshire","type":"Unitary Authority","iso":"GB-NEL","qid":"Q1342914"},"geometry":{"type":"Polygon","coordinates":[[[-0.1985,53.6296],[-0.2821,53.6063],[0.0218,53.5247],[-0.1985,53.6296]]]}},{"type":"Feature","id":"label-GBR-2056","properties":{"kind":"division-label","code":"GBR-2056","countryCode":"GBR","name":"North East Lincolnshire","localName":"North East Lincolnshire","labelEnglish":"North East Lincolnshire","labelLocal":"North East Lincolnshire","labelBoth":"North East Lincolnshire","type":"Unitary Authority","iso":"GB-NEL","qid":"Q1342914"},"geometry":{"type":"Point","coordinates":[-0.130193,53.5168]}},{"type":"Feature","id":"GBR-2081","properties":{"kind":"division","code":"GBR-2081","countryCode":"GBR","name":"Lincolnshire","localName":"Lincolnshire","labelEnglish":"Lincolnshire","labelLocal":"Lincolnshire","labelBoth":"Lincolnshire","type":"Administrative County","iso":"GB-LIN","qid":"Q23090"},"geometry":{"type":"Polygon","coordinates":[[[0.0218,53.5247],[-0.2821,53.6063],[-0.7972,53.4523],[-0.7667,52.9612],[-0.6511,52.7475],[-0.4907,52.6365],[-0.0495,52.6579],[0.1724,52.7243],[0.2788,52.805],[0.0103,52.8865],[0.3298,53.0865],[0.0218,53.5247]]]}},{"type":"Feature","id":"label-GBR-2081","properties":{"kind":"division-label","code":"GBR-2081","countryCode":"GBR","name":"Lincolnshire","localName":"Lincolnshire","labelEnglish":"Lincolnshire","labelLocal":"Lincolnshire","labelBoth":"Lincolnshire","type":"Administrative County","iso":"GB-LIN","qid":"Q23090"},"geometry":{"type":"Point","coordinates":[-0.222474,53.1152]}},{"type":"Feature","id":"GBR-2319","properties":{"kind":"division","code":"GBR-2319","countryCode":"GBR","name":"Norfolk","localName":"Norfolk","labelEnglish":"Norfolk","labelLocal":"Norfolk","labelBoth":"Norfolk","type":"Administrative County","iso":"GB-NFK","qid":"Q23109"},"geometry":{"type":"Polygon","coordinates":[[[0.2788,52.805],[0.1724,52.7243],[0.4472,52.4322],[1.2024,52.3538],[1.7476,52.5328],[1.6442,52.7758],[1.2747,52.9292],[0.5696,52.9693],[0.2788,52.805]]]}},{"type":"Feature","id":"label-GBR-2319","properties":{"kind":"division-label","code":"GBR-2319","countryCode":"GBR","name":"Norfolk","localName":"Norfolk","labelEnglish":"Norfolk","labelLocal":"Norfolk","labelBoth":"Norfolk","type":"Administrative County","iso":"GB-NFK","qid":"Q23109"},"geometry":{"type":"Point","coordinates":[0.953164,52.6602]}},{"type":"Feature","id":"GBR-2318","properties":{"kind":"division","code":"GBR-2318","countryCode":"GBR","name":"Suffolk","localName":"Suffolk","labelEnglish":"Suffolk","labelLocal":"Suffolk","labelBoth":"Suffolk","type":"Administrative County","iso":"GB-SFK","qid":"Q23111"},"geometry":{"type":"Polygon","coordinates":[[[1.7476,52.5328],[1.2024,52.3538],[0.4472,52.4322],[0.4089,52.0593],[1.0785,51.9507],[1.5823,52.0815],[1.7476,52.5328]]]}},{"type":"Feature","id":"label-GBR-2318","properties":{"kind":"division-label","code":"GBR-2318","countryCode":"GBR","name":"Suffolk","localName":"Suffolk","labelEnglish":"Suffolk","labelLocal":"Suffolk","labelBoth":"Suffolk","type":"Administrative County","iso":"GB-SFK","qid":"Q23111"},"geometry":{"type":"Point","coordinates":[1.06039,52.159]}},{"type":"Feature","id":"GBR-2317","properties":{"kind":"division","code":"GBR-2317","countryCode":"GBR","name":"Essex","localName":"Essex","labelEnglish":"Essex","labelLocal":"Essex","labelBoth":"Essex","type":"Administrative County","iso":"GB-ESS","qid":"Q23240"},"geometry":{"type":"Polygon","coordinates":[[[1.0785,51.9507],[0.4089,52.0593],[0.0805,52.0024],[-0.0113,51.6772],[-0.0026,51.6466],[0.0276,51.6265],[0.1485,51.6174],[0.3199,51.5579],[0.5472,51.5177],[0.6467,51.5353],[0.6858,51.5772],[0.8283,51.5418],[1.0785,51.9507]]]}},{"type":"Feature","id":"label-GBR-2317","properties":{"kind":"division-label","code":"GBR-2317","countryCode":"GBR","name":"Essex","localName":"Essex","labelEnglish":"Essex","labelLocal":"Essex","labelBoth":"Essex","type":"Administrative County","iso":"GB-ESS","qid":"Q23240"},"geometry":{"type":"Point","coordinates":[0.495656,51.7709]}},{"type":"Feature","id":"GBR-2679","properties":{"kind":"division","code":"GBR-2679","countryCode":"GBR","name":"Southend-on-Sea","localName":"Southend-on-Sea","labelEnglish":"Southend-on-Sea","labelLocal":"Southend-on-Sea","labelBoth":"Southend-on-Sea","type":"Unitary Authority","iso":"GB-SOS","qid":"Q203995"},"geometry":{"type":"Polygon","coordinates":[[[0.8283,51.5418],[0.6858,51.5772],[0.6467,51.5353],[0.8283,51.5418]]]}},{"type":"Feature","id":"label-GBR-2679","properties":{"kind":"division-label","code":"GBR-2679","countryCode":"GBR","name":"Southend-on-Sea","localName":"Southend-on-Sea","labelEnglish":"Southend-on-Sea","labelLocal":"Southend-on-Sea","labelBoth":"Southend-on-Sea","type":"Unitary Authority","iso":"GB-SOS","qid":"Q203995"},"geometry":{"type":"Point","coordinates":[0.73146,51.5498]}},{"type":"Feature","id":"GBR-2676","properties":{"kind":"division","code":"GBR-2676","countryCode":"GBR","name":"Thurrock","localName":"Thurrock","labelEnglish":"Thurrock","labelLocal":"Thurrock","labelBoth":"Thurrock","type":"Unitary Authority","iso":"GB-THR","qid":"Q1549155"},"geometry":{"type":"Polygon","coordinates":[[[0.5472,51.5177],[0.3199,51.5579],[0.2246,51.489],[0.2228,51.4719],[0.3845,51.4531],[0.5472,51.5177]]]}},{"type":"Feature","id":"label-GBR-2676","properties":{"kind":"division-label","code":"GBR-2676","countryCode":"GBR","name":"Thurrock","localName":"Thurrock","labelEnglish":"Thurrock","labelLocal":"Thurrock","labelBoth":"Thurrock","type":"Unitary Authority","iso":"GB-THR","qid":"Q1549155"},"geometry":{"type":"Point","coordinates":[0.381907,51.503]}},{"type":"Feature","id":"GBR-3409","properties":{"kind":"division","code":"GBR-3409","countryCode":"GBR","name":"Kent","localName":"Kent","labelEnglish":"Kent","labelLocal":"Kent","labelBoth":"Kent","type":"Administrative County","iso":"GB-KEN","qid":"Q23298"},"geometry":{"type":"Polygon","coordinates":[[[0.3845,51.4531],[0.2228,51.4719],[0.1662,51.3985],[0.0544,51.2899],[0.0627,51.1358],[0.8698,50.9251],[1.3572,51.131],[1.4238,51.3921],[0.6719,51.3911],[0.4469,51.3385],[0.5116,51.4877],[0.3845,51.4531]]]}},{"type":"Feature","id":"label-GBR-3409","properties":{"kind":"division-label","code":"GBR-3409","countryCode":"GBR","name":"Kent","localName":"Kent","labelEnglish":"Kent","labelLocal":"Kent","labelBoth":"Kent","type":"Administrative County","iso":"GB-KEN","qid":"Q23298"},"geometry":{"type":"Point","coordinates":[0.718915,51.1979]}},{"type":"Feature","id":"GBR-2678","properties":{"kind":"division","code":"GBR-2678","countryCode":"GBR","name":"Medway","localName":"Medway","labelEnglish":"Medway","labelLocal":"Medway","labelBoth":"Medway","type":"Unitary Authority","iso":"GB-MDW","qid":"Q797782"},"geometry":{"type":"Polygon","coordinates":[[[0.5116,51.4877],[0.4469,51.3385],[0.6719,51.3911],[0.5116,51.4877]]]}},{"type":"Feature","id":"label-GBR-2678","properties":{"kind":"division-label","code":"GBR-2678","countryCode":"GBR","name":"Medway","localName":"Medway","labelEnglish":"Medway","labelLocal":"Medway","labelBoth":"Medway","type":"Unitary Authority","iso":"GB-MDW","qid":"Q797782"},"geometry":{"type":"Point","coordinates":[0.584221,51.3541]}},{"type":"Feature","id":"GBR-2677","properties":{"kind":"division","code":"GBR-2677","countryCode":"GBR","name":"East Sussex","localName":"East Sussex","labelEnglish":"East Sussex","labelLocal":"East Sussex","labelBoth":"East Sussex","type":"Administrative County","iso":"GB-ESX","qid":"Q23293"},"geometry":{"type":"Polygon","coordinates":[[[0.8698,50.9251],[0.0627,51.1358],[0.0213,51.1358],[-0.1286,50.8826],[0.0175,50.7849],[0.8698,50.9251]]]}},{"type":"Feature","id":"label-GBR-2677","properties":{"kind":"division-label","code":"GBR-2677","countryCode":"GBR","name":"East Sussex","localName":"East Sussex","labelEnglish":"East Sussex","labelLocal":"East Sussex","labelBoth":"East Sussex","type":"Administrative County","iso":"GB-ESX","qid":"Q23293"},"geometry":{"type":"Point","coordinates":[0.372063,50.9537]}},{"type":"Feature","id":"GBR-2674","properties":{"kind":"division","code":"GBR-2674","countryCode":"GBR","name":"Brighton and Hove","localName":"Brighton and Hove","labelEnglish":"Brighton and Hove","labelLocal":"Brighton and Hove","labelBoth":"Brighton and Hove","type":"Unitary Authority","iso":"GB-BNH","qid":"Q1022488"},"geometry":{"type":"Polygon","coordinates":[[[0.0175,50.7849],[-0.1286,50.8826],[-0.2089,50.8301],[0.0175,50.7849]]]}},{"type":"Feature","id":"label-GBR-2674","properties":{"kind":"division-label","code":"GBR-2674","countryCode":"GBR","name":"Brighton and Hove","localName":"Brighton and Hove","labelEnglish":"Brighton and Hove","labelLocal":"Brighton and Hove","labelBoth":"Brighton and Hove","type":"Unitary Authority","iso":"GB-BNH","qid":"Q1022488"},"geometry":{"type":"Point","coordinates":[-0.1065,50.8421]}},{"type":"Feature","id":"GBR-2748","properties":{"kind":"division","code":"GBR-2748","countryCode":"GBR","name":"West Sussex","localName":"West Sussex","labelEnglish":"West Sussex","labelLocal":"West Sussex","labelBoth":"West Sussex","type":"Administrative County","iso":"GB-WSX","qid":"Q23287"},"geometry":{"type":"Polygon","coordinates":[[[-0.2089,50.8301],[-0.1286,50.8826],[0.0213,51.1358],[-0.7537,51.0887],[-0.9298,50.84],[-0.8128,50.7348],[-0.2089,50.8301]]]}},{"type":"Feature","id":"label-GBR-2748","properties":{"kind":"division-label","code":"GBR-2748","countryCode":"GBR","name":"West Sussex","localName":"West Sussex","labelEnglish":"West Sussex","labelLocal":"West Sussex","labelBoth":"West Sussex","type":"Administrative County","iso":"GB-WSX","qid":"Q23287"},"geometry":{"type":"Point","coordinates":[-0.457938,50.9489]}},{"type":"Feature","id":"GBR-2035","properties":{"kind":"division","code":"GBR-2035","countryCode":"GBR","name":"Hampshire","localName":"Hampshire","labelEnglish":"Hampshire","labelLocal":"Hampshire","labelBoth":"Hampshire","type":"Administrative County","iso":"GB-HAM","qid":"Q23204"},"geometry":{"type":"Polygon","coordinates":[[[-0.9298,50.84],[-0.7537,51.0887],[-0.7653,51.3313],[-0.8529,51.3501],[-1.032,51.3547],[-1.487,51.3324],[-1.6965,51.2366],[-1.6106,50.9597],[-1.9501,50.9883],[-1.6729,50.7401],[-1.4493,50.9121],[-1.3087,50.9213],[-1.3186,50.8569],[-1.0881,50.8498],[-0.9949,50.8471],[-0.9298,50.84]]]}},{"type":"Feature","id":"label-GBR-2035","properties":{"kind":"division-label","code":"GBR-2035","countryCode":"GBR","name":"Hampshire","localName":"Hampshire","labelEnglish":"Hampshire","labelLocal":"Hampshire","labelBoth":"Hampshire","type":"Administrative County","iso":"GB-HAM","qid":"Q23204"},"geometry":{"type":"Point","coordinates":[-1.23817,51.1286]}},{"type":"Feature","id":"GBR-2759","properties":{"kind":"division","code":"GBR-2759","countryCode":"GBR","name":"Portsmouth","localName":"Portsmouth","labelEnglish":"Portsmouth","labelLocal":"Portsmouth","labelBoth":"Portsmouth","type":"Unitary Authority","iso":"GB-POR","qid":"Q72259"},"geometry":{"type":"Polygon","coordinates":[[[-0.9949,50.8471],[-1.0881,50.8498],[-1.0562,50.783],[-0.9949,50.8471]]]}},{"type":"Feature","id":"label-GBR-2759","properties":{"kind":"division-label","code":"GBR-2759","countryCode":"GBR","name":"Portsmouth","localName":"Portsmouth","labelEnglish":"Portsmouth","labelLocal":"Portsmouth","labelBoth":"Portsmouth","type":"Unitary Authority","iso":"GB-POR","qid":"Q72259"},"geometry":{"type":"Point","coordinates":[-0.979793,50.8032]}},{"type":"Feature","id":"GBR-2036","properties":{"kind":"division","code":"GBR-2036","countryCode":"GBR","name":"Southampton","localName":"Southampton","labelEnglish":"Southampton","labelLocal":"Southampton","labelBoth":"Southampton","type":"Unitary Authority","iso":"GB-STH","qid":"Q79848"},"geometry":{"type":"Polygon","coordinates":[[[-1.3186,50.8569],[-1.3087,50.9213],[-1.4493,50.9121],[-1.3186,50.8569]]]}},{"type":"Feature","id":"label-GBR-2036","properties":{"kind":"division-label","code":"GBR-2036","countryCode":"GBR","name":"Southampton","localName":"Southampton","labelEnglish":"Southampton","labelLocal":"Southampton","labelBoth":"Southampton","type":"Unitary Authority","iso":"GB-STH","qid":"Q79848"},"geometry":{"type":"Point","coordinates":[-1.3776,50.9158]}},{"type":"Feature","id":"GBR-2051","properties":{"kind":"division","code":"GBR-2051","countryCode":"GBR","name":"Dorset","localName":"Dorset","labelEnglish":"Dorset","labelLocal":"Dorset","labelBoth":"Dorset","type":"Administrative County","iso":"GB-DOR","qid":"Q23159"},"geometry":{"type":"Polygon","coordinates":[[[-1.6729,50.7401],[-1.9501,50.9883],[-2.3217,51.0833],[-2.9485,50.8225],[-2.9456,50.7258],[-1.9837,50.5966],[-2.0262,50.7251],[-1.9204,50.75],[-1.7975,50.7232],[-1.6729,50.7401]]]}},{"type":"Feature","id":"label-GBR-2051","properties":{"kind":"division-label","code":"GBR-2051","countryCode":"GBR","name":"Dorset","localName":"Dorset","labelEnglish":"Dorset","labelLocal":"Dorset","labelBoth":"Dorset","type":"Administrative County","iso":"GB-DOR","qid":"Q23159"},"geometry":{"type":"Point","coordinates":[-2.31103,50.8569]}},{"type":"Feature","id":"GBR-2050","properties":{"kind":"division","code":"GBR-2050","countryCode":"GBR","name":"Bournemouth","localName":"Bournemouth","labelEnglish":"Bournemouth","labelLocal":"Bournemouth","labelBoth":"Bournemouth","type":"Unitary Authority","iso":"GB-BMH","qid":"Q170478"},"geometry":{"type":"Polygon","coordinates":[[[-1.7975,50.7232],[-1.9204,50.75],[-1.8969,50.716],[-1.7975,50.7232]]]}},{"type":"Feature","id":"label-GBR-2050","properties":{"kind":"division-label","code":"GBR-2050","countryCode":"GBR","name":"Bournemouth","localName":"Bournemouth","labelEnglish":"Bournemouth","labelLocal":"Bournemouth","labelBoth":"Bournemouth","type":"Unitary Authority","iso":"GB-BMH","qid":"Q170478"},"geometry":{"type":"Point","coordinates":[-1.86297,50.7378]}},{"type":"Feature","id":"GBR-2052","properties":{"kind":"division","code":"GBR-2052","countryCode":"GBR","name":"Poole","localName":"Poole","labelEnglish":"Poole","labelLocal":"Poole","labelBoth":"Poole","type":"Unitary Authority","iso":"GB-POL","qid":"Q203349"},"geometry":{"type":"Polygon","coordinates":[[[-1.8969,50.716],[-1.9204,50.75],[-2.0262,50.7251],[-1.8969,50.716]]]}},{"type":"Feature","id":"label-GBR-2052","properties":{"kind":"division-label","code":"GBR-2052","countryCode":"GBR","name":"Poole","localName":"Poole","labelEnglish":"Poole","labelLocal":"Poole","labelBoth":"Poole","type":"Unitary Authority","iso":"GB-POL","qid":"Q203349"},"geometry":{"type":"Point","coordinates":[-1.96155,50.7427]}},{"type":"Feature","id":"GBR-2048","properties":{"kind":"division","code":"GBR-2048","countryCode":"GBR","name":"Devon","localName":"Devon","labelEnglish":"Devon","labelLocal":"Devon","labelBoth":"Devon","type":"Administrative County","iso":"GB-DEV","qid":"Q23156"},"geometry":{"type":"Polygon","coordinates":[[[-2.9456,50.7258],[-2.9485,50.8225],[-3.8259,51.1419],[-3.7122,51.2383],[-4.1523,51.2116],[-4.5481,50.923],[-4.2037,50.4514],[-4.187,50.426],[-4.0387,50.3786],[-4.116,50.3479],[-3.789,50.2124],[-3.5187,50.3762],[-3.6425,50.4639],[-3.5054,50.5082],[-2.9456,50.7258]]]}},{"type":"Feature","id":"label-GBR-2048","properties":{"kind":"division-label","code":"GBR-2048","countryCode":"GBR","name":"Devon","localName":"Devon","labelEnglish":"Devon","labelLocal":"Devon","labelBoth":"Devon","type":"Administrative County","iso":"GB-DEV","qid":"Q23156"},"geometry":{"type":"Point","coordinates":[-3.85842,50.8008]}},{"type":"Feature","id":"GBR-2142","properties":{"kind":"division","code":"GBR-2142","countryCode":"GBR","name":"Torbay","localName":"Torbay","labelEnglish":"Torbay","labelLocal":"Torbay","labelBoth":"Torbay","type":"Unitary Authority","iso":"GB-TOB","qid":"Q1136118"},"geometry":{"type":"Polygon","coordinates":[[[-3.5054,50.5082],[-3.6425,50.4639],[-3.5187,50.3762],[-3.5054,50.5082]]]}},{"type":"Feature","id":"label-GBR-2142","properties":{"kind":"division-label","code":"GBR-2142","countryCode":"GBR","name":"Torbay","localName":"Torbay","labelEnglish":"Torbay","labelLocal":"Torbay","labelBoth":"Torbay","type":"Unitary Authority","iso":"GB-TOB","qid":"Q1136118"},"geometry":{"type":"Point","coordinates":[-3.56802,50.4496]}},{"type":"Feature","id":"GBR-2141","properties":{"kind":"division","code":"GBR-2141","countryCode":"GBR","name":"Plymouth","localName":"Plymouth","labelEnglish":"Plymouth","labelLocal":"Plymouth","labelBoth":"Plymouth","type":"Unitary Authority","iso":"GB-PLY","qid":"Q43382"},"geometry":{"type":"Polygon","coordinates":[[[-4.116,50.3479],[-4.0387,50.3786],[-4.187,50.426],[-4.116,50.3479]]]}},{"type":"Feature","id":"label-GBR-2141","properties":{"kind":"division-label","code":"GBR-2141","countryCode":"GBR","name":"Plymouth","localName":"Plymouth","labelEnglish":"Plymouth","labelLocal":"Plymouth","labelBoth":"Plymouth","type":"Unitary Authority","iso":"GB-PLY","qid":"Q43382"},"geometry":{"type":"Point","coordinates":[-4.11254,50.3951]}},{"type":"Feature","id":"GBR-2110","properties":{"kind":"division","code":"GBR-2110","countryCode":"GBR","name":"Cornwall","localName":"Cornwall","labelEnglish":"Cornwall","labelLocal":"Cornwall","labelBoth":"Cornwall","type":"Unitary Single-Tier County","iso":"GB-CON","qid":"Q23148"},"geometry":{"type":"Polygon","coordinates":[[[-4.2037,50.4514],[-4.5481,50.923],[-4.7925,50.5952],[-5.438,50.1943],[-5.1912,49.9591],[-5.053,50.1958],[-4.2037,50.4514]]]}},{"type":"Feature","id":"label-GBR-2110","properties":{"kind":"division-label","code":"GBR-2110","countryCode":"GBR","name":"Cornwall","localName":"Cornwall","labelEnglish":"Cornwall","labelLocal":"Cornwall","labelBoth":"Cornwall","type":"Unitary Single-Tier County","iso":"GB-CON","qid":"Q23148"},"geometry":{"type":"Point","coordinates":[-4.75267,50.4407]}},{"type":"Feature","id":"GBR-2047","properties":{"kind":"division","code":"GBR-2047","countryCode":"GBR","name":"Somerset","localName":"Somerset","labelEnglish":"Somerset","labelLocal":"Somerset","labelBoth":"Somerset","type":"Administrative County","iso":"GB-SOM","qid":"Q23157"},"geometry":{"type":"Polygon","coordinates":[[[-3.7122,51.2383],[-3.8259,51.1419],[-2.9485,50.8225],[-2.3217,51.0833],[-2.2901,51.3249],[-2.7127,51.3198],[-2.9922,51.3219],[-3.0218,51.1925],[-3.7122,51.2383]]]}},{"type":"Feature","id":"label-GBR-2047","properties":{"kind":"division-label","code":"GBR-2047","countryCode":"GBR","name":"Somerset","localName":"Somerset","labelEnglish":"Somerset","labelLocal":"Somerset","labelBoth":"Somerset","type":"Administrative County","iso":"GB-SOM","qid":"Q23157"},"geometry":{"type":"Point","coordinates":[-3.03172,51.0339]}},{"type":"Feature","id":"GBR-2045","properties":{"kind":"division","code":"GBR-2045","countryCode":"GBR","name":"North Somerset","localName":"North Somerset","labelEnglish":"North Somerset","labelLocal":"North Somerset","labelBoth":"North Somerset","type":"Unitary Authority","iso":"GB-NSM","qid":"Q178196"},"geometry":{"type":"Polygon","coordinates":[[[-2.9922,51.3219],[-2.7127,51.3198],[-2.6335,51.3821],[-2.7294,51.4962],[-2.9922,51.3219]]]}},{"type":"Feature","id":"label-GBR-2045","properties":{"kind":"division-label","code":"GBR-2045","countryCode":"GBR","name":"North Somerset","localName":"North Somerset","labelEnglish":"North Somerset","labelLocal":"North Somerset","labelBoth":"North Somerset","type":"Unitary Authority","iso":"GB-NSM","qid":"Q178196"},"geometry":{"type":"Point","coordinates":[-2.79158,51.4109]}},{"type":"Feature","id":"GBR-2044","properties":{"kind":"division","code":"GBR-2044","countryCode":"GBR","name":"Bristol","localName":"Bristol","labelEnglish":"Bristol","labelLocal":"Bristol","labelBoth":"Bristol","type":"Unitary Authority","iso":"GB-BST","qid":"Q23154"},"geometry":{"type":"Polygon","coordinates":[[[-2.7294,51.4962],[-2.6335,51.3821],[-2.5227,51.4188],[-2.6788,51.5313],[-2.7294,51.4962]]]}},{"type":"Feature","id":"label-GBR-2044","properties":{"kind":"division-label","code":"GBR-2044","countryCode":"GBR","name":"Bristol","localName":"Bristol","labelEnglish":"Bristol","labelLocal":"Bristol","labelBoth":"Bristol","type":"Unitary Authority","iso":"GB-BST","qid":"Q23154"},"geometry":{"type":"Point","coordinates":[-2.60107,51.4624]}},{"type":"Feature","id":"GBR-2046","properties":{"kind":"division","code":"GBR-2046","countryCode":"GBR","name":"South Gloucestershire","localName":"South Gloucestershire","labelEnglish":"South Gloucestershire","labelLocal":"South Gloucestershire","labelBoth":"South Gloucestershire","type":"Unitary Authority","iso":"GB-SGC","qid":"Q1369280"},"geometry":{"type":"Polygon","coordinates":[[[-2.6788,51.5313],[-2.5227,51.4188],[-2.2807,51.4203],[-2.2716,51.5772],[-2.5355,51.673],[-2.6788,51.5313]]]}},{"type":"Feature","id":"label-GBR-2046","properties":{"kind":"division-label","code":"GBR-2046","countryCode":"GBR","name":"South Gloucestershire","localName":"South Gloucestershire","labelEnglish":"South Gloucestershire","labelLocal":"South Gloucestershire","labelBoth":"South Gloucestershire","type":"Unitary Authority","iso":"GB-SGC","qid":"Q1369280"},"geometry":{"type":"Point","coordinates":[-2.462,51.5239]}},{"type":"Feature","id":"GBR-2133","properties":{"kind":"division","code":"GBR-2133","countryCode":"GBR","name":"Newport","localName":"Newport","labelEnglish":"Newport","labelLocal":"Newport","labelBoth":"Newport","type":"Unitary Authority (wales)","iso":"GB-NWP","qid":"Q11294004"},"geometry":{"type":"Polygon","coordinates":[[[-2.7981,51.5635],[-2.9613,51.6274],[-3.0319,51.6057],[-3.1024,51.5431],[-3.0765,51.5078],[-2.7981,51.5635]]]}},{"type":"Feature","id":"label-GBR-2133","properties":{"kind":"division-label","code":"GBR-2133","countryCode":"GBR","name":"Newport","localName":"Newport","labelEnglish":"Newport","labelLocal":"Newport","labelBoth":"Newport","type":"Unitary Authority (wales)","iso":"GB-NWP","qid":"Q11294004"},"geometry":{"type":"Point","coordinates":[-2.94989,51.5866]}},{"type":"Feature","id":"GBR-2116","properties":{"kind":"division","code":"GBR-2116","countryCode":"GBR","name":"Cardiff","localName":"Cardiff","labelEnglish":"Cardiff","labelLocal":"Cardiff","labelBoth":"Cardiff","type":"Unitary Authority (wales)","iso":"GB-CRF","qid":"Q10690"},"geometry":{"type":"Polygon","coordinates":[[[-3.0765,51.5078],[-3.1024,51.5431],[-3.2275,51.5451],[-3.2914,51.5004],[-3.1727,51.4531],[-3.0765,51.5078]]]}},{"type":"Feature","id":"label-GBR-2116","properties":{"kind":"division-label","code":"GBR-2116","countryCode":"GBR","name":"Cardiff","localName":"Cardiff","labelEnglish":"Cardiff","labelLocal":"Cardiff","labelBoth":"Cardiff","type":"Unitary Authority (wales)","iso":"GB-CRF","qid":"Q10690"},"geometry":{"type":"Point","coordinates":[-3.1785,51.5049]}},{"type":"Feature","id":"GBR-2117","properties":{"kind":"division","code":"GBR-2117","countryCode":"GBR","name":"Vale of Glamorgan","localName":"Vale of Glamorgan","labelEnglish":"Vale of Glamorgan","labelLocal":"Vale of Glamorgan","labelBoth":"Vale of Glamorgan","type":"Unitary Authority (wales)","iso":"GB-VGL","qid":"Q844784"},"geometry":{"type":"Polygon","coordinates":[[[-3.1727,51.4531],[-3.2914,51.5004],[-3.4752,51.5104],[-3.5753,51.4204],[-3.1727,51.4531]]]}},{"type":"Feature","id":"label-GBR-2117","properties":{"kind":"division-label","code":"GBR-2117","countryCode":"GBR","name":"Vale of Glamorgan","localName":"Vale of Glamorgan","labelEnglish":"Vale of Glamorgan","labelLocal":"Vale of Glamorgan","labelBoth":"Vale of Glamorgan","type":"Unitary Authority (wales)","iso":"GB-VGL","qid":"Q844784"},"geometry":{"type":"Point","coordinates":[-3.36772,51.4474]}},{"type":"Feature","id":"GBR-2112","properties":{"kind":"division","code":"GBR-2112","countryCode":"GBR","name":"Bridgend","localName":"Bridgend","labelEnglish":"Bridgend","labelLocal":"Bridgend","labelBoth":"Bridgend","type":"Unitary Authority (wales)","iso":"GB-BGE","qid":"Q697126"},"geometry":{"type":"Polygon","coordinates":[[[-3.5753,51.4204],[-3.4752,51.5104],[-3.5492,51.6418],[-3.7519,51.5331],[-3.5753,51.4204]]]}},{"type":"Feature","id":"label-GBR-2112","properties":{"kind":"division-label","code":"GBR-2112","countryCode":"GBR","name":"Bridgend","localName":"Bridgend","labelEnglish":"Bridgend","labelLocal":"Bridgend","labelBoth":"Bridgend","type":"Unitary Authority (wales)","iso":"GB-BGE","qid":"Q697126"},"geometry":{"type":"Point","coordinates":[-3.60687,51.5414]}},{"type":"Feature","id":"GBR-2118","properties":{"kind":"division","code":"GBR-2118","countryCode":"GBR","name":"Neath Port Talbot","localName":"Neath Port Talbot","labelEnglish":"Neath Port Talbot","labelLocal":"Neath Port Talbot","labelBoth":"Neath Port Talbot","type":"Unitary Authority (wales)","iso":"GB-NTL","qid":"Q748078"},"geometry":{"type":"Polygon","coordinates":[[[-3.7519,51.5331],[-3.5492,51.6418],[-3.5837,51.7513],[-3.8,51.7853],[-3.9331,51.7622],[-3.8868,51.6214],[-3.7519,51.5331]]]}},{"type":"Feature","id":"label-GBR-2118","properties":{"kind":"division-label","code":"GBR-2118","countryCode":"GBR","name":"Neath Port Talbot","localName":"Neath Port Talbot","labelEnglish":"Neath Port Talbot","labelLocal":"Neath Port Talbot","labelBoth":"Neath Port Talbot","type":"Unitary Authority (wales)","iso":"GB-NTL","qid":"Q748078"},"geometry":{"type":"Point","coordinates":[-3.73935,51.6459]}},{"type":"Feature","id":"GBR-2119","properties":{"kind":"division","code":"GBR-2119","countryCode":"GBR","name":"Swansea","localName":"Swansea","labelEnglish":"Swansea","labelLocal":"Swansea","labelBoth":"Swansea","type":"Unitary Authority (wales)","iso":"GB-SWA","qid":"Q23051"},"geometry":{"type":"Polygon","coordinates":[[[-3.8868,51.6214],[-3.9331,51.7622],[-4.0705,51.676],[-3.8868,51.6214]]]}},{"type":"Feature","id":"label-GBR-2119","properties":{"kind":"division-label","code":"GBR-2119","countryCode":"GBR","name":"Swansea","localName":"Swansea","labelEnglish":"Swansea","labelLocal":"Swansea","labelBoth":"Swansea","type":"Unitary Authority (wales)","iso":"GB-SWA","qid":"Q23051"},"geometry":{"type":"Point","coordinates":[-4.06364,51.6203]}},{"type":"Feature","id":"GBR-2104","properties":{"kind":"division","code":"GBR-2104","countryCode":"GBR","name":"Carmarthenshire","localName":"Carmarthenshire","labelEnglish":"Carmarthenshire","labelLocal":"Carmarthenshire","labelBoth":"Carmarthenshire","type":"Unitary Authority (wales)","iso":"GB-CMN","qid":"Q217840"},"geometry":{"type":"Polygon","coordinates":[[[-4.0705,51.676],[-3.9331,51.7622],[-3.8,51.7853],[-3.7412,52.1216],[-4.5587,52.0377],[-4.6393,51.7332],[-4.0705,51.676]]]}},{"type":"Feature","id":"label-GBR-2104","properties":{"kind":"division-label","code":"GBR-2104","countryCode":"GBR","name":"Carmarthenshire","localName":"Carmarthenshire","labelEnglish":"Carmarthenshire","labelLocal":"Carmarthenshire","labelBoth":"Carmarthenshire","type":"Unitary Authority (wales)","iso":"GB-CMN","qid":"Q217840"},"geometry":{"type":"Point","coordinates":[-4.20485,51.8622]}},{"type":"Feature","id":"GBR-2106","properties":{"kind":"division","code":"GBR-2106","countryCode":"GBR","name":"Pembrokeshire","localName":"Pembrokeshire","labelEnglish":"Pembrokeshire","labelLocal":"Pembrokeshire","labelBoth":"Pembrokeshire","type":"Unitary Authority (wales)","iso":"GB-PEM","qid":"Q213361"},"geometry":{"type":"Polygon","coordinates":[[[-4.6393,51.7332],[-4.5587,52.0377],[-4.6938,52.1073],[-5.2889,51.9169],[-4.941,51.5965],[-4.6393,51.7332]]]}},{"type":"Feature","id":"label-GBR-2106","properties":{"kind":"division-label","code":"GBR-2106","countryCode":"GBR","name":"Pembrokeshire","localName":"Pembrokeshire","labelEnglish":"Pembrokeshire","labelLocal":"Pembrokeshire","labelBoth":"Pembrokeshire","type":"Unitary Authority (wales)","iso":"GB-PEM","qid":"Q213361"},"geometry":{"type":"Point","coordinates":[-4.90281,51.6602]}},{"type":"Feature","id":"GBR-2105","properties":{"kind":"division","code":"GBR-2105","countryCode":"GBR","name":"Ceredigion","localName":"Ceredigion","labelEnglish":"Ceredigion","labelLocal":"Ceredigion","labelBoth":"Ceredigion","type":"Principality","iso":"GB-CGN","qid":"Q217829"},"geometry":{"type":"Polygon","coordinates":[[[-4.6938,52.1073],[-4.5587,52.0377],[-3.7412,52.1216],[-3.652,52.3475],[-3.9275,52.5532],[-3.9473,52.5509],[-4.1971,52.2793],[-4.6938,52.1073]]]}},{"type":"Feature","id":"label-GBR-2105","properties":{"kind":"division-label","code":"GBR-2105","countryCode":"GBR","name":"Ceredigion","localName":"Ceredigion","labelEnglish":"Ceredigion","labelLocal":"Ceredigion","labelBoth":"Ceredigion","type":"Principality","iso":"GB-CGN","qid":"Q217829"},"geometry":{"type":"Point","coordinates":[-4.17527,52.1793]}},{"type":"Feature","id":"GBR-2130","properties":{"kind":"division","code":"GBR-2130","countryCode":"GBR","name":"Gwynedd","localName":"Gwynedd","labelEnglish":"Gwynedd","labelLocal":"Gwynedd","labelBoth":"Gwynedd","type":"Unitary Authority (wales)","iso":"GB-GWN","qid":"Q109128"},"geometry":{"type":"Polygon","coordinates":[[[-3.9473,52.5509],[-3.9275,52.5532],[-3.47,52.8619],[-3.4615,52.9764],[-3.9799,52.9959],[-4.0004,53.2487],[-4.7628,52.7895],[-4.1005,52.9141],[-4.1255,52.6039],[-3.9473,52.5509]]]}},{"type":"Feature","id":"label-GBR-2130","properties":{"kind":"division-label","code":"GBR-2130","countryCode":"GBR","name":"Gwynedd","localName":"Gwynedd","labelEnglish":"Gwynedd","labelLocal":"Gwynedd","labelBoth":"Gwynedd","type":"Unitary Authority (wales)","iso":"GB-GWN","qid":"Q109128"},"geometry":{"type":"Point","coordinates":[-3.92029,52.8484]}},{"type":"Feature","id":"GBR-2129","properties":{"kind":"division","code":"GBR-2129","countryCode":"GBR","name":"Conwy","localName":"Conwy","labelEnglish":"Conwy","labelLocal":"Conwy","labelBoth":"Conwy","type":"Unitary Authority (wales)","iso":"GB-CWY","qid":"Q817971"},"geometry":{"type":"Polygon","coordinates":[[[-4.0004,53.2487],[-3.9799,52.9959],[-3.4615,52.9764],[-3.5135,53.3089],[-4.0004,53.2487]]]}},{"type":"Feature","id":"label-GBR-2129","properties":{"kind":"division-label","code":"GBR-2129","countryCode":"GBR","name":"Conwy","localName":"Conwy","labelEnglish":"Conwy","labelLocal":"Conwy","labelBoth":"Conwy","type":"Unitary Authority (wales)","iso":"GB-CWY","qid":"Q817971"},"geometry":{"type":"Point","coordinates":[-3.7349,53.1274]}},{"type":"Feature","id":"GBR-2125","properties":{"kind":"division","code":"GBR-2125","countryCode":"GBR","name":"Denbighshire","localName":"Denbighshire","labelEnglish":"Denbighshire","labelLocal":"Denbighshire","labelBoth":"Denbighshire","type":"Unitary Authority (wales)","iso":"GB-DEN","qid":"Q650682"},"geometry":{"type":"Polygon","coordinates":[[[-3.5135,53.3089],[-3.4615,52.9764],[-3.47,52.8619],[-3.3907,52.8674],[-3.1227,53.0664],[-3.3605,53.3511],[-3.5135,53.3089]]]}},{"type":"Feature","id":"label-GBR-2125","properties":{"kind":"division-label","code":"GBR-2125","countryCode":"GBR","name":"Denbighshire","localName":"Denbighshire","labelEnglish":"Denbighshire","labelLocal":"Denbighshire","labelBoth":"Denbighshire","type":"Unitary Authority (wales)","iso":"GB-DEN","qid":"Q650682"},"geometry":{"type":"Point","coordinates":[-3.34024,53.0665]}},{"type":"Feature","id":"GBR-2108","properties":{"kind":"division","code":"GBR-2108","countryCode":"GBR","name":"Halton","localName":"Halton","labelEnglish":"Halton","labelLocal":"Halton","labelBoth":"Halton","type":"Metropolitan Borough","iso":"GB-WRL","qid":null},"geometry":{"type":"Polygon","coordinates":[[[-3.0959,53.2871],[-2.9264,53.3048],[-3.0583,53.4348],[-3.0959,53.2871]]]}},{"type":"Feature","id":"label-GBR-2108","properties":{"kind":"division-label","code":"GBR-2108","countryCode":"GBR","name":"Halton","localName":"Halton","labelEnglish":"Halton","labelLocal":"Halton","labelBoth":"Halton","type":"Metropolitan Borough","iso":"GB-WRL","qid":null},"geometry":{"type":"Point","coordinates":[-3.05638,53.3686]}},{"type":"Feature","id":"GBR-5708","properties":{"kind":"division","code":"GBR-5708","countryCode":"GBR","name":"Halton","localName":"Halton","labelEnglish":"Halton","labelLocal":"Halton","labelBoth":"Halton","type":"Unitary Authority","iso":"GB-HAL","qid":"Q376141"},"geometry":{"type":"Polygon","coordinates":[[[-2.7755,53.2999],[-2.5694,53.3123],[-2.6806,53.3788],[-2.7547,53.3781],[-2.8103,53.3217],[-2.7755,53.2999]]]}},{"type":"Feature","id":"label-GBR-5708","properties":{"kind":"division-label","code":"GBR-5708","countryCode":"GBR","name":"Halton","localName":"Halton","labelEnglish":"Halton","labelLocal":"Halton","labelBoth":"Halton","type":"Unitary Authority","iso":"GB-HAL","qid":"Q376141"},"geometry":{"type":"Point","coordinates":[-2.68727,53.331]}},{"type":"Feature","id":"GBR-5666","properties":{"kind":"division","code":"GBR-5666","countryCode":"GBR","name":"Knowsley","localName":"Knowsley","labelEnglish":"Knowsley","labelLocal":"Knowsley","labelBoth":"Knowsley","type":"Metropolitan Borough","iso":"GB-KWL","qid":"Q1228523"},"geometry":{"type":"Polygon","coordinates":[[[-2.8103,53.3217],[-2.7547,53.3781],[-2.8156,53.4911],[-2.8961,53.5224],[-2.9328,53.4933],[-2.8759,53.3312],[-2.8103,53.3217]]]}},{"type":"Feature","id":"label-GBR-5666","properties":{"kind":"division-label","code":"GBR-5666","countryCode":"GBR","name":"Knowsley","localName":"Knowsley","labelEnglish":"Knowsley","labelLocal":"Knowsley","labelBoth":"Knowsley","type":"Metropolitan Borough","iso":"GB-KWL","qid":"Q1228523"},"geometry":{"type":"Point","coordinates":[-2.83419,53.4145]}},{"type":"Feature","id":"GBR-5668","properties":{"kind":"division","code":"GBR-5668","countryCode":"GBR","name":"Liverpool","localName":"Liverpool","labelEnglish":"Liverpool","labelLocal":"Liverpool","labelBoth":"Liverpool","type":"Metropolitan Borough","iso":"GB-LIV","qid":"Q24826"},"geometry":{"type":"Polygon","coordinates":[[[-2.8759,53.3312],[-2.9328,53.4933],[-3.0482,53.481],[-2.8759,53.3312]]]}},{"type":"Feature","id":"label-GBR-5668","properties":{"kind":"division-label","code":"GBR-5668","countryCode":"GBR","name":"Liverpool","localName":"Liverpool","labelEnglish":"Liverpool","labelLocal":"Liverpool","labelBoth":"Liverpool","type":"Metropolitan Borough","iso":"GB-LIV","qid":"Q24826"},"geometry":{"type":"Point","coordinates":[-2.9327,53.4312]}},{"type":"Feature","id":"GBR-5667","properties":{"kind":"division","code":"GBR-5667","countryCode":"GBR","name":"Sefton","localName":"Sefton","labelEnglish":"Sefton","labelLocal":"Sefton","labelBoth":"Sefton","type":"Metropolitan Borough","iso":"GB-SFT","qid":"Q1546645"},"geometry":{"type":"Polygon","coordinates":[[[-3.0482,53.481],[-2.9328,53.4933],[-2.8961,53.5224],[-2.9485,53.7094],[-3.0482,53.481]]]}},{"type":"Feature","id":"label-GBR-5667","properties":{"kind":"division-label","code":"GBR-5667","countryCode":"GBR","name":"Sefton","localName":"Sefton","labelEnglish":"Sefton","labelLocal":"Sefton","labelBoth":"Sefton","type":"Metropolitan Borough","iso":"GB-SFT","qid":"Q1546645"},"geometry":{"type":"Point","coordinates":[-3.05568,53.5647]}},{"type":"Feature","id":"GBR-2123","properties":{"kind":"division","code":"GBR-2123","countryCode":"GBR","name":"Lancashire","localName":"Lancashire","labelEnglish":"Lancashire","labelLocal":"Lancashire","labelBoth":"Lancashire","type":"Administrative County","iso":"GB-LAN","qid":"Q23077"},"geometry":{"type":"Polygon","coordinates":[[[-2.9485,53.7094],[-2.8961,53.5224],[-2.8156,53.4911],[-2.752,53.5111],[-2.5589,53.5991],[-2.5044,53.627],[-2.3566,53.6646],[-2.2581,53.6141],[-2.1514,53.6965],[-2.0326,53.8476],[-2.4583,54.0472],[-2.4475,54.2302],[-2.8364,54.1676],[-3.0176,53.932],[-2.9541,53.8078],[-3.0215,53.7458],[-2.9485,53.7094]]]}},{"type":"Feature","id":"label-GBR-2123","properties":{"kind":"division-label","code":"GBR-2123","countryCode":"GBR","name":"Lancashire","localName":"Lancashire","labelEnglish":"Lancashire","labelLocal":"Lancashire","labelBoth":"Lancashire","type":"Administrative County","iso":"GB-LAN","qid":"Q23077"},"geometry":{"type":"Point","coordinates":[-2.54458,53.8599]}},{"type":"Feature","id":"GBR-5670","properties":{"kind":"division","code":"GBR-5670","countryCode":"GBR","name":"Blackpool","localName":"Blackpool","labelEnglish":"Blackpool","labelLocal":"Blackpool","labelBoth":"Blackpool","type":"Unitary Authority","iso":"GB-BPL","qid":"Q170377"},"geometry":{"type":"Polygon","coordinates":[[[-3.0215,53.7458],[-2.9541,53.8078],[-3.0176,53.932],[-3.0215,53.7458]]]}},{"type":"Feature","id":"label-GBR-5670","properties":{"kind":"division-label","code":"GBR-5670","countryCode":"GBR","name":"Blackpool","localName":"Blackpool","labelEnglish":"Blackpool","labelLocal":"Blackpool","labelBoth":"Blackpool","type":"Unitary Authority","iso":"GB-BPL","qid":"Q170377"},"geometry":{"type":"Point","coordinates":[-3.00469,53.8406]}},{"type":"Feature","id":"GBR-2009","properties":{"kind":"division","code":"GBR-2009","countryCode":"GBR","name":"South Ayrshire","localName":"South Ayrshire","labelEnglish":"South Ayrshire","labelLocal":"South Ayrshire","labelBoth":"South Ayrshire","type":"Unitary District","iso":"GB-SAY","qid":"Q209131"},"geometry":{"type":"Polygon","coordinates":[[[-5.0325,54.9937],[-4.4675,55.1578],[-4.5821,55.5913],[-4.6662,55.5622],[-5.0325,54.9937]]]}},{"type":"Feature","id":"label-GBR-2009","properties":{"kind":"division-label","code":"GBR-2009","countryCode":"GBR","name":"South Ayrshire","localName":"South Ayrshire","labelEnglish":"South Ayrshire","labelLocal":"South Ayrshire","labelBoth":"South Ayrshire","type":"Unitary District","iso":"GB-SAY","qid":"Q209131"},"geometry":{"type":"Point","coordinates":[-4.73841,55.2304]}},{"type":"Feature","id":"GBR-2006","properties":{"kind":"division","code":"GBR-2006","countryCode":"GBR","name":"North Ayrshire","localName":"North Ayrshire","labelEnglish":"North Ayrshire","labelLocal":"North Ayrshire","labelBoth":"North Ayrshire","type":"Unitary District","iso":"GB-NAY","qid":"Q206926"},"geometry":{"type":"Polygon","coordinates":[[[-4.6662,55.5622],[-4.5821,55.5913],[-4.5179,55.7593],[-4.5164,55.7628],[-4.7517,55.8572],[-4.8888,55.8653],[-4.6662,55.5622]]]}},{"type":"Feature","id":"label-GBR-2006","properties":{"kind":"division-label","code":"GBR-2006","countryCode":"GBR","name":"North Ayrshire","localName":"North Ayrshire","labelEnglish":"North Ayrshire","labelLocal":"North Ayrshire","labelBoth":"North Ayrshire","type":"Unitary District","iso":"GB-NAY","qid":"Q206926"},"geometry":{"type":"Point","coordinates":[-4.7108,55.7113]}},{"type":"Feature","id":"GBR-2005","properties":{"kind":"division","code":"GBR-2005","countryCode":"GBR","name":"Inverclyde","localName":"Inverclyde","labelEnglish":"Inverclyde","labelLocal":"Inverclyde","labelBoth":"Inverclyde","type":"Unitary District","iso":"GB-IVC","qid":"Q208271"},"geometry":{"type":"Polygon","coordinates":[[[-4.8888,55.8653],[-4.7517,55.8572],[-4.6268,55.9298],[-4.8888,55.8653]]]}},{"type":"Feature","id":"label-GBR-2005","properties":{"kind":"division-label","code":"GBR-2005","countryCode":"GBR","name":"Inverclyde","localName":"Inverclyde","labelEnglish":"Inverclyde","labelLocal":"Inverclyde","labelBoth":"Inverclyde","type":"Unitary District","iso":"GB-IVC","qid":"Q208271"},"geometry":{"type":"Point","coordinates":[-4.73843,55.8983]}},{"type":"Feature","id":"GBR-2008","properties":{"kind":"division","code":"GBR-2008","countryCode":"GBR","name":"Renfrewshire","localName":"Renfrewshire","labelEnglish":"Renfrewshire","labelLocal":"Renfrewshire","labelBoth":"Renfrewshire","type":"Unitary District","iso":"GB-RFW","qid":"Q211091"},"geometry":{"type":"Polygon","coordinates":[[[-4.6268,55.9298],[-4.7517,55.8572],[-4.5164,55.7628],[-4.3568,55.8191],[-4.3558,55.864],[-4.4886,55.9257],[-4.6268,55.9298]]]}},{"type":"Feature","id":"label-GBR-2008","properties":{"kind":"division-label","code":"GBR-2008","countryCode":"GBR","name":"Renfrewshire","localName":"Renfrewshire","labelEnglish":"Renfrewshire","labelLocal":"Renfrewshire","labelBoth":"Renfrewshire","type":"Unitary District","iso":"GB-RFW","qid":"Q211091"},"geometry":{"type":"Point","coordinates":[-4.55373,55.8437]}},{"type":"Feature","id":"GBR-2011","properties":{"kind":"division","code":"GBR-2011","countryCode":"GBR","name":"West Dunbartonshire","localName":"West Dunbartonshire","labelEnglish":"West Dunbartonshire","labelLocal":"West Dunbartonshire","labelBoth":"West Dunbartonshire","type":"Unitary District","iso":"GB-WDU","qid":"Q208121"},"geometry":{"type":"Polygon","coordinates":[[[-4.4886,55.9257],[-4.3558,55.864],[-4.3517,55.9052],[-4.3648,55.9756],[-4.5981,56.0778],[-4.5906,55.9415],[-4.4886,55.9257]]]}},{"type":"Feature","id":"label-GBR-2011","properties":{"kind":"division-label","code":"GBR-2011","countryCode":"GBR","name":"West Dunbartonshire","localName":"West Dunbartonshire","labelEnglish":"West Dunbartonshire","labelLocal":"West Dunbartonshire","labelBoth":"West Dunbartonshire","type":"Unitary District","iso":"GB-WDU","qid":"Q208121"},"geometry":{"type":"Point","coordinates":[-4.47635,55.9884]}},{"type":"Feature","id":"GBR-2746","properties":{"kind":"division","code":"GBR-2746","countryCode":"GBR","name":"Argyll and Bute","localName":"Argyll and Bute","labelEnglish":"Argyll and Bute","labelLocal":"Argyll and Bute","labelBoth":"Argyll and Bute","type":"Unitary District","iso":"GB-AGB","qid":"Q202174"},"geometry":{"type":"MultiPolygon","coordinates":[[[[-4.5906,55.9415],[-4.5981,56.0778],[-4.6394,56.4718],[-4.7086,56.6415],[-5.3045,56.6402],[-5.6964,55.9822],[-5.6126,55.7639],[-5.7829,55.3135],[-5.515,55.3737],[-5.3348,55.8967],[-4.5906,55.9415]]],[[[-6.0304,55.7291],[-6.1401,55.9414],[-6.4528,55.8409],[-6.0304,55.7291]]],[[[-5.6883,56.4348],[-6.0583,56.6402],[-6.3252,56.6061],[-6.1274,56.4744],[-6.3275,56.2772],[-5.6883,56.4348]]]]}},{"type":"Feature","id":"label-GBR-2746","properties":{"kind":"division-label","code":"GBR-2746","countryCode":"GBR","name":"Argyll and Bute","localName":"Argyll and Bute","labelEnglish":"Argyll and Bute","labelLocal":"Argyll and Bute","labelBoth":"Argyll and Bute","type":"Unitary District","iso":"GB-AGB","qid":"Q202174"},"geometry":{"type":"Point","coordinates":[-5.14339,56.2296]}},{"type":"Feature","id":"GBR-2745","properties":{"kind":"division","code":"GBR-2745","countryCode":"GBR","name":"Highland","localName":"Highland","labelEnglish":"Highland","labelLocal":"Highland","labelBoth":"Highland","type":"Unitary District","iso":"GB-HLD","qid":"Q208279"},"geometry":{"type":"MultiPolygon","coordinates":[[[[-5.3045,56.6402],[-4.7086,56.6415],[-4.5142,56.8036],[-3.7964,56.9302],[-3.6795,57.0955],[-3.3845,57.3814],[-3.7546,57.6263],[-4.2489,57.4975],[-3.79,57.8307],[-4.0776,57.9431],[-3.2205,58.3056],[-3.0191,58.6403],[-4.66,58.5559],[-4.9882,58.6283],[-5.447,58.0844],[-5.3662,57.9431],[-5.8074,57.8439],[-5.5994,57.2792],[-5.8522,56.747],[-6.2228,56.6955],[-5.8968,56.6751],[-6.0034,56.6187],[-5.6674,56.4985],[-5.3045,56.6402]]],[[[-6.5641,57.3466],[-6.0067,57.0284],[-5.6474,57.2646],[-6.387,57.5173],[-6.5641,57.3466]]]]}},{"type":"Feature","id":"label-GBR-2745","properties":{"kind":"division-label","code":"GBR-2745","countryCode":"GBR","name":"Highland","localName":"Highland","labelEnglish":"Highland","labelLocal":"Highland","labelBoth":"Highland","type":"Unitary District","iso":"GB-HLD","qid":"Q208279"},"geometry":{"type":"Point","coordinates":[-4.81247,57.4123]}},{"type":"Feature","id":"GBR-2014","properties":{"kind":"division","code":"GBR-2014","countryCode":"GBR","name":"Moray","localName":"Moray","labelEnglish":"Moray","labelLocal":"Moray","labelBoth":"Moray","type":"Unitary District","iso":"GB-MRY","qid":"Q211106"},"geometry":{"type":"Polygon","coordinates":[[[-3.7546,57.6263],[-3.3845,57.3814],[-3.6795,57.0955],[-2.9668,57.3271],[-2.7057,57.5296],[-2.8212,57.7028],[-3.7546,57.6263]]]}},{"type":"Feature","id":"label-GBR-2014","properties":{"kind":"division-label","code":"GBR-2014","countryCode":"GBR","name":"Moray","localName":"Moray","labelEnglish":"Moray","labelLocal":"Moray","labelBoth":"Moray","type":"Unitary District","iso":"GB-MRY","qid":"Q211106"},"geometry":{"type":"Point","coordinates":[-3.23013,57.4636]}},{"type":"Feature","id":"GBR-2013","properties":{"kind":"division","code":"GBR-2013","countryCode":"GBR","name":"Aberdeenshire","localName":"Aberdeenshire","labelEnglish":"Aberdeenshire","labelLocal":"Aberdeenshire","labelBoth":"Aberdeenshire","type":"Unitary District","iso":"GB-ABD","qid":"Q189912"},"geometry":{"type":"Polygon","coordinates":[[[-2.8212,57.7028],[-2.7057,57.5296],[-2.9668,57.3271],[-3.6795,57.0955],[-3.7964,56.9302],[-3.3951,56.8815],[-2.8726,56.9846],[-2.4359,56.7404],[-2.0653,57.1005],[-2.3341,57.0825],[-2.2679,57.2399],[-2.0447,57.2265],[-1.7593,57.4736],[-1.9325,57.6824],[-2.8212,57.7028]]]}},{"type":"Feature","id":"label-GBR-2013","properties":{"kind":"division-label","code":"GBR-2013","countryCode":"GBR","name":"Aberdeenshire","localName":"Aberdeenshire","labelEnglish":"Aberdeenshire","labelLocal":"Aberdeenshire","labelBoth":"Aberdeenshire","type":"Unitary District","iso":"GB-ABD","qid":"Q189912"},"geometry":{"type":"Point","coordinates":[-2.77785,57.236]}},{"type":"Feature","id":"GBR-2012","properties":{"kind":"division","code":"GBR-2012","countryCode":"GBR","name":"Aberdeen","localName":"Aberdeen","labelEnglish":"Aberdeen","labelLocal":"Aberdeen","labelBoth":"Aberdeen","type":"Unitary District (city)","iso":"GB-ABE","qid":"Q36405"},"geometry":{"type":"Polygon","coordinates":[[[-2.0447,57.2265],[-2.2679,57.2399],[-2.3341,57.0825],[-2.0653,57.1005],[-2.0447,57.2265]]]}},{"type":"Feature","id":"label-GBR-2012","properties":{"kind":"division-label","code":"GBR-2012","countryCode":"GBR","name":"Aberdeen","localName":"Aberdeen","labelEnglish":"Aberdeen","labelLocal":"Aberdeen","labelBoth":"Aberdeen","type":"Unitary District (city)","iso":"GB-ABE","qid":"Q36405"},"geometry":{"type":"Point","coordinates":[-2.19814,57.1676]}},{"type":"Feature","id":"GBR-2019","properties":{"kind":"division","code":"GBR-2019","countryCode":"GBR","name":"Angus","localName":"Angus","labelEnglish":"Angus","labelLocal":"Angus","labelBoth":"Angus","type":"Unitary District","iso":"GB-ANS","qid":"Q202177"},"geometry":{"type":"Polygon","coordinates":[[[-2.4359,56.7404],[-2.8726,56.9846],[-3.3951,56.8815],[-3.0793,56.4749],[-2.8193,56.4713],[-2.4359,56.7404]]]}},{"type":"Feature","id":"label-GBR-2019","properties":{"kind":"division-label","code":"GBR-2019","countryCode":"GBR","name":"Angus","localName":"Angus","labelEnglish":"Angus","labelLocal":"Angus","labelBoth":"Angus","type":"Unitary District","iso":"GB-ANS","qid":"Q202177"},"geometry":{"type":"Point","coordinates":[-2.9155,56.7458]}},{"type":"Feature","id":"GBR-2020","properties":{"kind":"division","code":"GBR-2020","countryCode":"GBR","name":"Dundee","localName":"Dundee","labelEnglish":"Dundee","labelLocal":"Dundee","labelBoth":"Dundee","type":"Unitary District (city)","iso":"GB-DND","qid":"Q123709"},"geometry":{"type":"Polygon","coordinates":[[[-2.8193,56.4713],[-3.0793,56.4749],[-3.0557,56.4521],[-2.8193,56.4713]]]}},{"type":"Feature","id":"label-GBR-2020","properties":{"kind":"division-label","code":"GBR-2020","countryCode":"GBR","name":"Dundee","localName":"Dundee","labelEnglish":"Dundee","labelLocal":"Dundee","labelBoth":"Dundee","type":"Unitary District (city)","iso":"GB-DND","qid":"Q123709"},"geometry":{"type":"Point","coordinates":[-2.94934,56.4868]}},{"type":"Feature","id":"GBR-2018","properties":{"kind":"division","code":"GBR-2018","countryCode":"GBR","name":"Perth and Kinross","localName":"Perth and Kinross","labelEnglish":"Perth and Kinross","labelLocal":"Perth and Kinross","labelBoth":"Perth and Kinross","type":"Unitary District","iso":"GB-PKN","qid":"Q207679"},"geometry":{"type":"Polygon","coordinates":[[[-3.0557,56.4521],[-3.0793,56.4749],[-3.3951,56.8815],[-3.7964,56.9302],[-4.5142,56.8036],[-4.7086,56.6415],[-4.6394,56.4718],[-4.1756,56.5095],[-4.2195,56.3291],[-3.8244,56.1925],[-3.6306,56.1282],[-3.2624,56.3528],[-3.0557,56.4521]]]}},{"type":"Feature","id":"label-GBR-2018","properties":{"kind":"division-label","code":"GBR-2018","countryCode":"GBR","name":"Perth and Kinross","localName":"Perth and Kinross","labelEnglish":"Perth and Kinross","labelLocal":"Perth and Kinross","labelBoth":"Perth and Kinross","type":"Unitary District","iso":"GB-PKN","qid":"Q207679"},"geometry":{"type":"Point","coordinates":[-3.88225,56.571]}},{"type":"Feature","id":"GBR-2021","properties":{"kind":"division","code":"GBR-2021","countryCode":"GBR","name":"Fife","localName":"Fife","labelEnglish":"Fife","labelLocal":"Fife","labelBoth":"Fife","type":"Unitary District","iso":"GB-FIF","qid":"Q201149"},"geometry":{"type":"Polygon","coordinates":[[[-3.2624,56.3528],[-3.6306,56.1282],[-3.7465,56.0728],[-3.1784,56.0581],[-2.5768,56.2839],[-2.885,56.458],[-3.2624,56.3528]]]}},{"type":"Feature","id":"label-GBR-2021","properties":{"kind":"division-label","code":"GBR-2021","countryCode":"GBR","name":"Fife","localName":"Fife","labelEnglish":"Fife","labelLocal":"Fife","labelBoth":"Fife","type":"Unitary District","iso":"GB-FIF","qid":"Q201149"},"geometry":{"type":"Point","coordinates":[-3.16166,56.2201]}},{"type":"Feature","id":"GBR-2758","properties":{"kind":"division","code":"GBR-2758","countryCode":"GBR","name":"Isle of Wight","localName":"Isle of Wight","labelEnglish":"Isle of Wight","labelLocal":"Isle of Wight","labelBoth":"Isle of Wight","type":"Unitary Authority","iso":"GB-IOW","qid":"Q9679"},"geometry":{"type":"Polygon","coordinates":[[[-1.0828,50.7133],[-1.4974,50.6723],[-1.1684,50.6035],[-1.0828,50.7133]]]}},{"type":"Feature","id":"label-GBR-2758","properties":{"kind":"division-label","code":"GBR-2758","countryCode":"GBR","name":"Isle of Wight","localName":"Isle of Wight","labelEnglish":"Isle of Wight","labelLocal":"Isle of Wight","labelBoth":"Isle of Wight","type":"Unitary Authority","iso":"GB-IOW","qid":"Q9679"},"geometry":{"type":"Point","coordinates":[-1.31588,50.6808]}},{"type":"Feature","id":"GBR-2128","properties":{"kind":"division","code":"GBR-2128","countryCode":"GBR","name":"Anglesey","localName":"Anglesey","labelEnglish":"Anglesey","labelLocal":"Anglesey","labelBoth":"Anglesey","type":"Unitary Authority (wales)","iso":"GB-AGY","qid":"Q168159"},"geometry":{"type":"Polygon","coordinates":[[[-4.0981,53.3096],[-4.571,53.3928],[-4.4128,53.1321],[-4.0981,53.3096]]]}},{"type":"Feature","id":"label-GBR-2128","properties":{"kind":"division-label","code":"GBR-2128","countryCode":"GBR","name":"Anglesey","localName":"Anglesey","labelEnglish":"Anglesey","labelLocal":"Anglesey","labelBoth":"Anglesey","type":"Unitary Authority (wales)","iso":"GB-AGY","qid":"Q168159"},"geometry":{"type":"Point","coordinates":[-4.3787,53.2996]}},{"type":"Feature","id":"GBR-2772","properties":{"kind":"division","code":"GBR-2772","countryCode":"GBR","name":"Outer Hebrides","localName":"Outer Hebrides","labelEnglish":"Outer Hebrides","labelLocal":"Outer Hebrides","labelBoth":"Outer Hebrides","type":"Island Area","iso":"GB-ELS","qid":"Q80967"},"geometry":{"type":"Polygon","coordinates":[[[-6.9551,57.7438],[-6.3524,58.0386],[-6.2674,58.512],[-7.0309,58.2447],[-6.9551,57.7438]]]}},{"type":"Feature","id":"label-GBR-2772","properties":{"kind":"division-label","code":"GBR-2772","countryCode":"GBR","name":"Outer Hebrides","localName":"Outer Hebrides","labelEnglish":"Outer Hebrides","labelLocal":"Outer Hebrides","labelBoth":"Outer Hebrides","type":"Island Area","iso":"GB-ELS","qid":"Q80967"},"geometry":{"type":"Point","coordinates":[-6.74587,58.1103]}},{"type":"Feature","id":"GBR-2744","properties":{"kind":"division","code":"GBR-2744","countryCode":"GBR","name":"Orkney Islands","localName":"Orkney Islands","labelEnglish":"Orkney Islands","labelLocal":"Orkney Islands","labelBoth":"Orkney Islands","type":"Unitary District","iso":"GB-ORK","qid":"Q100166"},"geometry":{"type":"Polygon","coordinates":[[[-2.7277,58.9709],[-3.1317,59.0051],[-3.2028,58.9159],[-2.7277,58.9709]]]}},{"type":"Feature","id":"label-GBR-2744","properties":{"kind":"division-label","code":"GBR-2744","countryCode":"GBR","name":"Orkney Islands","localName":"Orkney Islands","labelEnglish":"Orkney Islands","labelLocal":"Orkney Islands","labelBoth":"Orkney Islands","type":"Unitary District","iso":"GB-ORK","qid":"Q100166"},"geometry":{"type":"Point","coordinates":[-3.15683,58.9715]}},{"type":"Feature","id":"GBR-2747","properties":{"kind":"division","code":"GBR-2747","countryCode":"GBR","name":"Shetland Islands","localName":"Shetland Islands","labelEnglish":"Shetland Islands","labelLocal":"Shetland Islands","labelBoth":"Shetland Islands","type":"Unitary District (city)","iso":"GB-ZET","qid":"Q47134"},"geometry":{"type":"Polygon","coordinates":[[[-1.097,60.4165],[-1.446,60.4923],[-1.1647,60.0602],[-1.097,60.4165]]]}},{"type":"Feature","id":"label-GBR-2747","properties":{"kind":"division-label","code":"GBR-2747","countryCode":"GBR","name":"Shetland Islands","localName":"Shetland Islands","labelEnglish":"Shetland Islands","labelLocal":"Shetland Islands","labelBoth":"Shetland Islands","type":"Unitary District (city)","iso":"GB-ZET","qid":"Q47134"},"geometry":{"type":"Point","coordinates":[-1.23858,60.3097]}},{"type":"Feature","id":"GBR-5988","properties":{"kind":"division","code":"GBR-5988","countryCode":"GBR","name":"Isles of Scilly","localName":"Isles of Scilly","labelEnglish":"Isles of Scilly","labelLocal":"Isles of Scilly","labelBoth":"Isles of Scilly","type":"Unitary Single-Tier County","iso":"GB-IOS","qid":"Q180209"},"geometry":{"type":"Polygon","coordinates":[[[-6.2988,49.9355],[-6.3092,49.9136],[-6.2842,49.9228],[-6.2988,49.9355]]]}},{"type":"Feature","id":"label-GBR-5988","properties":{"kind":"division-label","code":"GBR-5988","countryCode":"GBR","name":"Isles of Scilly","localName":"Isles of Scilly","labelEnglish":"Isles of Scilly","labelLocal":"Isles of Scilly","labelBoth":"Isles of Scilly","type":"Unitary Single-Tier County","iso":"GB-IOS","qid":"Q180209"},"geometry":{"type":"Point","coordinates":[-4.75267,50.4407]}},{"type":"Feature","id":"GBR-2113","properties":{"kind":"division","code":"GBR-2113","countryCode":"GBR","name":"Caerphilly","localName":"Caerphilly","labelEnglish":"Caerphilly","labelLocal":"Caerphilly","labelBoth":"Caerphilly","type":"Unitary Authority (wales)","iso":"GB-CAY","qid":"Q748065"},"geometry":{"type":"Polygon","coordinates":[[[-3.0319,51.6057],[-3.1147,51.7008],[-3.289,51.7933],[-3.3338,51.7899],[-3.3017,51.6486],[-3.2275,51.5451],[-3.1024,51.5431],[-3.0319,51.6057]]]}},{"type":"Feature","id":"label-GBR-2113","properties":{"kind":"division-label","code":"GBR-2113","countryCode":"GBR","name":"Caerphilly","localName":"Caerphilly","labelEnglish":"Caerphilly","labelLocal":"Caerphilly","labelBoth":"Caerphilly","type":"Unitary Authority (wales)","iso":"GB-CAY","qid":"Q748065"},"geometry":{"type":"Point","coordinates":[-3.18286,51.6407]}},{"type":"Feature","id":"GBR-2115","properties":{"kind":"division","code":"GBR-2115","countryCode":"GBR","name":"Rhondda Cynon Taf","localName":"Rhondda Cynon Taf","labelEnglish":"Rhondda Cynon Taf","labelLocal":"Rhondda Cynon Taf","labelBoth":"Rhondda Cynon Taf","type":"Unitary Authority (wales)","iso":"GB-RCT","qid":"Q817960"},"geometry":{"type":"Polygon","coordinates":[[[-3.3017,51.6486],[-3.4352,51.8166],[-3.5837,51.7513],[-3.5492,51.6418],[-3.4752,51.5104],[-3.2914,51.5004],[-3.2275,51.5451],[-3.3017,51.6486]]]}},{"type":"Feature","id":"label-GBR-2115","properties":{"kind":"division-label","code":"GBR-2115","countryCode":"GBR","name":"Rhondda Cynon Taf","localName":"Rhondda Cynon Taf","labelEnglish":"Rhondda Cynon Taf","labelLocal":"Rhondda Cynon Taf","labelBoth":"Rhondda Cynon Taf","type":"Unitary Authority (wales)","iso":"GB-RCT","qid":"Q817960"},"geometry":{"type":"Point","coordinates":[-3.40988,51.617]}},{"type":"Feature","id":"GBR-2131","properties":{"kind":"division","code":"GBR-2131","countryCode":"GBR","name":"Blaenau Gwent","localName":"Blaenau Gwent","labelEnglish":"Blaenau Gwent","labelLocal":"Blaenau Gwent","labelBoth":"Blaenau Gwent","type":"Unitary Authority (wales)","iso":"GB-BGW","qid":"Q596885"},"geometry":{"type":"Polygon","coordinates":[[[-3.289,51.7933],[-3.1147,51.7008],[-3.1285,51.7945],[-3.1569,51.8107],[-3.289,51.7933]]]}},{"type":"Feature","id":"label-GBR-2131","properties":{"kind":"division-label","code":"GBR-2131","countryCode":"GBR","name":"Blaenau Gwent","localName":"Blaenau Gwent","labelEnglish":"Blaenau Gwent","labelLocal":"Blaenau Gwent","labelBoth":"Blaenau Gwent","type":"Unitary Authority (wales)","iso":"GB-BGW","qid":"Q596885"},"geometry":{"type":"Point","coordinates":[-3.1998,51.7719]}},{"type":"Feature","id":"GBR-2134","properties":{"kind":"division","code":"GBR-2134","countryCode":"GBR","name":"Torfaen","localName":"Torfaen","labelEnglish":"Torfaen","labelLocal":"Torfaen","labelBoth":"Torfaen","type":"Unitary Authority (wales)","iso":"GB-TOF","qid":"Q643919"},"geometry":{"type":"Polygon","coordinates":[[[-3.0319,51.6057],[-2.9613,51.6274],[-3.1285,51.7945],[-3.1147,51.7008],[-3.0319,51.6057]]]}},{"type":"Feature","id":"label-GBR-2134","properties":{"kind":"division-label","code":"GBR-2134","countryCode":"GBR","name":"Torfaen","localName":"Torfaen","labelEnglish":"Torfaen","labelLocal":"Torfaen","labelBoth":"Torfaen","type":"Unitary Authority (wales)","iso":"GB-TOF","qid":"Q643919"},"geometry":{"type":"Point","coordinates":[-3.0449,51.6945]}},{"type":"Feature","id":"GBR-2114","properties":{"kind":"division","code":"GBR-2114","countryCode":"GBR","name":"Merthyr Tydfil","localName":"Merthyr Tydfil","labelEnglish":"Merthyr Tydfil","labelLocal":"Merthyr Tydfil","labelBoth":"Merthyr Tydfil","type":"Unitary Authority (wales)","iso":"GB-MTY","qid":"Q3306663"},"geometry":{"type":"Polygon","coordinates":[[[-3.3338,51.7899],[-3.4352,51.8166],[-3.3017,51.6486],[-3.3338,51.7899]]]}},{"type":"Feature","id":"label-GBR-2114","properties":{"kind":"division-label","code":"GBR-2114","countryCode":"GBR","name":"Merthyr Tydfil","localName":"Merthyr Tydfil","labelEnglish":"Merthyr Tydfil","labelLocal":"Merthyr Tydfil","labelBoth":"Merthyr Tydfil","type":"Unitary Authority (wales)","iso":"GB-MTY","qid":"Q3306663"},"geometry":{"type":"Point","coordinates":[-3.35678,51.7461]}},{"type":"Feature","id":"GBR-2007","properties":{"kind":"division","code":"GBR-2007","countryCode":"GBR","name":"North Lanarkshire","localName":"North Lanarkshire","labelEnglish":"North Lanarkshire","labelLocal":"North Lanarkshire","labelBoth":"North Lanarkshire","type":"Unitary District","iso":"GB-NLK","qid":"Q207111"},"geometry":{"type":"Polygon","coordinates":[[[-4.0113,56.0122],[-4.1257,56.0055],[-4.1619,55.8917],[-4.0843,55.8272],[-3.7334,55.7835],[-3.8089,55.8952],[-4.0113,56.0122]]]}},{"type":"Feature","id":"label-GBR-2007","properties":{"kind":"division-label","code":"GBR-2007","countryCode":"GBR","name":"North Lanarkshire","localName":"North Lanarkshire","labelEnglish":"North Lanarkshire","labelLocal":"North Lanarkshire","labelBoth":"North Lanarkshire","type":"Unitary District","iso":"GB-NLK","qid":"Q207111"},"geometry":{"type":"Point","coordinates":[-3.9392,55.8694]}},{"type":"Feature","id":"GBR-2002","properties":{"kind":"division","code":"GBR-2002","countryCode":"GBR","name":"East Dunbartonshire","localName":"East Dunbartonshire","labelEnglish":"East Dunbartonshire","labelLocal":"East Dunbartonshire","labelBoth":"East Dunbartonshire","type":"Unitary District","iso":"GB-EDU","qid":"Q211889"},"geometry":{"type":"Polygon","coordinates":[[[-4.1257,56.0055],[-4.3648,55.9756],[-4.3517,55.9052],[-4.1619,55.8917],[-4.1257,56.0055]]]}},{"type":"Feature","id":"label-GBR-2002","properties":{"kind":"division-label","code":"GBR-2002","countryCode":"GBR","name":"East Dunbartonshire","localName":"East Dunbartonshire","labelEnglish":"East Dunbartonshire","labelLocal":"East Dunbartonshire","labelBoth":"East Dunbartonshire","type":"Unitary District","iso":"GB-EDU","qid":"Q211889"},"geometry":{"type":"Point","coordinates":[-4.20219,55.9544]}},{"type":"Feature","id":"GBR-2004","properties":{"kind":"division","code":"GBR-2004","countryCode":"GBR","name":"Glasgow","localName":"Glasgow","labelEnglish":"Glasgow","labelLocal":"Glasgow","labelBoth":"Glasgow","type":"Unitary District (city)","iso":"GB-GLG","qid":"Q4093"},"geometry":{"type":"Polygon","coordinates":[[[-4.3558,55.864],[-4.3568,55.8191],[-4.2404,55.7934],[-4.0843,55.8272],[-4.1619,55.8917],[-4.3517,55.9052],[-4.3558,55.864]]]}},{"type":"Feature","id":"label-GBR-2004","properties":{"kind":"division-label","code":"GBR-2004","countryCode":"GBR","name":"Glasgow","localName":"Glasgow","labelEnglish":"Glasgow","labelLocal":"Glasgow","labelBoth":"Glasgow","type":"Unitary District (city)","iso":"GB-GLG","qid":"Q4093"},"geometry":{"type":"Point","coordinates":[-4.21337,55.8371]}},{"type":"Feature","id":"GBR-2003","properties":{"kind":"division","code":"GBR-2003","countryCode":"GBR","name":"East Renfrewshire","localName":"East Renfrewshire","labelEnglish":"East Renfrewshire","labelLocal":"East Renfrewshire","labelBoth":"East Renfrewshire","type":"Unitary District","iso":"GB-ERW","qid":"Q211925"},"geometry":{"type":"Polygon","coordinates":[[[-4.5179,55.7593],[-4.251,55.686],[-4.2404,55.7934],[-4.3568,55.8191],[-4.5164,55.7628],[-4.5179,55.7593]]]}},{"type":"Feature","id":"label-GBR-2003","properties":{"kind":"division-label","code":"GBR-2003","countryCode":"GBR","name":"East Renfrewshire","localName":"East Renfrewshire","labelEnglish":"East Renfrewshire","labelLocal":"East Renfrewshire","labelBoth":"East Renfrewshire","type":"Unitary District","iso":"GB-ERW","qid":"Q211925"},"geometry":{"type":"Point","coordinates":[-4.36844,55.7656]}},{"type":"Feature","id":"GBR-2001","properties":{"kind":"division","code":"GBR-2001","countryCode":"GBR","name":"East Ayrshire","localName":"East Ayrshire","labelEnglish":"East Ayrshire","labelLocal":"East Ayrshire","labelBoth":"East Ayrshire","type":"Unitary District","iso":"GB-EAY","qid":"Q209135"},"geometry":{"type":"Polygon","coordinates":[[[-4.5821,55.5913],[-4.4675,55.1578],[-3.9832,55.461],[-4.251,55.686],[-4.5179,55.7593],[-4.5821,55.5913]]]}},{"type":"Feature","id":"label-GBR-2001","properties":{"kind":"division-label","code":"GBR-2001","countryCode":"GBR","name":"East Ayrshire","localName":"East Ayrshire","labelEnglish":"East Ayrshire","labelLocal":"East Ayrshire","labelBoth":"East Ayrshire","type":"Unitary District","iso":"GB-EAY","qid":"Q209135"},"geometry":{"type":"Point","coordinates":[-4.29329,55.501]}},{"type":"Feature","id":"GBR-2010","properties":{"kind":"division","code":"GBR-2010","countryCode":"GBR","name":"South Lanarkshire","localName":"South Lanarkshire","labelEnglish":"South Lanarkshire","labelLocal":"South Lanarkshire","labelBoth":"South Lanarkshire","type":"Unitary District","iso":"GB-SLK","qid":"Q209142"},"geometry":{"type":"Polygon","coordinates":[[[-3.9832,55.461],[-3.6423,55.2896],[-3.5003,55.4097],[-3.4579,55.7696],[-3.7334,55.7835],[-4.0843,55.8272],[-4.2404,55.7934],[-4.251,55.686],[-3.9832,55.461]]]}},{"type":"Feature","id":"label-GBR-2010","properties":{"kind":"division-label","code":"GBR-2010","countryCode":"GBR","name":"South Lanarkshire","localName":"South Lanarkshire","labelEnglish":"South Lanarkshire","labelLocal":"South Lanarkshire","labelBoth":"South Lanarkshire","type":"Unitary District","iso":"GB-SLK","qid":"Q209142"},"geometry":{"type":"Point","coordinates":[-3.82617,55.5981]}},{"type":"Feature","id":"GBR-2093","properties":{"kind":"division","code":"GBR-2093","countryCode":"GBR","name":"Magherafelt","localName":"Magherafelt","labelEnglish":"Magherafelt","labelLocal":"Magherafelt","labelBoth":"Magherafelt","type":"District","iso":"GB-MFT","qid":"Q1198482"},"geometry":{"type":"Polygon","coordinates":[[[-6.9298,54.7677],[-6.9697,54.7416],[-6.4986,54.7062],[-6.4807,54.7827],[-6.5069,54.916],[-6.5204,54.9451],[-6.7811,54.9111],[-6.9175,54.8158],[-6.9298,54.7677]]]}},{"type":"Feature","id":"label-GBR-2093","properties":{"kind":"division-label","code":"GBR-2093","countryCode":"GBR","name":"Magherafelt","localName":"Magherafelt","labelEnglish":"Magherafelt","labelLocal":"Magherafelt","labelBoth":"Magherafelt","type":"District","iso":"GB-MFT","qid":"Q1198482"},"geometry":{"type":"Point","coordinates":[-6.71991,54.8166]}},{"type":"Feature","id":"GBR-2084","properties":{"kind":"division","code":"GBR-2084","countryCode":"GBR","name":"Omagh","localName":"Omagh","labelEnglish":"Omagh","labelLocal":"Omagh","labelBoth":"Omagh","type":"District","iso":"GB-OMH","qid":"Q505691"},"geometry":{"type":"Polygon","coordinates":[[[-7.6934,54.6008],[-7.3645,54.4302],[-6.9614,54.5766],[-6.9697,54.7416],[-6.9298,54.7677],[-7.6934,54.6008]]]}},{"type":"Feature","id":"label-GBR-2084","properties":{"kind":"division-label","code":"GBR-2084","countryCode":"GBR","name":"Omagh","localName":"Omagh","labelEnglish":"Omagh","labelLocal":"Omagh","labelBoth":"Omagh","type":"District","iso":"GB-OMH","qid":"Q505691"},"geometry":{"type":"Point","coordinates":[-7.31156,54.5823]}},{"type":"Feature","id":"GBR-2091","properties":{"kind":"division","code":"GBR-2091","countryCode":"GBR","name":"Mid Ulster","localName":"Mid Ulster","labelEnglish":"Mid Ulster","labelLocal":"Mid Ulster","labelBoth":"Mid Ulster","type":"Province","iso":"GB-CKT","qid":"Q6840825"},"geometry":{"type":"Polygon","coordinates":[[[-6.9614,54.5766],[-6.5278,54.5398],[-6.437,54.5688],[-6.4986,54.7062],[-6.9697,54.7416],[-6.9614,54.5766]]]}},{"type":"Feature","id":"label-GBR-2091","properties":{"kind":"division-label","code":"GBR-2091","countryCode":"GBR","name":"Mid Ulster","localName":"Mid Ulster","labelEnglish":"Mid Ulster","labelLocal":"Mid Ulster","labelBoth":"Mid Ulster","type":"Province","iso":"GB-CKT","qid":"Q6840825"},"geometry":{"type":"Point","coordinates":[-6.70918,54.6262]}},{"type":"Feature","id":"GBR-2088","properties":{"kind":"division","code":"GBR-2088","countryCode":"GBR","name":"Craigavon","localName":"Craigavon","labelEnglish":"Craigavon","labelLocal":"Craigavon","labelBoth":"Craigavon","type":"District","iso":"GB-CGV","qid":"Q427201"},"geometry":{"type":"Polygon","coordinates":[[[-6.5547,54.4633],[-6.4053,54.3938],[-6.2105,54.4332],[-6.2641,54.5925],[-6.437,54.5688],[-6.5278,54.5398],[-6.5547,54.4633]]]}},{"type":"Feature","id":"label-GBR-2088","properties":{"kind":"division-label","code":"GBR-2088","countryCode":"GBR","name":"Craigavon","localName":"Craigavon","labelEnglish":"Craigavon","labelLocal":"Craigavon","labelBoth":"Craigavon","type":"District","iso":"GB-CGV","qid":"Q427201"},"geometry":{"type":"Point","coordinates":[-6.39706,54.4884]}},{"type":"Feature","id":"GBR-2087","properties":{"kind":"division","code":"GBR-2087","countryCode":"GBR","name":"Banbridge","localName":"Banbridge","labelEnglish":"Banbridge","labelLocal":"Banbridge","labelBoth":"Banbridge","type":"District","iso":"GB-BNB","qid":"Q806141"},"geometry":{"type":"Polygon","coordinates":[[[-6.36,54.2769],[-6.0453,54.2466],[-5.9504,54.3797],[-6.2105,54.4332],[-6.4053,54.3938],[-6.36,54.2769]]]}},{"type":"Feature","id":"label-GBR-2087","properties":{"kind":"division-label","code":"GBR-2087","countryCode":"GBR","name":"Banbridge","localName":"Banbridge","labelEnglish":"Banbridge","labelLocal":"Banbridge","labelBoth":"Banbridge","type":"District","iso":"GB-BNB","qid":"Q806141"},"geometry":{"type":"Point","coordinates":[-6.17154,54.3466]}},{"type":"Feature","id":"GBR-2092","properties":{"kind":"division","code":"GBR-2092","countryCode":"GBR","name":"Antrim","localName":"Antrim","labelEnglish":"Antrim","labelLocal":"Antrim","labelBoth":"Antrim","type":"District","iso":"GB-ANT","qid":"Q609214"},"geometry":{"type":"Polygon","coordinates":[[[-6.4986,54.7062],[-6.437,54.5688],[-6.2641,54.5925],[-6.0659,54.6227],[-6.0225,54.6625],[-6.0842,54.7919],[-6.4807,54.7827],[-6.4986,54.7062]]]}},{"type":"Feature","id":"label-GBR-2092","properties":{"kind":"division-label","code":"GBR-2092","countryCode":"GBR","name":"Antrim","localName":"Antrim","labelEnglish":"Antrim","labelLocal":"Antrim","labelBoth":"Antrim","type":"District","iso":"GB-ANT","qid":"Q609214"},"geometry":{"type":"Point","coordinates":[-6.26057,54.6926]}},{"type":"Feature","id":"GBR-2090","properties":{"kind":"division","code":"GBR-2090","countryCode":"GBR","name":"Lisburn","localName":"Lisburn","labelEnglish":"Lisburn","labelLocal":"Lisburn","labelBoth":"Lisburn","type":"District","iso":"GB-LSB","qid":"Q210647"},"geometry":{"type":"Polygon","coordinates":[[[-5.8681,54.4791],[-5.9547,54.5544],[-6.0659,54.6227],[-6.2641,54.5925],[-6.2105,54.4332],[-5.9504,54.3797],[-5.8681,54.4791]]]}},{"type":"Feature","id":"label-GBR-2090","properties":{"kind":"division-label","code":"GBR-2090","countryCode":"GBR","name":"Lisburn","localName":"Lisburn","labelEnglish":"Lisburn","labelLocal":"Lisburn","labelBoth":"Lisburn","type":"District","iso":"GB-LSB","qid":"Q210647"},"geometry":{"type":"Point","coordinates":[-6.08226,54.5189]}},{"type":"Feature","id":"GBR-2101","properties":{"kind":"division","code":"GBR-2101","countryCode":"GBR","name":"Ballymoney","localName":"Ballymoney","labelEnglish":"Ballymoney","labelLocal":"Ballymoney","labelBoth":"Ballymoney","type":"District","iso":"GB-BLY","qid":"Q805427"},"geometry":{"type":"Polygon","coordinates":[[[-6.5069,54.916],[-6.1925,55.0283],[-6.5153,55.1491],[-6.5204,54.9451],[-6.5069,54.916]]]}},{"type":"Feature","id":"label-GBR-2101","properties":{"kind":"division-label","code":"GBR-2101","countryCode":"GBR","name":"Ballymoney","localName":"Ballymoney","labelEnglish":"Ballymoney","labelLocal":"Ballymoney","labelBoth":"Ballymoney","type":"District","iso":"GB-BLY","qid":"Q805427"},"geometry":{"type":"Point","coordinates":[-6.4032,55.0525]}},{"type":"Feature","id":"GBR-2094","properties":{"kind":"division","code":"GBR-2094","countryCode":"GBR","name":"Ballymena","localName":"Ballymena","labelEnglish":"Ballymena","labelLocal":"Ballymena","labelBoth":"Ballymena","type":"District","iso":"GB-BLA","qid":"Q805424"},"geometry":{"type":"Polygon","coordinates":[[[-6.4807,54.7827],[-6.0842,54.7919],[-6.007,54.7986],[-6.1019,54.9869],[-6.1925,55.0283],[-6.5069,54.916],[-6.4807,54.7827]]]}},{"type":"Feature","id":"label-GBR-2094","properties":{"kind":"division-label","code":"GBR-2094","countryCode":"GBR","name":"Ballymena","localName":"Ballymena","labelEnglish":"Ballymena","labelLocal":"Ballymena","labelBoth":"Ballymena","type":"District","iso":"GB-BLA","qid":"Q805424"},"geometry":{"type":"Point","coordinates":[-6.22753,54.9003]}},{"type":"Feature","id":"GBR-2103","properties":{"kind":"division","code":"GBR-2103","countryCode":"GBR","name":"Castlereagh","localName":"Castlereagh","labelEnglish":"Castlereagh","labelLocal":"Castlereagh","labelBoth":"Castlereagh","type":"District","iso":"GB-CSR","qid":"Q1049680"},"geometry":{"type":"Polygon","coordinates":[[[-5.8187,54.4916],[-5.757,54.6158],[-5.8078,54.6144],[-5.9547,54.5544],[-5.8681,54.4791],[-5.8187,54.4916]]]}},{"type":"Feature","id":"label-GBR-2103","properties":{"kind":"division-label","code":"GBR-2103","countryCode":"GBR","name":"Castlereagh","localName":"Castlereagh","labelEnglish":"Castlereagh","labelLocal":"Castlereagh","labelBoth":"Castlereagh","type":"District","iso":"GB-CSR","qid":"Q1049680"},"geometry":{"type":"Point","coordinates":[-5.85407,54.536]}},{"type":"Feature","id":"GBR-2079","properties":{"kind":"division","code":"GBR-2079","countryCode":"GBR","name":"Wandsworth","localName":"Wandsworth","labelEnglish":"Wandsworth","labelLocal":"Wandsworth","labelBoth":"Wandsworth","type":"London Borough","iso":"GB-WND","qid":"Q210563"},"geometry":{"type":"Polygon","coordinates":[[[-0.1317,51.4177],[-0.1279,51.4921],[-0.1429,51.4837],[-0.1712,51.4726],[-0.2127,51.4729],[-0.2443,51.4325],[-0.1317,51.4177]]]}},{"type":"Feature","id":"label-GBR-2079","properties":{"kind":"division-label","code":"GBR-2079","countryCode":"GBR","name":"Wandsworth","localName":"Wandsworth","labelEnglish":"Wandsworth","labelLocal":"Wandsworth","labelBoth":"Wandsworth","type":"London Borough","iso":"GB-WND","qid":"Q210563"},"geometry":{"type":"Point","coordinates":[-0.184208,51.4523]}},{"type":"Feature","id":"GBR-2073","properties":{"kind":"division","code":"GBR-2073","countryCode":"GBR","name":"Merton","localName":"Merton","labelEnglish":"Merton","labelLocal":"Merton","labelBoth":"Merton","type":"London Borough","iso":"GB-MRT","qid":"Q32504"},"geometry":{"type":"Polygon","coordinates":[[[-0.1317,51.4177],[-0.2443,51.4325],[-0.2248,51.3853],[-0.1313,51.3872],[-0.1269,51.408],[-0.1317,51.4177]]]}},{"type":"Feature","id":"label-GBR-2073","properties":{"kind":"division-label","code":"GBR-2073","countryCode":"GBR","name":"Merton","localName":"Merton","labelEnglish":"Merton","labelLocal":"Merton","labelBoth":"Merton","type":"London Borough","iso":"GB-MRT","qid":"Q32504"},"geometry":{"type":"Point","coordinates":[-0.181508,51.4087]}},{"type":"Feature","id":"GBR-2080","properties":{"kind":"division","code":"GBR-2080","countryCode":"GBR","name":"Westminster","localName":"Westminster","labelEnglish":"Westminster","labelLocal":"Westminster","labelBoth":"Westminster","type":"London Borough (city)","iso":"GB-WSM","qid":"Q179351"},"geometry":{"type":"Polygon","coordinates":[[[-0.1279,51.4921],[-0.1122,51.5024],[-0.179,51.5283],[-0.2111,51.522],[-0.1429,51.4837],[-0.1279,51.4921]]]}},{"type":"Feature","id":"label-GBR-2080","properties":{"kind":"division-label","code":"GBR-2080","countryCode":"GBR","name":"Westminster","localName":"Westminster","labelEnglish":"Westminster","labelLocal":"Westminster","labelBoth":"Westminster","type":"London Borough (city)","iso":"GB-WSM","qid":"Q179351"},"geometry":{"type":"Point","coordinates":[-0.161651,51.5115]}},{"type":"Feature","id":"GBR-2072","properties":{"kind":"division","code":"GBR-2072","countryCode":"GBR","name":"Kensington and Chelsea","localName":"Kensington and Chelsea","labelEnglish":"Kensington and Chelsea","labelLocal":"Kensington and Chelsea","labelBoth":"Kensington and Chelsea","type":"London Borough (royal)","iso":"GB-KEC","qid":"Q188801"},"geometry":{"type":"Polygon","coordinates":[[[-0.2111,51.522],[-0.1712,51.4726],[-0.1429,51.4837],[-0.2111,51.522]]]}},{"type":"Feature","id":"label-GBR-2072","properties":{"kind":"division-label","code":"GBR-2072","countryCode":"GBR","name":"Kensington and Chelsea","localName":"Kensington and Chelsea","labelEnglish":"Kensington and Chelsea","labelLocal":"Kensington and Chelsea","labelBoth":"Kensington and Chelsea","type":"London Borough (royal)","iso":"GB-KEC","qid":"Q188801"},"geometry":{"type":"Point","coordinates":[-0.179557,51.4919]}},{"type":"Feature","id":"GBR-2070","properties":{"kind":"division","code":"GBR-2070","countryCode":"GBR","name":"Hounslow","localName":"Hounslow","labelEnglish":"Hounslow","labelLocal":"Hounslow","labelBoth":"Hounslow","type":"London Borough","iso":"GB-HNS","qid":"Q214162"},"geometry":{"type":"Polygon","coordinates":[[[-0.2445,51.4944],[-0.3927,51.4936],[-0.4414,51.4539],[-0.3844,51.4137],[-0.2367,51.4872],[-0.2445,51.4944]]]}},{"type":"Feature","id":"label-GBR-2070","properties":{"kind":"division-label","code":"GBR-2070","countryCode":"GBR","name":"Hounslow","localName":"Hounslow","labelEnglish":"Hounslow","labelLocal":"Hounslow","labelBoth":"Hounslow","type":"London Borough","iso":"GB-HNS","qid":"Q214162"},"geometry":{"type":"Point","coordinates":[-0.339069,51.473]}},{"type":"Feature","id":"GBR-2066","properties":{"kind":"division","code":"GBR-2066","countryCode":"GBR","name":"Ealing","localName":"Ealing","labelEnglish":"Ealing","labelLocal":"Ealing","labelBoth":"Ealing","type":"London Borough","iso":"GB-EAL","qid":"Q207218"},"geometry":{"type":"Polygon","coordinates":[[[-0.3927,51.4936],[-0.2445,51.4944],[-0.2366,51.5265],[-0.3255,51.5493],[-0.3678,51.5484],[-0.3927,51.4936]]]}},{"type":"Feature","id":"label-GBR-2066","properties":{"kind":"division-label","code":"GBR-2066","countryCode":"GBR","name":"Ealing","localName":"Ealing","labelEnglish":"Ealing","labelLocal":"Ealing","labelBoth":"Ealing","type":"London Borough","iso":"GB-EAL","qid":"Q207218"},"geometry":{"type":"Point","coordinates":[-0.321254,51.5198]}},{"type":"Feature","id":"GBR-2069","properties":{"kind":"division","code":"GBR-2069","countryCode":"GBR","name":"Hammersmith and Fulham","localName":"Hammersmith and Fulham","labelEnglish":"Hammersmith and Fulham","labelLocal":"Hammersmith and Fulham","labelBoth":"Hammersmith and Fulham","type":"London Borough","iso":"GB-HMF","qid":"Q40478"},"geometry":{"type":"Polygon","coordinates":[[[-0.2127,51.4729],[-0.1712,51.4726],[-0.2111,51.522],[-0.2366,51.5265],[-0.2445,51.4944],[-0.2367,51.4872],[-0.2127,51.4729]]]}},{"type":"Feature","id":"label-GBR-2069","properties":{"kind":"division-label","code":"GBR-2069","countryCode":"GBR","name":"Hammersmith and Fulham","localName":"Hammersmith and Fulham","labelEnglish":"Hammersmith and Fulham","labelLocal":"Hammersmith and Fulham","labelBoth":"Hammersmith and Fulham","type":"London Borough","iso":"GB-HMF","qid":"Q40478"},"geometry":{"type":"Point","coordinates":[-0.20785,51.4894]}},{"type":"Feature","id":"GBR-2033","properties":{"kind":"division","code":"GBR-2033","countryCode":"GBR","name":"Stockton-on-Tees","localName":"Stockton-on-Tees","labelEnglish":"Stockton-on-Tees","labelLocal":"Stockton-on-Tees","labelBoth":"Stockton-on-Tees","type":"Unitary Authority","iso":"GB-STT","qid":"Q894094"},"geometry":{"type":"Polygon","coordinates":[[[-1.432,54.4811],[-1.2508,54.4866],[-1.2187,54.5754],[-1.2117,54.6066],[-1.3885,54.6267],[-1.4126,54.6],[-1.432,54.4811]]]}},{"type":"Feature","id":"label-GBR-2033","properties":{"kind":"division-label","code":"GBR-2033","countryCode":"GBR","name":"Stockton-on-Tees","localName":"Stockton-on-Tees","labelEnglish":"Stockton-on-Tees","labelLocal":"Stockton-on-Tees","labelBoth":"Stockton-on-Tees","type":"Unitary Authority","iso":"GB-STT","qid":"Q894094"},"geometry":{"type":"Point","coordinates":[-1.32309,54.5378]}},{"type":"Feature","id":"GBR-2028","properties":{"kind":"division","code":"GBR-2028","countryCode":"GBR","name":"Darlington","localName":"Darlington","labelEnglish":"Darlington","labelLocal":"Darlington","labelBoth":"Darlington","type":"Unitary Authority","iso":"GB-DAL","qid":"Q1171024"},"geometry":{"type":"Polygon","coordinates":[[[-1.4126,54.6],[-1.6818,54.5311],[-1.432,54.4811],[-1.4126,54.6]]]}},{"type":"Feature","id":"label-GBR-2028","properties":{"kind":"division-label","code":"GBR-2028","countryCode":"GBR","name":"Darlington","localName":"Darlington","labelEnglish":"Darlington","labelLocal":"Darlington","labelBoth":"Darlington","type":"Unitary Authority","iso":"GB-DAL","qid":"Q1171024"},"geometry":{"type":"Point","coordinates":[-1.53938,54.5202]}},{"type":"Feature","id":"GBR-2031","properties":{"kind":"division","code":"GBR-2031","countryCode":"GBR","name":"Middlesbrough","localName":"Middlesbrough","labelEnglish":"Middlesbrough","labelLocal":"Middlesbrough","labelBoth":"Middlesbrough","type":"Unitary Authority","iso":"GB-MDB","qid":"Q171866"},"geometry":{"type":"Polygon","coordinates":[[[-1.2187,54.5754],[-1.2508,54.4866],[-1.1795,54.5038],[-1.2187,54.5754]]]}},{"type":"Feature","id":"label-GBR-2031","properties":{"kind":"division-label","code":"GBR-2031","countryCode":"GBR","name":"Middlesbrough","localName":"Middlesbrough","labelEnglish":"Middlesbrough","labelLocal":"Middlesbrough","labelBoth":"Middlesbrough","type":"Unitary Authority","iso":"GB-MDB","qid":"Q171866"},"geometry":{"type":"Point","coordinates":[-1.23971,54.5364]}},{"type":"Feature","id":"GBR-2075","properties":{"kind":"division","code":"GBR-2075","countryCode":"GBR","name":"Richmond upon Thames","localName":"Richmond upon Thames","labelEnglish":"Richmond upon Thames","labelLocal":"Richmond upon Thames","labelBoth":"Richmond upon Thames","type":"London Borough","iso":"GB-RIC","qid":"Q32515"},"geometry":{"type":"Polygon","coordinates":[[[-0.2127,51.4729],[-0.2367,51.4872],[-0.3844,51.4137],[-0.3067,51.3844],[-0.2443,51.4325],[-0.2127,51.4729]]]}},{"type":"Feature","id":"label-GBR-2075","properties":{"kind":"division-label","code":"GBR-2075","countryCode":"GBR","name":"Richmond upon Thames","localName":"Richmond upon Thames","labelEnglish":"Richmond upon Thames","labelLocal":"Richmond upon Thames","labelBoth":"Richmond upon Thames","type":"London Borough","iso":"GB-RIC","qid":"Q32515"},"geometry":{"type":"Point","coordinates":[-0.298542,51.4072]}},{"type":"Feature","id":"GBR-4809","properties":{"kind":"division","code":"GBR-4809","countryCode":"GBR","name":"London","localName":"London","labelEnglish":"London","labelLocal":"London","labelBoth":"London","type":"City Corporation","iso":"GB-LND","qid":"Q23311"},"geometry":{"type":"Polygon","coordinates":[[[-0.072,51.516],[-0.0874,51.5269],[-0.1025,51.5235],[-0.0973,51.5097],[-0.0669,51.5079],[-0.072,51.516]]]}},{"type":"Feature","id":"label-GBR-4809","properties":{"kind":"division-label","code":"GBR-4809","countryCode":"GBR","name":"London","localName":"London","labelEnglish":"London","labelLocal":"London","labelBoth":"London","type":"City Corporation","iso":"GB-LND","qid":"Q23311"},"geometry":{"type":"Point","coordinates":[-0.0868102,51.5169]}},{"type":"Feature","id":"GBR-2077","properties":{"kind":"division","code":"GBR-2077","countryCode":"GBR","name":"Tower Hamlets","localName":"Tower Hamlets","labelEnglish":"Tower Hamlets","labelLocal":"Tower Hamlets","labelBoth":"Tower Hamlets","type":"London Borough","iso":"GB-TWH","qid":"Q208152"},"geometry":{"type":"Polygon","coordinates":[[[-0.0669,51.5079],[-0.0231,51.4887],[0.0194,51.5026],[-0.011,51.5435],[-0.072,51.516],[-0.0669,51.5079]]]}},{"type":"Feature","id":"label-GBR-2077","properties":{"kind":"division-label","code":"GBR-2077","countryCode":"GBR","name":"Tower Hamlets","localName":"Tower Hamlets","labelEnglish":"Tower Hamlets","labelLocal":"Tower Hamlets","labelBoth":"Tower Hamlets","type":"London Borough","iso":"GB-TWH","qid":"Q208152"},"geometry":{"type":"Point","coordinates":[-0.0262978,51.5162]}},{"type":"Feature","id":"GBR-5665","properties":{"kind":"division","code":"GBR-5665","countryCode":"GBR","name":"Gateshead","localName":"Gateshead","labelEnglish":"Gateshead","labelLocal":"Gateshead","labelBoth":"Gateshead","type":"Metropolitan Borough","iso":"GB-GAT","qid":"Q929034"},"geometry":{"type":"Polygon","coordinates":[[[-1.8201,54.9047],[-1.5773,54.886],[-1.5257,54.9214],[-1.5322,54.9539],[-1.7495,55.0027],[-1.8201,54.9047]]]}},{"type":"Feature","id":"label-GBR-5665","properties":{"kind":"division-label","code":"GBR-5665","countryCode":"GBR","name":"Gateshead","localName":"Gateshead","labelEnglish":"Gateshead","labelLocal":"Gateshead","labelBoth":"Gateshead","type":"Metropolitan Borough","iso":"GB-GAT","qid":"Q929034"},"geometry":{"type":"Point","coordinates":[-1.66816,54.9391]}},{"type":"Feature","id":"GBR-5661","properties":{"kind":"division","code":"GBR-5661","countryCode":"GBR","name":"Newcastle upon Tyne","localName":"Newcastle upon Tyne","labelEnglish":"Newcastle upon Tyne","labelLocal":"Newcastle upon Tyne","labelBoth":"Newcastle upon Tyne","type":"Metropolitan Borough","iso":"GB-NET","qid":"Q1425428"},"geometry":{"type":"Polygon","coordinates":[[[-1.6493,55.0677],[-1.7495,55.0027],[-1.5322,54.9539],[-1.49,54.9831],[-1.6493,55.0677]]]}},{"type":"Feature","id":"label-GBR-5661","properties":{"kind":"division-label","code":"GBR-5661","countryCode":"GBR","name":"Newcastle upon Tyne","localName":"Newcastle upon Tyne","labelEnglish":"Newcastle upon Tyne","labelLocal":"Newcastle upon Tyne","labelBoth":"Newcastle upon Tyne","type":"Metropolitan Borough","iso":"GB-NET","qid":"Q1425428"},"geometry":{"type":"Point","coordinates":[-1.5994,54.9931]}},{"type":"Feature","id":"GBR-2120","properties":{"kind":"division","code":"GBR-2120","countryCode":"GBR","name":"York","localName":"York","labelEnglish":"York","labelLocal":"York","labelBoth":"York","type":"Unitary Authority","iso":"GB-YOR","qid":"Q42462"},"geometry":{"type":"Polygon","coordinates":[[[-0.928,53.9718],[-1.1468,54.0278],[-1.1412,53.8601],[-0.9405,53.868],[-0.928,53.9718]]]}},{"type":"Feature","id":"label-GBR-2120","properties":{"kind":"division-label","code":"GBR-2120","countryCode":"GBR","name":"York","localName":"York","labelEnglish":"York","labelLocal":"York","labelBoth":"York","type":"Unitary Authority","iso":"GB-YOR","qid":"Q42462"},"geometry":{"type":"Point","coordinates":[-1.07785,53.9488]}},{"type":"Feature","id":"GBR-5669","properties":{"kind":"division","code":"GBR-5669","countryCode":"GBR","name":"Merseyside","localName":"Merseyside","labelEnglish":"Merseyside","labelLocal":"Merseyside","labelBoth":"Merseyside","type":"Metropolitan Borough","iso":"GB-SHN","qid":null},"geometry":{"type":"Polygon","coordinates":[[[-2.6806,53.3788],[-2.5664,53.4356],[-2.752,53.5111],[-2.8156,53.4911],[-2.7547,53.3781],[-2.6806,53.3788]]]}},{"type":"Feature","id":"label-GBR-5669","properties":{"kind":"division-label","code":"GBR-5669","countryCode":"GBR","name":"Merseyside","localName":"Merseyside","labelEnglish":"Merseyside","labelLocal":"Merseyside","labelBoth":"Merseyside","type":"Metropolitan Borough","iso":"GB-SHN","qid":null},"geometry":{"type":"Point","coordinates":[-2.73472,53.4417]}},{"type":"Feature","id":"GBR-2067","properties":{"kind":"division","code":"GBR-2067","countryCode":"GBR","name":"Enfield","localName":"Enfield","labelEnglish":"Enfield","labelLocal":"Enfield","labelBoth":"Enfield","type":"London Borough","iso":"GB-ENF","qid":"Q210531"},"geometry":{"type":"Polygon","coordinates":[[[-0.0113,51.6772],[-0.1654,51.6713],[-0.1305,51.6078],[-0.03,51.6011],[-0.0026,51.6466],[-0.0113,51.6772]]]}},{"type":"Feature","id":"label-GBR-2067","properties":{"kind":"division-label","code":"GBR-2067","countryCode":"GBR","name":"Enfield","localName":"Enfield","labelEnglish":"Enfield","labelLocal":"Enfield","labelBoth":"Enfield","type":"London Borough","iso":"GB-ENF","qid":"Q210531"},"geometry":{"type":"Point","coordinates":[-0.0911453,51.644]}},{"type":"Feature","id":"GBR-2042","properties":{"kind":"division","code":"GBR-2042","countryCode":"GBR","name":"Hertfordshire","localName":"Hertfordshire","labelEnglish":"Hertfordshire","labelLocal":"Hertfordshire","labelBoth":"Hertfordshire","type":"Administrative County","iso":"GB-HRT","qid":"Q3410"},"geometry":{"type":"Polygon","coordinates":[[[-0.0113,51.6772],[0.0805,52.0024],[-0.1461,52.0697],[-0.3852,51.9211],[-0.3353,51.851],[-0.4527,51.8474],[-0.5336,51.8194],[-0.4935,51.5909],[-0.3998,51.6148],[-0.2936,51.6383],[-0.1654,51.6713],[-0.0113,51.6772]]]}},{"type":"Feature","id":"label-GBR-2042","properties":{"kind":"division-label","code":"GBR-2042","countryCode":"GBR","name":"Hertfordshire","localName":"Hertfordshire","labelEnglish":"Hertfordshire","labelLocal":"Hertfordshire","labelBoth":"Hertfordshire","type":"Administrative County","iso":"GB-HRT","qid":"Q3410"},"geometry":{"type":"Point","coordinates":[-0.26543,51.8113]}},{"type":"Feature","id":"GBR-5705","properties":{"kind":"division","code":"GBR-5705","countryCode":"GBR","name":"Barnet","localName":"Barnet","labelEnglish":"Barnet","labelLocal":"Barnet","labelBoth":"Barnet","type":"London Borough","iso":"GB-BNE","qid":"Q151048"},"geometry":{"type":"Polygon","coordinates":[[[-0.1654,51.6713],[-0.2936,51.6383],[-0.2668,51.601],[-0.2047,51.5515],[-0.1627,51.5664],[-0.1305,51.6078],[-0.1654,51.6713]]]}},{"type":"Feature","id":"label-GBR-5705","properties":{"kind":"division-label","code":"GBR-5705","countryCode":"GBR","name":"Barnet","localName":"Barnet","labelEnglish":"Barnet","labelLocal":"Barnet","labelBoth":"Barnet","type":"London Borough","iso":"GB-BNE","qid":"Q151048"},"geometry":{"type":"Point","coordinates":[-0.204805,51.6115]}},{"type":"Feature","id":"GBR-2078","properties":{"kind":"division","code":"GBR-2078","countryCode":"GBR","name":"Waltham Forest","localName":"Waltham Forest","labelEnglish":"Waltham Forest","labelLocal":"Waltham Forest","labelBoth":"Waltham Forest","type":"London Borough","iso":"GB-WFT","qid":"Q40608"},"geometry":{"type":"Polygon","coordinates":[[[-0.03,51.6011],[-0.0527,51.5736],[-0.0106,51.5524],[0.0239,51.5543],[0.0276,51.6265],[-0.0026,51.6466],[-0.03,51.6011]]]}},{"type":"Feature","id":"label-GBR-2078","properties":{"kind":"division-label","code":"GBR-2078","countryCode":"GBR","name":"Waltham Forest","localName":"Waltham Forest","labelEnglish":"Waltham Forest","labelLocal":"Waltham Forest","labelBoth":"Waltham Forest","type":"London Borough","iso":"GB-WFT","qid":"Q40608"},"geometry":{"type":"Point","coordinates":[-0.0125518,51.5949]}},{"type":"Feature","id":"GBR-2074","properties":{"kind":"division","code":"GBR-2074","countryCode":"GBR","name":"Redbridge","localName":"Redbridge","labelEnglish":"Redbridge","labelLocal":"Redbridge","labelBoth":"Redbridge","type":"London Borough","iso":"GB-RDB","qid":"Q208955"},"geometry":{"type":"Polygon","coordinates":[[[0.1485,51.6174],[0.0276,51.6265],[0.0239,51.5543],[0.0746,51.5421],[0.1524,51.5989],[0.1485,51.6174]]]}},{"type":"Feature","id":"label-GBR-2074","properties":{"kind":"division-label","code":"GBR-2074","countryCode":"GBR","name":"Redbridge","localName":"Redbridge","labelEnglish":"Redbridge","labelLocal":"Redbridge","labelBoth":"Redbridge","type":"London Borough","iso":"GB-RDB","qid":"Q208955"},"geometry":{"type":"Point","coordinates":[0.0852329,51.5732]}},{"type":"Feature","id":"GBR-2675","properties":{"kind":"division","code":"GBR-2675","countryCode":"GBR","name":"Havering","localName":"Havering","labelEnglish":"Havering","labelLocal":"Havering","labelBoth":"Havering","type":"London Borough","iso":"GB-HAV","qid":"Q215038"},"geometry":{"type":"Polygon","coordinates":[[[0.1524,51.5989],[0.166,51.5001],[0.2246,51.489],[0.3199,51.5579],[0.1485,51.6174],[0.1524,51.5989]]]}},{"type":"Feature","id":"label-GBR-2675","properties":{"kind":"division-label","code":"GBR-2675","countryCode":"GBR","name":"Havering","localName":"Havering","labelEnglish":"Havering","labelLocal":"Havering","labelBoth":"Havering","type":"London Borough","iso":"GB-HAV","qid":"Q215038"},"geometry":{"type":"Point","coordinates":[0.24211,51.5634]}},{"type":"Feature","id":"GBR-2053","properties":{"kind":"division","code":"GBR-2053","countryCode":"GBR","name":"Cambridgeshire","localName":"Cambridgeshire","labelEnglish":"Cambridgeshire","labelLocal":"Cambridgeshire","labelBoth":"Cambridgeshire","type":"Administrative County","iso":"GB-CAM","qid":"Q23112"},"geometry":{"type":"Polygon","coordinates":[[[-0.1461,52.0697],[0.0805,52.0024],[0.4089,52.0593],[0.4472,52.4322],[0.1724,52.7243],[-0.0495,52.6579],[-0.4144,52.5596],[-0.4588,52.3088],[-0.2531,52.1919],[-0.1461,52.0697]]]}},{"type":"Feature","id":"label-GBR-2053","properties":{"kind":"division-label","code":"GBR-2053","countryCode":"GBR","name":"Cambridgeshire","localName":"Cambridgeshire","labelEnglish":"Cambridgeshire","labelLocal":"Cambridgeshire","labelBoth":"Cambridgeshire","type":"Administrative County","iso":"GB-CAM","qid":"Q23112"},"geometry":{"type":"Point","coordinates":[0.0158056,52.3476]}},{"type":"Feature","id":"GBR-2061","properties":{"kind":"division","code":"GBR-2061","countryCode":"GBR","name":"Bexley","localName":"Bexley","labelEnglish":"Bexley","labelLocal":"Bexley","labelBoth":"Bexley","type":"London Borough","iso":"GB-BEX","qid":"Q207208"},"geometry":{"type":"Polygon","coordinates":[[[0.166,51.5001],[0.1205,51.5028],[0.0803,51.4315],[0.1662,51.3985],[0.2228,51.4719],[0.2246,51.489],[0.166,51.5001]]]}},{"type":"Feature","id":"label-GBR-2061","properties":{"kind":"division-label","code":"GBR-2061","countryCode":"GBR","name":"Bexley","localName":"Bexley","labelEnglish":"Bexley","labelLocal":"Bexley","labelBoth":"Bexley","type":"London Borough","iso":"GB-BEX","qid":"Q207208"},"geometry":{"type":"Point","coordinates":[0.152477,51.4546]}},{"type":"Feature","id":"GBR-2076","properties":{"kind":"division","code":"GBR-2076","countryCode":"GBR","name":"Sutton","localName":"Sutton","labelEnglish":"Sutton","labelLocal":"Sutton","labelBoth":"Sutton","type":"London Borough","iso":"GB-STN","qid":"Q320378"},"geometry":{"type":"Polygon","coordinates":[[[-0.1313,51.3872],[-0.2248,51.3853],[-0.2431,51.3736],[-0.1637,51.3196],[-0.1313,51.3872]]]}},{"type":"Feature","id":"label-GBR-2076","properties":{"kind":"division-label","code":"GBR-2076","countryCode":"GBR","name":"Sutton","localName":"Sutton","labelEnglish":"Sutton","labelLocal":"Sutton","labelBoth":"Sutton","type":"London Borough","iso":"GB-STN","qid":"Q320378"},"geometry":{"type":"Point","coordinates":[-0.176573,51.3606]}},{"type":"Feature","id":"GBR-2038","properties":{"kind":"division","code":"GBR-2038","countryCode":"GBR","name":"Milton Keynes","localName":"Milton Keynes","labelEnglish":"Milton Keynes","labelLocal":"Milton Keynes","labelBoth":"Milton Keynes","type":"Unitary Authority","iso":"GB-MIK","qid":"Q894090"},"geometry":{"type":"Polygon","coordinates":[[[-0.8674,52.0338],[-0.6572,51.9479],[-0.5737,52.0966],[-0.6545,52.1925],[-0.8674,52.0338]]]}},{"type":"Feature","id":"label-GBR-2038","properties":{"kind":"division-label","code":"GBR-2038","countryCode":"GBR","name":"Milton Keynes","localName":"Milton Keynes","labelEnglish":"Milton Keynes","labelLocal":"Milton Keynes","labelBoth":"Milton Keynes","type":"Unitary Authority","iso":"GB-MIK","qid":"Q894090"},"geometry":{"type":"Point","coordinates":[-0.72601,52.0571]}},{"type":"Feature","id":"GBR-2040","properties":{"kind":"division","code":"GBR-2040","countryCode":"GBR","name":"Buckinghamshire","localName":"Buckinghamshire","labelEnglish":"Buckinghamshire","labelLocal":"Buckinghamshire","labelBoth":"Buckinghamshire","type":"Administrative County","iso":"GB-BKM","qid":"Q23229"},"geometry":{"type":"Polygon","coordinates":[[[-0.8674,52.0338],[-1.1082,52.0092],[-0.8871,51.5481],[-0.8463,51.5425],[-0.6362,51.4937],[-0.5128,51.4758],[-0.4972,51.4778],[-0.4935,51.5909],[-0.5336,51.8194],[-0.6572,51.9479],[-0.8674,52.0338]]]}},{"type":"Feature","id":"label-GBR-2040","properties":{"kind":"division-label","code":"GBR-2040","countryCode":"GBR","name":"Buckinghamshire","localName":"Buckinghamshire","labelEnglish":"Buckinghamshire","labelLocal":"Buckinghamshire","labelBoth":"Buckinghamshire","type":"Administrative County","iso":"GB-BKM","qid":"Q23229"},"geometry":{"type":"Point","coordinates":[-0.806599,51.7717]}},{"type":"Feature","id":"GBR-2753","properties":{"kind":"division","code":"GBR-2753","countryCode":"GBR","name":"Hillingdon","localName":"Hillingdon","labelEnglish":"Hillingdon","labelLocal":"Hillingdon","labelBoth":"Hillingdon","type":"London Borough","iso":"GB-HIL","qid":"Q205690"},"geometry":{"type":"Polygon","coordinates":[[[-0.3678,51.5484],[-0.3998,51.6148],[-0.4935,51.5909],[-0.4972,51.4778],[-0.4414,51.4539],[-0.3927,51.4936],[-0.3678,51.5484]]]}},{"type":"Feature","id":"label-GBR-2753","properties":{"kind":"division-label","code":"GBR-2753","countryCode":"GBR","name":"Hillingdon","localName":"Hillingdon","labelEnglish":"Hillingdon","labelLocal":"Hillingdon","labelBoth":"Hillingdon","type":"London Borough","iso":"GB-HIL","qid":"Q205690"},"geometry":{"type":"Point","coordinates":[-0.4325,51.5338]}},{"type":"Feature","id":"GBR-2062","properties":{"kind":"division","code":"GBR-2062","countryCode":"GBR","name":"Brent","localName":"Brent","labelEnglish":"Brent","labelLocal":"Brent","labelBoth":"Brent","type":"London Borough","iso":"GB-BEN","qid":"Q207201"},"geometry":{"type":"Polygon","coordinates":[[[-0.179,51.5283],[-0.2047,51.5515],[-0.2668,51.601],[-0.3255,51.5493],[-0.2366,51.5265],[-0.2111,51.522],[-0.179,51.5283]]]}},{"type":"Feature","id":"label-GBR-2062","properties":{"kind":"division-label","code":"GBR-2062","countryCode":"GBR","name":"Brent","localName":"Brent","labelEnglish":"Brent","labelLocal":"Brent","labelBoth":"Brent","type":"London Borough","iso":"GB-BEN","qid":"Q207201"},"geometry":{"type":"Point","coordinates":[-0.252266,51.5578]}},{"type":"Feature","id":"GBR-2752","properties":{"kind":"division","code":"GBR-2752","countryCode":"GBR","name":"Luton","localName":"Luton","labelEnglish":"Luton","labelLocal":"Luton","labelBoth":"Luton","type":"Unitary Authority","iso":"GB-LUT","qid":"Q203889"},"geometry":{"type":"Polygon","coordinates":[[[-0.3852,51.9211],[-0.4527,51.8474],[-0.3353,51.851],[-0.3852,51.9211]]]}},{"type":"Feature","id":"label-GBR-2752","properties":{"kind":"division-label","code":"GBR-2752","countryCode":"GBR","name":"Luton","localName":"Luton","labelEnglish":"Luton","labelLocal":"Luton","labelBoth":"Luton","type":"Unitary Authority","iso":"GB-LUT","qid":"Q203889"},"geometry":{"type":"Point","coordinates":[-0.406249,51.8763]}},{"type":"Feature","id":"GBR-2767","properties":{"kind":"division","code":"GBR-2767","countryCode":"GBR","name":"Harrow","localName":"Harrow","labelEnglish":"Harrow","labelLocal":"Harrow","labelBoth":"Harrow","type":"London Borough","iso":"GB-HRW","qid":"Q210476"},"geometry":{"type":"Polygon","coordinates":[[[-0.3255,51.5493],[-0.2668,51.601],[-0.2936,51.6383],[-0.3998,51.6148],[-0.3678,51.5484],[-0.3255,51.5493]]]}},{"type":"Feature","id":"label-GBR-2767","properties":{"kind":"division-label","code":"GBR-2767","countryCode":"GBR","name":"Harrow","localName":"Harrow","labelEnglish":"Harrow","labelLocal":"Harrow","labelBoth":"Harrow","type":"London Borough","iso":"GB-HRW","qid":"Q210476"},"geometry":{"type":"Point","coordinates":[-0.333295,51.5894]}},{"type":"Feature","id":"GBR-5697","properties":{"kind":"division","code":"GBR-5697","countryCode":"GBR","name":"Central Bedfordshire","localName":"Central Bedfordshire","labelEnglish":"Central Bedfordshire","labelLocal":"Central Bedfordshire","labelBoth":"Central Bedfordshire","type":"Unitary Authority","iso":"GB-CBF","qid":"Q1053723"},"geometry":{"type":"Polygon","coordinates":[[[-0.6572,51.9479],[-0.5336,51.8194],[-0.4527,51.8474],[-0.3852,51.9211],[-0.1461,52.0697],[-0.2531,52.1919],[-0.5737,52.0966],[-0.6572,51.9479]]]}},{"type":"Feature","id":"label-GBR-5697","properties":{"kind":"division-label","code":"GBR-5697","countryCode":"GBR","name":"Central Bedfordshire","localName":"Central Bedfordshire","labelEnglish":"Central Bedfordshire","labelLocal":"Central Bedfordshire","labelBoth":"Central Bedfordshire","type":"Unitary Authority","iso":"GB-CBF","qid":"Q1053723"},"geometry":{"type":"Point","coordinates":[-0.376341,52.0236]}},{"type":"Feature","id":"GBR-5698","properties":{"kind":"division","code":"GBR-5698","countryCode":"GBR","name":"Bedford","localName":"Bedford","labelEnglish":"Bedford","labelLocal":"Bedford","labelBoth":"Bedford","type":"Unitary Authority","iso":"GB-BDF","qid":"Q894077"},"geometry":{"type":"Polygon","coordinates":[[[-0.5737,52.0966],[-0.2531,52.1919],[-0.4588,52.3088],[-0.6545,52.1925],[-0.5737,52.0966]]]}},{"type":"Feature","id":"label-GBR-5698","properties":{"kind":"division-label","code":"GBR-5698","countryCode":"GBR","name":"Bedford","localName":"Bedford","labelEnglish":"Bedford","labelLocal":"Bedford","labelBoth":"Bedford","type":"Unitary Authority","iso":"GB-BDF","qid":"Q894077"},"geometry":{"type":"Point","coordinates":[-0.470004,52.1788]}},{"type":"Feature","id":"GBR-2762","properties":{"kind":"division","code":"GBR-2762","countryCode":"GBR","name":"Rutland","localName":"Rutland","labelEnglish":"Rutland","labelLocal":"Rutland","labelBoth":"Rutland","type":"Unitary Authority","iso":"GB-RUT","qid":"Q23107"},"geometry":{"type":"Polygon","coordinates":[[[-0.6511,52.7475],[-0.7299,52.5067],[-0.4907,52.6365],[-0.6511,52.7475]]]}},{"type":"Feature","id":"label-GBR-2762","properties":{"kind":"division-label","code":"GBR-2762","countryCode":"GBR","name":"Rutland","localName":"Rutland","labelEnglish":"Rutland","labelLocal":"Rutland","labelBoth":"Rutland","type":"Unitary Authority","iso":"GB-RUT","qid":"Q23107"},"geometry":{"type":"Point","coordinates":[-0.610216,52.657]}},{"type":"Feature","id":"GBR-2764","properties":{"kind":"division","code":"GBR-2764","countryCode":"GBR","name":"Nottinghamshire","localName":"Nottinghamshire","labelEnglish":"Nottinghamshire","labelLocal":"Nottinghamshire","labelBoth":"Nottinghamshire","type":"Administrative County","iso":"GB-NTT","qid":"Q23092"},"geometry":{"type":"Polygon","coordinates":[[[-0.9194,53.4874],[-1.1181,53.3786],[-1.176,53.2929],[-1.2628,52.8616],[-0.9795,52.8077],[-0.7667,52.9612],[-0.7972,53.4523],[-0.9194,53.4874]],[[-1.171,52.8723],[-1.1923,52.992],[-1.1041,52.9189],[-1.171,52.8723]]]}},{"type":"Feature","id":"label-GBR-2764","properties":{"kind":"division-label","code":"GBR-2764","countryCode":"GBR","name":"Nottinghamshire","localName":"Nottinghamshire","labelEnglish":"Nottinghamshire","labelLocal":"Nottinghamshire","labelBoth":"Nottinghamshire","type":"Administrative County","iso":"GB-NTT","qid":"Q23092"},"geometry":{"type":"Point","coordinates":[-0.983216,53.1186]}},{"type":"Feature","id":"GBR-2749","properties":{"kind":"division","code":"GBR-2749","countryCode":"GBR","name":"Northamptonshire","localName":"Northamptonshire","labelEnglish":"Northamptonshire","labelLocal":"Northamptonshire","labelBoth":"Northamptonshire","type":"Administrative County","iso":"GB-NTH","qid":"Q23115"},"geometry":{"type":"Polygon","coordinates":[[[-0.6545,52.1925],[-0.4588,52.3088],[-0.4144,52.5596],[-0.4907,52.6365],[-0.7299,52.5067],[-1.1866,52.3813],[-1.3212,52.1615],[-1.1082,52.0092],[-0.8674,52.0338],[-0.6545,52.1925]]]}},{"type":"Feature","id":"label-GBR-2749","properties":{"kind":"division-label","code":"GBR-2749","countryCode":"GBR","name":"Northamptonshire","localName":"Northamptonshire","labelEnglish":"Northamptonshire","labelLocal":"Northamptonshire","labelBoth":"Northamptonshire","type":"Administrative County","iso":"GB-NTH","qid":"Q23115"},"geometry":{"type":"Point","coordinates":[-0.882413,52.3083]}},{"type":"Feature","id":"GBR-2064","properties":{"kind":"division","code":"GBR-2064","countryCode":"GBR","name":"Camden","localName":"Camden","labelEnglish":"Camden","labelLocal":"Camden","labelBoth":"Camden","type":"London Borough","iso":"GB-CMD","qid":"Q202088"},"geometry":{"type":"Polygon","coordinates":[[[-0.131,51.5641],[-0.1627,51.5664],[-0.2047,51.5515],[-0.179,51.5283],[-0.1122,51.5024],[-0.1079,51.5053],[-0.0973,51.5097],[-0.1025,51.5235],[-0.131,51.5641]]]}},{"type":"Feature","id":"label-GBR-2064","properties":{"kind":"division-label","code":"GBR-2064","countryCode":"GBR","name":"Camden","localName":"Camden","labelEnglish":"Camden","labelLocal":"Camden","labelBoth":"Camden","type":"London Borough","iso":"GB-CMD","qid":"Q202088"},"geometry":{"type":"Point","coordinates":[-0.150541,51.5491]}},{"type":"Feature","id":"GBR-2071","properties":{"kind":"division","code":"GBR-2071","countryCode":"GBR","name":"Islington","localName":"Islington","labelEnglish":"Islington","labelLocal":"Islington","labelBoth":"Islington","type":"London Borough","iso":"GB-ISL","qid":"Q205817"},"geometry":{"type":"Polygon","coordinates":[[[-0.1025,51.5235],[-0.0874,51.5269],[-0.0941,51.5601],[-0.131,51.5641],[-0.1025,51.5235]]]}},{"type":"Feature","id":"label-GBR-2071","properties":{"kind":"division-label","code":"GBR-2071","countryCode":"GBR","name":"Islington","localName":"Islington","labelEnglish":"Islington","labelLocal":"Islington","labelBoth":"Islington","type":"London Borough","iso":"GB-ISL","qid":"Q205817"},"geometry":{"type":"Point","coordinates":[-0.0980376,51.5396]}},{"type":"Feature","id":"GBR-2760","properties":{"kind":"division","code":"GBR-2760","countryCode":"GBR","name":"Peterborough","localName":"Peterborough","labelEnglish":"Peterborough","labelLocal":"Peterborough","labelBoth":"Peterborough","type":"Unitary Authority","iso":"GB-PTE","qid":"Q172438"},"geometry":{"type":"Polygon","coordinates":[[[-0.0495,52.6579],[-0.4907,52.6365],[-0.4144,52.5596],[-0.0495,52.6579]]]}},{"type":"Feature","id":"label-GBR-2760","properties":{"kind":"division-label","code":"GBR-2760","countryCode":"GBR","name":"Peterborough","localName":"Peterborough","labelEnglish":"Peterborough","labelLocal":"Peterborough","labelBoth":"Peterborough","type":"Unitary Authority","iso":"GB-PTE","qid":"Q172438"},"geometry":{"type":"Point","coordinates":[-0.270107,52.5833]}},{"type":"Feature","id":"GBR-2768","properties":{"kind":"division","code":"GBR-2768","countryCode":"GBR","name":"Lambeth","localName":"Lambeth","labelEnglish":"Lambeth","labelLocal":"Lambeth","labelBoth":"Lambeth","type":"London Borough","iso":"GB-LBH","qid":"Q202059"},"geometry":{"type":"Polygon","coordinates":[[[-0.1269,51.408],[-0.0764,51.4143],[-0.0746,51.4192],[-0.1079,51.5053],[-0.1122,51.5024],[-0.1279,51.4921],[-0.1317,51.4177],[-0.1269,51.408]]]}},{"type":"Feature","id":"label-GBR-2768","properties":{"kind":"division-label","code":"GBR-2768","countryCode":"GBR","name":"Lambeth","localName":"Lambeth","labelEnglish":"Lambeth","labelLocal":"Lambeth","labelBoth":"Lambeth","type":"London Borough","iso":"GB-LBH","qid":"Q202059"},"geometry":{"type":"Point","coordinates":[-0.10867,51.4604]}},{"type":"Feature","id":"GBR-2771","properties":{"kind":"division","code":"GBR-2771","countryCode":"GBR","name":"Southwark","localName":"Southwark","labelEnglish":"Southwark","labelLocal":"Southwark","labelBoth":"Southwark","type":"London Borough","iso":"GB-SWK","qid":"Q730706"},"geometry":{"type":"Polygon","coordinates":[[[-0.0669,51.5079],[-0.0973,51.5097],[-0.1079,51.5053],[-0.0746,51.4192],[-0.0667,51.421],[-0.0231,51.4887],[-0.0669,51.5079]]]}},{"type":"Feature","id":"label-GBR-2771","properties":{"kind":"division-label","code":"GBR-2771","countryCode":"GBR","name":"Southwark","localName":"Southwark","labelEnglish":"Southwark","labelLocal":"Southwark","labelBoth":"Southwark","type":"London Borough","iso":"GB-SWK","qid":"Q730706"},"geometry":{"type":"Point","coordinates":[-0.0655202,51.466]}},{"type":"Feature","id":"GBR-5689","properties":{"kind":"division","code":"GBR-5689","countryCode":"GBR","name":"Doncaster","localName":"Doncaster","labelEnglish":"Doncaster","labelLocal":"Doncaster","labelBoth":"Doncaster","type":"Metropolitan Borough","iso":"GB-DNC","qid":"Q1925846"},"geometry":{"type":"Polygon","coordinates":[[[-1.0739,53.6477],[-1.23,53.6207],[-1.3445,53.5808],[-1.3254,53.4778],[-1.1181,53.3786],[-0.9194,53.4874],[-0.8607,53.6124],[-1.0739,53.6477]]]}},{"type":"Feature","id":"label-GBR-5689","properties":{"kind":"division-label","code":"GBR-5689","countryCode":"GBR","name":"Doncaster","localName":"Doncaster","labelEnglish":"Doncaster","labelLocal":"Doncaster","labelBoth":"Doncaster","type":"Metropolitan Borough","iso":"GB-DNC","qid":"Q1925846"},"geometry":{"type":"Point","coordinates":[-1.08493,53.5227]}},{"type":"Feature","id":"GBR-2065","properties":{"kind":"division","code":"GBR-2065","countryCode":"GBR","name":"Croydon","localName":"Croydon","labelEnglish":"Croydon","labelLocal":"Croydon","labelBoth":"Croydon","type":"London Borough","iso":"GB-CRY","qid":"Q26888"},"geometry":{"type":"Polygon","coordinates":[[[-0.1313,51.3872],[-0.1637,51.3196],[0.0131,51.3207],[-0.0764,51.4143],[-0.1269,51.408],[-0.1313,51.3872]]]}},{"type":"Feature","id":"label-GBR-2065","properties":{"kind":"division-label","code":"GBR-2065","countryCode":"GBR","name":"Croydon","localName":"Croydon","labelEnglish":"Croydon","labelLocal":"Croydon","labelBoth":"Croydon","type":"London Borough","iso":"GB-CRY","qid":"Q26888"},"geometry":{"type":"Point","coordinates":[-0.0752612,51.3625]}},{"type":"Feature","id":"GBR-2769","properties":{"kind":"division","code":"GBR-2769","countryCode":"GBR","name":"Lewisham","localName":"Lewisham","labelEnglish":"Lewisham","labelLocal":"Lewisham","labelBoth":"Lewisham","type":"London Borough","iso":"GB-LEW","qid":"Q215030"},"geometry":{"type":"Polygon","coordinates":[[[-0.0231,51.4887],[-0.0667,51.421],[0.0255,51.438],[-0.0231,51.4887]]]}},{"type":"Feature","id":"label-GBR-2769","properties":{"kind":"division-label","code":"GBR-2769","countryCode":"GBR","name":"Lewisham","localName":"Lewisham","labelEnglish":"Lewisham","labelLocal":"Lewisham","labelBoth":"Lewisham","type":"London Borough","iso":"GB-LEW","qid":"Q215030"},"geometry":{"type":"Point","coordinates":[-0.0112858,51.4418]}},{"type":"Feature","id":"GBR-2766","properties":{"kind":"division","code":"GBR-2766","countryCode":"GBR","name":"Haringey","localName":"Haringey","labelEnglish":"Haringey","labelLocal":"Haringey","labelBoth":"Haringey","type":"London Borough","iso":"GB-HRY","qid":"Q213560"},"geometry":{"type":"Polygon","coordinates":[[[-0.0941,51.5601],[-0.0527,51.5736],[-0.03,51.6011],[-0.1305,51.6078],[-0.1627,51.5664],[-0.131,51.5641],[-0.0941,51.5601]]]}},{"type":"Feature","id":"label-GBR-2766","properties":{"kind":"division-label","code":"GBR-2766","countryCode":"GBR","name":"Haringey","localName":"Haringey","labelEnglish":"Haringey","labelLocal":"Haringey","labelBoth":"Haringey","type":"London Borough","iso":"GB-HRY","qid":"Q213560"},"geometry":{"type":"Point","coordinates":[-0.0963323,51.5834]}},{"type":"Feature","id":"GBR-2754","properties":{"kind":"division","code":"GBR-2754","countryCode":"GBR","name":"Kingston upon Thames","localName":"Kingston upon Thames","labelEnglish":"Kingston upon Thames","labelLocal":"Kingston upon Thames","labelBoth":"Kingston upon Thames","type":"London Borough (royal)","iso":"GB-KTT","qid":"Q32508"},"geometry":{"type":"Polygon","coordinates":[[[-0.2443,51.4325],[-0.3067,51.3844],[-0.2431,51.3736],[-0.2248,51.3853],[-0.2443,51.4325]]]}},{"type":"Feature","id":"label-GBR-2754","properties":{"kind":"division-label","code":"GBR-2754","countryCode":"GBR","name":"Kingston upon Thames","localName":"Kingston upon Thames","labelEnglish":"Kingston upon Thames","labelLocal":"Kingston upon Thames","labelBoth":"Kingston upon Thames","type":"London Borough (royal)","iso":"GB-KTT","qid":"Q32508"},"geometry":{"type":"Point","coordinates":[-0.2699,51.3925]}},{"type":"Feature","id":"GBR-2770","properties":{"kind":"division","code":"GBR-2770","countryCode":"GBR","name":"Newham","localName":"Newham","labelEnglish":"Newham","labelLocal":"Newham","labelBoth":"Newham","type":"London Borough","iso":"GB-NWM","qid":"Q208139"},"geometry":{"type":"Polygon","coordinates":[[[0.0194,51.5026],[0.0969,51.4977],[0.0746,51.5421],[0.0239,51.5543],[-0.0106,51.5524],[-0.011,51.5435],[0.0194,51.5026]]]}},{"type":"Feature","id":"label-GBR-2770","properties":{"kind":"division-label","code":"GBR-2770","countryCode":"GBR","name":"Newham","localName":"Newham","labelEnglish":"Newham","labelLocal":"Newham","labelBoth":"Newham","type":"London Borough","iso":"GB-NWM","qid":"Q208139"},"geometry":{"type":"Point","coordinates":[0.0442535,51.5273]}},{"type":"Feature","id":"GBR-2068","properties":{"kind":"division","code":"GBR-2068","countryCode":"GBR","name":"Greenwich","localName":"Greenwich","labelEnglish":"Greenwich","labelLocal":"Greenwich","labelBoth":"Greenwich","type":"London Borough (royal)","iso":"GB-GRE","qid":"Q693450"},"geometry":{"type":"Polygon","coordinates":[[[0.0194,51.5026],[-0.0231,51.4887],[0.0255,51.438],[0.0803,51.4315],[0.1205,51.5028],[0.0969,51.4977],[0.0194,51.5026]]]}},{"type":"Feature","id":"label-GBR-2068","properties":{"kind":"division-label","code":"GBR-2068","countryCode":"GBR","name":"Greenwich","localName":"Greenwich","labelEnglish":"Greenwich","labelLocal":"Greenwich","labelBoth":"Greenwich","type":"London Borough (royal)","iso":"GB-GRE","qid":"Q693450"},"geometry":{"type":"Point","coordinates":[0.0473282,51.4634]}},{"type":"Feature","id":"GBR-2765","properties":{"kind":"division","code":"GBR-2765","countryCode":"GBR","name":"Hackney","localName":"Hackney","labelEnglish":"Hackney","labelLocal":"Hackney","labelBoth":"Hackney","type":"London Borough","iso":"GB-HCK","qid":"Q205679"},"geometry":{"type":"Polygon","coordinates":[[[-0.0874,51.5269],[-0.072,51.516],[-0.011,51.5435],[-0.0106,51.5524],[-0.0527,51.5736],[-0.0941,51.5601],[-0.0874,51.5269]]]}},{"type":"Feature","id":"label-GBR-2765","properties":{"kind":"division-label","code":"GBR-2765","countryCode":"GBR","name":"Hackney","localName":"Hackney","labelEnglish":"Hackney","labelLocal":"Hackney","labelBoth":"Hackney","type":"London Borough","iso":"GB-HCK","qid":"Q205679"},"geometry":{"type":"Point","coordinates":[-0.0523427,51.5523]}},{"type":"Feature","id":"GBR-2060","properties":{"kind":"division","code":"GBR-2060","countryCode":"GBR","name":"Barking and Dagenham","localName":"Barking and Dagenham","labelEnglish":"Barking and Dagenham","labelLocal":"Barking and Dagenham","labelBoth":"Barking and Dagenham","type":"London Borough","iso":"GB-BDG","qid":"Q205358"},"geometry":{"type":"Polygon","coordinates":[[[0.1524,51.5989],[0.0746,51.5421],[0.0969,51.4977],[0.1205,51.5028],[0.166,51.5001],[0.1524,51.5989]]]}},{"type":"Feature","id":"label-GBR-2060","properties":{"kind":"division-label","code":"GBR-2060","countryCode":"GBR","name":"Barking and Dagenham","localName":"Barking and Dagenham","labelEnglish":"Barking and Dagenham","labelLocal":"Barking and Dagenham","labelBoth":"Barking and Dagenham","type":"London Borough","iso":"GB-BDG","qid":"Q205358"},"geometry":{"type":"Point","coordinates":[0.133951,51.5379]}},{"type":"Feature","id":"GBR-2054","properties":{"kind":"division","code":"GBR-2054","countryCode":"GBR","name":"Leicestershire","localName":"Leicestershire","labelEnglish":"Leicestershire","labelLocal":"Leicestershire","labelBoth":"Leicestershire","type":"Kingdom","iso":"GB-LEC","qid":"Q23106"},"geometry":{"type":"Polygon","coordinates":[[[-0.7667,52.9612],[-0.9795,52.8077],[-1.2628,52.8616],[-1.5831,52.685],[-1.58,52.6769],[-1.1866,52.3813],[-0.7299,52.5067],[-0.6511,52.7475],[-0.7667,52.9612]],[[-1.1221,52.5653],[-1.1598,52.6559],[-1.0718,52.6483],[-1.1221,52.5653]]]}},{"type":"Feature","id":"label-GBR-2054","properties":{"kind":"division-label","code":"GBR-2054","countryCode":"GBR","name":"Leicestershire","localName":"Leicestershire","labelEnglish":"Leicestershire","labelLocal":"Leicestershire","labelBoth":"Leicestershire","type":"Kingdom","iso":"GB-LEC","qid":"Q23106"},"geometry":{"type":"Point","coordinates":[-1.11707,52.491]}},{"type":"Feature","id":"GBR-5706","properties":{"kind":"division","code":"GBR-5706","countryCode":"GBR","name":"Cheshire East","localName":"Cheshire East","labelEnglish":"Cheshire East","labelLocal":"Cheshire East","labelBoth":"Cheshire East","type":"Unitary Authority","iso":"GB-CHE","qid":"Q1070590"},"geometry":{"type":"Polygon","coordinates":[[[-2.0168,53.3704],[-2.2603,53.3449],[-2.3167,53.3599],[-2.4288,53.3803],[-2.509,53.3309],[-2.6228,52.9858],[-2.3788,52.9896],[-2.2437,53.0859],[-2.2049,53.1136],[-1.9769,53.2073],[-2.0168,53.3704]]]}},{"type":"Feature","id":"label-GBR-5706","properties":{"kind":"division-label","code":"GBR-5706","countryCode":"GBR","name":"Cheshire East","localName":"Cheshire East","labelEnglish":"Cheshire East","labelLocal":"Cheshire East","labelBoth":"Cheshire East","type":"Unitary Authority","iso":"GB-CHE","qid":"Q1070590"},"geometry":{"type":"Point","coordinates":[-2.21364,53.2396]}},{"type":"Feature","id":"GBR-2059","properties":{"kind":"division","code":"GBR-2059","countryCode":"GBR","name":"Derbyshire","localName":"Derbyshire","labelEnglish":"Derbyshire","labelLocal":"Derbyshire","labelBoth":"Derbyshire","type":"Administrative County","iso":"GB-DBY","qid":"Q23098"},"geometry":{"type":"Polygon","coordinates":[[[-1.9769,53.2073],[-1.5831,52.685],[-1.2628,52.8616],[-1.176,53.2929],[-1.3937,53.3252],[-1.8161,53.5161],[-1.8972,53.533],[-1.9778,53.4688],[-2.0117,53.4125],[-2.0168,53.3704],[-1.9769,53.2073]],[[-1.4316,52.8418],[-1.546,52.8764],[-1.4867,52.9378],[-1.4316,52.8418]]]}},{"type":"Feature","id":"label-GBR-2059","properties":{"kind":"division-label","code":"GBR-2059","countryCode":"GBR","name":"Derbyshire","localName":"Derbyshire","labelEnglish":"Derbyshire","labelLocal":"Derbyshire","labelBoth":"Derbyshire","type":"Administrative County","iso":"GB-DBY","qid":"Q23098"},"geometry":{"type":"Point","coordinates":[-1.58946,52.9938]}},{"type":"Feature","id":"GBR-5686","properties":{"kind":"division","code":"GBR-5686","countryCode":"GBR","name":"Rotherham","localName":"Rotherham","labelEnglish":"Rotherham","labelLocal":"Rotherham","labelBoth":"Rotherham","type":"Metropolitan Borough","iso":"GB-ROT","qid":"Q1878732"},"geometry":{"type":"Polygon","coordinates":[[[-1.3937,53.3252],[-1.176,53.2929],[-1.1181,53.3786],[-1.3254,53.4778],[-1.4061,53.411],[-1.3937,53.3252]]]}},{"type":"Feature","id":"label-GBR-5686","properties":{"kind":"division-label","code":"GBR-5686","countryCode":"GBR","name":"Rotherham","localName":"Rotherham","labelEnglish":"Rotherham","labelLocal":"Rotherham","labelBoth":"Rotherham","type":"Metropolitan Borough","iso":"GB-ROT","qid":"Q1878732"},"geometry":{"type":"Point","coordinates":[-1.29072,53.3854]}},{"type":"Feature","id":"GBR-5687","properties":{"kind":"division","code":"GBR-5687","countryCode":"GBR","name":"Sheffield","localName":"Sheffield","labelEnglish":"Sheffield","labelLocal":"Sheffield","labelBoth":"Sheffield","type":"Metropolitan Borough","iso":"GB-SHF","qid":"Q42448"},"geometry":{"type":"Polygon","coordinates":[[[-1.3937,53.3252],[-1.4061,53.411],[-1.8161,53.5161],[-1.3937,53.3252]]]}},{"type":"Feature","id":"label-GBR-5687","properties":{"kind":"division-label","code":"GBR-5687","countryCode":"GBR","name":"Sheffield","localName":"Sheffield","labelEnglish":"Sheffield","labelLocal":"Sheffield","labelBoth":"Sheffield","type":"Metropolitan Borough","iso":"GB-SHF","qid":"Q42448"},"geometry":{"type":"Point","coordinates":[-1.57387,53.4087]}},{"type":"Feature","id":"GBR-2778","properties":{"kind":"division","code":"GBR-2778","countryCode":"GBR","name":"Stoke-on-Trent","localName":"Stoke-on-Trent","labelEnglish":"Stoke-on-Trent","labelLocal":"Stoke-on-Trent","labelBoth":"Stoke-on-Trent","type":"Unitary Authority","iso":"GB-STE","qid":"Q134902"},"geometry":{"type":"Polygon","coordinates":[[[-2.2437,53.0859],[-2.2015,52.9637],[-2.0904,52.9657],[-2.2049,53.1136],[-2.2437,53.0859]]]}},{"type":"Feature","id":"label-GBR-2778","properties":{"kind":"division-label","code":"GBR-2778","countryCode":"GBR","name":"Stoke-on-Trent","localName":"Stoke-on-Trent","labelEnglish":"Stoke-on-Trent","labelLocal":"Stoke-on-Trent","labelBoth":"Stoke-on-Trent","type":"Unitary Authority","iso":"GB-STE","qid":"Q134902"},"geometry":{"type":"Point","coordinates":[-2.16701,53.0034]}},{"type":"Feature","id":"GBR-2121","properties":{"kind":"division","code":"GBR-2121","countryCode":"GBR","name":"Telford and Wrekin","localName":"Telford and Wrekin","labelEnglish":"Telford and Wrekin","labelLocal":"Telford and Wrekin","labelBoth":"Telford and Wrekin","type":"Unitary Authority","iso":"GB-TFW","qid":"Q1425298"},"geometry":{"type":"Polygon","coordinates":[[[-2.3966,52.8216],[-2.6462,52.7585],[-2.4246,52.607],[-2.324,52.7477],[-2.3966,52.8216]]]}},{"type":"Feature","id":"label-GBR-2121","properties":{"kind":"division-label","code":"GBR-2121","countryCode":"GBR","name":"Telford and Wrekin","localName":"Telford and Wrekin","labelEnglish":"Telford and Wrekin","labelLocal":"Telford and Wrekin","labelBoth":"Telford and Wrekin","type":"Unitary Authority","iso":"GB-TFW","qid":"Q1425298"},"geometry":{"type":"Point","coordinates":[-2.49356,52.7152]}},{"type":"Feature","id":"GBR-2777","properties":{"kind":"division","code":"GBR-2777","countryCode":"GBR","name":"Staffordshire","localName":"Staffordshire","labelEnglish":"Staffordshire","labelLocal":"Staffordshire","labelBoth":"Staffordshire","type":"Administrative County","iso":"GB-STS","qid":"Q23105"},"geometry":{"type":"Polygon","coordinates":[[[-2.324,52.7477],[-2.2862,52.4446],[-2.1539,52.423],[-2.1261,52.5444],[-2.0509,52.6174],[-1.8556,52.5755],[-1.7777,52.5753],[-1.58,52.6769],[-1.5831,52.685],[-1.9769,53.2073],[-2.2049,53.1136],[-2.0904,52.9657],[-2.2015,52.9637],[-2.2437,53.0859],[-2.3788,52.9896],[-2.3966,52.8216],[-2.324,52.7477]]]}},{"type":"Feature","id":"label-GBR-2777","properties":{"kind":"division-label","code":"GBR-2777","countryCode":"GBR","name":"Staffordshire","localName":"Staffordshire","labelEnglish":"Staffordshire","labelLocal":"Staffordshire","labelBoth":"Staffordshire","type":"Administrative County","iso":"GB-STS","qid":"Q23105"},"geometry":{"type":"Point","coordinates":[-2.01517,52.9024]}},{"type":"Feature","id":"GBR-2063","properties":{"kind":"division","code":"GBR-2063","countryCode":"GBR","name":"Bromley","localName":"Bromley","labelEnglish":"Bromley","labelLocal":"Bromley","labelBoth":"Bromley","type":"London Borough","iso":"GB-BRY","qid":"Q208201"},"geometry":{"type":"Polygon","coordinates":[[[0.1662,51.3985],[0.0803,51.4315],[0.0255,51.438],[-0.0667,51.421],[-0.0746,51.4192],[-0.0764,51.4143],[0.0131,51.3207],[0.0544,51.2899],[0.1662,51.3985]]]}},{"type":"Feature","id":"label-GBR-2063","properties":{"kind":"division-label","code":"GBR-2063","countryCode":"GBR","name":"Bromley","localName":"Bromley","labelEnglish":"Bromley","labelLocal":"Bromley","labelBoth":"Bromley","type":"London Borough","iso":"GB-BRY","qid":"Q208201"},"geometry":{"type":"Point","coordinates":[0.0463722,51.3652]}},{"type":"Feature","id":"GBR-2776","properties":{"kind":"division","code":"GBR-2776","countryCode":"GBR","name":"Worcestershire","localName":"Worcestershire","labelEnglish":"Worcestershire","labelLocal":"Worcestershire","labelBoth":"Worcestershire","type":"Administrative County","iso":"GB-WOR","qid":"Q23135"},"geometry":{"type":"Polygon","coordinates":[[[-1.7578,52.1058],[-1.8445,52.3836],[-2.0306,52.4369],[-2.1539,52.423],[-2.2862,52.4446],[-2.6409,52.3322],[-2.3516,52.0139],[-1.7578,52.1058]]]}},{"type":"Feature","id":"label-GBR-2776","properties":{"kind":"division-label","code":"GBR-2776","countryCode":"GBR","name":"Worcestershire","localName":"Worcestershire","labelEnglish":"Worcestershire","labelLocal":"Worcestershire","labelBoth":"Worcestershire","type":"Administrative County","iso":"GB-WOR","qid":"Q23135"},"geometry":{"type":"Point","coordinates":[-2.2004,52.21]}},{"type":"Feature","id":"GBR-2750","properties":{"kind":"division","code":"GBR-2750","countryCode":"GBR","name":"Warwickshire","localName":"Warwickshire","labelEnglish":"Warwickshire","labelLocal":"Warwickshire","labelBoth":"Warwickshire","type":"Administrative County","iso":"GB-WAR","qid":"Q23140"},"geometry":{"type":"Polygon","coordinates":[[[-1.7578,52.1058],[-1.6525,51.9839],[-1.3212,52.1615],[-1.1866,52.3813],[-1.58,52.6769],[-1.7777,52.5753],[-1.7411,52.4975],[-1.6195,52.4444],[-1.4317,52.3836],[-1.64,52.3508],[-1.8353,52.3806],[-1.8445,52.3836],[-1.7578,52.1058]]]}},{"type":"Feature","id":"label-GBR-2750","properties":{"kind":"division-label","code":"GBR-2750","countryCode":"GBR","name":"Warwickshire","localName":"Warwickshire","labelEnglish":"Warwickshire","labelLocal":"Warwickshire","labelBoth":"Warwickshire","type":"Administrative County","iso":"GB-WAR","qid":"Q23140"},"geometry":{"type":"Point","coordinates":[-1.55487,52.168]}},{"type":"Feature","id":"GBR-2751","properties":{"kind":"division","code":"GBR-2751","countryCode":"GBR","name":"Oxfordshire","localName":"Oxfordshire","labelEnglish":"Oxfordshire","labelLocal":"Oxfordshire","labelBoth":"Oxfordshire","type":"Administrative County","iso":"GB-OXF","qid":"Q23169"},"geometry":{"type":"Polygon","coordinates":[[[-1.6525,51.9839],[-1.6833,51.6786],[-1.5845,51.5174],[-1.0811,51.4891],[-0.9645,51.4547],[-0.8871,51.5481],[-1.1082,52.0092],[-1.3212,52.1615],[-1.6525,51.9839]]]}},{"type":"Feature","id":"label-GBR-2751","properties":{"kind":"division-label","code":"GBR-2751","countryCode":"GBR","name":"Oxfordshire","localName":"Oxfordshire","labelEnglish":"Oxfordshire","labelLocal":"Oxfordshire","labelBoth":"Oxfordshire","type":"Administrative County","iso":"GB-OXF","qid":"Q23169"},"geometry":{"type":"Point","coordinates":[-1.29123,51.7912]}},{"type":"Feature","id":"GBR-5677","properties":{"kind":"division","code":"GBR-5677","countryCode":"GBR","name":"Wigan","localName":"Wigan","labelEnglish":"Wigan","labelLocal":"Wigan","labelBoth":"Wigan","type":"Metropolitan Borough","iso":"GB-WGN","qid":"Q684307"},"geometry":{"type":"Polygon","coordinates":[[[-2.752,53.5111],[-2.5664,53.4356],[-2.485,53.4622],[-2.5114,53.5382],[-2.5589,53.5991],[-2.752,53.5111]]]}},{"type":"Feature","id":"label-GBR-5677","properties":{"kind":"division-label","code":"GBR-5677","countryCode":"GBR","name":"Wigan","localName":"Wigan","labelEnglish":"Wigan","labelLocal":"Wigan","labelBoth":"Wigan","type":"Metropolitan Borough","iso":"GB-WGN","qid":"Q684307"},"geometry":{"type":"Point","coordinates":[-2.60574,53.5317]}},{"type":"Feature","id":"GBR-5683","properties":{"kind":"division","code":"GBR-5683","countryCode":"GBR","name":"Stockport","localName":"Stockport","labelEnglish":"Stockport","labelLocal":"Stockport","labelBoth":"Stockport","type":"Metropolitan Borough","iso":"GB-SKP","qid":"Q1752424"},"geometry":{"type":"Polygon","coordinates":[[[-2.0117,53.4125],[-2.2254,53.4373],[-2.2603,53.3449],[-2.0168,53.3704],[-2.0117,53.4125]]]}},{"type":"Feature","id":"label-GBR-5683","properties":{"kind":"division-label","code":"GBR-5683","countryCode":"GBR","name":"Stockport","localName":"Stockport","labelEnglish":"Stockport","labelLocal":"Stockport","labelBoth":"Stockport","type":"Metropolitan Borough","iso":"GB-SKP","qid":"Q1752424"},"geometry":{"type":"Point","coordinates":[-2.1408,53.3787]}},{"type":"Feature","id":"GBR-2774","properties":{"kind":"division","code":"GBR-2774","countryCode":"GBR","name":"Warrington","localName":"Warrington","labelEnglish":"Warrington","labelLocal":"Warrington","labelBoth":"Warrington","type":"Unitary Authority","iso":"GB-WRT","qid":"Q215733"},"geometry":{"type":"Polygon","coordinates":[[[-2.5664,53.4356],[-2.6806,53.3788],[-2.5694,53.3123],[-2.509,53.3309],[-2.4288,53.3803],[-2.4467,53.4188],[-2.485,53.4622],[-2.5664,53.4356]]]}},{"type":"Feature","id":"label-GBR-2774","properties":{"kind":"division-label","code":"GBR-2774","countryCode":"GBR","name":"Warrington","localName":"Warrington","labelEnglish":"Warrington","labelLocal":"Warrington","labelBoth":"Warrington","type":"Unitary Authority","iso":"GB-WRT","qid":"Q215733"},"geometry":{"type":"Point","coordinates":[-2.55468,53.3766]}},{"type":"Feature","id":"GBR-5700","properties":{"kind":"division","code":"GBR-5700","countryCode":"GBR","name":"West Berkshire","localName":"West Berkshire","labelEnglish":"West Berkshire","labelLocal":"West Berkshire","labelBoth":"West Berkshire","type":"Unitary Authority","iso":"GB-WBK","qid":"Q1473780"},"geometry":{"type":"Polygon","coordinates":[[[-1.032,51.3547],[-1.0535,51.4119],[-1.0811,51.4891],[-1.5845,51.5174],[-1.5804,51.503],[-1.487,51.3324],[-1.032,51.3547]]]}},{"type":"Feature","id":"label-GBR-5700","properties":{"kind":"division-label","code":"GBR-5700","countryCode":"GBR","name":"West Berkshire","localName":"West Berkshire","labelEnglish":"West Berkshire","labelLocal":"West Berkshire","labelBoth":"West Berkshire","type":"Unitary Authority","iso":"GB-WBK","qid":"Q1473780"},"geometry":{"type":"Point","coordinates":[-1.2949,51.4529]}},{"type":"Feature","id":"GBR-5701","properties":{"kind":"division","code":"GBR-5701","countryCode":"GBR","name":"Wokingham","localName":"Wokingham","labelEnglish":"Wokingham","labelLocal":"Wokingham","labelBoth":"Wokingham","type":"Unitary Authority","iso":"GB-WOK","qid":"Q1758432"},"geometry":{"type":"Polygon","coordinates":[[[-1.032,51.3547],[-0.8529,51.3501],[-0.828,51.4697],[-0.8463,51.5425],[-0.8871,51.5481],[-0.9645,51.4547],[-1.0535,51.4119],[-1.032,51.3547]]]}},{"type":"Feature","id":"label-GBR-5701","properties":{"kind":"division-label","code":"GBR-5701","countryCode":"GBR","name":"Wokingham","localName":"Wokingham","labelEnglish":"Wokingham","labelLocal":"Wokingham","labelBoth":"Wokingham","type":"Unitary Authority","iso":"GB-WOK","qid":"Q1758432"},"geometry":{"type":"Point","coordinates":[-0.90795,51.4019]}},{"type":"Feature","id":"GBR-5702","properties":{"kind":"division","code":"GBR-5702","countryCode":"GBR","name":"Bracknell Forest","localName":"Bracknell Forest","labelEnglish":"Bracknell Forest","labelLocal":"Bracknell Forest","labelBoth":"Bracknell Forest","type":"Unitary Authority","iso":"GB-BRC","qid":"Q896725"},"geometry":{"type":"Polygon","coordinates":[[[-0.7653,51.3313],[-0.6987,51.3669],[-0.828,51.4697],[-0.8529,51.3501],[-0.7653,51.3313]]]}},{"type":"Feature","id":"label-GBR-5702","properties":{"kind":"division-label","code":"GBR-5702","countryCode":"GBR","name":"Bracknell Forest","localName":"Bracknell Forest","labelEnglish":"Bracknell Forest","labelLocal":"Bracknell Forest","labelBoth":"Bracknell Forest","type":"Unitary Authority","iso":"GB-BRC","qid":"Q896725"},"geometry":{"type":"Point","coordinates":[-0.763967,51.3929]}},{"type":"Feature","id":"GBR-5703","properties":{"kind":"division","code":"GBR-5703","countryCode":"GBR","name":"Windsor and Maidenhead","localName":"Windsor and Maidenhead","labelEnglish":"Windsor and Maidenhead","labelLocal":"Windsor and Maidenhead","labelBoth":"Windsor and Maidenhead","type":"Unitary Authority","iso":"GB-WNM","qid":"Q1368496"},"geometry":{"type":"Polygon","coordinates":[[[-0.6362,51.4937],[-0.8463,51.5425],[-0.828,51.4697],[-0.6987,51.3669],[-0.5757,51.4456],[-0.6362,51.4937]]]}},{"type":"Feature","id":"label-GBR-5703","properties":{"kind":"division-label","code":"GBR-5703","countryCode":"GBR","name":"Windsor and Maidenhead","localName":"Windsor and Maidenhead","labelEnglish":"Windsor and Maidenhead","labelLocal":"Windsor and Maidenhead","labelBoth":"Windsor and Maidenhead","type":"Unitary Authority","iso":"GB-WNM","qid":"Q1368496"},"geometry":{"type":"Point","coordinates":[-0.700975,51.4769]}},{"type":"Feature","id":"GBR-5704","properties":{"kind":"division","code":"GBR-5704","countryCode":"GBR","name":"Slough","localName":"Slough","labelEnglish":"Slough","labelLocal":"Slough","labelBoth":"Slough","type":"Unitary Authority","iso":"GB-SLG","qid":"Q211907"},"geometry":{"type":"Polygon","coordinates":[[[-0.5128,51.4758],[-0.6362,51.4937],[-0.5757,51.4456],[-0.5128,51.4758]]]}},{"type":"Feature","id":"label-GBR-5704","properties":{"kind":"division-label","code":"GBR-5704","countryCode":"GBR","name":"Slough","localName":"Slough","labelEnglish":"Slough","labelLocal":"Slough","labelBoth":"Slough","type":"Unitary Authority","iso":"GB-SLG","qid":"Q211907"},"geometry":{"type":"Point","coordinates":[-0.547994,51.4769]}},{"type":"Feature","id":"GBR-5699","properties":{"kind":"division","code":"GBR-5699","countryCode":"GBR","name":"Reading","localName":"Reading","labelEnglish":"Reading","labelLocal":"Reading","labelBoth":"Reading","type":"Unitary Authority","iso":"GB-RDG","qid":"Q161491"},"geometry":{"type":"Polygon","coordinates":[[[-1.0811,51.4891],[-1.0535,51.4119],[-0.9645,51.4547],[-1.0811,51.4891]]]}},{"type":"Feature","id":"label-GBR-5699","properties":{"kind":"division-label","code":"GBR-5699","countryCode":"GBR","name":"Reading","localName":"Reading","labelEnglish":"Reading","labelLocal":"Reading","labelBoth":"Reading","type":"Unitary Authority","iso":"GB-RDG","qid":"Q161491"},"geometry":{"type":"Point","coordinates":[-1.03367,51.4497]}},{"type":"Feature","id":"GBR-2755","properties":{"kind":"division","code":"GBR-2755","countryCode":"GBR","name":"Surrey","localName":"Surrey","labelEnglish":"Surrey","labelLocal":"Surrey","labelBoth":"Surrey","type":"Administrative County","iso":"GB-SRY","qid":"Q23276"},"geometry":{"type":"Polygon","coordinates":[[[-0.4414,51.4539],[-0.4972,51.4778],[-0.5128,51.4758],[-0.5757,51.4456],[-0.6987,51.3669],[-0.7653,51.3313],[-0.7537,51.0887],[0.0213,51.1358],[0.0627,51.1358],[0.0544,51.2899],[0.0131,51.3207],[-0.1637,51.3196],[-0.2431,51.3736],[-0.3067,51.3844],[-0.3844,51.4137],[-0.4414,51.4539]]]}},{"type":"Feature","id":"label-GBR-2755","properties":{"kind":"division-label","code":"GBR-2755","countryCode":"GBR","name":"Surrey","localName":"Surrey","labelEnglish":"Surrey","labelLocal":"Surrey","labelBoth":"Surrey","type":"Administrative County","iso":"GB-SRY","qid":"Q23276"},"geometry":{"type":"Point","coordinates":[-0.388084,51.2608]}},{"type":"Feature","id":"GBR-2122","properties":{"kind":"division","code":"GBR-2122","countryCode":"GBR","name":"Blackburn with Darwen","localName":"Blackburn with Darwen","labelEnglish":"Blackburn with Darwen","labelLocal":"Blackburn with Darwen","labelBoth":"Blackburn with Darwen","type":"Unitary Authority","iso":"GB-BBD","qid":"Q880782"},"geometry":{"type":"Polygon","coordinates":[[[-2.3566,53.6646],[-2.5044,53.627],[-2.3764,53.6349],[-2.3566,53.6646]]]}},{"type":"Feature","id":"label-GBR-2122","properties":{"kind":"division-label","code":"GBR-2122","countryCode":"GBR","name":"Blackburn with Darwen","localName":"Blackburn with Darwen","labelEnglish":"Blackburn with Darwen","labelLocal":"Blackburn with Darwen","labelBoth":"Blackburn with Darwen","type":"Unitary Authority","iso":"GB-BBD","qid":"Q880782"},"geometry":{"type":"Point","coordinates":[-2.44291,53.705]}},{"type":"Feature","id":"GBR-2756","properties":{"kind":"division","code":"GBR-2756","countryCode":"GBR","name":"Swindon","localName":"Swindon","labelEnglish":"Swindon","labelLocal":"Swindon","labelBoth":"Swindon","type":"Unitary Authority","iso":"GB-SWD","qid":"Q894093"},"geometry":{"type":"Polygon","coordinates":[[[-1.6833,51.6786],[-1.7497,51.6588],[-1.5804,51.503],[-1.5845,51.5174],[-1.6833,51.6786]]]}},{"type":"Feature","id":"label-GBR-2756","properties":{"kind":"division-label","code":"GBR-2756","countryCode":"GBR","name":"Swindon","localName":"Swindon","labelEnglish":"Swindon","labelLocal":"Swindon","labelBoth":"Swindon","type":"Unitary Authority","iso":"GB-SWD","qid":"Q894093"},"geometry":{"type":"Point","coordinates":[-1.71017,51.567]}},{"type":"Feature","id":"GBR-2043","properties":{"kind":"division","code":"GBR-2043","countryCode":"GBR","name":"Bath and North East Somerset","localName":"Bath and North East Somerset","labelEnglish":"Bath and North East Somerset","labelLocal":"Bath and North East Somerset","labelBoth":"Bath and North East Somerset","type":"Unitary Authority","iso":"GB-BAS","qid":"Q810793"},"geometry":{"type":"Polygon","coordinates":[[[-2.2901,51.3249],[-2.2807,51.4203],[-2.5227,51.4188],[-2.6335,51.3821],[-2.7127,51.3198],[-2.2901,51.3249]]]}},{"type":"Feature","id":"label-GBR-2043","properties":{"kind":"division-label","code":"GBR-2043","countryCode":"GBR","name":"Bath and North East Somerset","localName":"Bath and North East Somerset","labelEnglish":"Bath and North East Somerset","labelLocal":"Bath and North East Somerset","labelBoth":"Bath and North East Somerset","type":"Unitary Authority","iso":"GB-BAS","qid":"Q810793"},"geometry":{"type":"Point","coordinates":[-2.49591,51.3476]}},{"type":"Feature","id":"GBR-2757","properties":{"kind":"division","code":"GBR-2757","countryCode":"GBR","name":"Wiltshire","localName":"Wiltshire","labelEnglish":"Wiltshire","labelLocal":"Wiltshire","labelBoth":"Wiltshire","type":"Unitary Single-Tier County","iso":"GB-WIL","qid":"Q23183"},"geometry":{"type":"Polygon","coordinates":[[[-1.7497,51.6588],[-2.2716,51.5772],[-2.2807,51.4203],[-2.2901,51.3249],[-2.3217,51.0833],[-1.9501,50.9883],[-1.6106,50.9597],[-1.6965,51.2366],[-1.487,51.3324],[-1.5804,51.503],[-1.7497,51.6588]]]}},{"type":"Feature","id":"label-GBR-2757","properties":{"kind":"division-label","code":"GBR-2757","countryCode":"GBR","name":"Wiltshire","localName":"Wiltshire","labelEnglish":"Wiltshire","labelLocal":"Wiltshire","labelBoth":"Wiltshire","type":"Unitary Single-Tier County","iso":"GB-WIL","qid":"Q23183"},"geometry":{"type":"Point","coordinates":[-1.91891,51.3289]}},{"type":"Feature","id":"GBR-5672","properties":{"kind":"division","code":"GBR-5672","countryCode":"GBR","name":"Calderdale","localName":"Calderdale","labelEnglish":"Calderdale","labelLocal":"Calderdale","labelBoth":"Calderdale","type":"Metropolitan Borough","iso":"GB-CLD","qid":"Q1026448"},"geometry":{"type":"Polygon","coordinates":[[[-2.1514,53.6965],[-2.0239,53.6394],[-1.7564,53.7388],[-1.9778,53.8694],[-2.0326,53.8476],[-2.1514,53.6965]]]}},{"type":"Feature","id":"label-GBR-5672","properties":{"kind":"division-label","code":"GBR-5672","countryCode":"GBR","name":"Calderdale","localName":"Calderdale","labelEnglish":"Calderdale","labelLocal":"Calderdale","labelBoth":"Calderdale","type":"Metropolitan Borough","iso":"GB-CLD","qid":"Q1026448"},"geometry":{"type":"Point","coordinates":[-1.95182,53.7446]}},{"type":"Feature","id":"GBR-5671","properties":{"kind":"division","code":"GBR-5671","countryCode":"GBR","name":"Kirklees","localName":"Kirklees","labelEnglish":"Kirklees","labelLocal":"Kirklees","labelBoth":"Kirklees","type":"Metropolitan Borough","iso":"GB-KIR","qid":"Q918975"},"geometry":{"type":"Polygon","coordinates":[[[-1.8161,53.5161],[-1.6003,53.5741],[-1.581,53.7018],[-1.6472,53.7641],[-1.7564,53.7388],[-2.0239,53.6394],[-1.9881,53.6147],[-1.8972,53.533],[-1.8161,53.5161]]]}},{"type":"Feature","id":"label-GBR-5671","properties":{"kind":"division-label","code":"GBR-5671","countryCode":"GBR","name":"Kirklees","localName":"Kirklees","labelEnglish":"Kirklees","labelLocal":"Kirklees","labelBoth":"Kirklees","type":"Metropolitan Borough","iso":"GB-KIR","qid":"Q918975"},"geometry":{"type":"Point","coordinates":[-1.73944,53.6218]}},{"type":"Feature","id":"GBR-2763","properties":{"kind":"division","code":"GBR-2763","countryCode":"GBR","name":"Nottingham","localName":"Nottingham","labelEnglish":"Nottingham","labelLocal":"Nottingham","labelBoth":"Nottingham","type":"Unitary Authority","iso":"GB-NGM","qid":"Q41262"},"geometry":{"type":"Polygon","coordinates":[[[-1.171,52.8723],[-1.1041,52.9189],[-1.1923,52.992],[-1.171,52.8723]]]}},{"type":"Feature","id":"label-GBR-2763","properties":{"kind":"division-label","code":"GBR-2763","countryCode":"GBR","name":"Nottingham","localName":"Nottingham","labelEnglish":"Nottingham","labelLocal":"Nottingham","labelBoth":"Nottingham","type":"Unitary Authority","iso":"GB-NGM","qid":"Q41262"},"geometry":{"type":"Point","coordinates":[-1.16592,52.9352]}},{"type":"Feature","id":"GBR-2761","properties":{"kind":"division","code":"GBR-2761","countryCode":"GBR","name":"Leicester","localName":"Leicester","labelEnglish":"Leicester","labelLocal":"Leicester","labelBoth":"Leicester","type":"Unitary Authority","iso":"GB-LCE","qid":"Q83065"},"geometry":{"type":"Polygon","coordinates":[[[-1.1221,52.5653],[-1.0718,52.6483],[-1.1598,52.6559],[-1.1221,52.5653]]]}},{"type":"Feature","id":"label-GBR-2761","properties":{"kind":"division-label","code":"GBR-2761","countryCode":"GBR","name":"Leicester","localName":"Leicester","labelEnglish":"Leicester","labelLocal":"Leicester","labelBoth":"Leicester","type":"Unitary Authority","iso":"GB-LCE","qid":"Q83065"},"geometry":{"type":"Point","coordinates":[-1.1183,52.6114]}},{"type":"Feature","id":"GBR-2058","properties":{"kind":"division","code":"GBR-2058","countryCode":"GBR","name":"Derby","localName":"Derby","labelEnglish":"Derby","labelLocal":"Derby","labelBoth":"Derby","type":"Unitary Authority","iso":"GB-DER","qid":"Q43475"},"geometry":{"type":"Polygon","coordinates":[[[-1.4316,52.8418],[-1.4867,52.9378],[-1.546,52.8764],[-1.4316,52.8418]]]}},{"type":"Feature","id":"label-GBR-2058","properties":{"kind":"division-label","code":"GBR-2058","countryCode":"GBR","name":"Derby","localName":"Derby","labelEnglish":"Derby","labelLocal":"Derby","labelBoth":"Derby","type":"Unitary Authority","iso":"GB-DER","qid":"Q43475"},"geometry":{"type":"Point","coordinates":[-1.47157,52.8904]}},{"type":"Feature","id":"GBR-5674","properties":{"kind":"division","code":"GBR-5674","countryCode":"GBR","name":"Leeds","localName":"Leeds","labelEnglish":"Leeds","labelLocal":"Leeds","labelBoth":"Leeds","type":"Metropolitan Borough","iso":"GB-LDS","qid":"Q774015"},"geometry":{"type":"Polygon","coordinates":[[[-1.6472,53.7641],[-1.581,53.7018],[-1.3069,53.738],[-1.2942,53.9255],[-1.7286,53.9027],[-1.6472,53.7641]]]}},{"type":"Feature","id":"label-GBR-5674","properties":{"kind":"division-label","code":"GBR-5674","countryCode":"GBR","name":"Leeds","localName":"Leeds","labelEnglish":"Leeds","labelLocal":"Leeds","labelBoth":"Leeds","type":"Metropolitan Borough","iso":"GB-LDS","qid":"Q774015"},"geometry":{"type":"Point","coordinates":[-1.47788,53.8106]}},{"type":"Feature","id":"GBR-5673","properties":{"kind":"division","code":"GBR-5673","countryCode":"GBR","name":"Bradford","localName":"Bradford","labelEnglish":"Bradford","labelLocal":"Bradford","labelBoth":"Bradford","type":"Metropolitan Borough","iso":"GB-BRD","qid":"Q2834810"},"geometry":{"type":"Polygon","coordinates":[[[-1.7286,53.9027],[-1.9778,53.8694],[-1.7564,53.7388],[-1.6472,53.7641],[-1.7286,53.9027]]]}},{"type":"Feature","id":"label-GBR-5673","properties":{"kind":"division-label","code":"GBR-5673","countryCode":"GBR","name":"Bradford","localName":"Bradford","labelEnglish":"Bradford","labelLocal":"Bradford","labelBoth":"Bradford","type":"Metropolitan Borough","iso":"GB-BRD","qid":"Q2834810"},"geometry":{"type":"Point","coordinates":[-1.78384,53.8466]}},{"type":"Feature","id":"GBR-5675","properties":{"kind":"division","code":"GBR-5675","countryCode":"GBR","name":"Wakefield","localName":"Wakefield","labelEnglish":"Wakefield","labelLocal":"Wakefield","labelBoth":"Wakefield","type":"Metropolitan Borough","iso":"GB-WKF","qid":"Q763171"},"geometry":{"type":"Polygon","coordinates":[[[-1.6003,53.5741],[-1.3445,53.5808],[-1.23,53.6207],[-1.3069,53.738],[-1.581,53.7018],[-1.6003,53.5741]]]}},{"type":"Feature","id":"label-GBR-5675","properties":{"kind":"division-label","code":"GBR-5675","countryCode":"GBR","name":"Wakefield","localName":"Wakefield","labelEnglish":"Wakefield","labelLocal":"Wakefield","labelBoth":"Wakefield","type":"Metropolitan Borough","iso":"GB-WKF","qid":"Q763171"},"geometry":{"type":"Point","coordinates":[-1.39089,53.6457]}},{"type":"Feature","id":"GBR-5688","properties":{"kind":"division","code":"GBR-5688","countryCode":"GBR","name":"Barnsley","localName":"Barnsley","labelEnglish":"Barnsley","labelLocal":"Barnsley","labelBoth":"Barnsley","type":"Metropolitan Borough","iso":"GB-BNS","qid":"Q1857382"},"geometry":{"type":"Polygon","coordinates":[[[-1.8161,53.5161],[-1.4061,53.411],[-1.3254,53.4778],[-1.3445,53.5808],[-1.6003,53.5741],[-1.8161,53.5161]]]}},{"type":"Feature","id":"label-GBR-5688","properties":{"kind":"division-label","code":"GBR-5688","countryCode":"GBR","name":"Barnsley","localName":"Barnsley","labelEnglish":"Barnsley","labelLocal":"Barnsley","labelBoth":"Barnsley","type":"Metropolitan Borough","iso":"GB-BNS","qid":"Q1857382"},"geometry":{"type":"Point","coordinates":[-1.45688,53.5347]}},{"type":"Feature","id":"GBR-5676","properties":{"kind":"division","code":"GBR-5676","countryCode":"GBR","name":"Salford","localName":"Salford","labelEnglish":"Salford","labelLocal":"Salford","labelBoth":"Salford","type":"Metropolitan Borough","iso":"GB-SLF","qid":"Q1142118"},"geometry":{"type":"Polygon","coordinates":[[[-2.485,53.4622],[-2.4467,53.4188],[-2.3204,53.4524],[-2.3053,53.5041],[-2.3355,53.5343],[-2.5114,53.5382],[-2.485,53.4622]]]}},{"type":"Feature","id":"label-GBR-5676","properties":{"kind":"division-label","code":"GBR-5676","countryCode":"GBR","name":"Salford","localName":"Salford","labelEnglish":"Salford","labelLocal":"Salford","labelBoth":"Salford","type":"Metropolitan Borough","iso":"GB-SLF","qid":"Q1142118"},"geometry":{"type":"Point","coordinates":[-2.40861,53.5006]}},{"type":"Feature","id":"GBR-5678","properties":{"kind":"division","code":"GBR-5678","countryCode":"GBR","name":"Bolton","localName":"Bolton","labelEnglish":"Bolton","labelLocal":"Bolton","labelBoth":"Bolton","type":"Metropolitan Borough","iso":"GB-BOL","qid":"Q1364541"},"geometry":{"type":"Polygon","coordinates":[[[-2.5114,53.5382],[-2.3355,53.5343],[-2.3764,53.6349],[-2.5044,53.627],[-2.5589,53.5991],[-2.5114,53.5382]]]}},{"type":"Feature","id":"label-GBR-5678","properties":{"kind":"division-label","code":"GBR-5678","countryCode":"GBR","name":"Bolton","localName":"Bolton","labelEnglish":"Bolton","labelLocal":"Bolton","labelBoth":"Bolton","type":"Metropolitan Borough","iso":"GB-BOL","qid":"Q1364541"},"geometry":{"type":"Point","coordinates":[-2.42876,53.5887]}},{"type":"Feature","id":"GBR-5685","properties":{"kind":"division","code":"GBR-5685","countryCode":"GBR","name":"Trafford","localName":"Trafford","labelEnglish":"Trafford","labelLocal":"Trafford","labelBoth":"Trafford","type":"Metropolitan Borough","iso":"GB-TRF","qid":"Q915954"},"geometry":{"type":"Polygon","coordinates":[[[-2.3204,53.4524],[-2.4467,53.4188],[-2.4288,53.3803],[-2.3167,53.3599],[-2.3204,53.4524]]]}},{"type":"Feature","id":"label-GBR-5685","properties":{"kind":"division-label","code":"GBR-5685","countryCode":"GBR","name":"Trafford","localName":"Trafford","labelEnglish":"Trafford","labelLocal":"Trafford","labelBoth":"Trafford","type":"Metropolitan Borough","iso":"GB-TRF","qid":"Q915954"},"geometry":{"type":"Point","coordinates":[-2.37777,53.4147]}},{"type":"Feature","id":"GBR-5684","properties":{"kind":"division","code":"GBR-5684","countryCode":"GBR","name":"Manchester","localName":"Manchester","labelEnglish":"Manchester","labelLocal":"Manchester","labelBoth":"Manchester","type":"Metropolitan Borough","iso":"GB-MAN","qid":"Q18125"},"geometry":{"type":"Polygon","coordinates":[[[-2.3167,53.3599],[-2.2603,53.3449],[-2.2254,53.4373],[-2.2039,53.4761],[-2.1823,53.5257],[-2.2513,53.5494],[-2.3053,53.5041],[-2.3204,53.4524],[-2.3167,53.3599]]]}},{"type":"Feature","id":"label-GBR-5684","properties":{"kind":"division-label","code":"GBR-5684","countryCode":"GBR","name":"Manchester","localName":"Manchester","labelEnglish":"Manchester","labelLocal":"Manchester","labelBoth":"Manchester","type":"Metropolitan Borough","iso":"GB-MAN","qid":"Q18125"},"geometry":{"type":"Point","coordinates":[-2.26678,53.4597]}},{"type":"Feature","id":"GBR-5681","properties":{"kind":"division","code":"GBR-5681","countryCode":"GBR","name":"Oldham","localName":"Oldham","labelEnglish":"Oldham","labelLocal":"Oldham","labelBoth":"Oldham","type":"Metropolitan Borough","iso":"GB-OLD","qid":"Q1278608"},"geometry":{"type":"Polygon","coordinates":[[[-2.1823,53.5257],[-2.2039,53.4761],[-1.9778,53.4688],[-1.8972,53.533],[-1.9881,53.6147],[-2.1823,53.5257]]]}},{"type":"Feature","id":"label-GBR-5681","properties":{"kind":"division-label","code":"GBR-5681","countryCode":"GBR","name":"Oldham","localName":"Oldham","labelEnglish":"Oldham","labelLocal":"Oldham","labelBoth":"Oldham","type":"Metropolitan Borough","iso":"GB-OLD","qid":"Q1278608"},"geometry":{"type":"Point","coordinates":[-2.03581,53.5527]}},{"type":"Feature","id":"GBR-5680","properties":{"kind":"division","code":"GBR-5680","countryCode":"GBR","name":"Rochdale","localName":"Rochdale","labelEnglish":"Rochdale","labelLocal":"Rochdale","labelBoth":"Rochdale","type":"Metropolitan Borough","iso":"GB-RCH","qid":"Q1892596"},"geometry":{"type":"Polygon","coordinates":[[[-1.9881,53.6147],[-2.0239,53.6394],[-2.1514,53.6965],[-2.2581,53.6141],[-2.2513,53.5494],[-2.1823,53.5257],[-1.9881,53.6147]]]}},{"type":"Feature","id":"label-GBR-5680","properties":{"kind":"division-label","code":"GBR-5680","countryCode":"GBR","name":"Rochdale","localName":"Rochdale","labelEnglish":"Rochdale","labelLocal":"Rochdale","labelBoth":"Rochdale","type":"Metropolitan Borough","iso":"GB-RCH","qid":"Q1892596"},"geometry":{"type":"Point","coordinates":[-2.1438,53.6277]}},{"type":"Feature","id":"GBR-5682","properties":{"kind":"division","code":"GBR-5682","countryCode":"GBR","name":"Tameside","localName":"Tameside","labelEnglish":"Tameside","labelLocal":"Tameside","labelBoth":"Tameside","type":"Metropolitan Borough","iso":"GB-TAM","qid":"Q1423078"},"geometry":{"type":"Polygon","coordinates":[[[-1.9778,53.4688],[-2.2039,53.4761],[-2.2254,53.4373],[-2.0117,53.4125],[-1.9778,53.4688]]]}},{"type":"Feature","id":"label-GBR-5682","properties":{"kind":"division-label","code":"GBR-5682","countryCode":"GBR","name":"Tameside","localName":"Tameside","labelEnglish":"Tameside","labelLocal":"Tameside","labelBoth":"Tameside","type":"Metropolitan Borough","iso":"GB-TAM","qid":"Q1423078"},"geometry":{"type":"Point","coordinates":[-2.0958,53.4567]}},{"type":"Feature","id":"GBR-5679","properties":{"kind":"division","code":"GBR-5679","countryCode":"GBR","name":"Bury","localName":"Bury","labelEnglish":"Bury","labelLocal":"Bury","labelBoth":"Bury","type":"Metropolitan Borough","iso":"GB-BUR","qid":"Q512036"},"geometry":{"type":"Polygon","coordinates":[[[-2.3053,53.5041],[-2.2513,53.5494],[-2.2581,53.6141],[-2.3566,53.6646],[-2.3764,53.6349],[-2.3355,53.5343],[-2.3053,53.5041]]]}},{"type":"Feature","id":"label-GBR-5679","properties":{"kind":"division-label","code":"GBR-5679","countryCode":"GBR","name":"Bury","localName":"Bury","labelEnglish":"Bury","labelLocal":"Bury","labelBoth":"Bury","type":"Metropolitan Borough","iso":"GB-BUR","qid":"Q512036"},"geometry":{"type":"Point","coordinates":[-2.30878,53.5827]}},{"type":"Feature","id":"GBR-5695","properties":{"kind":"division","code":"GBR-5695","countryCode":"GBR","name":"Solihull","localName":"Solihull","labelEnglish":"Solihull","labelLocal":"Solihull","labelBoth":"Solihull","type":"Metropolitan Borough","iso":"GB-SOL","qid":"Q1925858"},"geometry":{"type":"Polygon","coordinates":[[[-1.6195,52.4444],[-1.7411,52.4975],[-1.8353,52.3806],[-1.64,52.3508],[-1.6195,52.4444]]]}},{"type":"Feature","id":"label-GBR-5695","properties":{"kind":"division-label","code":"GBR-5695","countryCode":"GBR","name":"Solihull","localName":"Solihull","labelEnglish":"Solihull","labelLocal":"Solihull","labelBoth":"Solihull","type":"Metropolitan Borough","iso":"GB-SOL","qid":"Q1925858"},"geometry":{"type":"Point","coordinates":[-1.71185,52.4038]}},{"type":"Feature","id":"GBR-5696","properties":{"kind":"division","code":"GBR-5696","countryCode":"GBR","name":"Coventry","localName":"Coventry","labelEnglish":"Coventry","labelLocal":"Coventry","labelBoth":"Coventry","type":"Metropolitan Borough","iso":"GB-COV","qid":"Q6225"},"geometry":{"type":"Polygon","coordinates":[[[-1.64,52.3508],[-1.4317,52.3836],[-1.6195,52.4444],[-1.64,52.3508]]]}},{"type":"Feature","id":"label-GBR-5696","properties":{"kind":"division-label","code":"GBR-5696","countryCode":"GBR","name":"Coventry","localName":"Coventry","labelEnglish":"Coventry","labelLocal":"Coventry","labelBoth":"Coventry","type":"Metropolitan Borough","iso":"GB-COV","qid":"Q6225"},"geometry":{"type":"Point","coordinates":[-1.53187,52.4068]}},{"type":"Feature","id":"GBR-5690","properties":{"kind":"division","code":"GBR-5690","countryCode":"GBR","name":"Birmingham","localName":"Birmingham","labelEnglish":"Birmingham","labelLocal":"Birmingham","labelBoth":"Birmingham","type":"Metropolitan Borough","iso":"GB-BIR","qid":"Q2256"},"geometry":{"type":"Polygon","coordinates":[[[-1.7411,52.4975],[-1.7777,52.5753],[-1.8556,52.5755],[-1.9028,52.5468],[-2.0261,52.4638],[-2.0306,52.4369],[-1.8445,52.3836],[-1.8353,52.3806],[-1.7411,52.4975]]]}},{"type":"Feature","id":"label-GBR-5690","properties":{"kind":"division-label","code":"GBR-5690","countryCode":"GBR","name":"Birmingham","localName":"Birmingham","labelEnglish":"Birmingham","labelLocal":"Birmingham","labelBoth":"Birmingham","type":"Metropolitan Borough","iso":"GB-BIR","qid":"Q2256"},"geometry":{"type":"Point","coordinates":[-1.81614,52.4782]}},{"type":"Feature","id":"GBR-5691","properties":{"kind":"division","code":"GBR-5691","countryCode":"GBR","name":"Sandwell","localName":"Sandwell","labelEnglish":"Sandwell","labelLocal":"Sandwell","labelBoth":"Sandwell","type":"Metropolitan Borough","iso":"GB-SAW","qid":"Q285964"},"geometry":{"type":"Polygon","coordinates":[[[-2.0782,52.5574],[-2.0261,52.4638],[-1.9028,52.5468],[-2.0557,52.5681],[-2.0782,52.5574]]]}},{"type":"Feature","id":"label-GBR-5691","properties":{"kind":"division-label","code":"GBR-5691","countryCode":"GBR","name":"Sandwell","localName":"Sandwell","labelEnglish":"Sandwell","labelLocal":"Sandwell","labelBoth":"Sandwell","type":"Metropolitan Borough","iso":"GB-SAW","qid":"Q285964"},"geometry":{"type":"Point","coordinates":[-2.00281,52.5118]}},{"type":"Feature","id":"GBR-5692","properties":{"kind":"division","code":"GBR-5692","countryCode":"GBR","name":"Dudley","localName":"Dudley","labelEnglish":"Dudley","labelLocal":"Dudley","labelBoth":"Dudley","type":"Metropolitan Borough","iso":"GB-DUD","qid":"Q1617704"},"geometry":{"type":"Polygon","coordinates":[[[-2.0782,52.5574],[-2.1261,52.5444],[-2.1539,52.423],[-2.0306,52.4369],[-2.0261,52.4638],[-2.0782,52.5574]]]}},{"type":"Feature","id":"label-GBR-5692","properties":{"kind":"division-label","code":"GBR-5692","countryCode":"GBR","name":"Dudley","localName":"Dudley","labelEnglish":"Dudley","labelLocal":"Dudley","labelBoth":"Dudley","type":"Metropolitan Borough","iso":"GB-DUD","qid":"Q1617704"},"geometry":{"type":"Point","coordinates":[-2.1138,52.4728]}},{"type":"Feature","id":"GBR-5694","properties":{"kind":"division","code":"GBR-5694","countryCode":"GBR","name":"Walsall","localName":"Walsall","labelEnglish":"Walsall","labelLocal":"Walsall","labelBoth":"Walsall","type":"Metropolitan Borough","iso":"GB-WLL","qid":"Q178356"},"geometry":{"type":"Polygon","coordinates":[[[-2.0557,52.5681],[-1.9028,52.5468],[-1.8556,52.5755],[-2.0509,52.6174],[-2.0557,52.5681]]]}},{"type":"Feature","id":"label-GBR-5694","properties":{"kind":"division-label","code":"GBR-5694","countryCode":"GBR","name":"Walsall","localName":"Walsall","labelEnglish":"Walsall","labelLocal":"Walsall","labelBoth":"Walsall","type":"Metropolitan Borough","iso":"GB-WLL","qid":"Q178356"},"geometry":{"type":"Point","coordinates":[-1.95182,52.6018]}},{"type":"Feature","id":"GBR-5693","properties":{"kind":"division","code":"GBR-5693","countryCode":"GBR","name":"Wolverhampton","localName":"Wolverhampton","labelEnglish":"Wolverhampton","labelLocal":"Wolverhampton","labelBoth":"Wolverhampton","type":"Metropolitan Borough","iso":"GB-WLV","qid":"Q126269"},"geometry":{"type":"Polygon","coordinates":[[[-2.0509,52.6174],[-2.1261,52.5444],[-2.0782,52.5574],[-2.0557,52.5681],[-2.0509,52.6174]]]}},{"type":"Feature","id":"label-GBR-5693","properties":{"kind":"division-label","code":"GBR-5693","countryCode":"GBR","name":"Wolverhampton","localName":"Wolverhampton","labelEnglish":"Wolverhampton","labelLocal":"Wolverhampton","labelBoth":"Wolverhampton","type":"Metropolitan Borough","iso":"GB-WLV","qid":"Q126269"},"geometry":{"type":"Point","coordinates":[-2.1108,52.5958]}}]}