{"type":"FeatureCollection","features":[{"type":"Feature","id":"RUS-2400","properties":{"kind":"division","code":"RUS-2400","countryCode":"RUS","name":"Altai Republic","localName":"Республика Алтай","labelEnglish":"Altai Republic","labelLocal":"Республика Алтай","labelBoth":"Altai Republic · Республика Алтай","type":"Republic","iso":"RU-AL","qid":"Q5971"},"geometry":{"type":"Polygon","coordinates":[[[87.8163,49.1658],[88.144,49.2707],[88.1748,49.4439],[88.8706,49.436],[89.6823,49.7083],[89.6332,49.9079],[89.508,50.3624],[89.8436,50.4299],[89.0524,51.0646],[88.9554,51.4384],[88.7357,51.5594],[88.5077,51.3164],[87.8615,51.5494],[88.0864,51.7136],[87.8391,51.8106],[88.3648,52.168],[88.4132,52.4551],[87.9238,52.5476],[87.6355,52.4498],[87.1732,52.6116],[86.8498,52.6512],[86.6177,52.3717],[86.7544,52.1087],[86.4399,52.0229],[85.9396,52.075],[85.7454,51.7297],[85.2391,51.4708],[85.0077,51.489],[84.018,51.0638],[84.517,50.9538],[84.5416,50.6911],[84.0886,50.6346],[84.25,50.2599],[84.9758,50.0752],[85.2631,49.5815],[85.5972,49.6193],[86.1773,49.4633],[86.6102,49.7955],[86.5918,49.5872],[87.3238,49.0853],[87.8163,49.1658]]]}},{"type":"Feature","id":"label-RUS-2400","properties":{"kind":"division-label","code":"RUS-2400","countryCode":"RUS","name":"Altai Republic","localName":"Республика Алтай","labelEnglish":"Altai Republic","labelLocal":"Республика Алтай","labelBoth":"Altai Republic · Республика Алтай","type":"Republic","iso":"RU-AL","qid":"Q5971"},"geometry":{"type":"Point","coordinates":[86.937,50.9782]}},{"type":"Feature","id":"RUS-2335","properties":{"kind":"division","code":"RUS-2335","countryCode":"RUS","name":"Pskov","localName":"Псковская область","labelEnglish":"Pskov","labelLocal":"Псковская область","labelBoth":"Pskov · Псковская область","type":"Region","iso":"RU-PSK","qid":"Q2218"},"geometry":{"type":"Polygon","coordinates":[[[27.6944,57.3564],[27.7458,57.0315],[27.6444,56.8418],[27.8655,56.7427],[28.0933,56.5016],[28.1679,56.4271],[28.1489,56.1424],[28.809,55.9346],[29.3774,55.954],[29.461,55.6873],[30.2178,55.8551],[30.9071,55.5778],[31.0473,55.7685],[31.4674,55.729],[31.3447,55.964],[31.4915,56.3013],[31.0266,56.4747],[30.7976,56.8002],[31.0001,56.9652],[30.6581,56.9641],[30.5156,57.3181],[30.53,57.8866],[29.9505,57.944],[29.6585,58.2436],[29.975,58.4447],[29.5387,58.4799],[28.9465,58.8198],[27.6959,58.9772],[27.4463,58.8189],[27.4288,58.7094],[27.5196,58.1945],[27.5563,57.8131],[27.3529,57.5276],[27.6944,57.3564]]]}},{"type":"Feature","id":"label-RUS-2335","properties":{"kind":"division-label","code":"RUS-2335","countryCode":"RUS","name":"Pskov","localName":"Псковская область","labelEnglish":"Pskov","labelLocal":"Псковская область","labelBoth":"Pskov · Псковская область","type":"Region","iso":"RU-PSK","qid":"Q2218"},"geometry":{"type":"Point","coordinates":[29.1229,57.2449]}},{"type":"Feature","id":"RUS-2371","properties":{"kind":"division","code":"RUS-2371","countryCode":"RUS","name":"Krasnodar Krai","localName":"Краснодарский край","labelEnglish":"Krasnodar Krai","labelLocal":"Краснодарский край","labelBoth":"Krasnodar Krai · Краснодарский край","type":"Territory","iso":"RU-KDA","qid":"Q3680"},"geometry":{"type":"Polygon","coordinates":[[[39.986,43.389],[40.2331,43.5758],[40.69,43.5231],[40.9059,44.1411],[41.4495,43.9939],[41.6325,44.1219],[41.7294,44.4586],[41.4175,44.7078],[41.6415,44.981],[41.3596,45.212],[41.0256,45.2202],[40.8703,45.6959],[41.2744,45.7541],[41.1624,45.9536],[40.9133,46.2347],[40.3395,46.2799],[40.0234,46.7648],[39.243,46.7707],[38.8394,46.6113],[38.6735,46.863],[38.0368,46.6295],[37.7376,46.6763],[37.971,46.3618],[38.5568,46.1152],[37.9719,46.04],[37.8294,45.7532],[37.6079,45.6627],[37.7383,45.3107],[37.5193,45.3693],[37.1125,45.2393],[36.8333,45.443],[36.5947,45.2048],[37.2871,44.9282],[37.4783,44.6772],[37.8748,44.6894],[38.1777,44.406],[38.9783,44.1483],[39.986,43.389]],[[39.7515,45.1265],[40.2467,45.092],[40.5276,44.9152],[40.5542,44.7198],[40.3271,44.564],[40.4552,43.981],[40.279,43.7512],[39.7297,43.918],[39.7437,44.1912],[39.9276,44.0644],[40.0782,44.2442],[39.7926,44.3571],[40.0266,44.7362],[39.8838,45.0074],[39.4951,45.0307],[39.5527,44.8065],[39.0638,44.8103],[38.6859,45.0366],[39.3242,45.0012],[39.7515,45.1265]]]}},{"type":"Feature","id":"label-RUS-2371","properties":{"kind":"division-label","code":"RUS-2371","countryCode":"RUS","name":"Krasnodar Krai","localName":"Краснодарский край","labelEnglish":"Krasnodar Krai","labelLocal":"Краснодарский край","labelBoth":"Krasnodar Krai · Краснодарский край","type":"Territory","iso":"RU-KDA","qid":"Q3680"},"geometry":{"type":"Point","coordinates":[39.4688,45.8397]}},{"type":"Feature","id":"RUS-2280","properties":{"kind":"division","code":"RUS-2280","countryCode":"RUS","name":"Karachay-Cherkess Republic","localName":"Карачаево-Черкессия Республика","labelEnglish":"Karachay-Cherkess Republic","labelLocal":"Карачаево-Черкессия Республика","labelBoth":"Karachay-Cherkess Republic · Карачаево-Черкессия Республика","type":"Republic","iso":"RU-KC","qid":"Q5328"},"geometry":{"type":"Polygon","coordinates":[[[40.69,43.5231],[41.5506,43.2263],[42.1543,43.2175],[42.3626,43.2352],[42.46,43.6154],[42.6832,43.8072],[42.596,44.0359],[42.3031,44.1285],[42.5555,44.2449],[41.7294,44.4586],[41.6325,44.1219],[41.4495,43.9939],[40.9059,44.1411],[40.69,43.5231]]]}},{"type":"Feature","id":"label-RUS-2280","properties":{"kind":"division-label","code":"RUS-2280","countryCode":"RUS","name":"Karachay-Cherkess Republic","localName":"Карачаево-Черкессия Республика","labelEnglish":"Karachay-Cherkess Republic","labelLocal":"Карачаево-Черкессия Республика","labelBoth":"Karachay-Cherkess Republic · Карачаево-Черкессия Республика","type":"Republic","iso":"RU-KC","qid":"Q5328"},"geometry":{"type":"Point","coordinates":[41.6866,43.7073]}},{"type":"Feature","id":"RUS-2304","properties":{"kind":"division","code":"RUS-2304","countryCode":"RUS","name":"Kabardino-Balkaria","localName":"Кабардино-Балкарская Республика","labelEnglish":"Kabardino-Balkaria","labelLocal":"Кабардино-Балкарская Республика","labelBoth":"Kabardino-Balkaria · Кабардино-Балкарская Республика","type":"Republic","iso":"RU-KB","qid":"Q5267"},"geometry":{"type":"Polygon","coordinates":[[[42.3626,43.2352],[43.0001,43.0987],[43.1752,42.9345],[43.3862,42.8869],[43.5662,42.9388],[43.8481,43.3101],[44.3798,43.4902],[44.2849,43.8189],[43.9061,43.9942],[43.7287,43.8387],[43.3329,43.8055],[43.1748,43.9478],[42.6832,43.8072],[42.46,43.6154],[42.3626,43.2352]]]}},{"type":"Feature","id":"label-RUS-2304","properties":{"kind":"division-label","code":"RUS-2304","countryCode":"RUS","name":"Kabardino-Balkaria","localName":"Кабардино-Балкарская Республика","labelEnglish":"Kabardino-Balkaria","labelLocal":"Кабардино-Балкарская Республика","labelBoth":"Kabardino-Balkaria · Кабардино-Балкарская Республика","type":"Republic","iso":"RU-KB","qid":"Q5267"},"geometry":{"type":"Point","coordinates":[43.3982,43.3757]}},{"type":"Feature","id":"RUS-2305","properties":{"kind":"division","code":"RUS-2305","countryCode":"RUS","name":"Republic of North Ossetia-Alania","localName":"Республика Северная Осетия-Алания","labelEnglish":"Republic of North Ossetia-Alania","labelLocal":"Республика Северная Осетия-Алания","labelBoth":"Republic of North Ossetia-Alania · Республика Северная Осетия-Алания","type":"Republic","iso":"RU-SE","qid":"Q5237"},"geometry":{"type":"Polygon","coordinates":[[[43.9082,42.5662],[44.1858,42.6265],[44.6388,42.7401],[44.9153,43.0709],[44.4987,43.3921],[44.522,43.5645],[44.8385,43.5841],[44.8387,43.6611],[44.8035,43.8021],[44.2849,43.8189],[44.3798,43.4902],[43.8481,43.3101],[43.5662,42.9388],[43.3862,42.8869],[43.8006,42.7465],[43.9082,42.5662]]]}},{"type":"Feature","id":"label-RUS-2305","properties":{"kind":"division-label","code":"RUS-2305","countryCode":"RUS","name":"Republic of North Ossetia-Alania","localName":"Республика Северная Осетия-Алания","labelEnglish":"Republic of North Ossetia-Alania","labelLocal":"Республика Северная Осетия-Алания","labelBoth":"Republic of North Ossetia-Alania · Республика Северная Осетия-Алания","type":"Republic","iso":"RU-SE","qid":"Q5237"},"geometry":{"type":"Point","coordinates":[44.1653,42.9969]}},{"type":"Feature","id":"RUS-2303","properties":{"kind":"division","code":"RUS-2303","countryCode":"RUS","name":"Republic of Ingushetia","localName":"Респу́блика Ингуше́тия","labelEnglish":"Republic of Ingushetia","labelLocal":"Респу́блика Ингуше́тия","labelBoth":"Republic of Ingushetia · Респу́блика Ингуше́тия","type":"Republic","iso":"RU-IN","qid":"Q5219"},"geometry":{"type":"Polygon","coordinates":[[[44.6388,42.7401],[45.076,42.6914],[45.1718,42.7917],[45.0467,43.4943],[44.8385,43.5841],[44.522,43.5645],[44.4987,43.3921],[44.9153,43.0709],[44.6388,42.7401]]]}},{"type":"Feature","id":"label-RUS-2303","properties":{"kind":"division-label","code":"RUS-2303","countryCode":"RUS","name":"Republic of Ingushetia","localName":"Респу́блика Ингуше́тия","labelEnglish":"Republic of Ingushetia","labelLocal":"Респу́блика Ингуше́тия","labelBoth":"Republic of Ingushetia · Респу́блика Ингуше́тия","type":"Republic","iso":"RU-IN","qid":"Q5219"},"geometry":{"type":"Point","coordinates":[44.8468,43.3661]}},{"type":"Feature","id":"RUS-2416","properties":{"kind":"division","code":"RUS-2416","countryCode":"RUS","name":"Chechen Republic","localName":"Республика Чечено-Ингушская","labelEnglish":"Chechen Republic","labelLocal":"Республика Чечено-Ингушская","labelBoth":"Chechen Republic · Республика Чечено-Ингушская","type":"Republic","iso":"RU-CE","qid":"Q5187"},"geometry":{"type":"Polygon","coordinates":[[[45.3016,42.5598],[45.7395,42.4706],[46.4246,42.8766],[46.5411,43.0654],[46.3376,43.4582],[46.6598,43.7845],[46.3493,43.9977],[46.1923,43.847],[45.5094,44.0152],[45.4495,43.8831],[45.0834,43.9528],[44.8387,43.6611],[44.8385,43.5841],[45.0467,43.4943],[45.1718,42.7917],[45.076,42.6914],[45.3016,42.5598]]]}},{"type":"Feature","id":"label-RUS-2416","properties":{"kind":"division-label","code":"RUS-2416","countryCode":"RUS","name":"Chechen Republic","localName":"Республика Чечено-Ингушская","labelEnglish":"Chechen Republic","labelLocal":"Республика Чечено-Ингушская","labelBoth":"Chechen Republic · Республика Чечено-Ингушская","type":"Republic","iso":"RU-CE","qid":"Q5187"},"geometry":{"type":"Point","coordinates":[45.757,43.2153]}},{"type":"Feature","id":"RUS-2417","properties":{"kind":"division","code":"RUS-2417","countryCode":"RUS","name":"Republic of Dagestan","localName":"Республика Дагестан","labelEnglish":"Republic of Dagestan","labelLocal":"Республика Дагестан","labelBoth":"Republic of Dagestan · Республика Дагестан","type":"Republic","iso":"RU-DA","qid":"Q5118"},"geometry":{"type":"Polygon","coordinates":[[[45.7395,42.4706],[45.6214,42.2245],[45.9476,42.0229],[46.4309,41.8904],[46.7096,41.8351],[47.0283,41.5571],[47.1792,41.4917],[47.3673,41.2618],[47.6949,41.2071],[47.8135,41.1974],[48.4622,41.721],[48.5789,41.8453],[47.4619,43.0208],[47.5547,43.8776],[47.4414,43.8193],[47.2459,44.212],[46.7009,44.4462],[46.8881,44.7519],[46.4337,44.9366],[45.706,44.9758],[45.614,44.766],[45.2709,44.5906],[45.5094,44.0152],[46.1923,43.847],[46.3493,43.9977],[46.6598,43.7845],[46.3376,43.4582],[46.5411,43.0654],[46.4246,42.8766],[45.7395,42.4706]]]}},{"type":"Feature","id":"label-RUS-2417","properties":{"kind":"division-label","code":"RUS-2417","countryCode":"RUS","name":"Republic of Dagestan","localName":"Республика Дагестан","labelEnglish":"Republic of Dagestan","labelLocal":"Республика Дагестан","labelBoth":"Republic of Dagestan · Республика Дагестан","type":"Republic","iso":"RU-DA","qid":"Q5118"},"geometry":{"type":"Point","coordinates":[47.1424,42.36]}},{"type":"Feature","id":"RUS-2333","properties":{"kind":"division","code":"RUS-2333","countryCode":"RUS","name":"Murmansk","localName":"Мурманская область","labelEnglish":"Murmansk","labelLocal":"Мурманская область","labelBoth":"Murmansk · Мурманская область","type":"Region","iso":"RU-MUR","qid":"Q1759"},"geometry":{"type":"Polygon","coordinates":[[[28.9541,69.0273],[28.4474,68.5149],[28.6638,68.204],[29.2987,68.0818],[30.0094,67.6858],[29.9162,67.5081],[29.1001,66.9912],[29.3625,66.6266],[31.5553,66.6552],[31.9015,66.3564],[32.3287,66.3592],[32.8836,66.5862],[32.262,67.125],[33.4832,66.7304],[34.8036,66.6135],[35.3806,66.4179],[36.8874,66.2852],[37.9271,66.0888],[39.3436,66.1347],[40.4443,66.4055],[41.36,67.0136],[41.1089,67.2538],[41.0166,67.6979],[40.0044,68.0198],[38.4346,68.3559],[37.6805,68.7134],[35.967,69.1768],[33.6205,69.3277],[32.1697,69.6549],[33.119,69.6611],[32.0545,69.9638],[32.0291,69.782],[31.4522,69.6889],[30.841,69.8058],[30.853,69.5274],[30.2944,69.6202],[29.9481,69.3656],[29.3345,69.2774],[28.9541,69.0273]]]}},{"type":"Feature","id":"label-RUS-2333","properties":{"kind":"division-label","code":"RUS-2333","countryCode":"RUS","name":"Murmansk","localName":"Мурманская область","labelEnglish":"Murmansk","labelLocal":"Мурманская область","labelBoth":"Murmansk · Мурманская область","type":"Region","iso":"RU-MUR","qid":"Q1759"},"geometry":{"type":"Point","coordinates":[34.3212,67.9609]}},{"type":"Feature","id":"RUS-2353","properties":{"kind":"division","code":"RUS-2353","countryCode":"RUS","name":"Karelia","localName":"Республика Карелия","labelEnglish":"Karelia","labelLocal":"Республика Карелия","labelBoth":"Karelia · Республика Карелия","type":"Republic","iso":"RU-KR","qid":"Q1914"},"geometry":{"type":"Polygon","coordinates":[[[29.5462,66.432],[29.9002,66.1081],[30.0985,65.6564],[29.7315,65.4969],[29.5881,64.9914],[30.0625,64.7842],[30.0325,64.3969],[30.5585,64.2197],[30.5093,63.9914],[29.9984,63.7471],[30.4887,63.4621],[31.2257,63.196],[31.5695,62.9059],[31.2438,62.5033],[30.1456,61.8505],[29.2771,61.3046],[29.8695,61.1763],[32.7034,60.6457],[33.4424,61.0043],[33.8671,61.0705],[33.5349,61.2208],[35.358,61.2598],[35.6039,61.1883],[36.9964,61.5944],[37.7729,61.5221],[37.9266,61.9683],[37.5726,62.3606],[37.5049,62.6453],[36.5005,62.826],[36.2589,63.0318],[36.2198,63.4165],[35.8823,63.5734],[36.375,63.645],[36.5234,63.9714],[35.8108,64.342],[35.4105,64.2868],[34.7732,64.5563],[34.9421,64.8576],[34.6152,65.2546],[34.297,65.3851],[34.9004,65.706],[34.4968,66.1162],[33.6199,66.3093],[33.1658,66.5559],[33.0459,66.5762],[32.8836,66.5862],[32.3287,66.3592],[31.9015,66.3564],[31.5553,66.6552],[29.3625,66.6266],[29.5462,66.432]]]}},{"type":"Feature","id":"label-RUS-2353","properties":{"kind":"division-label","code":"RUS-2353","countryCode":"RUS","name":"Karelia","localName":"Республика Карелия","labelEnglish":"Karelia","labelLocal":"Республика Карелия","labelBoth":"Karelia · Республика Карелия","type":"Republic","iso":"RU-KR","qid":"Q1914"},"geometry":{"type":"Point","coordinates":[33.1446,63.5295]}},{"type":"Feature","id":"RUS-2336","properties":{"kind":"division","code":"RUS-2336","countryCode":"RUS","name":"Leningrad","localName":"Ленинградская область","labelEnglish":"Leningrad","labelLocal":"Ленинградская область","labelBoth":"Leningrad · Ленинградская область","type":"Region","iso":"RU-LEN","qid":"Q2191"},"geometry":{"type":"Polygon","coordinates":[[[28.0038,60.6642],[27.8079,60.553],[28.6546,60.6819],[29.0151,60.1968],[29.4179,60.1689],[29.633,60.266],[30.3904,60.1227],[30.7562,59.7775],[30.2594,59.6099],[29.6971,59.95],[29.1614,60.0026],[28.9763,59.8313],[28.5173,59.8623],[28.3753,59.6663],[28.0869,59.7994],[28.0191,59.4818],[27.6959,58.9772],[28.9465,58.8198],[29.5387,58.4799],[29.975,58.4447],[30.1583,58.7627],[30.6874,58.7458],[31.1547,59.0769],[31.2579,58.9808],[31.5631,59.3684],[32.1241,59.3943],[32.584,59.1805],[32.9548,59.4218],[33.5203,59.373],[33.855,59.1984],[34.7299,59.1032],[35.4485,59.4277],[35.4037,59.9743],[35.0973,60.0161],[35.2586,60.5853],[35.6039,61.1883],[35.358,61.2598],[33.5349,61.2208],[33.8671,61.0705],[33.4424,61.0043],[32.7034,60.6457],[29.8695,61.1763],[29.2771,61.3046],[28.0038,60.6642]]]}},{"type":"Feature","id":"label-RUS-2336","properties":{"kind":"division-label","code":"RUS-2336","countryCode":"RUS","name":"Leningrad","localName":"Ленинградская область","labelEnglish":"Leningrad","labelLocal":"Ленинградская область","labelBoth":"Leningrad · Ленинградская область","type":"Region","iso":"RU-LEN","qid":"Q2191"},"geometry":{"type":"Point","coordinates":[32.7736,59.9905]}},{"type":"Feature","id":"RUS-2324","properties":{"kind":"division","code":"RUS-2324","countryCode":"RUS","name":"Kaliningrad","localName":"Калининградская область","labelEnglish":"Kaliningrad","labelLocal":"Калининградская область","labelBoth":"Kaliningrad · Калининградская область","type":"Region","iso":"RU-KGD","qid":"Q1749"},"geometry":{"type":"Polygon","coordinates":[[[22.2699,55.0695],[22.0277,55.0444],[21.2676,55.2487],[21.2302,54.9389],[20.5309,54.9647],[20.9894,55.2731],[20.9246,55.2827],[20.3656,54.9462],[20.0337,54.9482],[19.6095,54.4567],[19.7583,54.4343],[20.9296,54.3978],[22.6984,54.3429],[22.7672,54.3563],[22.6804,54.4532],[22.8089,54.8938],[22.5712,55.064],[22.2699,55.0695]]]}},{"type":"Feature","id":"label-RUS-2324","properties":{"kind":"division-label","code":"RUS-2324","countryCode":"RUS","name":"Kaliningrad","localName":"Калининградская область","labelEnglish":"Kaliningrad","labelLocal":"Калининградская область","labelBoth":"Kaliningrad · Калининградская область","type":"Region","iso":"RU-KGD","qid":"Q1749"},"geometry":{"type":"Point","coordinates":[21.2287,54.6636]}},{"type":"Feature","id":"RUS-2343","properties":{"kind":"division","code":"RUS-2343","countryCode":"RUS","name":"Smolensk","localName":"Смоленская область","labelEnglish":"Smolensk","labelLocal":"Смоленская область","labelBoth":"Smolensk · Смоленская область","type":"Region","iso":"RU-SMO","qid":"Q2347"},"geometry":{"type":"Polygon","coordinates":[[[30.9071,55.5778],[30.7943,55.2855],[31.0056,55.023],[30.7706,54.786],[31.1679,54.6216],[31.179,54.4534],[31.3247,54.2292],[31.8139,54.0571],[31.7447,53.7949],[32.4616,53.7068],[32.7178,53.4311],[33.5012,54.0158],[33.7287,54.5617],[34.3261,54.4296],[34.4996,54.632],[34.921,54.7716],[35.3697,55.2388],[35.3535,55.7794],[35.1741,55.9483],[34.6309,55.9179],[33.9166,56.0731],[33.3722,55.7026],[32.9393,55.6318],[31.8936,55.7705],[31.4674,55.729],[31.0473,55.7685],[30.9071,55.5778]]]}},{"type":"Feature","id":"label-RUS-2343","properties":{"kind":"division-label","code":"RUS-2343","countryCode":"RUS","name":"Smolensk","localName":"Смоленская область","labelEnglish":"Smolensk","labelLocal":"Смоленская область","labelBoth":"Smolensk · Смоленская область","type":"Region","iso":"RU-SMO","qid":"Q2347"},"geometry":{"type":"Point","coordinates":[33.0803,54.6726]}},{"type":"Feature","id":"RUS-2342","properties":{"kind":"division","code":"RUS-2342","countryCode":"RUS","name":"Bryansk","localName":"Брянская область","labelEnglish":"Bryansk","labelLocal":"Брянская область","labelBoth":"Bryansk · Брянская область","type":"Region","iso":"RU-BRY","qid":"Q2810"},"geometry":{"type":"Polygon","coordinates":[[[32.7178,53.4311],[32.0828,53.082],[31.7386,53.1925],[31.3616,53.12],[31.5051,52.8489],[31.5674,52.3114],[31.7643,52.1006],[32.2333,52.0809],[32.3536,52.3216],[32.9269,52.2469],[33.4006,52.3443],[33.8041,52.3546],[34.0962,51.9518],[34.3711,51.8268],[34.8968,52.3532],[35.0915,52.698],[34.8049,52.8682],[35.3139,53.0657],[35.1035,53.3108],[34.5,53.4273],[34.5373,53.5982],[34.1992,53.8916],[33.5012,54.0158],[32.7178,53.4311]]]}},{"type":"Feature","id":"label-RUS-2342","properties":{"kind":"division-label","code":"RUS-2342","countryCode":"RUS","name":"Bryansk","localName":"Брянская область","labelEnglish":"Bryansk","labelLocal":"Брянская область","labelBoth":"Bryansk · Брянская область","type":"Region","iso":"RU-BRY","qid":"Q2810"},"geometry":{"type":"Point","coordinates":[33.2803,53.0868]}},{"type":"Feature","id":"RUS-2362","properties":{"kind":"division","code":"RUS-2362","countryCode":"RUS","name":"Kursk","localName":"Курская область","labelEnglish":"Kursk","labelLocal":"Курская область","labelBoth":"Kursk · Курская область","type":"Region","iso":"RU-KRS","qid":"Q3178"},"geometry":{"type":"Polygon","coordinates":[[[34.3711,51.8268],[34.128,51.6807],[34.3002,51.3684],[34.186,51.2489],[35.0992,51.1832],[35.2822,50.9611],[35.8042,50.9382],[35.9763,51.1575],[36.6175,51.0798],[37.1442,51.3429],[37.8286,51.4205],[38.2915,51.2925],[38.1402,51.6207],[38.4098,51.6878],[38.2988,51.961],[37.997,51.879],[37.7471,52.0169],[37.3535,51.9362],[36.357,52.3658],[35.6187,52.2529],[35.5739,52.4256],[34.8968,52.3532],[34.3711,51.8268]]]}},{"type":"Feature","id":"label-RUS-2362","properties":{"kind":"division-label","code":"RUS-2362","countryCode":"RUS","name":"Kursk","localName":"Курская область","labelEnglish":"Kursk","labelLocal":"Курская область","labelBoth":"Kursk · Курская область","type":"Region","iso":"RU-KRS","qid":"Q3178"},"geometry":{"type":"Point","coordinates":[36.2921,51.7358]}},{"type":"Feature","id":"RUS-2370","properties":{"kind":"division","code":"RUS-2370","countryCode":"RUS","name":"Belgorod","localName":"Белгородская область","labelEnglish":"Belgorod","labelLocal":"Белгородская область","labelBoth":"Belgorod · Белгородская область","type":"Region","iso":"RU-BEL","qid":"Q3329"},"geometry":{"type":"Polygon","coordinates":[[[35.2822,50.9611],[35.4464,50.476],[35.6922,50.3442],[36.1058,50.4211],[36.5944,50.2044],[37.4353,50.4249],[37.7276,50.0787],[38.0229,49.9091],[38.1739,50.0602],[38.9374,49.8035],[39.181,49.8595],[39.2389,50.0517],[38.9904,50.4327],[39.0724,50.6361],[38.7245,50.7901],[38.7376,51.0737],[38.3969,51.0765],[38.2915,51.2925],[37.8286,51.4205],[37.1442,51.3429],[36.6175,51.0798],[35.9763,51.1575],[35.8042,50.9382],[35.2822,50.9611]]]}},{"type":"Feature","id":"label-RUS-2370","properties":{"kind":"division-label","code":"RUS-2370","countryCode":"RUS","name":"Belgorod","localName":"Белгородская область","labelEnglish":"Belgorod","labelLocal":"Белгородская область","labelBoth":"Belgorod · Белгородская область","type":"Region","iso":"RU-BEL","qid":"Q3329"},"geometry":{"type":"Point","coordinates":[37.277,50.8757]}},{"type":"Feature","id":"RUS-2377","properties":{"kind":"division","code":"RUS-2377","countryCode":"RUS","name":"Voronezh","localName":"Воронежская область","labelEnglish":"Voronezh","labelLocal":"Воронежская область","labelBoth":"Voronezh · Воронежская область","type":"Region","iso":"RU-VOR","qid":"Q3447"},"geometry":{"type":"Polygon","coordinates":[[[39.181,49.8595],[39.8015,49.5422],[40.1185,49.5885],[40.8848,49.6903],[41.3415,50.0753],[41.3621,50.2263],[41.5258,50.5987],[41.1675,50.7805],[41.737,51.0257],[41.8549,51.1886],[42.2548,51.1325],[42.8729,51.2313],[42.4892,51.6077],[41.3113,51.7938],[40.8919,51.7426],[40.9377,51.8902],[40.5038,51.9535],[39.4966,51.9727],[39.1823,52.0982],[38.6976,52.0978],[38.2988,51.961],[38.4098,51.6878],[38.1402,51.6207],[38.2915,51.2925],[38.3969,51.0765],[38.7376,51.0737],[38.7245,50.7901],[39.0724,50.6361],[38.9904,50.4327],[39.2389,50.0517],[39.181,49.8595]]]}},{"type":"Feature","id":"label-RUS-2377","properties":{"kind":"division-label","code":"RUS-2377","countryCode":"RUS","name":"Voronezh","localName":"Воронежская область","labelEnglish":"Voronezh","labelLocal":"Воронежская область","labelBoth":"Voronezh · Воронежская область","type":"Region","iso":"RU-VOR","qid":"Q3447"},"geometry":{"type":"Point","coordinates":[40.5223,50.7774]}},{"type":"Feature","id":"RUS-2367","properties":{"kind":"division","code":"RUS-2367","countryCode":"RUS","name":"Rostov","localName":"Ростовская область","labelEnglish":"Rostov","labelLocal":"Ростовская область","labelBoth":"Rostov · Ростовская область","type":"Region","iso":"RU-ROS","qid":"Q3573"},"geometry":{"type":"Polygon","coordinates":[[[40.1185,49.5885],[40.1417,49.2458],[39.6811,49.0203],[39.9504,48.8528],[39.7029,48.7466],[39.9932,48.2732],[39.7591,47.8329],[39.0362,47.857],[38.3529,47.6071],[38.2166,47.1033],[39.264,47.2608],[39.2619,47.0086],[38.6735,46.863],[38.8394,46.6113],[39.243,46.7707],[40.0234,46.7648],[40.3395,46.2799],[40.9133,46.2347],[41.1624,45.9536],[41.7126,45.996],[42.2019,46.3145],[42.0343,46.5433],[42.5968,46.4109],[42.9118,46.435],[43.3556,46.1724],[43.646,46.2157],[43.8171,46.5887],[44.2624,46.9001],[44.334,47.4752],[44.1168,47.5335],[43.9392,47.2689],[43.7315,47.4766],[42.9553,47.5103],[42.4919,48.0136],[42.0298,48.0285],[42.1652,48.464],[42.6337,48.5516],[42.6628,48.9673],[42.0952,49.1406],[42.1784,49.6684],[41.6167,49.9622],[41.3621,50.2263],[41.3415,50.0753],[40.8848,49.6903],[40.1185,49.5885]]]}},{"type":"Feature","id":"label-RUS-2367","properties":{"kind":"division-label","code":"RUS-2367","countryCode":"RUS","name":"Rostov","localName":"Ростовская область","labelEnglish":"Rostov","labelLocal":"Ростовская область","labelBoth":"Rostov · Ростовская область","type":"Region","iso":"RU-ROS","qid":"Q3573"},"geometry":{"type":"Point","coordinates":[41.2613,47.9913]}},{"type":"Feature","id":"RUS-2606","properties":{"kind":"division","code":"RUS-2606","countryCode":"RUS","name":"Republic of Buryatia","localName":"Республика Бурятия","labelEnglish":"Republic of Buryatia","labelLocal":"Республика Бурятия","labelBoth":"Republic of Buryatia · Республика Бурятия","type":"Republic","iso":"RU-BU","qid":"Q6809"},"geometry":{"type":"Polygon","coordinates":[[[98.9377,52.1247],[100.006,51.7317],[100.5109,51.7269],[101.3878,51.4506],[102.1839,51.3239],[102.1465,51.0976],[102.3276,50.5455],[102.6195,50.399],[103.6681,50.1312],[104.3495,50.2719],[105.3286,50.4765],[106.2449,50.2903],[106.6565,50.327],[107.2249,49.9971],[107.7446,49.9674],[107.9902,50.3348],[108.6848,50.5166],[108.1873,50.6576],[108.3845,51.2375],[108.5915,51.5062],[109.2472,51.366],[110.0492,51.6161],[110.677,51.5045],[111.125,51.8179],[111.7237,52.0057],[112.0618,52.2772],[112.4054,52.2084],[112.5448,52.347],[113.5725,52.4535],[114.0878,52.6946],[114.3251,53.0677],[113.9776,53.2398],[113.7927,53.6297],[114.9665,54.0234],[115.6294,54.4423],[116.6732,54.5478],[116.9275,54.8259],[116.7739,55.148],[116.376,55.4087],[115.9717,55.3944],[115.8448,55.7048],[115.6879,56.5954],[115.4905,56.6199],[115.7108,56.9635],[116.2384,57.1493],[115.8522,57.2401],[115.0859,57.1186],[114.7953,56.7097],[114.1272,56.676],[113.9884,56.5351],[111.8054,56.9123],[111.4625,57.1025],[111.1337,56.8147],[110.5319,56.8467],[110.0661,56.9752],[109.6653,56.6943],[109.4102,56.7349],[108.699,56.5829],[108.5712,56.2936],[108.799,56.2574],[109.18,55.913],[108.96,55.9413],[108.6222,55.4559],[108.7727,55.2373],[108.6986,54.681],[108.5579,54.543],[109.0221,54.4936],[108.4235,53.7832],[108.041,53.1927],[106.1983,52.4402],[105.7515,52.031],[105.1231,51.7311],[104.6499,51.6224],[104.6094,51.2683],[104.2124,51.2811],[103.8137,51.1319],[103.8187,51.3878],[103.335,51.4342],[103.2216,51.7883],[102.777,51.9846],[102.5421,52.2276],[101.9104,52.3171],[100.6064,52.9436],[100.2605,53.3748],[99.8625,53.2936],[99.2498,52.9538],[98.9287,52.9185],[98.9371,52.6727],[98.6332,52.4272],[98.9377,52.1247]]]}},{"type":"Feature","id":"label-RUS-2606","properties":{"kind":"division-label","code":"RUS-2606","countryCode":"RUS","name":"Republic of Buryatia","localName":"Республика Бурятия","labelEnglish":"Republic of Buryatia","labelLocal":"Республика Бурятия","labelBoth":"Republic of Buryatia · Республика Бурятия","type":"Republic","iso":"RU-BU","qid":"Q6809"},"geometry":{"type":"Point","coordinates":[109.341,52.9061]}},{"type":"Feature","id":"RUS-2605","properties":{"kind":"division","code":"RUS-2605","countryCode":"RUS","name":"Tuva Republic","localName":"Республика Тыва","labelEnglish":"Tuva Republic","labelLocal":"Республика Тыва","labelBoth":"Tuva Republic · Республика Тыва","type":"Republic","iso":"RU-TY","qid":"Q960"},"geometry":{"type":"Polygon","coordinates":[[[98.9377,52.1247],[98.6332,52.4272],[98.9371,52.6727],[98.9287,52.9185],[99.2498,52.9538],[99.0557,53.1038],[98.3032,53.1037],[97.9715,53.3516],[97.6063,53.373],[97.3284,53.5964],[96.8749,53.7291],[96.6841,53.6385],[96.1009,53.4523],[95.7676,53.5195],[94.5945,53.3157],[94.5123,52.9108],[94.1413,52.8318],[93.678,52.2238],[92.8443,51.8324],[91.9867,51.7936],[91.5431,51.9009],[90.8394,51.9124],[90.4766,52.1834],[90.1237,52.1286],[90.1046,51.7677],[89.7304,51.5822],[88.7357,51.5594],[88.9554,51.4384],[89.0524,51.0646],[89.8436,50.4299],[89.508,50.3624],[89.6332,49.9079],[89.9971,50.0037],[90.0512,50.0842],[91.012,50.4253],[91.4157,50.4614],[91.7498,50.6841],[92.1589,50.6891],[92.3017,50.8434],[93.0114,50.6233],[94.2376,50.5652],[94.3443,50.2492],[94.6245,50.0152],[94.9216,50.0459],[95.4772,49.8941],[95.867,50.015],[96.3729,49.8861],[97.0853,49.8058],[97.3017,49.7255],[98.1056,50.0639],[98.2935,50.5186],[98.0233,50.642],[97.8064,51.0011],[98.0509,51.4664],[98.6187,51.7807],[98.9377,52.1247]]]}},{"type":"Feature","id":"label-RUS-2605","properties":{"kind":"division-label","code":"RUS-2605","countryCode":"RUS","name":"Tuva Republic","localName":"Республика Тыва","labelEnglish":"Tuva Republic","labelLocal":"Республика Тыва","labelBoth":"Tuva Republic · Республика Тыва","type":"Republic","iso":"RU-TY","qid":"Q960"},"geometry":{"type":"Point","coordinates":[93.9927,51.6051]}},{"type":"Feature","id":"RUS-2610","properties":{"kind":"division","code":"RUS-2610","countryCode":"RUS","name":"Zabaykalsky Krai","localName":"Читинская область","labelEnglish":"Zabaykalsky Krai","labelLocal":"Читинская область","labelBoth":"Zabaykalsky Krai · Читинская область","type":"Region","iso":"RU-ZAB","qid":"Q6838"},"geometry":{"type":"Polygon","coordinates":[[[112.1264,49.4399],[113.0437,49.5886],[113.2124,49.822],[114.2863,50.2769],[114.7538,50.2362],[115.3687,49.8954],[115.7509,49.885],[116.2176,50.0138],[116.6843,49.8233],[117.7588,49.5127],[118.6444,49.9546],[119.3162,50.0927],[119.3529,50.3455],[119.1412,50.3766],[119.4967,50.7371],[120.1082,51.6652],[120.7792,52.1176],[120.724,52.5422],[120.0564,52.6005],[120.033,52.7607],[120.8743,53.2802],[121.4133,53.3173],[122.0251,53.4298],[121.9194,53.8314],[121.6393,54.0157],[121.7313,54.4256],[122.1379,54.4555],[121.9009,54.7977],[121.9836,55.4764],[121.8832,55.6057],[121.3634,55.5074],[121.2169,56.0132],[120.1798,55.8742],[120.0616,56.1382],[120.5326,56.2846],[119.9604,56.4931],[119.6695,56.7707],[119.8984,56.8894],[119.41,57.4972],[119.047,57.7276],[119.1081,58.2227],[118.6304,58.1752],[118.3381,58.3424],[117.6838,58.398],[117.4709,58.304],[117.313,57.847],[117.0861,57.8103],[117.6725,56.9775],[116.815,56.7262],[116.122,56.8127],[115.7108,56.9635],[115.4905,56.6199],[115.6879,56.5954],[115.8448,55.7048],[115.9717,55.3944],[116.376,55.4087],[116.7739,55.148],[116.9275,54.8259],[116.6732,54.5478],[115.6294,54.4423],[114.9665,54.0234],[113.7927,53.6297],[113.9776,53.2398],[114.3251,53.0677],[114.0878,52.6946],[113.5725,52.4535],[112.5448,52.347],[112.4054,52.2084],[112.0618,52.2772],[111.7237,52.0057],[111.125,51.8179],[110.677,51.5045],[110.0492,51.6161],[109.2472,51.366],[108.5915,51.5062],[108.3845,51.2375],[108.1873,50.6576],[108.6848,50.5166],[107.9902,50.3348],[107.7446,49.9674],[107.9465,49.9335],[107.9395,49.6632],[108.57,49.3257],[109.1606,49.3467],[110.1814,49.162],[110.7314,49.1377],[111.3385,49.3647],[112.1264,49.4399]]]}},{"type":"Feature","id":"label-RUS-2610","properties":{"kind":"division-label","code":"RUS-2610","countryCode":"RUS","name":"Zabaykalsky Krai","localName":"Читинская область","labelEnglish":"Zabaykalsky Krai","labelLocal":"Читинская область","labelBoth":"Zabaykalsky Krai · Читинская область","type":"Region","iso":"RU-ZAB","qid":"Q6838"},"geometry":{"type":"Point","coordinates":[116.559,52.159]}},{"type":"Feature","id":"RUS-2609","properties":{"kind":"division","code":"RUS-2609","countryCode":"RUS","name":"Amur","localName":"Амурская область","labelEnglish":"Amur","labelLocal":"Амурская область","labelBoth":"Amur · Амурская область","type":"Region","iso":"RU-AMU","qid":"Q6886"},"geometry":{"type":"Polygon","coordinates":[[[122.0251,53.4298],[123.6143,53.5633],[124.2327,53.3817],[124.4082,53.2357],[125.1274,53.2065],[125.7335,52.9817],[126.5312,52.1527],[126.4461,51.9825],[126.9019,51.401],[126.9318,51.0638],[127.2874,50.751],[127.3307,50.3282],[127.5784,50.2206],[127.5081,49.8223],[128.0925,49.5416],[128.7969,49.5725],[129.0879,49.3521],[129.5024,49.4108],[129.9134,49.0395],[130.2493,48.8645],[130.6253,48.8744],[130.9827,48.9722],[131.1824,49.2499],[131.3957,49.2436],[131.494,49.4114],[131.4656,50.1455],[131.2898,50.3661],[130.8655,50.4565],[130.954,50.65],[130.6451,50.6573],[131.0649,51.2457],[131.4884,51.3446],[131.4309,51.6883],[131.7278,51.6811],[132.4235,51.8599],[132.8341,52.1793],[133.3217,52.1983],[133.2795,52.6639],[134.6057,52.4176],[134.7824,52.6471],[134.6589,52.9391],[134.9564,53.2539],[134.5552,53.6209],[134.0106,53.4332],[133.5733,53.546],[133.1534,53.2912],[131.4653,53.2129],[131.4208,53.7513],[130.4465,53.8824],[130.5069,54.1198],[131.1141,54.3233],[131.1995,54.6128],[132.3977,55.0719],[132.6822,55.3675],[132.5384,55.6756],[131.8037,55.6143],[130.923,55.6786],[129.653,55.745],[129.047,55.6542],[129.042,55.48],[128.5016,55.5156],[128.2902,55.648],[127.4869,55.555],[126.9535,55.6872],[126.4342,55.555],[126.0391,55.7278],[125.5463,55.7358],[125.2477,55.8796],[124.501,55.8762],[123.8268,56.3978],[123.2893,56.4235],[122.8031,56.577],[122.5892,56.4896],[122.1596,56.7384],[121.6083,56.7412],[121.4069,56.9755],[120.3028,57.0041],[119.8984,56.8894],[119.6695,56.7707],[119.9604,56.4931],[120.5326,56.2846],[120.0616,56.1382],[120.1798,55.8742],[121.2169,56.0132],[121.3634,55.5074],[121.8832,55.6057],[121.9836,55.4764],[121.9009,54.7977],[122.1379,54.4555],[121.7313,54.4256],[121.6393,54.0157],[121.9194,53.8314],[122.0251,53.4298]]]}},{"type":"Feature","id":"label-RUS-2609","properties":{"kind":"division-label","code":"RUS-2609","countryCode":"RUS","name":"Amur","localName":"Амурская область","labelEnglish":"Amur","labelLocal":"Амурская область","labelBoth":"Amur · Амурская область","type":"Region","iso":"RU-AMU","qid":"Q6886"},"geometry":{"type":"Point","coordinates":[128.354,52.9236]}},{"type":"Feature","id":"RUS-2613","properties":{"kind":"division","code":"RUS-2613","countryCode":"RUS","name":"Jewish","localName":"Eврейская АОб","labelEnglish":"Jewish","labelLocal":"Eврейская АОб","labelBoth":"Jewish · Eврейская АОб","type":"Autonomous Region","iso":"RU-YEV","qid":"Q7730"},"geometry":{"type":"Polygon","coordinates":[[[130.6253,48.8744],[130.5333,48.6358],[130.8221,48.3338],[130.6824,48.0504],[131.0234,47.6823],[132.5247,47.7075],[132.6746,47.9506],[133.092,48.1068],[133.4637,48.0895],[133.7213,48.2448],[134.3864,48.3813],[134.7692,48.3737],[134.9866,48.5948],[134.5611,48.5977],[134.3918,48.743],[134.105,48.6327],[133.3087,48.826],[133.2012,49.1408],[132.7698,49.348],[132.3823,49.2953],[132.1198,49.4855],[131.9717,49.2363],[131.3957,49.2436],[131.1824,49.2499],[130.9827,48.9722],[130.6253,48.8744]]]}},{"type":"Feature","id":"label-RUS-2613","properties":{"kind":"division-label","code":"RUS-2613","countryCode":"RUS","name":"Jewish","localName":"Eврейская АОб","labelEnglish":"Jewish","labelLocal":"Eврейская АОб","labelBoth":"Jewish · Eврейская АОб","type":"Autonomous Region","iso":"RU-YEV","qid":"Q7730"},"geometry":{"type":"Point","coordinates":[132.758,48.64]}},{"type":"Feature","id":"RUS-2614","properties":{"kind":"division","code":"RUS-2614","countryCode":"RUS","name":"Khabarovsk Krai","localName":"Хабаровский край","labelEnglish":"Khabarovsk Krai","labelLocal":"Хабаровский край","labelBoth":"Khabarovsk Krai · Хабаровский край","type":"Territory","iso":"RU-KHA","qid":"Q7788"},"geometry":{"type":"MultiPolygon","coordinates":[[[[134.3864,48.3813],[134.7009,48.2615],[134.5672,48.0404],[134.7726,47.7107],[134.1541,47.2579],[133.9985,46.6377],[134.412,46.6775],[134.4429,46.9425],[135.1086,47.1917],[135.7459,46.9486],[135.8501,46.8109],[136.5772,46.7775],[136.9809,47.0201],[137.0937,47.2966],[137.4524,47.1984],[138.0868,47.5166],[137.3146,48.0842],[137.8433,48.2091],[138.3056,48.4446],[138.4888,48.4017],[138.5814,48.0307],[138.8256,47.8609],[138.548,47.7005],[138.6225,47.51],[139.0264,47.3894],[139.2617,47.7879],[140.1651,48.4494],[140.5608,49.5754],[140.4158,49.8627],[140.6607,50.058],[140.4429,50.5444],[140.9056,51.6154],[141.4295,51.942],[141.4143,52.2217],[141.1177,52.449],[141.2806,52.5788],[141.1318,52.9875],[141.433,53.1489],[141.0262,53.4921],[140.5812,53.6393],[140.2406,54.057],[139.797,54.2974],[139.3718,54.1959],[138.7385,54.316],[138.7606,53.9752],[138.5021,53.5435],[138.2461,53.5664],[138.5799,53.8283],[138.5786,53.9993],[137.9182,53.5866],[137.3351,53.5294],[137.7713,53.9435],[137.3201,54.0495],[137.6846,54.2766],[137.0614,54.1457],[137.2909,54.0357],[137.1079,53.8079],[136.6847,53.8085],[136.8833,54.5914],[135.7502,54.571],[135.2651,54.7217],[135.2196,54.8941],[135.8689,55.1739],[136.319,55.4866],[137.572,56.1165],[138.6616,56.9779],[139.7897,57.4827],[139.9815,57.6877],[140.4957,57.8448],[140.9043,58.3828],[141.5837,58.6177],[142.2624,59.1246],[143.1597,59.3539],[143.9039,59.4227],[145.0008,59.3696],[145.957,59.4167],[145.825,59.2413],[146.323,59.18],[146.4396,59.4604],[146.8866,59.3647],[147.0753,59.4109],[147.1409,59.8486],[146.7868,59.901],[146.3742,60.2712],[145.793,60.1982],[145.6202,60.5573],[146.1499,60.7356],[146.4644,60.7087],[146.7473,61.1149],[146.5834,61.6355],[145.7432,62.0582],[145.4533,61.9565],[144.7451,62.0469],[144.2314,61.736],[143.9322,61.9857],[143.1265,62.1011],[142.9278,61.9008],[142.4375,61.8697],[141.8615,62.0271],[141.3021,62.4312],[140.7047,62.5727],[140.3408,62.3808],[140.287,62.0626],[140.0149,61.9843],[139.5482,61.4817],[138.719,61.3371],[138.1828,60.8894],[138.4289,60.7023],[138.2005,60.2313],[138.2735,59.7273],[137.6157,59.7398],[137.1825,59.4456],[136.7587,59.3546],[135.791,59.5343],[135.2091,59.1223],[133.429,59.2756],[132.8612,59.108],[132.5642,58.6399],[132.1286,58.4894],[132.0393,58.0196],[131.4769,58.1675],[132.0348,57.6909],[131.6931,57.5605],[131.5986,57.2958],[131.1017,57.2309],[131.7511,56.8429],[131.6,56.4566],[131.1844,56.4679],[130.8617,55.8889],[130.923,55.6786],[131.8037,55.6143],[132.5384,55.6756],[132.6822,55.3675],[132.3977,55.0719],[131.1995,54.6128],[131.1141,54.3233],[130.5069,54.1198],[130.4465,53.8824],[131.4208,53.7513],[131.4653,53.2129],[133.1534,53.2912],[133.5733,53.546],[134.0106,53.4332],[134.5552,53.6209],[134.9564,53.2539],[134.6589,52.9391],[134.7824,52.6471],[134.6057,52.4176],[133.2795,52.6639],[133.3217,52.1983],[132.8341,52.1793],[132.4235,51.8599],[131.7278,51.6811],[131.4309,51.6883],[131.4884,51.3446],[131.0649,51.2457],[130.6451,50.6573],[130.954,50.65],[130.8655,50.4565],[131.2898,50.3661],[131.4656,50.1455],[131.494,49.4114],[131.3957,49.2436],[131.9717,49.2363],[132.1198,49.4855],[132.3823,49.2953],[132.7698,49.348],[133.2012,49.1408],[133.3087,48.826],[134.105,48.6327],[134.3918,48.743],[134.5611,48.5977],[134.9866,48.5948],[134.7692,48.3737],[134.3864,48.3813]]],[[[137.1712,55.1195],[136.6704,54.9073],[137.0179,54.9204],[137.1712,55.1195]]],[[[138.0467,55.0581],[137.6061,55.2001],[137.2259,54.7778],[137.4854,54.8793],[137.7061,54.625],[137.9862,54.7974],[138.0467,55.0581]]]]}},{"type":"Feature","id":"label-RUS-2614","properties":{"kind":"division-label","code":"RUS-2614","countryCode":"RUS","name":"Khabarovsk Krai","localName":"Хабаровский край","labelEnglish":"Khabarovsk Krai","labelLocal":"Хабаровский край","labelBoth":"Khabarovsk Krai · Хабаровский край","type":"Territory","iso":"RU-KHA","qid":"Q7788"},"geometry":{"type":"Point","coordinates":[135.443,57.0232]}},{"type":"Feature","id":"RUS-2611","properties":{"kind":"division","code":"RUS-2611","countryCode":"RUS","name":"Primorsky Krai","localName":"Приморский край","labelEnglish":"Primorsky Krai","labelLocal":"Приморский край","labelBoth":"Primorsky Krai · Приморский край","type":"Territory","iso":"RU-PRI","qid":"Q4341"},"geometry":{"type":"Polygon","coordinates":[[[133.9985,46.6377],[133.9025,46.259],[133.6874,46.1418],[133.4252,45.5804],[133.1402,45.4354],[132.9534,45.0244],[131.9697,45.2338],[131.818,45.3328],[131.4195,44.959],[130.9334,44.8417],[131.0658,44.682],[131.2645,44.0542],[131.1703,43.7811],[131.2528,43.4692],[130.9924,42.8487],[130.4072,42.7354],[130.5308,42.5305],[130.7,42.2951],[130.8696,42.5355],[130.6567,42.6641],[131.2012,42.614],[131.3862,42.9143],[131.7307,43.1741],[131.9522,43.072],[132.3054,43.319],[132.2893,42.8827],[132.7398,42.9072],[133.1577,42.6884],[133.9268,42.8827],[134.1937,43.0798],[135.1399,43.5084],[135.4879,43.8327],[135.4636,43.9497],[135.8887,44.4015],[136.1226,44.4755],[136.8255,45.2041],[137.6715,45.7946],[138.1004,46.228],[138.5348,46.9866],[139.0264,47.3894],[138.6225,47.51],[138.548,47.7005],[138.8256,47.8609],[138.5814,48.0307],[138.4888,48.4017],[138.3056,48.4446],[137.8433,48.2091],[137.3146,48.0842],[138.0868,47.5166],[137.4524,47.1984],[137.0937,47.2966],[136.9809,47.0201],[136.5772,46.7775],[135.8501,46.8109],[135.7459,46.9486],[135.1086,47.1917],[134.4429,46.9425],[134.412,46.6775],[133.9985,46.6377]]]}},{"type":"Feature","id":"label-RUS-2611","properties":{"kind":"division-label","code":"RUS-2611","countryCode":"RUS","name":"Primorsky Krai","localName":"Приморский край","labelEnglish":"Primorsky Krai","labelLocal":"Приморский край","labelBoth":"Primorsky Krai · Приморский край","type":"Territory","iso":"RU-PRI","qid":"Q4341"},"geometry":{"type":"Point","coordinates":[134.594,44.8622]}},{"type":"Feature","id":"RUS-2398","properties":{"kind":"division","code":"RUS-2398","countryCode":"RUS","name":"Tyumen","localName":"Тюменская область","labelEnglish":"Tyumen","labelLocal":"Тюменская область","labelBoth":"Tyumen · Тюменская область","type":"Region","iso":"RU-TYU","qid":"Q5824"},"geometry":{"type":"Polygon","coordinates":[[[68.7342,55.3517],[69.6739,55.334],[70.197,55.1335],[70.4686,55.2855],[70.7471,55.5903],[70.4876,55.8541],[70.8467,55.9634],[70.7703,56.2959],[71.0448,56.6947],[71.5567,56.7322],[71.6523,56.9226],[71.0798,57.3444],[70.7285,57.1936],[70.4362,57.4093],[70.6752,57.5113],[70.4361,57.9338],[70.8646,58.5346],[71.3016,58.3851],[71.2494,58.0765],[71.9889,58.1227],[72.1491,58.0262],[72.8612,58.0105],[73.0874,58.1463],[74.2063,58.1336],[75.1052,58.581],[75.1595,58.6502],[73.0321,58.8631],[72.8633,59.1574],[72.6569,59.107],[71.9998,59.5658],[71.1934,59.9051],[70.3985,59.8175],[69.3061,59.9889],[69.2952,59.7829],[68.5434,59.5509],[68.3581,59.2829],[67.7422,59.2119],[67.0709,58.9249],[66.7737,58.9297],[66.7407,58.6696],[65.9345,58.6144],[66.1966,58.0325],[64.8393,57.6407],[64.9954,56.7683],[65.1567,56.2933],[65.6671,56.2735],[66.0279,55.9903],[67.3037,55.9545],[67.4467,55.735],[68.1895,55.7002],[68.1739,55.596],[68.7342,55.3517]]]}},{"type":"Feature","id":"label-RUS-2398","properties":{"kind":"division-label","code":"RUS-2398","countryCode":"RUS","name":"Tyumen","localName":"Тюменская область","labelEnglish":"Tyumen","labelLocal":"Тюменская область","labelBoth":"Tyumen · Тюменская область","type":"Region","iso":"RU-TYU","qid":"Q5824"},"geometry":{"type":"Point","coordinates":[68.5186,57.2639]}},{"type":"Feature","id":"RUS-2380","properties":{"kind":"division","code":"RUS-2380","countryCode":"RUS","name":"Kurgan","localName":"Курганская область","labelEnglish":"Kurgan","labelLocal":"Курганская область","labelBoth":"Kurgan · Курганская область","type":"Region","iso":"RU-KGN","qid":"Q5741"},"geometry":{"type":"Polygon","coordinates":[[[68.7342,55.3517],[68.1739,55.596],[68.1895,55.7002],[67.4467,55.735],[67.3037,55.9545],[66.0279,55.9903],[65.6671,56.2735],[65.1567,56.2933],[64.9954,56.7683],[64.337,56.7527],[64.1733,56.4684],[63.4085,56.6241],[62.6051,56.5],[62.0827,56.291],[62.0718,56.1335],[62.5868,55.5091],[62.1658,55.4068],[62.2054,55],[61.9891,55.0352],[62.1472,54.6444],[63.1921,54.6864],[63.0995,54.3116],[63.3286,54.1631],[63.9804,54.3037],[64.9106,54.4027],[65.2129,54.343],[65.4498,54.6275],[66.0978,54.6372],[68.1661,54.9561],[68.2624,55.194],[68.7342,55.3517]]]}},{"type":"Feature","id":"label-RUS-2380","properties":{"kind":"division-label","code":"RUS-2380","countryCode":"RUS","name":"Kurgan","localName":"Курганская область","labelEnglish":"Kurgan","labelLocal":"Курганская область","labelBoth":"Kurgan · Курганская область","type":"Region","iso":"RU-KGN","qid":"Q5741"},"geometry":{"type":"Point","coordinates":[65.3505,55.4316]}},{"type":"Feature","id":"RUS-2397","properties":{"kind":"division","code":"RUS-2397","countryCode":"RUS","name":"Omsk","localName":"Омская область","labelEnglish":"Omsk","labelLocal":"Омская область","labelBoth":"Omsk · Омская область","type":"Region","iso":"RU-OMS","qid":"Q5835"},"geometry":{"type":"Polygon","coordinates":[[[70.4686,55.2855],[70.8204,55.2941],[71.006,54.7742],[71.1803,54.7274],[71.1823,54.1016],[71.3206,54.201],[72.077,54.1483],[72.2219,54.3332],[72.4556,53.9053],[72.6242,54.135],[73.0628,53.9791],[73.518,53.956],[73.2297,53.6624],[73.4507,53.4486],[73.9367,53.6395],[74.4091,53.4776],[74.4535,53.685],[75.0279,53.8079],[75.6912,54.1131],[75.8304,54.6015],[75.0975,55.3818],[75.311,55.5002],[75.0888,55.7592],[75.7759,56.1441],[76.319,56.1913],[76.0597,56.4792],[76.2842,56.7262],[76.1087,57.2503],[75.5805,57.675],[75.5428,57.9409],[75.0929,58.1101],[75.1052,58.581],[74.2063,58.1336],[73.0874,58.1463],[72.8612,58.0105],[72.1491,58.0262],[71.9889,58.1227],[71.2494,58.0765],[71.3016,58.3851],[70.8646,58.5346],[70.4361,57.9338],[70.6752,57.5113],[70.4362,57.4093],[70.7285,57.1936],[71.0798,57.3444],[71.6523,56.9226],[71.5567,56.7322],[71.0448,56.6947],[70.7703,56.2959],[70.8467,55.9634],[70.4876,55.8541],[70.7471,55.5903],[70.4686,55.2855]]]}},{"type":"Feature","id":"label-RUS-2397","properties":{"kind":"division-label","code":"RUS-2397","countryCode":"RUS","name":"Omsk","localName":"Омская область","labelEnglish":"Omsk","labelLocal":"Омская область","labelBoth":"Omsk · Омская область","type":"Region","iso":"RU-OMS","qid":"Q5835"},"geometry":{"type":"Point","coordinates":[73.3995,56.0471]}},{"type":"Feature","id":"RUS-2403","properties":{"kind":"division","code":"RUS-2403","countryCode":"RUS","name":"Novosibirsk","localName":"Новосибирская область","labelEnglish":"Novosibirsk","labelLocal":"Новосибирская область","labelBoth":"Novosibirsk · Новосибирская область","type":"Region","iso":"RU-NVS","qid":"Q5851"},"geometry":{"type":"Polygon","coordinates":[[[75.6912,54.1131],[76.8524,54.4612],[76.5257,53.9613],[77.7847,53.3274],[78.2161,53.6034],[78.6269,53.5294],[78.8857,53.6821],[79.4419,53.693],[79.8665,53.9325],[80.6554,54.2043],[80.9248,54.3961],[81.1119,54.1517],[81.5495,53.9376],[81.8546,53.9686],[81.8457,53.7098],[82.4855,53.4686],[82.733,53.7869],[83.1832,54.0622],[84.2656,54.2157],[84.4459,54.1398],[85.0794,54.4694],[84.8826,54.9853],[84.8755,55.3885],[84.4104,56.0441],[83.9511,56.0049],[83.645,55.7012],[83.2232,55.737],[83.4066,55.8935],[83.0725,56.2385],[83.096,56.5493],[82.3424,56.3556],[81.5574,56.2583],[81.1223,56.5326],[80.3103,56.4386],[79.5898,56.9286],[78.4443,57.1613],[76.9185,57.1879],[76.1087,57.2503],[76.2842,56.7262],[76.0597,56.4792],[76.319,56.1913],[75.7759,56.1441],[75.0888,55.7592],[75.311,55.5002],[75.0975,55.3818],[75.8304,54.6015],[75.6912,54.1131]]]}},{"type":"Feature","id":"label-RUS-2403","properties":{"kind":"division-label","code":"RUS-2403","countryCode":"RUS","name":"Novosibirsk","localName":"Новосибирская область","labelEnglish":"Novosibirsk","labelLocal":"Новосибирская область","labelBoth":"Novosibirsk · Новосибирская область","type":"Region","iso":"RU-NVS","qid":"Q5851"},"geometry":{"type":"Point","coordinates":[80.0832,55.3139]}},{"type":"Feature","id":"RUS-2379","properties":{"kind":"division","code":"RUS-2379","countryCode":"RUS","name":"Chelyabinsk","localName":"Челябинская область","labelEnglish":"Chelyabinsk","labelLocal":"Челябинская область","labelBoth":"Chelyabinsk · Челябинская область","type":"Region","iso":"RU-CHE","qid":"Q5714"},"geometry":{"type":"Polygon","coordinates":[[[63.3286,54.1631],[63.0995,54.3116],[63.1921,54.6864],[62.1472,54.6444],[61.9891,55.0352],[62.2054,55],[62.1658,55.4068],[62.5868,55.5091],[62.0718,56.1335],[61.642,56.3194],[61.1503,56.217],[60.2396,56.2092],[59.1221,56.3172],[59.0263,56.1694],[59.2961,56.1309],[59.165,55.7899],[59.5649,55.4996],[58.7462,55.2679],[58.6195,54.9497],[58.2879,55.1707],[57.9652,54.9326],[58.0302,55.2748],[57.518,55.334],[57.1369,55.0921],[57.1651,54.819],[57.988,54.3985],[58.3637,54.5475],[58.6138,54.4703],[59.2278,54.6112],[59.6315,54.9111],[59.9746,54.8014],[59.6795,54.4981],[59.6939,54.1291],[59.344,54.1851],[58.9214,53.9237],[58.7237,52.6451],[58.828,52.4327],[59.175,52.2774],[59.2486,52.4868],[60.1486,52.4205],[59.9137,52.1004],[60.0298,51.9926],[60.6722,52.1443],[61.0399,52.335],[60.6768,52.6636],[61.0584,52.9222],[61.478,53.0123],[62.0942,52.9925],[62.0507,53.1248],[61.2029,53.2764],[61.3161,53.5452],[61.0076,53.6357],[61.1935,54.0183],[61.6005,53.9502],[62.5506,54.0268],[63.3286,54.1631]]]}},{"type":"Feature","id":"label-RUS-2379","properties":{"kind":"division-label","code":"RUS-2379","countryCode":"RUS","name":"Chelyabinsk","localName":"Челябинская область","labelEnglish":"Chelyabinsk","labelLocal":"Челябинская область","labelBoth":"Chelyabinsk · Челябинская область","type":"Region","iso":"RU-CHE","qid":"Q5714"},"geometry":{"type":"Point","coordinates":[60.2383,54.1131]}},{"type":"Feature","id":"RUS-2399","properties":{"kind":"division","code":"RUS-2399","countryCode":"RUS","name":"Altai Republic","localName":"Алтайский край","labelEnglish":"Altai Republic","labelLocal":"Алтайский край","labelBoth":"Altai Republic · Алтайский край","type":"Territory","iso":"RU-ALT","qid":"Q5971"},"geometry":{"type":"Polygon","coordinates":[[[77.7847,53.3274],[78.4765,52.6379],[79.3043,51.6864],[79.9901,50.7881],[80.439,50.9581],[80.4344,51.2006],[80.6828,51.302],[81.1472,51.136],[81.0583,50.9471],[81.4008,50.9591],[81.4602,50.7303],[81.7635,50.7843],[82.4758,50.714],[82.7645,50.9067],[83.434,50.9927],[83.8205,50.868],[84.0886,50.6346],[84.5416,50.6911],[84.517,50.9538],[84.018,51.0638],[85.0077,51.489],[85.2391,51.4708],[85.7454,51.7297],[85.9396,52.075],[86.4399,52.0229],[86.7544,52.1087],[86.6177,52.3717],[86.8498,52.6512],[87.1732,52.6116],[86.9445,52.8624],[87.077,53.0752],[86.7052,53.1963],[87.0054,53.5081],[86.4548,53.614],[86.1175,54.0002],[85.4348,54.2115],[85.0794,54.4694],[84.4459,54.1398],[84.2656,54.2157],[83.1832,54.0622],[82.733,53.7869],[82.4855,53.4686],[81.8457,53.7098],[81.8546,53.9686],[81.5495,53.9376],[81.1119,54.1517],[80.9248,54.3961],[80.6554,54.2043],[79.8665,53.9325],[79.4419,53.693],[78.8857,53.6821],[78.6269,53.5294],[78.2161,53.6034],[77.7847,53.3274]]]}},{"type":"Feature","id":"label-RUS-2399","properties":{"kind":"division-label","code":"RUS-2399","countryCode":"RUS","name":"Altai Republic","localName":"Алтайский край","labelEnglish":"Altai Republic","labelLocal":"Алтайский край","labelBoth":"Altai Republic · Алтайский край","type":"Territory","iso":"RU-ALT","qid":"Q5971"},"geometry":{"type":"Point","coordinates":[82.8667,52.4268]}},{"type":"Feature","id":"RUS-2391","properties":{"kind":"division","code":"RUS-2391","countryCode":"RUS","name":"Orenburg","localName":"Оренбургская область","labelEnglish":"Orenburg","labelLocal":"Оренбургская область","labelBoth":"Orenburg · Оренбургская область","type":"Region","iso":"RU-ORE","qid":"Q5338"},"geometry":{"type":"Polygon","coordinates":[[[60.0298,51.9926],[59.9137,52.1004],[60.1486,52.4205],[59.2486,52.4868],[59.175,52.2774],[58.828,52.4327],[58.941,52.2992],[58.6061,52.1805],[58.5225,51.7643],[58.1409,51.7443],[57.6526,51.8633],[57.1847,51.5722],[56.7342,51.9013],[56.1041,52.6477],[55.7776,52.3436],[55.5187,52.4209],[55.4067,52.8371],[55.1618,52.8232],[54.8397,53.2678],[54.1084,53.4166],[53.6558,53.7524],[53.4705,54.0457],[53.0672,54.0735],[53.1096,54.2517],[52.5385,54.3773],[52.2715,54.3266],[52.4748,54.045],[52.0792,53.5012],[52.1926,53.3752],[52.0609,52.9997],[51.5452,52.6814],[51.4152,52.1027],[50.767,51.7594],[51.3719,51.6296],[51.3042,51.4716],[51.7823,51.4929],[51.8692,51.6731],[52.3349,51.7637],[52.5058,51.4789],[53.3463,51.503],[53.6739,51.2199],[53.9359,51.1856],[54.4786,50.8535],[54.5455,50.5305],[54.6763,50.6025],[54.6382,51.0277],[55.0477,50.8842],[55.66,50.53],[56.0789,50.7248],[56.508,51.0663],[57.1682,51.0938],[57.3527,50.886],[57.6892,50.8967],[57.7688,51.1197],[58.3084,51.15],[58.9259,50.6781],[59.7747,50.5337],[60.0213,50.8541],[60.3004,50.6847],[60.7185,50.6527],[61.3721,50.7825],[61.6463,51.2632],[60.9374,51.6112],[60.3551,51.6714],[60.4798,51.7843],[60.0298,51.9926]]]}},{"type":"Feature","id":"label-RUS-2391","properties":{"kind":"division-label","code":"RUS-2391","countryCode":"RUS","name":"Orenburg","localName":"Оренбургская область","labelEnglish":"Orenburg","labelLocal":"Оренбургская область","labelBoth":"Orenburg · Оренбургская область","type":"Region","iso":"RU-ORE","qid":"Q5338"},"geometry":{"type":"Point","coordinates":[56.2149,51.5157]}},{"type":"Feature","id":"RUS-2393","properties":{"kind":"division","code":"RUS-2393","countryCode":"RUS","name":"Saratov","localName":"Саратовская область","labelEnglish":"Saratov","labelLocal":"Саратовская область","labelBoth":"Saratov · Саратовская область","type":"Region","iso":"RU-SAR","qid":"Q5334"},"geometry":{"type":"Polygon","coordinates":[[[50.767,51.7594],[50.7315,51.914],[49.8123,52.1931],[49.2057,52.5077],[48.8907,52.411],[48.437,52.7804],[47.7775,52.6803],[47.7078,52.5812],[46.8307,52.6163],[46.2888,52.6719],[45.9806,52.4072],[45.528,52.4808],[45.0328,52.3209],[44.5481,52.5524],[44.3467,52.3161],[43.747,52.4334],[43.0796,52.4027],[42.7515,52.1738],[42.4892,51.6077],[42.8729,51.2313],[43.3298,51.0177],[44.1818,51.1166],[44.4392,51.2105],[45.0425,51.1263],[45.3081,50.8768],[45.2411,50.5863],[45.6837,50.617],[45.8895,50.7586],[46.0653,50.5437],[46.4608,50.5469],[46.5703,50.6944],[47.4345,50.3765],[47.6247,50.4408],[48.4176,49.8117],[48.8857,50.0199],[48.6734,50.5795],[49.4084,50.8483],[49.4231,51.102],[49.7791,51.1022],[50.3489,51.3226],[50.767,51.7594]]]}},{"type":"Feature","id":"label-RUS-2393","properties":{"kind":"division-label","code":"RUS-2393","countryCode":"RUS","name":"Saratov","localName":"Саратовская область","labelEnglish":"Saratov","labelLocal":"Саратовская область","labelBoth":"Saratov · Саратовская область","type":"Region","iso":"RU-SAR","qid":"Q5334"},"geometry":{"type":"Point","coordinates":[46.6368,51.6742]}},{"type":"Feature","id":"RUS-2388","properties":{"kind":"division","code":"RUS-2388","countryCode":"RUS","name":"Astrakhan","localName":"Астраханская область","labelEnglish":"Astrakhan","labelLocal":"Астраханская область","labelBoth":"Astrakhan · Астраханская область","type":"Region","iso":"RU-AST","qid":"Q3941"},"geometry":{"type":"Polygon","coordinates":[[[46.6202,48.6696],[46.298,48.84],[45.9483,48.8359],[45.6087,48.5928],[45.2074,48.5253],[44.9874,48.2682],[45.3006,48.0977],[45.707,47.9084],[46.1163,47.5024],[46.5113,47.4064],[46.8009,47.0036],[47.2135,46.7423],[46.5044,46.2738],[46.8756,46.2339],[46.8455,46.0755],[47.1738,46.1048],[46.889,45.5783],[47.3736,45.6842],[47.4964,45.5653],[47.6262,45.7091],[48.1799,45.7397],[48.5734,45.9711],[48.7914,45.8409],[48.7141,46.1296],[49.2271,46.3279],[48.4551,46.6608],[49.0063,46.7691],[48.5251,47.4102],[48.0445,47.7697],[47.4353,47.8344],[47.3597,47.6833],[47.0442,47.9862],[47.1121,48.2422],[46.4793,48.4102],[46.6202,48.6696]]]}},{"type":"Feature","id":"label-RUS-2388","properties":{"kind":"division-label","code":"RUS-2388","countryCode":"RUS","name":"Astrakhan","localName":"Астраханская область","labelEnglish":"Astrakhan","labelLocal":"Астраханская область","labelBoth":"Astrakhan · Астраханская область","type":"Region","iso":"RU-AST","qid":"Q3941"},"geometry":{"type":"Point","coordinates":[47.7227,47.0334]}},{"type":"Feature","id":"RUS-2369","properties":{"kind":"division","code":"RUS-2369","countryCode":"RUS","name":"Volgograd","localName":"Волгоградская область","labelEnglish":"Volgograd","labelLocal":"Волгоградская область","labelBoth":"Volgograd · Волгоградская область","type":"Region","iso":"RU-VGG","qid":"Q3819"},"geometry":{"type":"Polygon","coordinates":[[[47.4345,50.3765],[46.5703,50.6944],[46.4608,50.5469],[46.0653,50.5437],[45.8895,50.7586],[45.6837,50.617],[45.2411,50.5863],[45.3081,50.8768],[45.0425,51.1263],[44.4392,51.2105],[44.1818,51.1166],[43.3298,51.0177],[42.8729,51.2313],[42.2548,51.1325],[41.8549,51.1886],[41.737,51.0257],[41.1675,50.7805],[41.5258,50.5987],[41.3621,50.2263],[41.6167,49.9622],[42.1784,49.6684],[42.0952,49.1406],[42.6628,48.9673],[42.6337,48.5516],[42.1652,48.464],[42.0298,48.0285],[42.4919,48.0136],[42.9553,47.5103],[43.7315,47.4766],[43.7052,47.6831],[44.0825,47.909],[44.3891,47.8683],[44.3059,48.2551],[44.766,48.0588],[44.9626,48.2087],[45.3006,48.0977],[44.9874,48.2682],[45.2074,48.5253],[45.6087,48.5928],[45.9483,48.8359],[46.298,48.84],[46.6202,48.6696],[47.0286,49.2015],[46.7751,49.3325],[46.8999,49.8203],[47.3087,50.0448],[47.4345,50.3765]]]}},{"type":"Feature","id":"label-RUS-2369","properties":{"kind":"division-label","code":"RUS-2369","countryCode":"RUS","name":"Volgograd","localName":"Волгоградская область","labelEnglish":"Volgograd","labelLocal":"Волгоградская область","labelBoth":"Volgograd · Волгоградская область","type":"Region","iso":"RU-VGG","qid":"Q3819"},"geometry":{"type":"Point","coordinates":[44.4488,49.5014]}},{"type":"Feature","id":"RUS-283","properties":{"kind":"division","code":"RUS-283","countryCode":"RUS","name":"Autonomous Republic of Crimea","localName":"Autonomous Republic of Crimea","labelEnglish":"Autonomous Republic of Crimea","labelLocal":"Autonomous Republic of Crimea","labelBoth":"Autonomous Republic of Crimea","type":"Autonomous Republic","iso":"UA-43","qid":"Q756294"},"geometry":{"type":"Polygon","coordinates":[[[33.6285,46.1249],[33.777,45.9296],[32.8682,45.6301],[32.5129,45.3406],[32.8993,45.3542],[33.5625,45.0939],[33.5705,44.8525],[33.8521,44.4316],[33.73,44.398],[34.3228,44.5435],[34.469,44.7298],[35.0057,44.8352],[35.634,45.1147],[35.848,44.9924],[36.4401,45.0675],[36.5833,45.4274],[35.8577,45.4694],[35.695,45.3304],[35.3322,45.3712],[35.0019,45.729],[34.6886,45.974],[33.6703,46.2181],[33.6285,46.1249]]]}},{"type":"Feature","id":"label-RUS-283","properties":{"kind":"division-label","code":"RUS-283","countryCode":"RUS","name":"Autonomous Republic of Crimea","localName":"Autonomous Republic of Crimea","labelEnglish":"Autonomous Republic of Crimea","labelLocal":"Autonomous Republic of Crimea","labelBoth":"Autonomous Republic of Crimea","type":"Autonomous Republic","iso":"UA-43","qid":"Q756294"},"geometry":{"type":"Point","coordinates":[34.2784,45.3115]}},{"type":"Feature","id":"RUS-2615","properties":{"kind":"division","code":"RUS-2615","countryCode":"RUS","name":"Magadan","localName":"Магаданская область","labelEnglish":"Magadan","labelLocal":"Магаданская область","labelBoth":"Magadan · Магаданская область","type":"Region","iso":"RU-MAG","qid":"Q7971"},"geometry":{"type":"Polygon","coordinates":[[[146.8866,59.3647],[147.546,59.2375],[147.9138,59.3905],[148.9345,59.2333],[148.8152,59.5345],[149.5977,59.7582],[150.4568,59.6126],[150.5356,59.479],[151.4246,59.5977],[151.7603,59.2993],[152.3118,59.2266],[151.0881,59.102],[151.3591,58.856],[152.0203,58.875],[152.3394,59.0555],[152.9161,58.9166],[153.3692,59.2413],[154.0487,59.0528],[154.5016,59.2179],[155.1941,59.1758],[154.9629,59.4961],[154.075,59.5092],[154.2208,59.8696],[154.9524,60.3674],[155.8298,60.729],[156.0912,61.0016],[156.6629,61.2109],[156.6795,61.524],[157.4645,61.7821],[159.3599,61.893],[159.5194,61.6746],[159.8807,61.7052],[160.3457,61.9447],[160.2851,61.5541],[159.7756,61.2422],[159.828,60.9321],[160.4442,61.0362],[160.1544,60.5763],[161.9864,61.3726],[162.5105,61.6584],[162.3112,61.9342],[162.5233,62.1008],[162.1737,62.1957],[162.7361,62.2974],[162.6727,62.7105],[162.2941,63.0673],[162.7439,63.1815],[162.678,63.3865],[162.9792,63.621],[162.7259,63.8365],[162.7942,64.148],[163.4603,64.391],[163.1369,64.7702],[162.9969,64.6487],[161.7845,64.8381],[161.2811,65.1407],[160.5366,65.162],[160.17,65.4505],[158.9217,65.743],[159.1664,66.234],[158.529,66.3594],[158.4849,66.1175],[157.7176,66.112],[157.3732,65.9256],[156.6134,66.2026],[156.3603,66.0668],[155.7522,66.1769],[154.8853,66.1336],[154.548,66.2378],[154.072,65.8003],[153.4538,65.7878],[153.4616,65.363],[152.6882,65.2334],[152.5022,64.9454],[152.7482,64.6859],[152.1688,64.3553],[152.0158,64.5037],[150.2243,64.2131],[149.8164,64.5673],[149.2371,64.4086],[148.291,64.5494],[147.9551,63.9443],[147.6095,64.1703],[147.23,64.0563],[146.4987,64.2088],[146.1087,63.9416],[145.5533,63.8241],[145.6331,63.6603],[145.2521,63.1796],[145.4798,62.548],[145.1243,62.4899],[145.1769,62.2858],[144.7451,62.0469],[145.4533,61.9565],[145.7432,62.0582],[146.5834,61.6355],[146.7473,61.1149],[146.4644,60.7087],[146.1499,60.7356],[145.6202,60.5573],[145.793,60.1982],[146.3742,60.2712],[146.7868,59.901],[147.1409,59.8486],[147.0753,59.4109],[146.8866,59.3647]]]}},{"type":"Feature","id":"label-RUS-2615","properties":{"kind":"division-label","code":"RUS-2615","countryCode":"RUS","name":"Magadan","localName":"Магаданская область","labelEnglish":"Magadan","labelLocal":"Магаданская область","labelBoth":"Magadan · Магаданская область","type":"Region","iso":"RU-MAG","qid":"Q7971"},"geometry":{"type":"Point","coordinates":[153.797,62.6257]}},{"type":"Feature","id":"RUS-2616","properties":{"kind":"division","code":"RUS-2616","countryCode":"RUS","name":"Sakhalin","localName":"Сахалинская область","labelEnglish":"Sakhalin","labelLocal":"Сахалинская область","labelBoth":"Sakhalin · Сахалинская область","type":"Region","iso":"RU-SAK","qid":"Q7797"},"geometry":{"type":"MultiPolygon","coordinates":[[[[142.5291,54.2972],[142.349,54.2719],[142.7083,53.9482],[142.8001,53.6976],[142.3074,53.3664],[142.2411,53.5294],[141.7688,53.3716],[141.9284,53.0207],[141.8438,52.5908],[141.661,52.3825],[141.6868,51.7473],[142.0789,51.4714],[142.2669,51.0743],[142.0452,50.5283],[142.1501,50.3457],[142.1597,49.678],[141.9673,48.8624],[141.8574,48.7742],[142.1387,48.3181],[142.1911,47.9667],[141.9658,47.6125],[142.0567,47.0537],[141.8223,46.6023],[141.9326,46.0358],[142.0942,45.9028],[142.4572,46.6308],[143.3931,46.5329],[143.4688,46.1733],[143.6257,46.3747],[143.5115,46.7702],[143.1729,46.7078],[143.0164,47.2536],[142.5453,47.7667],[142.5496,48.0201],[143.2586,49.3934],[144.006,49.2694],[144.5037,48.9487],[144.2827,49.2502],[144.0027,50.0128],[143.7903,50.3092],[143.5379,51.2397],[143.1631,51.874],[143.1775,52.3138],[143.3379,52.7038],[143.2901,53.1519],[142.8901,53.8131],[143.0039,54.1355],[142.7336,54.4215],[142.5291,54.2972]]],[[[146.4692,44.4288],[146.1193,44.506],[145.7288,44.0438],[145.7917,43.9486],[146.4692,44.4288]]],[[[148.7992,45.4157],[148.6211,45.4982],[148.3119,45.2753],[147.8862,45.2187],[147.4949,45.005],[146.8734,44.4899],[146.9583,44.421],[147.5554,44.8236],[147.7008,45.008],[147.9903,45.0058],[148.2158,45.1957],[148.7583,45.3127],[148.7992,45.4157]]],[[[150.3342,46.2108],[149.6673,45.8532],[149.6378,45.6109],[150.1976,45.9296],[150.5693,46.2318],[150.3342,46.2108]]],[[[156.1253,50.6375],[155.8895,50.6909],[155.7178,50.4231],[155.2019,50.2935],[155.2278,50.0548],[155.8849,50.2537],[156.1253,50.6375]]],[[[156.4605,50.8737],[156.1994,50.7805],[156.4058,50.6301],[156.4605,50.8737]]],[[[154.8367,49.6501],[154.6082,49.375],[154.8346,49.3527],[154.8367,49.6501]]]]}},{"type":"Feature","id":"label-RUS-2616","properties":{"kind":"division-label","code":"RUS-2616","countryCode":"RUS","name":"Sakhalin","localName":"Сахалинская область","labelEnglish":"Sakhalin","labelLocal":"Сахалинская область","labelBoth":"Sakhalin · Сахалинская область","type":"Region","iso":"RU-SAK","qid":"Q7797"},"geometry":{"type":"Point","coordinates":[152.467,47.3479]}},{"type":"Feature","id":"RUS-5482","properties":{"kind":"division","code":"RUS-5482","countryCode":"RUS","name":"Sevastopol","localName":"Sevastopol","labelEnglish":"Sevastopol","labelLocal":"Sevastopol","labelBoth":"Sevastopol","type":"Federal City","iso":"UA-40","qid":"Q7525"},"geometry":{"type":"Polygon","coordinates":[[[33.73,44.398],[33.8521,44.4316],[33.5705,44.8525],[33.3796,44.5645],[33.73,44.398]]]}},{"type":"Feature","id":"label-RUS-5482","properties":{"kind":"division-label","code":"RUS-5482","countryCode":"RUS","name":"Sevastopol","localName":"Sevastopol","labelEnglish":"Sevastopol","labelLocal":"Sevastopol","labelBoth":"Sevastopol","type":"Federal City","iso":"UA-40","qid":"Q7525"},"geometry":{"type":"Point","coordinates":[33.6396,44.5182]}},{"type":"Feature","id":"RUS-2321","properties":{"kind":"division","code":"RUS-2321","countryCode":"RUS","name":"Chukotka Autonomous Okrug","localName":"Chukotka Autonomous Okrug","labelEnglish":"Chukotka Autonomous Okrug","labelLocal":"Chukotka Autonomous Okrug","labelBoth":"Chukotka Autonomous Okrug","type":"Autonomous Province","iso":"RU-CHU","qid":"Q7984"},"geometry":{"type":"MultiPolygon","coordinates":[[[[-180,68.9824],[-180,68.5596],[-180,68.0609],[-180,67.5623],[-180,67.0637],[-180,66.5651],[-180,66.0665],[-180,65.5679],[-180,65.0693],[-180,65.0662],[-179.6631,65.1413],[-179.277,65.6303],[-179.7233,65.7815],[-179.7683,66.1029],[-178.7851,66.1672],[-178.9784,66.0493],[-178.5288,65.5112],[-177.4159,65.4407],[-176.9766,65.6081],[-175.9088,65.403],[-175.8647,64.9992],[-175.4115,64.7713],[-174.7231,64.8072],[-173.5982,64.3306],[-172.2202,64.4073],[-173.0395,64.6468],[-172.0931,65.0504],[-172.4016,65.681],[-172.1709,65.5274],[-171.2509,65.522],[-171.1473,65.695],[-170.5353,65.6181],[-170.5097,65.8699],[-169.7009,66.1286],[-170.1363,66.1392],[-171.3634,66.6748],[-171.7185,66.9508],[-174.5749,67.0768],[-174.0262,66.9611],[-174.0159,66.4722],[-174.4635,66.2797],[-174.4357,66.5315],[-174.9713,66.6654],[-174.686,66.7623],[-174.9076,67.0374],[-174.7564,67.3032],[-175.1596,67.3375],[-175.2865,67.6671],[-176.4995,67.8886],[-177.7047,68.3446],[-178.6999,68.5432],[-178.8448,68.7524],[-180,68.9824]]],[[[169.4465,69.8491],[168.2647,70.0241],[167.7538,69.8323],[168.8745,69.5679],[169.4465,69.8491]]],[[[-180,71.5367],[-180,71.0526],[-180,70.992],[-179.3421,70.908],[-177.9305,71.0414],[-177.4434,71.237],[-178.3948,71.5407],[-180,71.5367]]],[[[162.4318,69.6771],[162.3154,69.5468],[162.7742,69.2034],[162.8469,68.8693],[162.4176,68.3091],[161.4062,68.4118],[160.997,68.301],[159.8501,68.2774],[158.2766,68.076],[157.8059,67.7055],[157.7926,67.3579],[158.7026,67.0552],[158.9052,66.8027],[158.529,66.3594],[159.1664,66.234],[158.9217,65.743],[160.17,65.4505],[160.5366,65.162],[161.2811,65.1407],[161.7845,64.8381],[162.9969,64.6487],[163.1369,64.7702],[163.5203,64.9314],[164.2164,64.9249],[165.0037,64.6899],[165.0203,64.8367],[165.684,64.754],[165.8542,64.5597],[166.8068,64.5329],[167.237,64.6237],[167.7141,64.3407],[168.4987,64.3174],[168.8735,64.0207],[169.3444,63.9499],[169.5822,63.6434],[168.4638,63.0936],[169.1267,62.9725],[169.8425,62.6553],[170.2616,62.2854],[171.4971,62.3139],[172.0547,62.4665],[173.1822,62.3982],[173.5039,62.5341],[174.0798,62.447],[174.1165,62.0738],[174.4536,61.8148],[175.2988,62.1166],[177.2393,62.5698],[176.931,62.6944],[177.3325,62.8068],[177.3068,62.5821],[178.061,62.5411],[178.9382,62.366],[179.6091,62.7056],[179.2495,62.9847],[179.2996,63.2146],[178.5955,63.4113],[178.6569,63.9492],[178.2826,64.354],[178,64.2104],[177.4536,64.4206],[177.4919,64.7675],[176.7274,64.5792],[176.0387,64.9218],[177.2977,64.8384],[178.2179,64.6583],[179.4787,64.8227],[180,65.0662],[180,65.0693],[180,65.5679],[180,66.0665],[180,66.5651],[180,67.0637],[180,67.5623],[180,68.0609],[180,68.5596],[180,68.9811],[178.3649,69.4868],[175.5297,69.8563],[174.0261,69.884],[170.6109,70.1163],[170.5842,69.5996],[170.9131,69.3041],[170.8944,68.9932],[169.6255,68.7772],[169.3042,69.0977],[168.2883,69.2427],[168.241,69.5583],[167.802,69.7752],[166.9387,69.5021],[165.6747,69.596],[164.8343,69.5674],[164.027,69.7738],[163.773,69.6944],[162.4318,69.6771]]],[[[180,70.9924],[180,71.0526],[180,71.5364],[178.9054,71.237],[178.6227,71.0377],[178.832,70.8085],[180,70.9924]]]]}},{"type":"Feature","id":"label-RUS-2321","properties":{"kind":"division-label","code":"RUS-2321","countryCode":"RUS","name":"Chukotka Autonomous Okrug","localName":"Chukotka Autonomous Okrug","labelEnglish":"Chukotka Autonomous Okrug","labelLocal":"Chukotka Autonomous Okrug","labelBoth":"Chukotka Autonomous Okrug","type":"Autonomous Province","iso":"RU-CHU","qid":"Q7984"},"geometry":{"type":"Point","coordinates":[170.516,66.7517]}},{"type":"Feature","id":"RUS-2382","properties":{"kind":"division","code":"RUS-2382","countryCode":"RUS","name":"Yamalo-Nenets Autonomous Okrug","localName":"Ямало-Ненецкий АОк","labelEnglish":"Yamalo-Nenets Autonomous Okrug","labelLocal":"Ямало-Ненецкий АОк","labelBoth":"Yamalo-Nenets Autonomous Okrug · Ямало-Ненецкий АОк","type":"Autonomous Province","iso":"RU-YAN","qid":"Q6407"},"geometry":{"type":"MultiPolygon","coordinates":[[[[70.1306,66.5563],[69.4246,66.7684],[69.8796,66.477],[70.1306,66.5563]]],[[[65.0379,69.2711],[64.5541,68.8714],[65.3149,68.8033],[65.4805,68.4304],[65.2727,68.2164],[65.4366,67.92],[66.0831,67.9336],[66.11,67.4888],[65.1902,67.145],[65.1162,66.9083],[63.4397,66.4851],[62.8214,66.0125],[62.8386,65.8693],[62.0185,65.7171],[62.5165,65.3388],[62.8167,65.2916],[62.532,64.56],[63.2148,64.526],[63.6114,64.2685],[65.3997,64.5714],[66.1461,64.5859],[66.9363,64.487],[66.8187,64.2256],[67.8093,64.032],[68.425,64.296],[68.8821,64.2226],[68.8592,64.4357],[69.2441,64.4658],[70.7689,64.1936],[70.5697,64.0154],[70.9339,63.6845],[71.5691,63.5514],[71.608,63.1852],[72.655,63.2802],[73.1038,63.4363],[73.3681,63.2069],[74.2411,63.172],[74.5074,63.0432],[75.8027,63.114],[76.2894,62.95],[77.0262,62.975],[77.327,62.7104],[78.0389,62.4644],[78.7931,62.6151],[79.8201,62.6037],[79.9147,62.792],[81.0747,63.1174],[81.3492,62.8212],[81.8398,62.6919],[82.0735,62.8],[82.7327,62.7572],[83.3107,62.457],[83.7982,62.5603],[84.4357,62.178],[85.584,63.0539],[85.6406,63.3742],[85.0967,63.5342],[85.5335,63.9367],[85.9482,64.0534],[85.859,64.7564],[85.1844,64.7508],[84.8198,64.9307],[84.2789,64.9403],[84.5856,65.3111],[84.3194,65.6844],[83.5923,65.7754],[83.2961,66.0583],[83.5246,66.173],[83.091,66.4592],[83.1619,66.818],[82.1173,67.2438],[82.389,67.5342],[81.7256,67.9238],[82.3536,67.9435],[82.6806,68.2828],[82.4689,68.5766],[83.0281,68.6614],[82.5909,68.8106],[82.4432,69.1669],[81.9294,69.3493],[80.9669,69.2091],[79.8646,69.3486],[78.9129,69.8609],[80.7528,70.6352],[80.5501,71.0444],[79.1431,71.4217],[79.3827,71.615],[80.1188,71.6749],[80.3391,71.8898],[78.6968,72.1803],[78.5028,72.3819],[78.1245,72.3846],[77.4645,72.0676],[77.9378,72.1181],[78.1095,71.8804],[77.5846,71.8311],[76.9461,72.0443],[75.9968,71.9079],[76.3255,71.5595],[77.6709,71.2861],[78.279,71.2589],[78.4553,70.8947],[77.7827,71.1425],[76.0173,71.237],[75.2284,71.4045],[75.5329,71.5423],[75.2868,71.9599],[75.7212,72.2496],[75.3189,72.8192],[74.7476,72.8083],[75.1111,72.3464],[74.9284,72.0981],[73.5259,71.8222],[73.0334,71.4057],[73.5562,71.2551],[74.3162,70.5203],[73.7345,70.1809],[73.516,69.7464],[73.8996,69.414],[73.7518,69.1835],[75.1071,69.1039],[75.5086,69.2614],[76.7549,69.1247],[77.6826,68.8858],[77.7151,68.621],[78.1726,68.2744],[77.537,68.1286],[77.4942,67.7513],[78.9805,67.6107],[78.047,67.5435],[77.1203,67.7685],[77.3159,68.5306],[76.3757,68.994],[75.1907,68.8748],[74.4544,68.694],[74.3316,68.3856],[74.7014,68.1807],[74.7303,67.6863],[73.8996,67.2962],[73.8713,67.0063],[73.4924,66.8234],[72.4937,66.6188],[72.3762,66.3413],[71.9901,66.2308],[71.1455,66.3656],[70.3626,66.3344],[69.1126,66.6188],[68.965,66.8096],[69.8366,66.8163],[70.6887,66.5154],[71.5769,66.6588],[71.5149,66.8785],[72.2313,67.1692],[72.6117,67.6259],[73.1514,67.7319],[73.0908,68.2143],[73.6444,68.5019],[72.5774,68.9404],[72.5017,69.6467],[72.6917,69.8369],[72.4341,70.2657],[72.7713,70.4252],[72.6707,71.109],[71.8381,71.5324],[72.2093,71.6147],[72.8649,72.2717],[72.8369,72.7099],[71.5632,72.916],[69.5882,72.8785],[68.9891,72.7059],[68.4789,71.8362],[67.9473,71.5276],[66.927,71.2984],[66.6887,70.7698],[67.257,70.8256],[67.2517,70.0212],[66.8742,69.9959],[66.7868,69.6029],[67.1018,69.6928],[68.0402,69.4897],[68.4872,68.9702],[69.0974,68.9411],[68.9235,68.6373],[68.2881,68.1883],[68.2586,68.3339],[67.0555,68.7814],[67.1291,68.8386],[65.7162,69.0798],[65.0379,69.2711]]],[[[78.2791,72.5522],[77.6102,72.6347],[76.9126,72.3721],[77.5864,72.2853],[78.2791,72.5522]]],[[[74.7254,73.1071],[74.0933,73.0278],[74.7083,72.9017],[74.7254,73.1071]]],[[[71.6691,73.2275],[70.9487,73.5175],[69.9593,73.3988],[69.8748,73.0383],[71.6691,73.2275]]]]}},{"type":"Feature","id":"label-RUS-2382","properties":{"kind":"division-label","code":"RUS-2382","countryCode":"RUS","name":"Yamalo-Nenets Autonomous Okrug","localName":"Ямало-Ненецкий АОк","labelEnglish":"Yamalo-Nenets Autonomous Okrug","labelLocal":"Ямало-Ненецкий АОк","labelBoth":"Yamalo-Nenets Autonomous Okrug · Ямало-Ненецкий АОк","type":"Autonomous Province","iso":"RU-YAN","qid":"Q6407"},"geometry":{"type":"Point","coordinates":[75.1874,65.4117]}},{"type":"Feature","id":"RUS-2381","properties":{"kind":"division","code":"RUS-2381","countryCode":"RUS","name":"Nenets Autonomous Okrug","localName":"Ненецкий АОк","labelEnglish":"Nenets Autonomous Okrug","labelLocal":"Ненецкий АОк","labelBoth":"Nenets Autonomous Okrug · Ненецкий АОк","type":"Autonomous Province","iso":"RU-NEN","qid":"Q2164"},"geometry":{"type":"MultiPolygon","coordinates":[[[[44.2142,66.4081],[45.7413,66.0679],[46.3475,66.028],[47.1104,65.8212],[47.6608,65.8081],[48.1563,66.1303],[49.006,66.1191],[51.5102,66.7833],[51.4946,66.9074],[52.2455,67.0891],[53.7725,66.9985],[58.7896,66.9997],[61.6248,67.0117],[62.8213,67.388],[62.8712,67.5796],[63.9442,67.8837],[63.829,68.0172],[64.5303,68.2001],[64.7451,68.4045],[65.4805,68.4304],[65.3149,68.8033],[64.5541,68.8714],[65.0379,69.2711],[64.1276,69.5501],[62.6312,69.7421],[60.7703,69.8491],[60.1388,69.5779],[60.9072,68.9274],[60.4666,68.7223],[59.7736,68.6682],[59.6748,68.3362],[59.1095,68.4047],[59.4155,68.7667],[58.8788,69.0031],[57.9779,68.853],[57.3298,68.5648],[55.9526,68.654],[54.9367,68.3984],[54.864,68.1851],[53.2389,68.2535],[53.9319,68.391],[53.7205,68.6569],[54.0262,68.8454],[53.437,68.9182],[52.2887,68.6154],[52.7313,68.4742],[52.1356,68.3793],[52.2171,68.5848],[50.4347,68.2205],[48.7778,67.7274],[47.8247,67.5603],[47.7256,67.0009],[46.5833,66.8155],[45.8532,66.887],[45.5939,67.1582],[44.9517,67.3207],[45.3504,67.7304],[46.722,67.8449],[46.5349,68.1326],[45.9439,68.4462],[45.3064,68.5453],[43.3257,68.6137],[44.2444,68.2557],[43.8153,67.1775],[44.287,67.0878],[44.4878,66.6762],[44.2142,66.4081]]],[[[50.323,69.1505],[49.2717,69.508],[48.3042,69.2768],[48.2188,68.9092],[48.5921,68.7309],[49.7197,68.89],[50.323,69.1505]]],[[[60.5398,69.8187],[60.4759,69.9205],[59.0236,70.4798],[58.5223,70.3311],[58.5705,70.0788],[59.4315,69.8895],[59.5635,69.715],[60.5398,69.8187]]]]}},{"type":"Feature","id":"label-RUS-2381","properties":{"kind":"division-label","code":"RUS-2381","countryCode":"RUS","name":"Nenets Autonomous Okrug","localName":"Ненецкий АОк","labelEnglish":"Nenets Autonomous Okrug","labelLocal":"Ненецкий АОк","labelBoth":"Nenets Autonomous Okrug · Ненецкий АОк","type":"Autonomous Province","iso":"RU-NEN","qid":"Q2164"},"geometry":{"type":"Point","coordinates":[56.2877,67.8271]}},{"type":"Feature","id":"RUS-2612","properties":{"kind":"division","code":"RUS-2612","countryCode":"RUS","name":"Sakha Republic","localName":"Чукотский АОк","labelEnglish":"Sakha Republic","labelLocal":"Чукотский АОк","labelBoth":"Sakha Republic · Чукотский АОк","type":"Autonomous Province","iso":"RU-SA","qid":"Q6605"},"geometry":{"type":"MultiPolygon","coordinates":[[[[161.4871,69.0267],[161.3745,69.5459],[161.0733,69.445],[161.1414,69.0873],[161.4871,69.0267]]],[[[111.2952,73.8691],[110.8777,73.7679],[110.9072,73.6919],[110.5231,73.4041],[110.9041,73.0324],[110.7017,72.6505],[111.0852,72.3696],[111.9961,72.1327],[111.9969,71.4136],[112.6949,71.2173],[112.2176,70.9998],[110.5394,70.8006],[110.1028,70.6319],[110.2397,70.4184],[109.6015,70.3782],[109.237,69.7759],[108.2906,69.8568],[108.0073,69.705],[106.1529,69.3911],[106.8855,68.8655],[106.8024,67.3482],[105.5402,67.0234],[106.0437,66.9008],[106.3219,66.4789],[106.1713,66.1592],[106.4713,66.0074],[106.4395,65.6617],[106.94,65.5112],[105.9728,65.0118],[106.191,64.8816],[105.7285,64.6681],[105.8065,64.4799],[106.5743,64.4435],[108.0265,64.2235],[108.5284,64.2404],[108.6868,63.7954],[108.2794,63.7964],[108.1596,63.5629],[109.0527,63.5491],[109.3833,63.3305],[109.6144,62.8737],[109.3059,62.4836],[109.9182,62.4063],[109.9995,62.1635],[109.5978,61.8704],[109.8513,61.5573],[109.7924,61.3252],[110.4814,61.1592],[110.2598,60.6903],[109.9168,60.4506],[109.7639,60.027],[109.2694,59.4491],[109.8314,58.9808],[110.4709,59.0336],[110.7135,59.2589],[111.1638,59.1894],[111.9325,59.2719],[112.2179,59.5004],[112.2881,59.304],[112.6388,59.2802],[112.5544,59.0334],[113.4647,59.2663],[113.5918,59.5652],[114.0302,59.6811],[114.5455,59.9854],[114.6971,60.2192],[115.6863,60.5262],[116.5824,60.3599],[116.9543,60.1686],[117.2282,59.7983],[117.0893,59.5884],[117.906,59.4439],[118.336,59.5956],[118.8397,59.3004],[118.6887,59.1915],[118.8929,58.8164],[118.8212,58.5743],[119.1324,58.4723],[119.1081,58.2227],[119.047,57.7276],[119.41,57.4972],[119.8984,56.8894],[120.3028,57.0041],[121.4069,56.9755],[121.6083,56.7412],[122.1596,56.7384],[122.5892,56.4896],[122.8031,56.577],[123.2893,56.4235],[123.8268,56.3978],[124.501,55.8762],[125.2477,55.8796],[125.5463,55.7358],[126.0391,55.7278],[126.4342,55.555],[126.9535,55.6872],[127.4869,55.555],[128.2902,55.648],[128.5016,55.5156],[129.042,55.48],[129.047,55.6542],[129.653,55.745],[130.923,55.6786],[130.8617,55.8889],[131.1844,56.4679],[131.6,56.4566],[131.7511,56.8429],[131.1017,57.2309],[131.5986,57.2958],[131.6931,57.5605],[132.0348,57.6909],[131.4769,58.1675],[132.0393,58.0196],[132.1286,58.4894],[132.5642,58.6399],[132.8612,59.108],[133.429,59.2756],[135.2091,59.1223],[135.791,59.5343],[136.7587,59.3546],[137.1825,59.4456],[137.6157,59.7398],[138.2735,59.7273],[138.2005,60.2313],[138.4289,60.7023],[138.1828,60.8894],[138.719,61.3371],[139.5482,61.4817],[140.0149,61.9843],[140.287,62.0626],[140.3408,62.3808],[140.7047,62.5727],[141.3021,62.4312],[141.8615,62.0271],[142.4375,61.8697],[142.9278,61.9008],[143.1265,62.1011],[143.9322,61.9857],[144.2314,61.736],[144.7451,62.0469],[145.1769,62.2858],[145.1243,62.4899],[145.4798,62.548],[145.2521,63.1796],[145.6331,63.6603],[145.5533,63.8241],[146.1087,63.9416],[146.4987,64.2088],[147.23,64.0563],[147.6095,64.1703],[147.9551,63.9443],[148.291,64.5494],[149.2371,64.4086],[149.8164,64.5673],[150.2243,64.2131],[152.0158,64.5037],[152.1688,64.3553],[152.7482,64.6859],[152.5022,64.9454],[152.6882,65.2334],[153.4616,65.363],[153.4538,65.7878],[154.072,65.8003],[154.548,66.2378],[154.8853,66.1336],[155.7522,66.1769],[156.3603,66.0668],[156.6134,66.2026],[157.3732,65.9256],[157.7176,66.112],[158.4849,66.1175],[158.529,66.3594],[158.9052,66.8027],[158.7026,67.0552],[157.7926,67.3579],[157.8059,67.7055],[158.2766,68.076],[159.8501,68.2774],[160.997,68.301],[161.4062,68.4118],[162.4176,68.3091],[162.8469,68.8693],[162.7742,69.2034],[162.3154,69.5468],[162.4318,69.6771],[161.4358,69.3799],[161.5759,68.9326],[160.9629,69.1055],[160.9255,69.6421],[160.3186,69.6542],[159.689,69.8908],[160.1063,70.2637],[159.6895,70.671],[157.9891,71.0475],[155.9364,71.0994],[153.6637,70.861],[152.2109,70.8806],[151.6226,71.298],[150.635,71.515],[149.868,71.4622],[149.9533,71.6699],[149.0052,71.7031],[149.369,71.9038],[150.0669,71.9219],[149.6113,72.1484],[148.402,72.3109],[147.1956,72.3299],[146.1565,71.8207],[145.3438,71.6633],[145.216,71.8433],[145.9725,71.8563],[146.9292,72.3126],[145.0687,72.2643],[144.4155,72.175],[144.9432,72.4382],[145.3718,72.3459],[146.792,72.3307],[145.4095,72.5559],[141.5506,72.7743],[140.5942,72.8929],[141.1109,72.587],[139.5418,72.4976],[139.1916,72.1627],[139.8742,72.1782],[139.5739,71.9329],[140.0332,71.4721],[139.1922,71.4151],[138.756,71.643],[138.0386,71.5587],[138.0672,71.2249],[135.9851,71.6348],[134.4891,71.3769],[133.6501,71.4365],[132.5393,71.8836],[131.5462,70.8871],[130.8794,70.7739],[129.7627,71.1476],[127.8589,72.4291],[128.9341,72.073],[129.5217,72.2494],[129.1174,72.4815],[127.9606,72.6621],[128.2908,72.9086],[129.4435,73.0289],[128.2346,73.2654],[127.9876,73.4709],[127.0505,73.549],[126.3888,73.4118],[124.3362,73.8048],[123.5913,73.717],[123.2503,73.393],[123.5535,73.2176],[123.138,72.918],[121.0547,72.9318],[119.7834,73.018],[118.4624,73.2094],[118.4502,73.5888],[117.4439,73.5888],[115.4131,73.7104],[113.4937,73.5106],[113.1115,73.8922],[112.3718,73.7053],[111.2952,73.8691]]],[[[137.9142,71.5585],[137.0232,71.5341],[137.7674,71.4307],[137.9142,71.5585]]],[[[128.3171,72.8123],[129.207,72.7619],[129.2197,72.9264],[128.3171,72.8123]]],[[[143.4749,73.3206],[143.4072,73.5428],[142.0452,73.9166],[141.1272,73.8817],[140.4933,73.485],[141.5124,73.2994],[143.1749,73.1766],[143.4749,73.3206]]],[[[141.0978,74.1492],[140.2219,74.2201],[140.4378,73.9084],[141.0978,74.1492]]],[[[113.4058,74.444],[112.0073,74.5382],[111.4685,74.3448],[112.7749,74.0881],[113.4058,74.444]]],[[[150.8276,75.1634],[149.1268,75.2686],[148.4077,75.4211],[146.7967,75.3664],[146.3892,75.5852],[146.0718,75.2403],[148.1721,74.8035],[149.209,74.758],[150.6092,74.8935],[150.8276,75.1634]]],[[[135.9914,75.5272],[135.6782,75.8598],[135.45,75.3757],[135.9914,75.5272]]],[[[145.3662,75.5402],[143.9471,75.8348],[142.5469,75.863],[141.367,76.1812],[140.9865,75.6207],[138.8973,76.2187],[137.433,75.9532],[137.0676,75.7258],[137.3762,75.3504],[137.1491,75.1342],[138.1657,74.7762],[139.3434,74.6874],[139.4951,74.9469],[140.0687,74.8279],[141.9741,74.9338],[142.3556,74.8245],[143.7078,74.9475],[142.6282,75.097],[142.0832,75.5259],[143.0012,75.708],[142.4943,75.3757],[142.8981,75.1415],[144.3312,75.0468],[145.3662,75.5402]]]]}},{"type":"Feature","id":"label-RUS-2612","properties":{"kind":"division-label","code":"RUS-2612","countryCode":"RUS","name":"Sakha Republic","localName":"Чукотский АОк","labelEnglish":"Sakha Republic","labelLocal":"Чукотский АОк","labelBoth":"Sakha Republic · Чукотский АОк","type":"Autonomous Province","iso":"RU-SA","qid":"Q6605"},"geometry":{"type":"Point","coordinates":[130.989,65.5964]}},{"type":"Feature","id":"RUS-2337","properties":{"kind":"division","code":"RUS-2337","countryCode":"RUS","name":"Saint Petersburg","localName":"Санкт-Петербург (горсовет)","labelEnglish":"Saint Petersburg","labelLocal":"Санкт-Петербург (горсовет)","labelBoth":"Saint Petersburg · Санкт-Петербург (горсовет)","type":"Federal City","iso":"RU-SPE","qid":"Q656"},"geometry":{"type":"Polygon","coordinates":[[[29.6971,59.95],[30.2594,59.6099],[30.7562,59.7775],[30.3904,60.1227],[29.633,60.266],[29.4179,60.1689],[29.849,60.1669],[30.21,60.0011],[29.6971,59.95]]]}},{"type":"Feature","id":"label-RUS-2337","properties":{"kind":"division-label","code":"RUS-2337","countryCode":"RUS","name":"Saint Petersburg","localName":"Санкт-Петербург (горсовет)","labelEnglish":"Saint Petersburg","labelLocal":"Санкт-Петербург (горсовет)","labelBoth":"Saint Petersburg · Санкт-Петербург (горсовет)","type":"Federal City","iso":"RU-SPE","qid":"Q656"},"geometry":{"type":"Point","coordinates":[30.2901,59.8064]}},{"type":"Feature","id":"RUS-2354","properties":{"kind":"division","code":"RUS-2354","countryCode":"RUS","name":"Arkhangelsk","localName":"Вологодская область","labelEnglish":"Arkhangelsk","labelLocal":"Вологодская область","labelBoth":"Arkhangelsk · Вологодская область","type":"Region","iso":"RU-ARK","qid":"Q1875"},"geometry":{"type":"MultiPolygon","coordinates":[[[[36.5234,63.9714],[36.375,63.645],[35.8823,63.5734],[36.2198,63.4165],[36.2589,63.0318],[36.5005,62.826],[37.5049,62.6453],[37.5726,62.3606],[37.9266,61.9683],[37.7729,61.5221],[37.9645,61.1484],[38.6613,60.7114],[38.9477,60.8027],[39.9235,60.6519],[40.7465,60.7797],[41.343,60.646],[41.3822,60.8511],[41.8009,60.899],[42.3948,60.7694],[42.6505,60.8631],[43.5109,60.7675],[43.776,61.0208],[45.2291,60.9039],[45.3324,61.1893],[46.2851,60.9678],[46.5016,61.0644],[47.0429,60.8538],[47.1961,61.0483],[47.9655,60.9994],[48.419,60.8538],[48.5093,61.0477],[49.3022,61.1762],[49.4614,61.5861],[49.0516,61.691],[49.3694,62.1494],[49.609,62.7702],[48.8751,62.8291],[48.3661,62.7293],[48.2908,62.3216],[47.4134,62.1928],[47.0826,62.8396],[47.5546,63.1485],[46.9366,63.3519],[46.8192,63.747],[45.8836,63.9643],[45.4422,64.1875],[45.8245,64.2836],[48.1158,64.3481],[48.4083,64.2242],[48.95,64.4906],[49.6267,64.5917],[50.2733,64.5129],[50.4674,64.7916],[50.063,64.8902],[49.5674,65.2921],[48.9894,65.2685],[49.006,66.1191],[48.1563,66.1303],[47.6608,65.8081],[47.1104,65.8212],[46.3475,66.028],[45.7413,66.0679],[44.2142,66.4081],[44.0457,66.081],[43.2522,66.4368],[42.5486,66.3851],[42.2009,66.5322],[41.3425,66.0629],[40.7959,65.9917],[39.8269,65.607],[39.7121,65.4018],[40.3781,64.9225],[40.5171,64.5414],[39.8504,64.676],[39.5665,64.5453],[38.9222,64.7327],[38.0464,64.8537],[37.0077,65.173],[36.44,64.9171],[37.1215,64.3947],[38.0029,64.317],[38.0018,63.9555],[37.291,63.8182],[36.5234,63.9714]]],[[[51.4095,71.8061],[51.862,71.4562],[53.2517,71.456],[53.4509,71.2643],[54.2324,71.1197],[53.4919,71.0725],[53.3001,70.8664],[54.4924,70.7845],[55.1626,70.5531],[55.429,70.7499],[56.0205,70.5738],[56.432,70.7156],[57.2957,70.5647],[57.6387,70.7299],[57.0632,70.8625],[56.1057,71.259],[55.4956,71.9021],[55.377,72.3027],[55.7385,72.7842],[56.138,72.7823],[56.4352,73.2301],[54.9348,73.4254],[53.1556,73.1506],[53.3084,72.8776],[52.6167,72.8632],[52.7798,72.6477],[52.4094,72.0861],[51.61,72.0917],[51.4095,71.8061]]],[[[56.987,74.6905],[55.5296,74.6549],[56.2634,74.48],[55.3884,74.4451],[54.8,73.9854],[53.6311,73.7596],[54.5415,73.611],[54.0331,73.3747],[55.0207,73.4435],[56.761,73.2517],[57.7487,73.726],[58.2483,74.1902],[58.728,74.2386],[58.1868,74.5812],[59.1458,74.444],[59.8748,74.6285],[61.3796,75.3342],[63.7096,75.6358],[67.1465,76.1046],[68.9383,76.5681],[68.4629,76.9667],[66.9435,76.949],[65.6107,76.5804],[62.9568,76.2069],[61.0769,76.28],[61.0855,76.0845],[58.931,75.8676],[58.1867,75.5888],[57.0462,75.3981],[55.8849,74.8462],[56.987,74.6905]]],[[[53.2318,71.2159],[52.5296,71.3878],[52.2549,71.2733],[53.0098,70.9682],[53.2318,71.2159]]],[[[46.6873,80.5293],[48.2752,80.8305],[45.0947,80.6492],[46.084,80.4399],[46.6873,80.5293]]],[[[62.2219,80.8132],[59.5088,80.8037],[59.242,80.5293],[61.0446,80.4052],[62.2219,80.8132]]],[[[51.6893,80.7273],[50.2372,80.9335],[49.0037,80.7757],[49.631,80.6396],[46.6498,80.3139],[47.6636,80.07],[49.1072,80.1895],[48.8395,80.3878],[50.9496,80.5368],[51.6893,80.7273]]],[[[57.3364,80.8918],[58.2824,80.9265],[56.7029,81.1131],[57.3364,80.8918]]],[[[54.5641,80.9954],[57.6813,80.8168],[54.6472,81.1223],[54.5641,80.9954]]],[[[55.7121,80.1035],[56.9568,80.0663],[57.022,80.364],[55.9893,80.3367],[55.7121,80.1035]]],[[[52.6229,80.1833],[53.8618,80.2761],[52.8595,80.4055],[52.6229,80.1833]]],[[[57.5288,80.1314],[59.2761,80.33],[56.9461,80.4815],[57.5288,80.1314]]],[[[60.2562,81.0364],[60.9878,80.922],[61.6799,81.1137],[60.2562,81.0364]]],[[[62.7705,80.8856],[63.1307,80.6831],[65.4458,80.9196],[65.2298,81.1367],[62.7705,80.8856]]],[[[55.6468,81.2003],[57.905,81.2971],[56.3359,81.3852],[55.6468,81.2003]]]]}},{"type":"Feature","id":"label-RUS-2354","properties":{"kind":"division-label","code":"RUS-2354","countryCode":"RUS","name":"Arkhangelsk","localName":"Вологодская область","labelEnglish":"Arkhangelsk","labelLocal":"Вологодская область","labelBoth":"Arkhangelsk · Вологодская область","type":"Region","iso":"RU-ARK","qid":"Q1875"},"geometry":{"type":"Point","coordinates":[41.9939,63.3132]}},{"type":"Feature","id":"RUS-2603","properties":{"kind":"division","code":"RUS-2603","countryCode":"RUS","name":"Krasnoyarsk Krai","localName":"Красноярский край","labelEnglish":"Krasnoyarsk Krai","labelLocal":"Красноярский край","labelBoth":"Krasnoyarsk Krai · Красноярский край","type":"Territory","iso":"RU-KYA","qid":"Q6563"},"geometry":{"type":"MultiPolygon","coordinates":[[[[78.5028,72.3819],[78.6968,72.1803],[80.3391,71.8898],[80.1188,71.6749],[79.3827,71.615],[79.1431,71.4217],[80.5501,71.0444],[80.7528,70.6352],[78.9129,69.8609],[79.8646,69.3486],[80.9669,69.2091],[81.9294,69.3493],[82.4432,69.1669],[82.5909,68.8106],[83.0281,68.6614],[82.4689,68.5766],[82.6806,68.2828],[82.3536,67.9435],[81.7256,67.9238],[82.389,67.5342],[82.1173,67.2438],[83.1619,66.818],[83.091,66.4592],[83.5246,66.173],[83.2961,66.0583],[83.5923,65.7754],[84.3194,65.6844],[84.5856,65.3111],[84.2789,64.9403],[84.8198,64.9307],[85.1844,64.7508],[85.859,64.7564],[85.9482,64.0534],[85.5335,63.9367],[85.0967,63.5342],[85.6406,63.3742],[85.584,63.0539],[84.4357,62.178],[84.546,61.9028],[85.9562,61.55],[85.6712,61.2892],[84.2596,60.8555],[84.7836,60.3705],[84.5313,59.975],[85.4963,59.8916],[85.9682,59.9559],[87.0841,59.8828],[87.5539,59.6407],[87.9363,59.2662],[88.5859,59.2987],[88.8258,59.0345],[88.3826,58.9089],[87.9322,58.5261],[88.1557,58.1065],[89.3284,57.95],[89.3804,57.6372],[88.8615,57.4317],[88.5296,57.0958],[88.624,56.833],[88.5925,56.4436],[89.0603,56.297],[89.3628,55.7725],[88.6088,55.4456],[88.9502,55.2891],[89.2008,54.9904],[89.6578,55.0031],[90.1959,55.1514],[90.4583,54.8708],[90.9153,54.7911],[91.4639,54.0565],[91.3266,53.8167],[91.4697,53.5139],[91.8412,53.2883],[91.3511,53.0775],[91.3963,52.868],[90.7003,52.4582],[90.4766,52.1834],[90.8394,51.9124],[91.5431,51.9009],[91.9867,51.7936],[92.8443,51.8324],[93.678,52.2238],[94.1413,52.8318],[94.5123,52.9108],[94.5945,53.3157],[95.7676,53.5195],[96.1009,53.4523],[96.6841,53.6385],[96.0793,54.0627],[95.6782,54.2342],[96.0749,54.5734],[96.5728,54.5184],[96.7066,55.2587],[96.918,55.3295],[96.7601,55.7461],[97.1253,56.1017],[97.3519,56.0512],[97.5914,56.3867],[97.8407,56.3931],[97.7653,56.788],[97.3485,57.048],[97.934,57.8113],[99.4109,57.7955],[99.7028,58.0857],[100.0173,58.0815],[100.4187,57.5418],[100.7156,57.4129],[100.9553,57.5553],[100.8182,57.8866],[101.5309,58.2253],[101.7736,58.4533],[102.5197,58.7279],[102.4549,59.1531],[103.0174,59.3163],[103.6139,58.9123],[103.8895,58.9026],[104.4582,58.6023],[105.3535,59.1079],[105.1813,59.4723],[104.7988,59.6909],[105.3772,59.8217],[105.4758,60.2539],[104.6559,60.4091],[104.4597,60.8388],[104.8366,61.1762],[104.789,61.3484],[105.9414,61.6854],[105.9022,61.8349],[106.4039,62.0307],[106.3409,62.251],[106.7969,62.6018],[106.4948,62.6919],[106.1352,63.0688],[106.7253,63.375],[106.5168,63.483],[106.7644,63.9957],[107.5503,63.857],[107.6798,63.9892],[108.3201,64.039],[108.0265,64.2235],[106.5743,64.4435],[105.8065,64.4799],[105.7285,64.6681],[106.191,64.8816],[105.9728,65.0118],[106.94,65.5112],[106.4395,65.6617],[106.4713,66.0074],[106.1713,66.1592],[106.3219,66.4789],[106.0437,66.9008],[105.5402,67.0234],[106.8024,67.3482],[106.8855,68.8655],[106.1529,69.3911],[108.0073,69.705],[108.2906,69.8568],[109.237,69.7759],[109.6015,70.3782],[110.2397,70.4184],[110.1028,70.6319],[110.5394,70.8006],[112.2176,70.9998],[112.6949,71.2173],[111.9969,71.4136],[111.9961,72.1327],[111.0852,72.3696],[110.7017,72.6505],[110.9041,73.0324],[110.5231,73.4041],[110.9072,73.6919],[109.8552,73.4714],[107.7223,73.1685],[106.3599,73.1943],[106.2238,72.9774],[105.4826,72.7681],[106.2324,73.3228],[106.648,73.3067],[107.1468,73.6177],[108.0666,73.6353],[109.9512,74.337],[112.8796,74.9929],[113.6052,75.285],[113.6384,75.5197],[112.7888,75.5886],[112.5591,75.8513],[113.6917,75.5935],[113.8901,75.854],[113.4597,76.1484],[111.5554,76.6841],[110.3586,76.7557],[107.9461,76.7373],[107.8455,76.5348],[106.4487,76.504],[107.4696,76.9064],[106.8298,77.0547],[104.3457,77.1355],[105.9773,77.4252],[104.0233,77.7331],[102.1577,77.4023],[100.9193,76.9759],[101.2346,76.7673],[100.8511,76.5401],[98.8748,76.5209],[99.7549,76.049],[98.7127,76.205],[96.4614,75.8719],[95.8729,76.1381],[93.0249,76.0753],[93.5498,75.853],[89.9541,75.5776],[89.1323,75.4528],[87.0972,74.8621],[86.9575,74.6088],[86.2209,74.8072],[85.7404,74.6359],[86.4915,74.567],[86.02,74.2625],[86.803,74.184],[87.2401,73.8608],[87.1648,73.6114],[86.2036,73.5578],[87.0108,73.7787],[86.7832,73.9022],[83.4837,73.6555],[81.9569,73.6627],[80.8322,73.5718],[80.2727,73.3098],[80.842,72.9221],[80.7041,72.5454],[81.2082,72.3549],[82.1821,72.2862],[82.1851,72.0935],[83.3605,71.8406],[83.6282,71.6109],[83.1476,71.2448],[83.7747,70.4766],[82.6641,70.2602],[83.0105,70.4266],[83.1338,70.8824],[82.8758,70.9968],[82.4084,70.7902],[82.2966,71.2873],[83.0479,71.4151],[83.3205,71.6833],[82.8674,71.7864],[81.7367,71.6999],[79.3914,72.3856],[78.5028,72.3819]]],[[[110.8777,73.7679],[111.2952,73.8691],[110.0215,74.0145],[109.5311,73.7753],[110.8777,73.7679]]],[[[79.563,72.7683],[79.1404,73.0954],[78.5923,72.8621],[79.563,72.7683]]],[[[105.4155,78.5834],[103.808,79.1535],[102.8866,79.0452],[102.3029,79.4328],[101.0617,79.1374],[100.0007,78.4177],[99.2683,78.0416],[100.0373,77.9616],[101.2098,78.1935],[104.7874,78.3364],[105.4155,78.5834]]],[[[93.6282,79.9334],[90.9021,80.0736],[91.0725,79.851],[92.6248,79.6728],[93.6282,79.9334]]],[[[99.886,79.0415],[99.0623,79.28],[99.7481,79.3642],[100.077,79.7827],[99.199,80.05],[98.3772,79.8779],[97.5921,80.1749],[94.9929,80.1019],[94.6901,79.8161],[93.2803,79.5525],[94.3123,79.4792],[95.0182,79.0385],[96.7985,78.9892],[97.7608,78.8088],[99.4056,78.8225],[99.886,79.0415]]],[[[97.7471,80.7416],[95.7766,81.2888],[93.0527,80.9954],[92.7405,80.513],[91.532,80.2897],[93.6941,79.9981],[94.53,80.131],[97.188,80.2336],[97.0208,80.5259],[97.7471,80.7416]]]]}},{"type":"Feature","id":"label-RUS-2603","properties":{"kind":"division-label","code":"RUS-2603","countryCode":"RUS","name":"Krasnoyarsk Krai","localName":"Красноярский край","labelEnglish":"Krasnoyarsk Krai","labelLocal":"Красноярский край","labelBoth":"Krasnoyarsk Krai · Красноярский край","type":"Territory","iso":"RU-KYA","qid":"Q6563"},"geometry":{"type":"Point","coordinates":[95.2029,65.5602]}},{"type":"Feature","id":"RUS-2390","properties":{"kind":"division","code":"RUS-2390","countryCode":"RUS","name":"Republic of Kalmykia","localName":"Республика Калмыкия","labelEnglish":"Republic of Kalmykia","labelLocal":"Республика Калмыкия","labelBoth":"Republic of Kalmykia · Республика Калмыкия","type":"Republic","iso":"RU-KL","qid":"Q3953"},"geometry":{"type":"Polygon","coordinates":[[[47.4964,45.5653],[47.3736,45.6842],[46.889,45.5783],[47.1738,46.1048],[46.8455,46.0755],[46.8756,46.2339],[46.5044,46.2738],[47.2135,46.7423],[46.8009,47.0036],[46.5113,47.4064],[46.1163,47.5024],[45.707,47.9084],[45.3006,48.0977],[44.9626,48.2087],[44.766,48.0588],[44.3059,48.2551],[44.3891,47.8683],[44.0825,47.909],[43.7052,47.6831],[43.7315,47.4766],[43.9392,47.2689],[44.1168,47.5335],[44.334,47.4752],[44.2624,46.9001],[43.8171,46.5887],[43.646,46.2157],[43.3556,46.1724],[42.9118,46.435],[42.5968,46.4109],[42.0343,46.5433],[42.2019,46.3145],[41.7126,45.996],[42.5335,45.9977],[42.9054,46.2403],[43.3925,46.016],[43.8776,45.9455],[44.1482,45.6525],[44.7063,45.506],[45.5862,45.1583],[45.706,44.9758],[46.4337,44.9366],[46.8881,44.7519],[47.2012,44.97],[47.4964,45.5653]]]}},{"type":"Feature","id":"label-RUS-2390","properties":{"kind":"division-label","code":"RUS-2390","countryCode":"RUS","name":"Republic of Kalmykia","localName":"Республика Калмыкия","labelEnglish":"Republic of Kalmykia","labelLocal":"Республика Калмыкия","labelBoth":"Republic of Kalmykia · Республика Калмыкия","type":"Republic","iso":"RU-KL","qid":"Q3953"},"geometry":{"type":"Point","coordinates":[45.4681,46.5191]}},{"type":"Feature","id":"RUS-3468","properties":{"kind":"division","code":"RUS-3468","countryCode":"RUS","name":"Kamchatka Krai","localName":"Kamchatka Krai","labelEnglish":"Kamchatka Krai","labelLocal":"Kamchatka Krai","labelBoth":"Kamchatka Krai","type":"Region","iso":"RU-KAM","qid":"Q7948"},"geometry":{"type":"MultiPolygon","coordinates":[[[[166.6644,54.7564],[165.9556,55.3642],[166.3565,54.8395],[166.6644,54.7564]]],[[[164.7069,58.9768],[164.5581,59.2397],[163.9667,59.0286],[163.5855,58.5579],[164.7069,58.9768]]],[[[174.4536,61.8148],[174.1165,62.0738],[174.0798,62.447],[173.5039,62.5341],[173.1822,62.3982],[172.0547,62.4665],[171.4971,62.3139],[170.2616,62.2854],[169.8425,62.6553],[169.1267,62.9725],[168.4638,63.0936],[169.5822,63.6434],[169.3444,63.9499],[168.8735,64.0207],[168.4987,64.3174],[167.7141,64.3407],[167.237,64.6237],[166.8068,64.5329],[165.8542,64.5597],[165.684,64.754],[165.0203,64.8367],[165.0037,64.6899],[164.2164,64.9249],[163.5203,64.9314],[163.1369,64.7702],[163.4603,64.391],[162.7942,64.148],[162.7259,63.8365],[162.9792,63.621],[162.678,63.3865],[162.7439,63.1815],[162.2941,63.0673],[162.6727,62.7105],[162.7361,62.2974],[162.1737,62.1957],[162.5233,62.1008],[162.3112,61.9342],[162.5105,61.6584],[163.0447,61.5171],[163.3434,61.7057],[162.9784,61.8095],[163.3689,62.3277],[163.2671,62.522],[164.5979,62.6731],[165.2306,62.3953],[164.5383,62.4511],[164.1272,62.2624],[164.0448,61.6834],[163.7757,61.4132],[164.0288,61.3466],[163.4873,61.0017],[163.7743,60.9185],[162.889,60.7525],[161.9386,60.4168],[161.8972,60.203],[160.8049,59.6054],[159.8644,59.1406],[159.7278,58.883],[159.0238,58.4148],[158.0569,57.9902],[157.7232,58.0246],[157.4699,57.8039],[156.801,57.7734],[157.0013,57.4255],[156.6755,57.0462],[156.0476,56.7651],[155.6531,55.9213],[155.5512,55.2842],[155.728,54.4268],[155.9358,53.8652],[156.1112,52.9354],[156.4392,52.216],[156.5355,51.2893],[156.7219,51.1955],[156.7197,50.8865],[157.7592,51.544],[158.2869,51.9675],[158.5713,52.3917],[158.4621,52.4605],[158.6471,52.8994],[159.6325,53.2571],[160.0586,53.0974],[159.825,53.5362],[160.053,54.1757],[160.7412,54.5352],[161.1509,54.5973],[161.7238,54.5094],[162.1532,54.8499],[161.8748,55.0786],[161.7771,55.6083],[162.1421,56.1291],[162.5925,56.2685],[162.4012,56.3698],[162.9099,56.4257],[162.638,56.2208],[163.0512,56.0054],[163.3661,56.1807],[163.2276,56.7425],[162.7835,56.763],[162.8331,57.3833],[163.3295,57.7089],[162.7116,57.9667],[162.5218,57.7542],[162.0256,57.9288],[161.9932,58.0874],[162.4053,58.6544],[163.2619,59.0808],[163.1687,59.5106],[163.6287,60.0466],[164.1643,59.9634],[164.4885,60.111],[164.8071,59.7896],[165.1296,60.0842],[166.0523,60.4538],[166.3928,60.4804],[166.1095,59.8275],[166.3612,59.8839],[167.0481,60.3284],[168.0964,60.5715],[169.2478,60.5673],[169.7078,60.3995],[169.9558,60.0592],[170.4006,59.9656],[170.5023,60.2725],[170.8107,60.5121],[171.1795,60.5589],[171.5847,60.8001],[172.0068,60.8552],[172.3861,61.2274],[172.6467,61.1911],[174.138,61.8446],[174.4536,61.8148]]]]}},{"type":"Feature","id":"label-RUS-3468","properties":{"kind":"division-label","code":"RUS-3468","countryCode":"RUS","name":"Kamchatka Krai","localName":"Kamchatka Krai","labelEnglish":"Kamchatka Krai","labelLocal":"Kamchatka Krai","labelBoth":"Kamchatka Krai","type":"Region","iso":"RU-KAM","qid":"Q7948"},"geometry":{"type":"Point","coordinates":[160.187,56.5325]}},{"type":"Feature","id":"RUS+99?","properties":{"kind":"division","code":"RUS+99?","countryCode":"RUS","name":"RUS+99?","localName":"RUS+99?","labelEnglish":"RUS+99?","labelLocal":"RUS+99?","labelBoth":"RUS+99?","type":null,"iso":"RU-X01~","qid":null},"geometry":{"type":"Polygon","coordinates":[[[67.3812,68.7923],[67.2072,68.8015],[67.3333,68.7585],[67.3812,68.7923]]]}},{"type":"Feature","id":"label-RUS+99?","properties":{"kind":"division-label","code":"RUS+99?","countryCode":"RUS","name":"RUS+99?","localName":"RUS+99?","labelEnglish":"RUS+99?","labelLocal":"RUS+99?","labelBoth":"RUS+99?","type":null,"iso":"RU-X01~","qid":null},"geometry":{"type":"Point","coordinates":[67.2613,68.7999]}},{"type":"Feature","id":"RUS-2378","properties":{"kind":"division","code":"RUS-2378","countryCode":"RUS","name":"Bashkortostan","localName":"Республика Башкортостан","labelEnglish":"Bashkortostan","labelLocal":"Республика Башкортостан","labelBoth":"Bashkortostan · Республика Башкортостан","type":"Republic","iso":"RU-BA","qid":"Q5710"},"geometry":{"type":"Polygon","coordinates":[[[57.4084,56.3291],[56.8641,56.1081],[56.4025,56.3874],[56.0733,56.2895],[55.9136,56.4663],[54.9684,56.3204],[54.5592,56.5384],[54.3525,56.3585],[54.0468,56.058],[53.6317,55.9067],[54.2296,55.6861],[53.5914,55.2119],[53.1468,55.1466],[53.6069,54.7281],[53.3528,54.3488],[53.4705,54.0457],[53.6558,53.7524],[54.1084,53.4166],[54.8397,53.2678],[55.1618,52.8232],[55.4067,52.8371],[55.5187,52.4209],[55.7776,52.3436],[56.1041,52.6477],[56.7342,51.9013],[57.1847,51.5722],[57.6526,51.8633],[58.1409,51.7443],[58.5225,51.7643],[58.6061,52.1805],[58.941,52.2992],[58.828,52.4327],[58.7237,52.6451],[58.9214,53.9237],[59.344,54.1851],[59.6939,54.1291],[59.6795,54.4981],[59.9746,54.8014],[59.6315,54.9111],[59.2278,54.6112],[58.6138,54.4703],[58.3637,54.5475],[57.988,54.3985],[57.1651,54.819],[57.1369,55.0921],[57.518,55.334],[58.0302,55.2748],[57.9652,54.9326],[58.2879,55.1707],[58.6195,54.9497],[58.7462,55.2679],[59.5649,55.4996],[59.165,55.7899],[59.2961,56.1309],[59.0263,56.1694],[58.7465,56.0628],[57.4523,56.1359],[57.4084,56.3291]]]}},{"type":"Feature","id":"label-RUS-2378","properties":{"kind":"division-label","code":"RUS-2378","countryCode":"RUS","name":"Bashkortostan","localName":"Республика Башкортостан","labelEnglish":"Bashkortostan","labelLocal":"Республика Башкортостан","labelBoth":"Bashkortostan · Республика Башкортостан","type":"Republic","iso":"RU-BA","qid":"Q5710"},"geometry":{"type":"Point","coordinates":[56.5575,54.2086]}},{"type":"Feature","id":"RUS-2386","properties":{"kind":"division","code":"RUS-2386","countryCode":"RUS","name":"Sverdlovsk","localName":"Свердловская область","labelEnglish":"Sverdlovsk","labelLocal":"Свердловская область","labelBoth":"Sverdlovsk · Свердловская область","type":"Region","iso":"RU-SVE","qid":"Q5462"},"geometry":{"type":"Polygon","coordinates":[[[57.4084,56.3291],[57.4523,56.1359],[58.7465,56.0628],[59.0263,56.1694],[59.1221,56.3172],[60.2396,56.2092],[61.1503,56.217],[61.642,56.3194],[62.0718,56.1335],[62.0827,56.291],[62.6051,56.5],[63.4085,56.6241],[64.1733,56.4684],[64.337,56.7527],[64.9954,56.7683],[64.8393,57.6407],[66.1966,58.0325],[65.9345,58.6144],[65.669,58.6633],[65.0016,59.3377],[63.8251,59.477],[63.5894,60.155],[63.22,60.3005],[62.7597,60.8594],[62.8598,61.0013],[62.4197,61.3051],[61.1652,61.6827],[60.0566,61.7212],[59.9843,61.9028],[59.4854,61.9933],[59.3487,61.6822],[59.261,61.2222],[59.4677,60.8079],[58.9616,60.0049],[58.451,59.705],[58.3109,59.4681],[59.1753,59.1465],[59.0827,58.7693],[59.456,58.4928],[58.6046,57.9956],[58.8298,57.7262],[58.5798,57.5944],[58.1707,57.686],[57.9753,57.5409],[58.0663,57.0482],[57.2187,56.853],[57.4084,56.3291]]]}},{"type":"Feature","id":"label-RUS-2386","properties":{"kind":"division-label","code":"RUS-2386","countryCode":"RUS","name":"Sverdlovsk","localName":"Свердловская область","labelEnglish":"Sverdlovsk","labelLocal":"Свердловская область","labelBoth":"Sverdlovsk · Свердловская область","type":"Region","iso":"RU-SVE","qid":"Q5462"},"geometry":{"type":"Point","coordinates":[61.7078,58.8952]}},{"type":"Feature","id":"RUS-2396","properties":{"kind":"division","code":"RUS-2396","countryCode":"RUS","name":"Khanty-Mansi Autonomous Okrug","localName":"Ханты-Мансийский АОк","labelEnglish":"Khanty-Mansi Autonomous Okrug","labelLocal":"Ханты-Мансийский АОк","labelBoth":"Khanty-Mansi Autonomous Okrug · Ханты-Мансийский АОк","type":"Autonomous Province","iso":"RU-KHM","qid":"Q6320"},"geometry":{"type":"Polygon","coordinates":[[[59.4854,61.9933],[59.9843,61.9028],[60.0566,61.7212],[61.1652,61.6827],[62.4197,61.3051],[62.8598,61.0013],[62.7597,60.8594],[63.22,60.3005],[63.5894,60.155],[63.8251,59.477],[65.0016,59.3377],[65.669,58.6633],[65.9345,58.6144],[66.7407,58.6696],[66.7737,58.9297],[67.0709,58.9249],[67.7422,59.2119],[68.3581,59.2829],[68.5434,59.5509],[69.2952,59.7829],[69.3061,59.9889],[70.3985,59.8175],[71.1934,59.9051],[71.9998,59.5658],[72.6569,59.107],[72.8633,59.1574],[73.0321,58.8631],[75.1595,58.6502],[75.6416,58.9824],[75.6284,59.2378],[76.1717,59.5428],[76.6455,59.5851],[76.848,60.2661],[77.1361,60.8561],[78.8065,60.7798],[79.1685,60.8366],[79.3595,60.6636],[80.1654,60.6636],[80.7235,60.7966],[81.1405,60.6367],[81.8304,60.6447],[82.139,60.532],[83.1442,61.0282],[83.5036,61.0472],[83.9972,60.8261],[84.2596,60.8555],[85.6712,61.2892],[85.9562,61.55],[84.546,61.9028],[84.4357,62.178],[83.7982,62.5603],[83.3107,62.457],[82.7327,62.7572],[82.0735,62.8],[81.8398,62.6919],[81.3492,62.8212],[81.0747,63.1174],[79.9147,62.792],[79.8201,62.6037],[78.7931,62.6151],[78.0389,62.4644],[77.327,62.7104],[77.0262,62.975],[76.2894,62.95],[75.8027,63.114],[74.5074,63.0432],[74.2411,63.172],[73.3681,63.2069],[73.1038,63.4363],[72.655,63.2802],[71.608,63.1852],[71.5691,63.5514],[70.9339,63.6845],[70.5697,64.0154],[70.7689,64.1936],[69.2441,64.4658],[68.8592,64.4357],[68.8821,64.2226],[68.425,64.296],[67.8093,64.032],[66.8187,64.2256],[66.9363,64.487],[66.1461,64.5859],[65.3997,64.5714],[63.6114,64.2685],[63.2148,64.526],[62.532,64.56],[62.8167,65.2916],[62.5165,65.3388],[62.0185,65.7171],[60.6661,64.903],[60.1474,65.0648],[59.6476,64.7724],[59.5844,63.9383],[59.2922,63.3422],[59.2781,62.9702],[59.6437,62.5103],[59.4854,61.9933]]]}},{"type":"Feature","id":"label-RUS-2396","properties":{"kind":"division-label","code":"RUS-2396","countryCode":"RUS","name":"Khanty-Mansi Autonomous Okrug","localName":"Ханты-Мансийский АОк","labelEnglish":"Khanty-Mansi Autonomous Okrug","labelLocal":"Ханты-Мансийский АОк","labelBoth":"Khanty-Mansi Autonomous Okrug · Ханты-Мансийский АОк","type":"Autonomous Province","iso":"RU-KHM","qid":"Q6320"},"geometry":{"type":"Point","coordinates":[71.3806,61.4315]}},{"type":"Feature","id":"RUS-2363","properties":{"kind":"division","code":"RUS-2363","countryCode":"RUS","name":"Lipetsk","localName":"Липецкая область","labelEnglish":"Lipetsk","labelLocal":"Липецкая область","labelBoth":"Lipetsk · Липецкая область","type":"Region","iso":"RU-LIP","qid":"Q3510"},"geometry":{"type":"Polygon","coordinates":[[[40.1602,53.3422],[39.7402,53.5883],[39.1816,53.3857],[38.8954,53.5652],[38.4773,53.31],[38.5946,53.0485],[37.841,53.0085],[37.7118,52.613],[38.0384,52.3445],[37.7471,52.0169],[37.997,51.879],[38.2988,51.961],[38.6976,52.0978],[39.1823,52.0982],[39.4966,51.9727],[40.5038,51.9535],[40.6969,52.2696],[39.9531,52.6544],[40.0799,52.8042],[40.1602,53.3422]]]}},{"type":"Feature","id":"label-RUS-2363","properties":{"kind":"division-label","code":"RUS-2363","countryCode":"RUS","name":"Lipetsk","localName":"Липецкая область","labelEnglish":"Lipetsk","labelLocal":"Липецкая область","labelBoth":"Lipetsk · Липецкая область","type":"Region","iso":"RU-LIP","qid":"Q3510"},"geometry":{"type":"Point","coordinates":[39.2073,52.7462]}},{"type":"Feature","id":"RUS-2375","properties":{"kind":"division","code":"RUS-2375","countryCode":"RUS","name":"Tambov","localName":"Тамбовская область","labelEnglish":"Tambov","labelLocal":"Тамбовская область","labelBoth":"Tambov · Тамбовская область","type":"Region","iso":"RU-TAM","qid":"Q3550"},"geometry":{"type":"Polygon","coordinates":[[[40.1602,53.3422],[40.0799,52.8042],[39.9531,52.6544],[40.6969,52.2696],[40.5038,51.9535],[40.9377,51.8902],[40.8919,51.7426],[41.3113,51.7938],[42.4892,51.6077],[42.7515,52.1738],[43.0796,52.4027],[43.2366,52.6612],[42.0939,53.5398],[42.1344,53.8122],[41.4001,53.7832],[41.1744,53.4337],[40.6867,53.5647],[40.1602,53.3422]]]}},{"type":"Feature","id":"label-RUS-2375","properties":{"kind":"division-label","code":"RUS-2375","countryCode":"RUS","name":"Tambov","localName":"Тамбовская область","labelEnglish":"Tambov","labelLocal":"Тамбовская область","labelBoth":"Tambov · Тамбовская область","type":"Region","iso":"RU-TAM","qid":"Q3550"},"geometry":{"type":"Point","coordinates":[41.5945,52.7808]}},{"type":"Feature","id":"RUS-2167","properties":{"kind":"division","code":"RUS-2167","countryCode":"RUS","name":"Tomsk","localName":"Томская область","labelEnglish":"Tomsk","labelLocal":"Томская область","labelBoth":"Tomsk · Томская область","type":"Region","iso":"RU-TOM","qid":"Q5884"},"geometry":{"type":"Polygon","coordinates":[[[84.2596,60.8555],[83.9972,60.8261],[83.5036,61.0472],[83.1442,61.0282],[82.139,60.532],[81.8304,60.6447],[81.1405,60.6367],[80.7235,60.7966],[80.1654,60.6636],[79.3595,60.6636],[79.1685,60.8366],[78.8065,60.7798],[77.1361,60.8561],[76.848,60.2661],[76.6455,59.5851],[76.1717,59.5428],[75.6284,59.2378],[75.6416,58.9824],[75.1595,58.6502],[75.1052,58.581],[75.0929,58.1101],[75.5428,57.9409],[75.5805,57.675],[76.1087,57.2503],[76.9185,57.1879],[78.4443,57.1613],[79.5898,56.9286],[80.3103,56.4386],[81.1223,56.5326],[81.5574,56.2583],[82.3424,56.3556],[83.096,56.5493],[83.0725,56.2385],[83.4066,55.8935],[83.2232,55.737],[83.645,55.7012],[83.9511,56.0049],[84.4104,56.0441],[85.5681,56.2943],[86.7067,56.6319],[87.1667,56.6756],[87.7792,56.548],[88.624,56.833],[88.5296,57.0958],[88.8615,57.4317],[89.3804,57.6372],[89.3284,57.95],[88.1557,58.1065],[87.9322,58.5261],[88.3826,58.9089],[88.8258,59.0345],[88.5859,59.2987],[87.9363,59.2662],[87.5539,59.6407],[87.0841,59.8828],[85.9682,59.9559],[85.4963,59.8916],[84.5313,59.975],[84.7836,60.3705],[84.2596,60.8555]]]}},{"type":"Feature","id":"label-RUS-2167","properties":{"kind":"division-label","code":"RUS-2167","countryCode":"RUS","name":"Tomsk","localName":"Томская область","labelEnglish":"Tomsk","labelLocal":"Томская область","labelBoth":"Tomsk · Томская область","type":"Region","iso":"RU-TOM","qid":"Q5884"},"geometry":{"type":"Point","coordinates":[82.2299,58.4467]}},{"type":"Feature","id":"RUS-2394","properties":{"kind":"division","code":"RUS-2394","countryCode":"RUS","name":"Republic of Tatarstan","localName":"Республика Татарстан","labelEnglish":"Republic of Tatarstan","labelLocal":"Республика Татарстан","labelBoth":"Republic of Tatarstan · Республика Татарстан","type":"Republic","iso":"RU-TA","qid":"Q5481"},"geometry":{"type":"Polygon","coordinates":[[[53.6317,55.9067],[53.2891,55.8583],[53.3414,56.0909],[52.9933,56.1934],[53.0898,56.5216],[52.562,56.2594],[52.6553,56.0178],[52.2248,56.0863],[52.2403,55.9419],[51.4419,55.9246],[51.4365,56.1444],[51.3211,56.0755],[50.5861,56.3665],[50.3496,56.6695],[50.072,56.6227],[49.1168,56.3973],[48.6941,55.9646],[48.4124,55.8294],[48.025,55.6305],[47.9132,55.3162],[48.0747,55.1084],[47.8005,54.8192],[47.4392,54.8912],[47.2419,54.6777],[47.4104,54.5005],[47.7536,54.7313],[48.8275,54.6478],[49.2912,54.8838],[49.6155,54.562],[50.0775,54.5165],[50.5194,54.3298],[50.9185,54.3398],[51.0038,54.5392],[51.3792,54.6748],[51.936,54.5276],[52.0623,54.3598],[52.5385,54.3773],[53.1096,54.2517],[53.0672,54.0735],[53.4705,54.0457],[53.3528,54.3488],[53.6069,54.7281],[53.1468,55.1466],[53.5914,55.2119],[54.2296,55.6861],[53.6317,55.9067]]]}},{"type":"Feature","id":"label-RUS-2394","properties":{"kind":"division-label","code":"RUS-2394","countryCode":"RUS","name":"Republic of Tatarstan","localName":"Республика Татарстан","labelEnglish":"Republic of Tatarstan","labelLocal":"Республика Татарстан","labelBoth":"Republic of Tatarstan · Республика Татарстан","type":"Republic","iso":"RU-TA","qid":"Q5481"},"geometry":{"type":"Point","coordinates":[50.7364,55.374]}},{"type":"Feature","id":"RUS-2395","properties":{"kind":"division","code":"RUS-2395","countryCode":"RUS","name":"Ulyanovsk","localName":"Ульяновская область","labelEnglish":"Ulyanovsk","labelLocal":"Ульяновская область","labelBoth":"Ulyanovsk · Ульяновская область","type":"Region","iso":"RU-ULY","qid":"Q5634"},"geometry":{"type":"Polygon","coordinates":[[[50.0775,54.5165],[49.6155,54.562],[49.2912,54.8838],[48.8275,54.6478],[47.7536,54.7313],[47.4104,54.5005],[47.2419,54.6777],[46.8691,54.6317],[46.4413,54.7722],[46.719,54.3296],[46.0183,54.1894],[45.7916,54.0039],[46.212,53.9087],[46.4936,53.5109],[46.9059,53.3353],[46.9832,52.7713],[46.8307,52.6163],[47.7078,52.5812],[47.7775,52.6803],[48.437,52.7804],[48.5925,52.9194],[48.2216,52.9989],[47.9451,53.3743],[48.3756,53.4712],[48.4911,53.7705],[48.8743,53.7164],[49.0293,53.8572],[50.0576,53.8588],[50.2562,54.3049],[50.0775,54.5165]]]}},{"type":"Feature","id":"label-RUS-2395","properties":{"kind":"division-label","code":"RUS-2395","countryCode":"RUS","name":"Ulyanovsk","localName":"Ульяновская область","labelEnglish":"Ulyanovsk","labelLocal":"Ульяновская область","labelBoth":"Ulyanovsk · Ульяновская область","type":"Region","iso":"RU-ULY","qid":"Q5634"},"geometry":{"type":"Point","coordinates":[47.3773,53.9248]}},{"type":"Feature","id":"RUS-2373","properties":{"kind":"division","code":"RUS-2373","countryCode":"RUS","name":"Penza","localName":"Пензенская область","labelEnglish":"Penza","labelLocal":"Пензенская область","labelBoth":"Penza · Пензенская область","type":"Region","iso":"RU-PNZ","qid":"Q5545"},"geometry":{"type":"Polygon","coordinates":[[[42.1344,53.8122],[42.0939,53.5398],[43.2366,52.6612],[43.0796,52.4027],[43.747,52.4334],[44.3467,52.3161],[44.5481,52.5524],[45.0328,52.3209],[45.528,52.4808],[45.9806,52.4072],[46.2888,52.6719],[46.8307,52.6163],[46.9832,52.7713],[46.9059,53.3353],[46.4936,53.5109],[46.212,53.9087],[45.7916,54.0039],[45.3393,53.8849],[45.1762,53.9788],[44.6165,53.8915],[44.5339,53.6643],[43.8769,53.8097],[43.7518,53.9632],[43.1816,54.0011],[43.1515,53.8288],[42.3077,53.8475],[42.1344,53.8122]]]}},{"type":"Feature","id":"label-RUS-2373","properties":{"kind":"division-label","code":"RUS-2373","countryCode":"RUS","name":"Penza","localName":"Пензенская область","labelEnglish":"Penza","labelLocal":"Пензенская область","labelBoth":"Penza · Пензенская область","type":"Region","iso":"RU-PNZ","qid":"Q5545"},"geometry":{"type":"Point","coordinates":[44.8159,53.0562]}},{"type":"Feature","id":"RUS-2401","properties":{"kind":"division","code":"RUS-2401","countryCode":"RUS","name":"Kemerovo","localName":"Кемеровская область","labelEnglish":"Kemerovo","labelLocal":"Кемеровская область","labelBoth":"Kemerovo · Кемеровская область","type":"Region","iso":"RU-KEM","qid":"Q6076"},"geometry":{"type":"Polygon","coordinates":[[[88.624,56.833],[87.7792,56.548],[87.1667,56.6756],[86.7067,56.6319],[85.5681,56.2943],[84.4104,56.0441],[84.8755,55.3885],[84.8826,54.9853],[85.0794,54.4694],[85.4348,54.2115],[86.1175,54.0002],[86.4548,53.614],[87.0054,53.5081],[86.7052,53.1963],[87.077,53.0752],[86.9445,52.8624],[87.1732,52.6116],[87.6355,52.4498],[87.9238,52.5476],[88.4132,52.4551],[88.3648,52.168],[89.1151,52.6264],[89.2356,52.81],[88.8951,52.9874],[89.0506,53.2494],[88.8339,53.5846],[89.2738,53.8491],[88.9815,54.0652],[89.1292,54.3505],[88.5186,54.4161],[88.7531,54.8046],[88.3965,55.279],[88.6088,55.4456],[89.3628,55.7725],[89.0603,56.297],[88.5925,56.4436],[88.624,56.833]]]}},{"type":"Feature","id":"label-RUS-2401","properties":{"kind":"division-label","code":"RUS-2401","countryCode":"RUS","name":"Kemerovo","localName":"Кемеровская область","labelEnglish":"Kemerovo","labelLocal":"Кемеровская область","labelBoth":"Kemerovo · Кемеровская область","type":"Region","iso":"RU-KEM","qid":"Q6076"},"geometry":{"type":"Point","coordinates":[87.1676,54.6462]}},{"type":"Feature","id":"RUS-2366","properties":{"kind":"division","code":"RUS-2366","countryCode":"RUS","name":"Oryol","localName":"Орловская область","labelEnglish":"Oryol","labelLocal":"Орловская область","labelBoth":"Oryol · Орловская область","type":"Region","iso":"RU-ORL","qid":"Q3129"},"geometry":{"type":"Polygon","coordinates":[[[37.841,53.0085],[37.5683,53.289],[36.8073,53.2966],[36.0096,53.6183],[35.1035,53.3108],[35.3139,53.0657],[34.8049,52.8682],[35.0915,52.698],[34.8968,52.3532],[35.5739,52.4256],[35.6187,52.2529],[36.357,52.3658],[37.3535,51.9362],[37.7471,52.0169],[38.0384,52.3445],[37.7118,52.613],[37.841,53.0085]]]}},{"type":"Feature","id":"label-RUS-2366","properties":{"kind":"division-label","code":"RUS-2366","countryCode":"RUS","name":"Oryol","localName":"Орловская область","labelEnglish":"Oryol","labelLocal":"Орловская область","labelBoth":"Oryol · Орловская область","type":"Region","iso":"RU-ORL","qid":"Q3129"},"geometry":{"type":"Point","coordinates":[36.4166,52.8778]}},{"type":"Feature","id":"RUS-2602","properties":{"kind":"division","code":"RUS-2602","countryCode":"RUS","name":"Irkutsk","localName":"Иркутская область","labelEnglish":"Irkutsk","labelLocal":"Иркутская область","labelBoth":"Irkutsk · Иркутская область","type":"Region","iso":"RU-IRK","qid":"Q6585"},"geometry":{"type":"Polygon","coordinates":[[[108.0265,64.2235],[108.3201,64.039],[107.6798,63.9892],[107.5503,63.857],[106.7644,63.9957],[106.5168,63.483],[106.7253,63.375],[106.1352,63.0688],[106.4948,62.6919],[106.7969,62.6018],[106.3409,62.251],[106.4039,62.0307],[105.9022,61.8349],[105.9414,61.6854],[104.789,61.3484],[104.8366,61.1762],[104.4597,60.8388],[104.6559,60.4091],[105.4758,60.2539],[105.3772,59.8217],[104.7988,59.6909],[105.1813,59.4723],[105.3535,59.1079],[104.4582,58.6023],[103.8895,58.9026],[103.6139,58.9123],[103.0174,59.3163],[102.4549,59.1531],[102.5197,58.7279],[101.7736,58.4533],[101.5309,58.2253],[100.8182,57.8866],[100.9553,57.5553],[100.7156,57.4129],[100.4187,57.5418],[100.0173,58.0815],[99.7028,58.0857],[99.4109,57.7955],[97.934,57.8113],[97.3485,57.048],[97.7653,56.788],[97.8407,56.3931],[97.5914,56.3867],[97.3519,56.0512],[97.1253,56.1017],[96.7601,55.7461],[96.918,55.3295],[96.7066,55.2587],[96.5728,54.5184],[96.0749,54.5734],[95.6782,54.2342],[96.0793,54.0627],[96.6841,53.6385],[96.8749,53.7291],[97.3284,53.5964],[97.6063,53.373],[97.9715,53.3516],[98.3032,53.1037],[99.0557,53.1038],[99.2498,52.9538],[99.8625,53.2936],[100.2605,53.3748],[100.6064,52.9436],[101.9104,52.3171],[102.5421,52.2276],[102.777,51.9846],[103.2216,51.7883],[103.335,51.4342],[103.8187,51.3878],[103.8137,51.1319],[104.2124,51.2811],[104.6094,51.2683],[104.6499,51.6224],[105.1231,51.7311],[105.7515,52.031],[106.1983,52.4402],[108.041,53.1927],[108.4235,53.7832],[109.0221,54.4936],[108.5579,54.543],[108.6986,54.681],[108.7727,55.2373],[108.6222,55.4559],[108.96,55.9413],[109.18,55.913],[108.799,56.2574],[108.5712,56.2936],[108.699,56.5829],[109.4102,56.7349],[109.6653,56.6943],[110.0661,56.9752],[110.5319,56.8467],[111.1337,56.8147],[111.4625,57.1025],[111.8054,56.9123],[113.9884,56.5351],[114.1272,56.676],[114.7953,56.7097],[115.0859,57.1186],[115.8522,57.2401],[116.2384,57.1493],[115.7108,56.9635],[116.122,56.8127],[116.815,56.7262],[117.6725,56.9775],[117.0861,57.8103],[117.313,57.847],[117.4709,58.304],[117.6838,58.398],[118.3381,58.3424],[118.6304,58.1752],[119.1081,58.2227],[119.1324,58.4723],[118.8212,58.5743],[118.8929,58.8164],[118.6887,59.1915],[118.8397,59.3004],[118.336,59.5956],[117.906,59.4439],[117.0893,59.5884],[117.2282,59.7983],[116.9543,60.1686],[116.5824,60.3599],[115.6863,60.5262],[114.6971,60.2192],[114.5455,59.9854],[114.0302,59.6811],[113.5918,59.5652],[113.4647,59.2663],[112.5544,59.0334],[112.6388,59.2802],[112.2881,59.304],[112.2179,59.5004],[111.9325,59.2719],[111.1638,59.1894],[110.7135,59.2589],[110.4709,59.0336],[109.8314,58.9808],[109.2694,59.4491],[109.7639,60.027],[109.9168,60.4506],[110.2598,60.6903],[110.4814,61.1592],[109.7924,61.3252],[109.8513,61.5573],[109.5978,61.8704],[109.9995,62.1635],[109.9182,62.4063],[109.3059,62.4836],[109.6144,62.8737],[109.3833,63.3305],[109.0527,63.5491],[108.1596,63.5629],[108.2794,63.7964],[108.6868,63.7954],[108.5284,64.2404],[108.0265,64.2235]]]}},{"type":"Feature","id":"label-RUS-2602","properties":{"kind":"division-label","code":"RUS-2602","countryCode":"RUS","name":"Irkutsk","localName":"Иркутская область","labelEnglish":"Irkutsk","labelLocal":"Иркутская область","labelBoth":"Irkutsk · Иркутская область","type":"Region","iso":"RU-IRK","qid":"Q6585"},"geometry":{"type":"Point","coordinates":[105.966,56.8255]}},{"type":"Feature","id":"RUS-2402","properties":{"kind":"division","code":"RUS-2402","countryCode":"RUS","name":"Republic of Khakassia","localName":"Республика Хакасия","labelEnglish":"Republic of Khakassia","labelLocal":"Республика Хакасия","labelBoth":"Republic of Khakassia · Республика Хакасия","type":"Republic","iso":"RU-KK","qid":"Q6543"},"geometry":{"type":"Polygon","coordinates":[[[88.6088,55.4456],[88.3965,55.279],[88.7531,54.8046],[88.5186,54.4161],[89.1292,54.3505],[88.9815,54.0652],[89.2738,53.8491],[88.8339,53.5846],[89.0506,53.2494],[88.8951,52.9874],[89.2356,52.81],[89.1151,52.6264],[88.3648,52.168],[87.8391,51.8106],[88.0864,51.7136],[87.8615,51.5494],[88.5077,51.3164],[88.7357,51.5594],[89.7304,51.5822],[90.1046,51.7677],[90.1237,52.1286],[90.4766,52.1834],[90.7003,52.4582],[91.3963,52.868],[91.3511,53.0775],[91.8412,53.2883],[91.4697,53.5139],[91.3266,53.8167],[91.4639,54.0565],[90.9153,54.7911],[90.4583,54.8708],[90.1959,55.1514],[89.6578,55.0031],[89.2008,54.9904],[88.9502,55.2891],[88.6088,55.4456]]]}},{"type":"Feature","id":"label-RUS-2402","properties":{"kind":"division-label","code":"RUS-2402","countryCode":"RUS","name":"Republic of Khakassia","localName":"Республика Хакасия","labelEnglish":"Republic of Khakassia","labelLocal":"Республика Хакасия","labelBoth":"Republic of Khakassia · Республика Хакасия","type":"Republic","iso":"RU-KK","qid":"Q6543"},"geometry":{"type":"Point","coordinates":[89.8405,53.3643]}},{"type":"Feature","id":"RUS-2372","properties":{"kind":"division","code":"RUS-2372","countryCode":"RUS","name":"Republic of Mordovia","localName":"Республика Мордовия","labelEnglish":"Republic of Mordovia","labelLocal":"Республика Мордовия","labelBoth":"Republic of Mordovia · Республика Мордовия","type":"Republic","iso":"RU-MO","qid":"Q5340"},"geometry":{"type":"Polygon","coordinates":[[[42.3077,53.8475],[43.1515,53.8288],[43.1816,54.0011],[43.7518,53.9632],[43.8769,53.8097],[44.5339,53.6643],[44.6165,53.8915],[45.1762,53.9788],[45.3393,53.8849],[45.7916,54.0039],[46.0183,54.1894],[46.719,54.3296],[46.4413,54.7722],[46.0557,55.0421],[45.7103,55.1768],[45.4244,54.8818],[45.0411,54.7144],[45.1465,54.52],[44.615,54.4719],[43.9627,54.7967],[43.369,54.9497],[43.0977,54.7988],[42.4668,54.8713],[42.6993,54.5824],[42.6252,54.3734],[42.2781,54.2357],[42.3077,53.8475]]]}},{"type":"Feature","id":"label-RUS-2372","properties":{"kind":"division-label","code":"RUS-2372","countryCode":"RUS","name":"Republic of Mordovia","localName":"Республика Мордовия","labelEnglish":"Republic of Mordovia","labelLocal":"Республика Мордовия","labelBoth":"Republic of Mordovia · Республика Мордовия","type":"Republic","iso":"RU-MO","qid":"Q5340"},"geometry":{"type":"Point","coordinates":[44.4631,54.1154]}},{"type":"Feature","id":"RUS-2361","properties":{"kind":"division","code":"RUS-2361","countryCode":"RUS","name":"Kaluga","localName":"Калужская область","labelEnglish":"Kaluga","labelLocal":"Калужская область","labelBoth":"Kaluga · Калужская область","type":"Region","iso":"RU-KLU","qid":"Q2842"},"geometry":{"type":"Polygon","coordinates":[[[36.0096,53.6183],[35.9138,53.8523],[36.2164,54.0699],[36.0669,54.2005],[36.8914,54.2832],[36.805,54.6099],[37.0721,54.5361],[37.259,54.8358],[37.12,54.9908],[36.9043,55.2291],[36.4229,55.3187],[36.238,55.1937],[35.3697,55.2388],[34.921,54.7716],[34.4996,54.632],[34.3261,54.4296],[33.7287,54.5617],[33.5012,54.0158],[34.1992,53.8916],[34.5373,53.5982],[34.5,53.4273],[35.1035,53.3108],[36.0096,53.6183]]]}},{"type":"Feature","id":"label-RUS-2361","properties":{"kind":"division-label","code":"RUS-2361","countryCode":"RUS","name":"Kaluga","localName":"Калужская область","labelEnglish":"Kaluga","labelLocal":"Калужская область","labelBoth":"Kaluga · Калужская область","type":"Region","iso":"RU-KLU","qid":"Q2842"},"geometry":{"type":"Point","coordinates":[35.3416,54.2421]}},{"type":"Feature","id":"RUS-2356","properties":{"kind":"division","code":"RUS-2356","countryCode":"RUS","name":"Kostroma","localName":"Костромская область","labelEnglish":"Kostroma","labelLocal":"Костромская область","labelBoth":"Kostroma · Костромская область","type":"Region","iso":"RU-KOS","qid":"Q2596"},"geometry":{"type":"Polygon","coordinates":[[[40.926,58.5791],[41.1639,58.3609],[40.5997,57.9127],[40.6154,57.5396],[40.4452,57.2763],[41.5441,57.4586],[41.63,57.7499],[42.1862,57.5598],[42.851,57.6671],[42.8184,57.4268],[43.7274,57.4658],[44.3032,57.517],[44.8646,57.8798],[44.8626,58.0754],[46.3413,58.0746],[46.5931,58.5606],[47.0102,58.629],[47.5709,59.0599],[47.0563,59.3785],[47.1135,59.6113],[46.4064,59.6325],[46.3563,59.347],[45.9183,59.1844],[44.3912,59.1525],[43.498,59.2943],[42.7996,59.1704],[42.197,59.3035],[42.0119,59.1183],[41.3413,58.9566],[40.926,58.5791]]]}},{"type":"Feature","id":"label-RUS-2356","properties":{"kind":"division-label","code":"RUS-2356","countryCode":"RUS","name":"Kostroma","localName":"Костромская область","labelEnglish":"Kostroma","labelLocal":"Костромская область","labelBoth":"Kostroma · Костромская область","type":"Region","iso":"RU-KOS","qid":"Q2596"},"geometry":{"type":"Point","coordinates":[43.4689,58.3882]}},{"type":"Feature","id":"RUS-2360","properties":{"kind":"division","code":"RUS-2360","countryCode":"RUS","name":"Yaroslavl","localName":"Ярославская область","labelEnglish":"Yaroslavl","labelLocal":"Ярославская область","labelBoth":"Yaroslavl · Ярославская область","type":"Region","iso":"RU-YAR","qid":"Q2448"},"geometry":{"type":"Polygon","coordinates":[[[40.926,58.5791],[40.1608,58.5586],[39.595,58.9064],[38.9403,58.9443],[38.9159,58.7444],[38.0476,58.7357],[37.6263,58.4902],[37.3751,58.2008],[37.6735,58.083],[37.3665,57.9771],[37.8276,57.6307],[37.7948,57.4335],[38.2705,57.3711],[38.1429,57.197],[38.2565,56.7702],[38.3741,56.6966],[38.5676,56.5432],[39.2716,56.5383],[39.4172,56.7721],[39.5202,57.0269],[40.4452,57.2763],[40.6154,57.5396],[40.5997,57.9127],[41.1639,58.3609],[40.926,58.5791]]]}},{"type":"Feature","id":"label-RUS-2360","properties":{"kind":"division-label","code":"RUS-2360","countryCode":"RUS","name":"Yaroslavl","localName":"Ярославская область","labelEnglish":"Yaroslavl","labelLocal":"Ярославская область","labelBoth":"Yaroslavl · Ярославская область","type":"Region","iso":"RU-YAR","qid":"Q2448"},"geometry":{"type":"Point","coordinates":[39.2547,57.7329]}},{"type":"Feature","id":"RUS-2376","properties":{"kind":"division","code":"RUS-2376","countryCode":"RUS","name":"Vladimir","localName":"Владимирская область","labelEnglish":"Vladimir","labelLocal":"Владимирская область","labelBoth":"Vladimir · Владимирская область","type":"Region","iso":"RU-VLA","qid":"Q2702"},"geometry":{"type":"Polygon","coordinates":[[[39.4172,56.7721],[39.2716,56.5383],[38.5676,56.5432],[38.3741,56.6966],[38.3226,56.4945],[38.6056,55.9589],[39.3581,55.761],[39.8231,55.8328],[40.2065,55.3093],[40.9646,55.2604],[41.7832,55.1191],[42.117,55.4217],[42.0404,55.6087],[42.3803,55.7768],[42.6862,56.1221],[42.9059,56.1518],[42.5879,56.4202],[42.059,56.368],[41.9339,56.5168],[41.0374,56.48],[40.5106,56.5959],[40.1559,56.4343],[39.8588,56.7796],[39.4172,56.7721]]]}},{"type":"Feature","id":"label-RUS-2376","properties":{"kind":"division-label","code":"RUS-2376","countryCode":"RUS","name":"Vladimir","localName":"Владимирская область","labelEnglish":"Vladimir","labelLocal":"Владимирская область","labelBoth":"Vladimir · Владимирская область","type":"Region","iso":"RU-VLA","qid":"Q2702"},"geometry":{"type":"Point","coordinates":[40.6207,55.8966]}},{"type":"Feature","id":"RUS-2374","properties":{"kind":"division","code":"RUS-2374","countryCode":"RUS","name":"Ryazan","localName":"Рязанская область","labelEnglish":"Ryazan","labelLocal":"Рязанская область","labelBoth":"Ryazan · Рязанская область","type":"Region","iso":"RU-RYA","qid":"Q2753"},"geometry":{"type":"Polygon","coordinates":[[[38.8954,53.5652],[39.1816,53.3857],[39.7402,53.5883],[40.1602,53.3422],[40.6867,53.5647],[41.1744,53.4337],[41.4001,53.7832],[42.1344,53.8122],[42.3077,53.8475],[42.2781,54.2357],[42.6252,54.3734],[42.6993,54.5824],[42.4668,54.8713],[41.7832,55.1191],[40.9646,55.2604],[40.2065,55.3093],[39.3977,54.8761],[39.2157,54.6322],[38.8204,54.6019],[38.919,54.4121],[38.6751,54.2447],[38.8954,53.5652]]]}},{"type":"Feature","id":"label-RUS-2374","properties":{"kind":"division-label","code":"RUS-2374","countryCode":"RUS","name":"Ryazan","localName":"Рязанская область","labelEnglish":"Ryazan","labelLocal":"Рязанская область","labelBoth":"Ryazan · Рязанская область","type":"Region","iso":"RU-RYA","qid":"Q2753"},"geometry":{"type":"Point","coordinates":[40.6258,54.3363]}},{"type":"Feature","id":"RUS-2355","properties":{"kind":"division","code":"RUS-2355","countryCode":"RUS","name":"Ivanovo","localName":"Ивановская область","labelEnglish":"Ivanovo","labelLocal":"Ивановская область","labelBoth":"Ivanovo · Ивановская область","type":"Region","iso":"RU-IVA","qid":"Q2654"},"geometry":{"type":"Polygon","coordinates":[[[43.7274,57.4658],[42.8184,57.4268],[42.851,57.6671],[42.1862,57.5598],[41.63,57.7499],[41.5441,57.4586],[40.4452,57.2763],[39.5202,57.0269],[39.4172,56.7721],[39.8588,56.7796],[40.1559,56.4343],[40.5106,56.5959],[41.0374,56.48],[41.9339,56.5168],[42.059,56.368],[42.5879,56.4202],[42.8819,56.4716],[42.8608,56.8194],[43.5013,56.9064],[43.7274,57.4658]]]}},{"type":"Feature","id":"label-RUS-2355","properties":{"kind":"division-label","code":"RUS-2355","countryCode":"RUS","name":"Ivanovo","localName":"Ивановская область","labelEnglish":"Ivanovo","labelLocal":"Ивановская область","labelBoth":"Ivanovo · Ивановская область","type":"Region","iso":"RU-IVA","qid":"Q2654"},"geometry":{"type":"Point","coordinates":[41.6244,57.1213]}},{"type":"Feature","id":"RUS-2357","properties":{"kind":"division","code":"RUS-2357","countryCode":"RUS","name":"Nizhny Novgorod","localName":"Нижегородская область","labelEnglish":"Nizhny Novgorod","labelLocal":"Нижегородская область","labelBoth":"Nizhny Novgorod · Нижегородская область","type":"Region","iso":"RU-NIZ","qid":"Q2246"},"geometry":{"type":"Polygon","coordinates":[[[42.4668,54.8713],[43.0977,54.7988],[43.369,54.9497],[43.9627,54.7967],[44.615,54.4719],[45.1465,54.52],[45.0411,54.7144],[45.4244,54.8818],[45.7103,55.1768],[46.0557,55.0421],[46.3841,55.4631],[45.9201,55.688],[46.214,56.0498],[45.6627,56.4609],[45.9586,56.8721],[46.7149,56.9663],[46.7501,57.5173],[47.471,57.5285],[47.7031,57.9584],[46.3413,58.0746],[44.8626,58.0754],[44.8646,57.8798],[44.3032,57.517],[43.7274,57.4658],[43.5013,56.9064],[42.8608,56.8194],[42.8819,56.4716],[42.5879,56.4202],[42.9059,56.1518],[42.6862,56.1221],[42.3803,55.7768],[42.0404,55.6087],[42.117,55.4217],[41.7832,55.1191],[42.4668,54.8713]]]}},{"type":"Feature","id":"label-RUS-2357","properties":{"kind":"division-label","code":"RUS-2357","countryCode":"RUS","name":"Nizhny Novgorod","localName":"Нижегородская область","labelEnglish":"Nizhny Novgorod","labelLocal":"Нижегородская область","labelBoth":"Nizhny Novgorod · Нижегородская область","type":"Region","iso":"RU-NIZ","qid":"Q2246"},"geometry":{"type":"Point","coordinates":[44.7751,56.1384]}},{"type":"Feature","id":"RUS-2368","properties":{"kind":"division","code":"RUS-2368","countryCode":"RUS","name":"Tula","localName":"Тульская область","labelEnglish":"Tula","labelLocal":"Тульская область","labelBoth":"Tula · Тульская область","type":"Region","iso":"RU-TUL","qid":"Q2792"},"geometry":{"type":"Polygon","coordinates":[[[38.8954,53.5652],[38.6751,54.2447],[38.3772,54.5148],[38.4716,54.6384],[37.9386,54.8323],[37.5643,54.7365],[37.259,54.8358],[37.0721,54.5361],[36.805,54.6099],[36.8914,54.2832],[36.0669,54.2005],[36.2164,54.0699],[35.9138,53.8523],[36.0096,53.6183],[36.8073,53.2966],[37.5683,53.289],[37.841,53.0085],[38.5946,53.0485],[38.4773,53.31],[38.8954,53.5652]]]}},{"type":"Feature","id":"label-RUS-2368","properties":{"kind":"division-label","code":"RUS-2368","countryCode":"RUS","name":"Tula","localName":"Тульская область","labelEnglish":"Tula","labelLocal":"Тульская область","labelBoth":"Tula · Тульская область","type":"Region","iso":"RU-TUL","qid":"Q2792"},"geometry":{"type":"Point","coordinates":[37.4161,54.0668]}},{"type":"Feature","id":"RUS-2389","properties":{"kind":"division","code":"RUS-2389","countryCode":"RUS","name":"Chuvash Republic","localName":"Чувашская Республика","labelEnglish":"Chuvash Republic","labelLocal":"Чувашская Республика","labelBoth":"Chuvash Republic · Чувашская Республика","type":"Republic","iso":"RU-CU","qid":"Q5466"},"geometry":{"type":"Polygon","coordinates":[[[48.4124,55.8294],[47.9051,56.1138],[47.4367,56.1885],[47.3847,56.3301],[46.214,56.0498],[45.9201,55.688],[46.3841,55.4631],[46.0557,55.0421],[46.4413,54.7722],[46.8691,54.6317],[47.2419,54.6777],[47.4392,54.8912],[47.8005,54.8192],[48.0747,55.1084],[47.9132,55.3162],[48.025,55.6305],[48.4124,55.8294]]]}},{"type":"Feature","id":"label-RUS-2389","properties":{"kind":"division-label","code":"RUS-2389","countryCode":"RUS","name":"Chuvash Republic","localName":"Чувашская Республика","labelEnglish":"Chuvash Republic","labelLocal":"Чувашская Республика","labelBoth":"Chuvash Republic · Чувашская Республика","type":"Republic","iso":"RU-CU","qid":"Q5466"},"geometry":{"type":"Point","coordinates":[47.1662,55.4883]}},{"type":"Feature","id":"RUS-2359","properties":{"kind":"division","code":"RUS-2359","countryCode":"RUS","name":"Vologda","localName":"Вологодская область","labelEnglish":"Vologda","labelLocal":"Вологодская область","labelBoth":"Vologda · Вологодская область","type":"Region","iso":"RU-VLG","qid":"Q2015"},"geometry":{"type":"Polygon","coordinates":[[[37.7729,61.5221],[36.9964,61.5944],[35.6039,61.1883],[35.2586,60.5853],[35.0973,60.0161],[35.4037,59.9743],[35.4485,59.4277],[34.7299,59.1032],[35.1246,58.815],[35.7512,58.8265],[36.1733,58.525],[36.4892,58.5309],[36.8642,58.8428],[37.1222,58.866],[37.6263,58.4902],[38.0476,58.7357],[38.9159,58.7444],[38.9403,58.9443],[39.595,58.9064],[40.1608,58.5586],[40.926,58.5791],[41.3413,58.9566],[42.0119,59.1183],[42.197,59.3035],[42.7996,59.1704],[43.498,59.2943],[44.3912,59.1525],[45.9183,59.1844],[46.3563,59.347],[46.4064,59.6325],[47.1135,59.6113],[46.9226,59.8439],[47.0364,60.0995],[46.6085,60.0673],[46.3017,60.2419],[46.7495,60.2611],[47.0429,60.8538],[46.5016,61.0644],[46.2851,60.9678],[45.3324,61.1893],[45.2291,60.9039],[43.776,61.0208],[43.5109,60.7675],[42.6505,60.8631],[42.3948,60.7694],[41.8009,60.899],[41.3822,60.8511],[41.343,60.646],[40.7465,60.7797],[39.9235,60.6519],[38.9477,60.8027],[38.6613,60.7114],[37.9645,61.1484],[37.7729,61.5221]]]}},{"type":"Feature","id":"label-RUS-2359","properties":{"kind":"division-label","code":"RUS-2359","countryCode":"RUS","name":"Vologda","localName":"Вологодская область","labelEnglish":"Vologda","labelLocal":"Вологодская область","labelBoth":"Vologda · Вологодская область","type":"Region","iso":"RU-VLG","qid":"Q2015"},"geometry":{"type":"Point","coordinates":[40.9333,59.6397]}},{"type":"Feature","id":"RUS-2334","properties":{"kind":"division","code":"RUS-2334","countryCode":"RUS","name":"Novgorod","localName":"Новгородская область","labelEnglish":"Novgorod","labelLocal":"Новгородская область","labelBoth":"Novgorod · Новгородская область","type":"Region","iso":"RU-NGR","qid":"Q2240"},"geometry":{"type":"Polygon","coordinates":[[[34.7299,59.1032],[33.855,59.1984],[33.5203,59.373],[32.9548,59.4218],[32.584,59.1805],[32.1241,59.3943],[31.5631,59.3684],[31.2579,58.9808],[31.1547,59.0769],[30.6874,58.7458],[30.1583,58.7627],[29.975,58.4447],[29.6585,58.2436],[29.9505,57.944],[30.53,57.8866],[30.5156,57.3181],[30.6581,56.9641],[31.0001,56.9652],[31.5456,56.9398],[31.7221,57.1057],[32.4102,57.2399],[32.8073,57.46],[33.2948,57.4322],[33.3249,57.6546],[33.7031,57.9198],[33.545,58.0472],[33.999,58.219],[34.7097,58.0883],[35.2635,58.3872],[36.1733,58.525],[35.7512,58.8265],[35.1246,58.815],[34.7299,59.1032]]]}},{"type":"Feature","id":"label-RUS-2334","properties":{"kind":"division-label","code":"RUS-2334","countryCode":"RUS","name":"Novgorod","localName":"Новгородская область","labelEnglish":"Novgorod","labelLocal":"Новгородская область","labelBoth":"Novgorod · Новгородская область","type":"Region","iso":"RU-NGR","qid":"Q2240"},"geometry":{"type":"Point","coordinates":[32.9454,58.4228]}},{"type":"Feature","id":"RUS-2358","properties":{"kind":"division","code":"RUS-2358","countryCode":"RUS","name":"Tver","localName":"Тверская область","labelEnglish":"Tver","labelLocal":"Тверская область","labelBoth":"Tver · Тверская область","type":"Region","iso":"RU-TVE","qid":"Q2292"},"geometry":{"type":"Polygon","coordinates":[[[37.6263,58.4902],[37.1222,58.866],[36.8642,58.8428],[36.4892,58.5309],[36.1733,58.525],[35.2635,58.3872],[34.7097,58.0883],[33.999,58.219],[33.545,58.0472],[33.7031,57.9198],[33.3249,57.6546],[33.2948,57.4322],[32.8073,57.46],[32.4102,57.2399],[31.7221,57.1057],[31.5456,56.9398],[31.0001,56.9652],[30.7976,56.8002],[31.0266,56.4747],[31.4915,56.3013],[31.3447,55.964],[31.4674,55.729],[31.8936,55.7705],[32.9393,55.6318],[33.3722,55.7026],[33.9166,56.0731],[34.6309,55.9179],[35.1741,55.9483],[35.4579,56.4483],[36.0961,56.3468],[36.8329,56.5832],[37.7388,56.9518],[38.2565,56.7702],[38.1429,57.197],[38.2705,57.3711],[37.7948,57.4335],[37.8276,57.6307],[37.3665,57.9771],[37.6735,58.083],[37.3751,58.2008],[37.6263,58.4902]]]}},{"type":"Feature","id":"label-RUS-2358","properties":{"kind":"division-label","code":"RUS-2358","countryCode":"RUS","name":"Tver","localName":"Тверская область","labelEnglish":"Tver","labelLocal":"Тверская область","labelBoth":"Tver · Тверская область","type":"Region","iso":"RU-TVE","qid":"Q2292"},"geometry":{"type":"Point","coordinates":[34.5445,57.0297]}},{"type":"Feature","id":"RUS-2364","properties":{"kind":"division","code":"RUS-2364","countryCode":"RUS","name":"Moscow","localName":"Московская область","labelEnglish":"Moscow","labelLocal":"Московская область","labelBoth":"Moscow · Московская область","type":"Region","iso":"RU-MOW","qid":"Q1697"},"geometry":{"type":"Polygon","coordinates":[[[35.3697,55.2388],[36.238,55.1937],[36.4229,55.3187],[36.9043,55.2291],[36.9128,55.5166],[37.1749,55.4478],[37.4311,55.8777],[37.8005,55.8377],[37.4248,55.1842],[37.12,54.9908],[37.259,54.8358],[37.5643,54.7365],[37.9386,54.8323],[38.4716,54.6384],[38.3772,54.5148],[38.6751,54.2447],[38.919,54.4121],[38.8204,54.6019],[39.2157,54.6322],[39.3977,54.8761],[40.2065,55.3093],[39.8231,55.8328],[39.3581,55.761],[38.6056,55.9589],[38.3226,56.4945],[38.3741,56.6966],[38.2565,56.7702],[37.7388,56.9518],[36.8329,56.5832],[36.0961,56.3468],[35.4579,56.4483],[35.1741,55.9483],[35.3535,55.7794],[35.3697,55.2388]]]}},{"type":"Feature","id":"label-RUS-2364","properties":{"kind":"division-label","code":"RUS-2364","countryCode":"RUS","name":"Moscow","localName":"Московская область","labelEnglish":"Moscow","labelLocal":"Московская область","labelBoth":"Moscow · Московская область","type":"Region","iso":"RU-MOW","qid":"Q1697"},"geometry":{"type":"Point","coordinates":[38.671,55.1508]}},{"type":"Feature","id":"RUS-2365","properties":{"kind":"division","code":"RUS-2365","countryCode":"RUS","name":"Moscow","localName":"Московская область","labelEnglish":"Moscow","labelLocal":"Московская область","labelBoth":"Moscow · Московская область","type":"Federal City","iso":"RU-MOS","qid":"Q649"},"geometry":{"type":"Polygon","coordinates":[[[37.12,54.9908],[37.4248,55.1842],[37.8005,55.8377],[37.4311,55.8777],[37.1749,55.4478],[36.9128,55.5166],[36.9043,55.2291],[37.12,54.9908]]]}},{"type":"Feature","id":"label-RUS-2365","properties":{"kind":"division-label","code":"RUS-2365","countryCode":"RUS","name":"Moscow","localName":"Московская область","labelEnglish":"Moscow","labelLocal":"Московская область","labelBoth":"Moscow · Московская область","type":"Federal City","iso":"RU-MOS","qid":"Q649"},"geometry":{"type":"Point","coordinates":[37.6188,55.7177]}},{"type":"Feature","id":"RUS-2385","properties":{"kind":"division","code":"RUS-2385","countryCode":"RUS","name":"Mari El Republic","localName":"Республика Марий Эл","labelEnglish":"Mari El Republic","labelLocal":"Республика Марий Эл","labelBoth":"Mari El Republic · Республика Марий Эл","type":"Republic","iso":"RU-ME","qid":"Q5446"},"geometry":{"type":"Polygon","coordinates":[[[50.072,56.6227],[50.0169,56.8637],[49.6998,57.0734],[49.285,57.0391],[49.1849,57.3301],[48.9606,57.0893],[48.293,57.1633],[48.1172,56.998],[47.7699,57.0601],[47.509,56.8934],[46.7149,56.9663],[45.9586,56.8721],[45.6627,56.4609],[46.214,56.0498],[47.3847,56.3301],[47.4367,56.1885],[47.9051,56.1138],[48.4124,55.8294],[48.6941,55.9646],[49.1168,56.3973],[50.072,56.6227]]]}},{"type":"Feature","id":"label-RUS-2385","properties":{"kind":"division-label","code":"RUS-2385","countryCode":"RUS","name":"Mari El Republic","localName":"Республика Марий Эл","labelEnglish":"Mari El Republic","labelLocal":"Республика Марий Эл","labelBoth":"Mari El Republic · Республика Марий Эл","type":"Republic","iso":"RU-ME","qid":"Q5446"},"geometry":{"type":"Point","coordinates":[47.9131,56.5407]}},{"type":"Feature","id":"RUS-2384","properties":{"kind":"division","code":"RUS-2384","countryCode":"RUS","name":"Kirov","localName":"Кировская область","labelEnglish":"Kirov","labelLocal":"Кировская область","labelBoth":"Kirov · Кировская область","type":"Region","iso":"RU-KIR","qid":"Q5387"},"geometry":{"type":"Polygon","coordinates":[[[50.072,56.6227],[50.3496,56.6695],[50.5861,56.3665],[51.3211,56.0755],[51.4365,56.1444],[51.1907,56.6615],[51.5405,56.883],[51.1204,57.2655],[51.1814,57.4466],[51.576,57.4434],[51.8621,57.6473],[51.8846,57.9864],[51.6735,58.1661],[51.971,58.4641],[53.3395,58.3886],[53.7846,58.4399],[53.8765,59.0928],[53.3346,59.1852],[53.2058,59.364],[53.7065,60.0012],[53.6076,60.1427],[52.2978,60.2416],[52.0609,60.3169],[51.5213,59.9462],[51.0754,60.0607],[50.8301,59.8708],[50.3864,59.8395],[49.834,59.6381],[49.7949,59.2331],[49.0388,59.5005],[49.0726,59.6596],[48.5076,59.7151],[48.4617,60.1975],[48.7547,60.3612],[48.419,60.8538],[47.9655,60.9994],[47.1961,61.0483],[47.0429,60.8538],[46.7495,60.2611],[46.3017,60.2419],[46.6085,60.0673],[47.0364,60.0995],[46.9226,59.8439],[47.1135,59.6113],[47.0563,59.3785],[47.5709,59.0599],[47.0102,58.629],[46.5931,58.5606],[46.3413,58.0746],[47.7031,57.9584],[47.471,57.5285],[46.7501,57.5173],[46.7149,56.9663],[47.509,56.8934],[47.7699,57.0601],[48.1172,56.998],[48.293,57.1633],[48.9606,57.0893],[49.1849,57.3301],[49.285,57.0391],[49.6998,57.0734],[50.0169,56.8637],[50.072,56.6227]]]}},{"type":"Feature","id":"label-RUS-2384","properties":{"kind":"division-label","code":"RUS-2384","countryCode":"RUS","name":"Kirov","localName":"Кировская область","labelEnglish":"Kirov","labelLocal":"Кировская область","labelBoth":"Kirov · Кировская область","type":"Region","iso":"RU-KIR","qid":"Q5387"},"geometry":{"type":"Point","coordinates":[50.1112,58.1926]}},{"type":"Feature","id":"RUS-2387","properties":{"kind":"division","code":"RUS-2387","countryCode":"RUS","name":"Udmurt Republic","localName":"Удмуртская Республика","labelEnglish":"Udmurt Republic","labelLocal":"Удмуртская Республика","labelBoth":"Udmurt Republic · Удмуртская Республика","type":"Republic","iso":"RU-UD","qid":"Q5422"},"geometry":{"type":"Polygon","coordinates":[[[54.3525,56.3585],[54.0838,56.6637],[54.2947,57.0836],[54.2732,57.433],[54.0395,57.5308],[54.0872,57.9942],[53.7846,58.4399],[53.3395,58.3886],[51.971,58.4641],[51.6735,58.1661],[51.8846,57.9864],[51.8621,57.6473],[51.576,57.4434],[51.1814,57.4466],[51.1204,57.2655],[51.5405,56.883],[51.1907,56.6615],[51.4365,56.1444],[51.4419,55.9246],[52.2403,55.9419],[52.2248,56.0863],[52.6553,56.0178],[52.562,56.2594],[53.0898,56.5216],[52.9933,56.1934],[53.3414,56.0909],[53.2891,55.8583],[53.6317,55.9067],[54.0468,56.058],[54.3525,56.3585]]]}},{"type":"Feature","id":"label-RUS-2387","properties":{"kind":"division-label","code":"RUS-2387","countryCode":"RUS","name":"Udmurt Republic","localName":"Удмуртская Республика","labelEnglish":"Udmurt Republic","labelLocal":"Удмуртская Республика","labelBoth":"Udmurt Republic · Удмуртская Республика","type":"Republic","iso":"RU-UD","qid":"Q5422"},"geometry":{"type":"Point","coordinates":[52.7957,57.3433]}},{"type":"Feature","id":"RUS-2383","properties":{"kind":"division","code":"RUS-2383","countryCode":"RUS","name":"Komi Republic","localName":"Республика Коми","labelEnglish":"Komi Republic","labelLocal":"Республика Коми","labelBoth":"Komi Republic · Республика Коми","type":"Republic","iso":"RU-KO","qid":"Q2073"},"geometry":{"type":"Polygon","coordinates":[[[59.4854,61.9933],[59.6437,62.5103],[59.2781,62.9702],[59.2922,63.3422],[59.5844,63.9383],[59.6476,64.7724],[60.1474,65.0648],[60.6661,64.903],[62.0185,65.7171],[62.8386,65.8693],[62.8214,66.0125],[63.4397,66.4851],[65.1162,66.9083],[65.1902,67.145],[66.11,67.4888],[66.0831,67.9336],[65.4366,67.92],[65.2727,68.2164],[65.4805,68.4304],[64.7451,68.4045],[64.5303,68.2001],[63.829,68.0172],[63.9442,67.8837],[62.8712,67.5796],[62.8213,67.388],[61.6248,67.0117],[58.7896,66.9997],[53.7725,66.9985],[52.2455,67.0891],[51.4946,66.9074],[51.5102,66.7833],[49.006,66.1191],[48.9894,65.2685],[49.5674,65.2921],[50.063,64.8902],[50.4674,64.7916],[50.2733,64.5129],[49.6267,64.5917],[48.95,64.4906],[48.4083,64.2242],[48.1158,64.3481],[45.8245,64.2836],[45.4422,64.1875],[45.8836,63.9643],[46.8192,63.747],[46.9366,63.3519],[47.5546,63.1485],[47.0826,62.8396],[47.4134,62.1928],[48.2908,62.3216],[48.3661,62.7293],[48.8751,62.8291],[49.609,62.7702],[49.3694,62.1494],[49.0516,61.691],[49.4614,61.5861],[49.3022,61.1762],[48.5093,61.0477],[48.419,60.8538],[48.7547,60.3612],[48.4617,60.1975],[48.5076,59.7151],[49.0726,59.6596],[49.0388,59.5005],[49.7949,59.2331],[49.834,59.6381],[50.3864,59.8395],[50.8301,59.8708],[51.0754,60.0607],[51.5213,59.9462],[52.0609,60.3169],[52.2978,60.2416],[52.3239,60.4321],[51.7742,60.6056],[51.8898,60.8758],[52.3548,60.8439],[52.8765,61.0938],[53.354,60.8934],[53.8535,60.9802],[54.9795,60.8638],[55.3156,61.123],[55.8411,61.2496],[56.2574,61.2063],[56.7024,61.5248],[58.6915,61.5027],[59.3487,61.6822],[59.4854,61.9933]]]}},{"type":"Feature","id":"label-RUS-2383","properties":{"kind":"division-label","code":"RUS-2383","countryCode":"RUS","name":"Komi Republic","localName":"Республика Коми","labelEnglish":"Komi Republic","labelLocal":"Республика Коми","labelBoth":"Komi Republic · Республика Коми","type":"Republic","iso":"RU-KO","qid":"Q2073"},"geometry":{"type":"Point","coordinates":[55.8183,64.1194]}},{"type":"Feature","id":"RUS-3200","properties":{"kind":"division","code":"RUS-3200","countryCode":"RUS","name":"Perm Krai","localName":"Пермская область","labelEnglish":"Perm Krai","labelLocal":"Пермская область","labelBoth":"Perm Krai · Пермская область","type":"Territory","iso":"RU-PER","qid":"Q5400"},"geometry":{"type":"Polygon","coordinates":[[[54.3525,56.3585],[54.5592,56.5384],[54.9684,56.3204],[55.9136,56.4663],[56.0733,56.2895],[56.4025,56.3874],[56.8641,56.1081],[57.4084,56.3291],[57.2187,56.853],[58.0663,57.0482],[57.9753,57.5409],[58.1707,57.686],[58.5798,57.5944],[58.8298,57.7262],[58.6046,57.9956],[59.456,58.4928],[59.0827,58.7693],[59.1753,59.1465],[58.3109,59.4681],[58.451,59.705],[58.9616,60.0049],[59.4677,60.8079],[59.261,61.2222],[59.3487,61.6822],[58.6915,61.5027],[56.7024,61.5248],[56.2574,61.2063],[55.8411,61.2496],[55.3156,61.123],[54.9795,60.8638],[53.8535,60.9802],[53.354,60.8934],[52.8765,61.0938],[52.3548,60.8439],[51.8898,60.8758],[51.7742,60.6056],[52.3239,60.4321],[52.2978,60.2416],[53.6076,60.1427],[53.7065,60.0012],[53.2058,59.364],[53.3346,59.1852],[53.8765,59.0928],[53.7846,58.4399],[54.0872,57.9942],[54.0395,57.5308],[54.2732,57.433],[54.2947,57.0836],[54.0838,56.6637],[54.3525,56.3585]]]}},{"type":"Feature","id":"label-RUS-3200","properties":{"kind":"division-label","code":"RUS-3200","countryCode":"RUS","name":"Perm Krai","localName":"Пермская область","labelEnglish":"Perm Krai","labelLocal":"Пермская область","labelBoth":"Perm Krai · Пермская область","type":"Territory","iso":"RU-PER","qid":"Q5400"},"geometry":{"type":"Point","coordinates":[56.5878,58.8735]}},{"type":"Feature","id":"RUS-2392","properties":{"kind":"division","code":"RUS-2392","countryCode":"RUS","name":"Samara","localName":"Самарская область","labelEnglish":"Samara","labelLocal":"Самарская область","labelBoth":"Samara · Самарская область","type":"Region","iso":"RU-SAM","qid":"Q1727"},"geometry":{"type":"Polygon","coordinates":[[[52.5385,54.3773],[52.0623,54.3598],[51.936,54.5276],[51.3792,54.6748],[51.0038,54.5392],[50.9185,54.3398],[50.5194,54.3298],[50.0775,54.5165],[50.2562,54.3049],[50.0576,53.8588],[49.0293,53.8572],[48.8743,53.7164],[48.4911,53.7705],[48.3756,53.4712],[47.9451,53.3743],[48.2216,52.9989],[48.5925,52.9194],[48.437,52.7804],[48.8907,52.411],[49.2057,52.5077],[49.8123,52.1931],[50.7315,51.914],[50.767,51.7594],[51.4152,52.1027],[51.5452,52.6814],[52.0609,52.9997],[52.1926,53.3752],[52.0792,53.5012],[52.4748,54.045],[52.2715,54.3266],[52.5385,54.3773]]]}},{"type":"Feature","id":"label-RUS-2392","properties":{"kind":"division-label","code":"RUS-2392","countryCode":"RUS","name":"Samara","localName":"Самарская область","labelEnglish":"Samara","labelLocal":"Самарская область","labelBoth":"Samara · Самарская область","type":"Region","iso":"RU-SAM","qid":"Q1727"},"geometry":{"type":"Point","coordinates":[50.4377,53.1783]}},{"type":"Feature","id":"RUS-2306","properties":{"kind":"division","code":"RUS-2306","countryCode":"RUS","name":"Stavropol Krai","localName":"Ставропольский край","labelEnglish":"Stavropol Krai","labelLocal":"Ставропольский край","labelBoth":"Stavropol Krai · Ставропольский край","type":"Territory","iso":"RU-STA","qid":"Q5207"},"geometry":{"type":"Polygon","coordinates":[[[41.7126,45.996],[41.1624,45.9536],[41.2744,45.7541],[40.8703,45.6959],[41.0256,45.2202],[41.3596,45.212],[41.6415,44.981],[41.4175,44.7078],[41.7294,44.4586],[42.5555,44.2449],[42.3031,44.1285],[42.596,44.0359],[42.6832,43.8072],[43.1748,43.9478],[43.3329,43.8055],[43.7287,43.8387],[43.9061,43.9942],[44.2849,43.8189],[44.8035,43.8021],[44.8387,43.6611],[45.0834,43.9528],[45.4495,43.8831],[45.5094,44.0152],[45.2709,44.5906],[45.614,44.766],[45.706,44.9758],[45.5862,45.1583],[44.7063,45.506],[44.1482,45.6525],[43.8776,45.9455],[43.3925,46.016],[42.9054,46.2403],[42.5335,45.9977],[41.7126,45.996]]]}},{"type":"Feature","id":"label-RUS-2306","properties":{"kind":"division-label","code":"RUS-2306","countryCode":"RUS","name":"Stavropol Krai","localName":"Ставропольский край","labelEnglish":"Stavropol Krai","labelLocal":"Ставропольский край","labelBoth":"Stavropol Krai · Ставропольский край","type":"Territory","iso":"RU-STA","qid":"Q5207"},"geometry":{"type":"Point","coordinates":[43.2791,44.981]}},{"type":"Feature","id":"RUS-2279","properties":{"kind":"division","code":"RUS-2279","countryCode":"RUS","name":"Republic of Adygea","localName":"Республика Адыгея","labelEnglish":"Republic of Adygea","labelLocal":"Республика Адыгея","labelBoth":"Republic of Adygea · Республика Адыгея","type":"Republic","iso":"RU-AD","qid":"Q3734"},"geometry":{"type":"Polygon","coordinates":[[[39.7515,45.1265],[39.3242,45.0012],[38.6859,45.0366],[39.0638,44.8103],[39.5527,44.8065],[39.4951,45.0307],[39.8838,45.0074],[40.0266,44.7362],[39.7926,44.3571],[40.0782,44.2442],[39.9276,44.0644],[39.7437,44.1912],[39.7297,43.918],[40.279,43.7512],[40.4552,43.981],[40.3271,44.564],[40.5542,44.7198],[40.5276,44.9152],[40.2467,45.092],[39.7515,45.1265]]]}},{"type":"Feature","id":"label-RUS-2279","properties":{"kind":"division-label","code":"RUS-2279","countryCode":"RUS","name":"Republic of Adygea","localName":"Республика Адыгея","labelEnglish":"Republic of Adygea","labelLocal":"Республика Адыгея","labelBoth":"Republic of Adygea · Республика Адыгея","type":"Republic","iso":"RU-AD","qid":"Q3734"},"geometry":{"type":"Point","coordinates":[40.1293,44.4658]}}]}