{"type":"FeatureCollection","features":[{"type":"Feature","id":"SVN-1033","properties":{"kind":"division","code":"SVN-1033","countryCode":"SVN","name":"Piran","localName":"Piran","labelEnglish":"Piran","labelLocal":"Piran","labelBoth":"Piran","type":"Commune|Municipality","iso":"SI-090","qid":"Q1382"},"geometry":{"type":"Polygon","coordinates":[[[13.5895,45.4888],[13.66,45.46],[13.6628,45.507],[13.6109,45.538],[13.5895,45.4888]]]}},{"type":"Feature","id":"label-SVN-1033","properties":{"kind":"division-label","code":"SVN-1033","countryCode":"SVN","name":"Piran","localName":"Piran","labelEnglish":"Piran","labelLocal":"Piran","labelBoth":"Piran","type":"Commune|Municipality","iso":"SI-090","qid":"Q1382"},"geometry":{"type":"Point","coordinates":[13.6309,45.4801]}},{"type":"Feature","id":"SVN-1044","properties":{"kind":"division","code":"SVN-1044","countryCode":"SVN","name":"Moravske Toplice","localName":"Moravske Toplice","labelEnglish":"Moravske Toplice","labelLocal":"Moravske Toplice","labelBoth":"Moravske Toplice","type":"Commune|Municipality","iso":"SI-078","qid":"Q3494723"},"geometry":{"type":"Polygon","coordinates":[[[16.2995,46.7795],[16.2577,46.78],[16.2106,46.745],[16.1787,46.6976],[16.2408,46.6536],[16.2979,46.6479],[16.3144,46.6451],[16.3562,46.6847],[16.3654,46.6967],[16.2995,46.7795]]]}},{"type":"Feature","id":"label-SVN-1044","properties":{"kind":"division-label","code":"SVN-1044","countryCode":"SVN","name":"Moravske Toplice","localName":"Moravske Toplice","labelEnglish":"Moravske Toplice","labelLocal":"Moravske Toplice","labelBoth":"Moravske Toplice","type":"Commune|Municipality","iso":"SI-078","qid":"Q3494723"},"geometry":{"type":"Point","coordinates":[16.2705,46.7159]}},{"type":"Feature","id":"SVN-196","properties":{"kind":"division","code":"SVN-196","countryCode":"SVN","name":"Šalovci","localName":"Šalovci","labelEnglish":"Šalovci","labelLocal":"Šalovci","labelBoth":"Šalovci","type":"Commune|Municipality","iso":"SI-033","qid":"Q241462"},"geometry":{"type":"Polygon","coordinates":[[[16.3111,46.7975],[16.2974,46.847],[16.1795,46.8585],[16.2577,46.78],[16.2995,46.7795],[16.3111,46.7975]]]}},{"type":"Feature","id":"label-SVN-196","properties":{"kind":"division-label","code":"SVN-196","countryCode":"SVN","name":"Šalovci","localName":"Šalovci","labelEnglish":"Šalovci","labelLocal":"Šalovci","labelBoth":"Šalovci","type":"Commune|Municipality","iso":"SI-033","qid":"Q241462"},"geometry":{"type":"Point","coordinates":[16.2448,46.8451]}},{"type":"Feature","id":"SVN-201","properties":{"kind":"division","code":"SVN-201","countryCode":"SVN","name":"Hodoš","localName":"Hodoš","labelEnglish":"Hodoš","labelLocal":"Hodoš","labelBoth":"Hodoš","type":"Commune|Municipality","iso":"SI-161","qid":"Q13365904"},"geometry":{"type":"Polygon","coordinates":[[[16.2974,46.847],[16.3111,46.7975],[16.3298,46.8344],[16.2974,46.847]]]}},{"type":"Feature","id":"label-SVN-201","properties":{"kind":"division-label","code":"SVN-201","countryCode":"SVN","name":"Hodoš","localName":"Hodoš","labelEnglish":"Hodoš","labelLocal":"Hodoš","labelBoth":"Hodoš","type":"Commune|Municipality","iso":"SI-161","qid":"Q13365904"},"geometry":{"type":"Point","coordinates":[16.3126,46.8202]}},{"type":"Feature","id":"SVN-928","properties":{"kind":"division","code":"SVN-928","countryCode":"SVN","name":"Gornji Petrovci","localName":"Gornji Petrovci","labelEnglish":"Gornji Petrovci","labelLocal":"Gornji Petrovci","labelBoth":"Gornji Petrovci","type":"Commune|Municipality","iso":"SI-031","qid":"Q3435689"},"geometry":{"type":"Polygon","coordinates":[[[16.1795,46.8585],[16.1302,46.8567],[16.1252,46.833],[16.1364,46.8294],[16.2106,46.745],[16.2577,46.78],[16.1795,46.8585]]]}},{"type":"Feature","id":"label-SVN-928","properties":{"kind":"division-label","code":"SVN-928","countryCode":"SVN","name":"Gornji Petrovci","localName":"Gornji Petrovci","labelEnglish":"Gornji Petrovci","labelLocal":"Gornji Petrovci","labelBoth":"Gornji Petrovci","type":"Commune|Municipality","iso":"SI-031","qid":"Q3435689"},"geometry":{"type":"Point","coordinates":[16.2128,46.8091]}},{"type":"Feature","id":"SVN-197","properties":{"kind":"division","code":"SVN-197","countryCode":"SVN","name":"Kuzma","localName":"Kuzma","labelEnglish":"Kuzma","labelLocal":"Kuzma","labelBoth":"Kuzma","type":"Commune|Municipality","iso":"SI-056","qid":"Q906636"},"geometry":{"type":"Polygon","coordinates":[[[16.094,46.8628],[16.0529,46.8461],[16.056,46.8161],[16.1252,46.833],[16.1302,46.8567],[16.094,46.8628]]]}},{"type":"Feature","id":"label-SVN-197","properties":{"kind":"division-label","code":"SVN-197","countryCode":"SVN","name":"Kuzma","localName":"Kuzma","labelEnglish":"Kuzma","labelLocal":"Kuzma","labelBoth":"Kuzma","type":"Commune|Municipality","iso":"SI-056","qid":"Q906636"},"geometry":{"type":"Point","coordinates":[16.0916,46.8461]}},{"type":"Feature","id":"SVN-264","properties":{"kind":"division","code":"SVN-264","countryCode":"SVN","name":"Lendava","localName":"Lendava","labelEnglish":"Lendava","labelLocal":"Lendava","labelBoth":"Lendava","type":"Commune|Municipality","iso":"SI-059","qid":"Q15890"},"geometry":{"type":"Polygon","coordinates":[[[16.3722,46.6363],[16.3479,46.6153],[16.3785,46.5998],[16.3345,46.5565],[16.3403,46.5438],[16.5153,46.5017],[16.3722,46.6363]]]}},{"type":"Feature","id":"label-SVN-264","properties":{"kind":"division-label","code":"SVN-264","countryCode":"SVN","name":"Lendava","localName":"Lendava","labelEnglish":"Lendava","labelLocal":"Lendava","labelBoth":"Lendava","type":"Commune|Municipality","iso":"SI-059","qid":"Q15890"},"geometry":{"type":"Point","coordinates":[16.4217,46.5693]}},{"type":"Feature","id":"SVN-271","properties":{"kind":"division","code":"SVN-271","countryCode":"SVN","name":"Dobrovnik","localName":"Dobrovnik","labelEnglish":"Dobrovnik","labelLocal":"Dobrovnik","labelBoth":"Dobrovnik","type":"Commune|Municipality","iso":"SI-156","qid":"Q13365892"},"geometry":{"type":"Polygon","coordinates":[[[16.4026,46.6631],[16.3562,46.6847],[16.3144,46.6451],[16.3479,46.6153],[16.3722,46.6363],[16.4026,46.6631]]]}},{"type":"Feature","id":"label-SVN-271","properties":{"kind":"division-label","code":"SVN-271","countryCode":"SVN","name":"Dobrovnik","localName":"Dobrovnik","labelEnglish":"Dobrovnik","labelLocal":"Dobrovnik","labelBoth":"Dobrovnik","type":"Commune|Municipality","iso":"SI-156","qid":"Q13365892"},"geometry":{"type":"Point","coordinates":[16.3581,46.6539]}},{"type":"Feature","id":"SVN-1043","properties":{"kind":"division","code":"SVN-1043","countryCode":"SVN","name":"Kobilje","localName":"Kobilje","labelEnglish":"Kobilje","labelLocal":"Kobilje","labelBoth":"Kobilje","type":"Commune|Municipality","iso":"SI-047","qid":"Q927718"},"geometry":{"type":"Polygon","coordinates":[[[16.3662,46.6965],[16.3654,46.6967],[16.3562,46.6847],[16.4026,46.6631],[16.3662,46.6965]]]}},{"type":"Feature","id":"label-SVN-1043","properties":{"kind":"division-label","code":"SVN-1043","countryCode":"SVN","name":"Kobilje","localName":"Kobilje","labelEnglish":"Kobilje","labelLocal":"Kobilje","labelBoth":"Kobilje","type":"Commune|Municipality","iso":"SI-047","qid":"Q927718"},"geometry":{"type":"Point","coordinates":[16.3831,46.6809]}},{"type":"Feature","id":"SVN-1014","properties":{"kind":"division","code":"SVN-1014","countryCode":"SVN","name":"Kranjska Gora","localName":"Kranjska Gora","labelEnglish":"Kranjska Gora","labelLocal":"Kranjska Gora","labelBoth":"Kranjska Gora","type":"Commune|Municipality","iso":"SI-053","qid":"Q507051"},"geometry":{"type":"Polygon","coordinates":[[[13.6859,46.464],[13.8417,46.3822],[13.8479,46.3812],[13.9924,46.4448],[14.0149,46.4825],[13.701,46.5197],[13.6859,46.464]]]}},{"type":"Feature","id":"label-SVN-1014","properties":{"kind":"division-label","code":"SVN-1014","countryCode":"SVN","name":"Kranjska Gora","localName":"Kranjska Gora","labelEnglish":"Kranjska Gora","labelLocal":"Kranjska Gora","labelBoth":"Kranjska Gora","type":"Commune|Municipality","iso":"SI-053","qid":"Q507051"},"geometry":{"type":"Point","coordinates":[13.8502,46.4482]}},{"type":"Feature","id":"SVN-1023","properties":{"kind":"division","code":"SVN-1023","countryCode":"SVN","name":"Bovec","localName":"Bovec","labelEnglish":"Bovec","labelLocal":"Bovec","labelBoth":"Bovec","type":"Commune|Municipality","iso":"SI-006","qid":"Q3259688"},"geometry":{"type":"Polygon","coordinates":[[[13.6859,46.464],[13.3956,46.3067],[13.7274,46.3017],[13.8417,46.3822],[13.6859,46.464]]]}},{"type":"Feature","id":"label-SVN-1023","properties":{"kind":"division-label","code":"SVN-1023","countryCode":"SVN","name":"Bovec","localName":"Bovec","labelEnglish":"Bovec","labelLocal":"Bovec","labelBoth":"Bovec","type":"Commune|Municipality","iso":"SI-006","qid":"Q3259688"},"geometry":{"type":"Point","coordinates":[13.6184,46.3725]}},{"type":"Feature","id":"SVN-1029","properties":{"kind":"division","code":"SVN-1029","countryCode":"SVN","name":"Kobarid","localName":"Kobarid","labelEnglish":"Kobarid","labelLocal":"Kobarid","labelBoth":"Kobarid","type":"Commune|Municipality","iso":"SI-046","qid":"Q688287"},"geometry":{"type":"Polygon","coordinates":[[[13.3956,46.3067],[13.6274,46.1817],[13.7367,46.2861],[13.7274,46.3017],[13.3956,46.3067]]]}},{"type":"Feature","id":"label-SVN-1029","properties":{"kind":"division-label","code":"SVN-1029","countryCode":"SVN","name":"Kobarid","localName":"Kobarid","labelEnglish":"Kobarid","labelLocal":"Kobarid","labelBoth":"Kobarid","type":"Commune|Municipality","iso":"SI-046","qid":"Q688287"},"geometry":{"type":"Point","coordinates":[13.5507,46.2459]}},{"type":"Feature","id":"SVN-1018","properties":{"kind":"division","code":"SVN-1018","countryCode":"SVN","name":"Tolmin","localName":"Tolmin","labelEnglish":"Tolmin","labelLocal":"Tolmin","labelBoth":"Tolmin","type":"Commune|Municipality","iso":"SI-128","qid":"Q15924"},"geometry":{"type":"Polygon","coordinates":[[[13.6411,46.1714],[13.7689,46.1016],[13.8659,46.007],[13.8949,46.0677],[13.9893,46.1946],[13.997,46.2393],[13.7367,46.2861],[13.6274,46.1817],[13.6411,46.1714]]]}},{"type":"Feature","id":"label-SVN-1018","properties":{"kind":"division-label","code":"SVN-1018","countryCode":"SVN","name":"Tolmin","localName":"Tolmin","labelEnglish":"Tolmin","labelLocal":"Tolmin","labelBoth":"Tolmin","type":"Commune|Municipality","iso":"SI-128","qid":"Q15924"},"geometry":{"type":"Point","coordinates":[13.8136,46.1456]}},{"type":"Feature","id":"SVN-1028","properties":{"kind":"division","code":"SVN-1028","countryCode":"SVN","name":"Kanal ob Soči","localName":"Kanal ob Soči","labelEnglish":"Kanal ob Soči","labelLocal":"Kanal ob Soči","labelBoth":"Kanal ob Soči","type":"Commune|Municipality","iso":"SI-044","qid":"Q1012996"},"geometry":{"type":"Polygon","coordinates":[[[13.5226,46.0753],[13.604,46.0129],[13.7689,46.1016],[13.6411,46.1714],[13.5226,46.0753]]]}},{"type":"Feature","id":"label-SVN-1028","properties":{"kind":"division-label","code":"SVN-1028","countryCode":"SVN","name":"Kanal ob Soči","localName":"Kanal ob Soči","labelEnglish":"Kanal ob Soči","labelLocal":"Kanal ob Soči","labelBoth":"Kanal ob Soči","type":"Commune|Municipality","iso":"SI-044","qid":"Q1012996"},"geometry":{"type":"Point","coordinates":[13.6455,46.1084]}},{"type":"Feature","id":"SVN-1024","properties":{"kind":"division","code":"SVN-1024","countryCode":"SVN","name":"Brda","localName":"Brda","labelEnglish":"Brda","labelLocal":"Brda","labelBoth":"Brda","type":"Commune|Municipality","iso":"SI-007","qid":"Q763400"},"geometry":{"type":"Polygon","coordinates":[[[13.4618,46.0064],[13.6007,45.9846],[13.604,46.0129],[13.5226,46.0753],[13.4618,46.0064]]]}},{"type":"Feature","id":"label-SVN-1024","properties":{"kind":"division-label","code":"SVN-1024","countryCode":"SVN","name":"Brda","localName":"Brda","labelEnglish":"Brda","labelLocal":"Brda","labelBoth":"Brda","type":"Commune|Municipality","iso":"SI-007","qid":"Q763400"},"geometry":{"type":"Point","coordinates":[13.5437,46.0189]}},{"type":"Feature","id":"SVN-260","properties":{"kind":"division","code":"SVN-260","countryCode":"SVN","name":"Nova Gorica","localName":"Nova Gorica","labelEnglish":"Nova Gorica","labelLocal":"Nova Gorica","labelBoth":"Nova Gorica","type":"Statistical Region","iso":"SI-084","qid":"Q1018"},"geometry":{"type":"Polygon","coordinates":[[[13.6153,45.9459],[13.647,45.8972],[13.7092,45.865],[13.834,45.8355],[13.8523,46.002],[13.8659,46.007],[13.7689,46.1016],[13.604,46.0129],[13.6007,45.9846],[13.6153,45.9459]]]}},{"type":"Feature","id":"label-SVN-260","properties":{"kind":"division-label","code":"SVN-260","countryCode":"SVN","name":"Nova Gorica","localName":"Nova Gorica","labelEnglish":"Nova Gorica","labelLocal":"Nova Gorica","labelBoth":"Nova Gorica","type":"Statistical Region","iso":"SI-084","qid":"Q1018"},"geometry":{"type":"Point","coordinates":[13.7337,45.8796]}},{"type":"Feature","id":"SVN-261","properties":{"kind":"division","code":"SVN-261","countryCode":"SVN","name":"Šempeter–Vrtojba","localName":"Šempeter–Vrtojba","labelEnglish":"Šempeter–Vrtojba","labelLocal":"Šempeter–Vrtojba","labelBoth":"Šempeter–Vrtojba","type":"Commune|Municipality","iso":"SI-183","qid":"Q391428"},"geometry":{"type":"Polygon","coordinates":[[[13.5993,45.9123],[13.647,45.8972],[13.6153,45.9459],[13.5993,45.9123]]]}},{"type":"Feature","id":"label-SVN-261","properties":{"kind":"division-label","code":"SVN-261","countryCode":"SVN","name":"Šempeter–Vrtojba","localName":"Šempeter–Vrtojba","labelEnglish":"Šempeter–Vrtojba","labelLocal":"Šempeter–Vrtojba","labelBoth":"Šempeter–Vrtojba","type":"Commune|Municipality","iso":"SI-183","qid":"Q391428"},"geometry":{"type":"Point","coordinates":[13.6431,45.9187]}},{"type":"Feature","id":"SVN-1032","properties":{"kind":"division","code":"SVN-1032","countryCode":"SVN","name":"Miren–Kostanjevica","localName":"Miren–Kostanjevica","labelEnglish":"Miren–Kostanjevica","labelLocal":"Miren–Kostanjevica","labelBoth":"Miren–Kostanjevica","type":"Commune|Municipality","iso":"SI-075","qid":"Q658076"},"geometry":{"type":"Polygon","coordinates":[[[13.5742,45.819],[13.7092,45.865],[13.647,45.8972],[13.5993,45.9123],[13.5742,45.819]]]}},{"type":"Feature","id":"label-SVN-1032","properties":{"kind":"division-label","code":"SVN-1032","countryCode":"SVN","name":"Miren–Kostanjevica","localName":"Miren–Kostanjevica","labelEnglish":"Miren–Kostanjevica","labelLocal":"Miren–Kostanjevica","labelBoth":"Miren–Kostanjevica","type":"Commune|Municipality","iso":"SI-075","qid":"Q658076"},"geometry":{"type":"Point","coordinates":[13.6373,45.8477]}},{"type":"Feature","id":"SVN-1030","properties":{"kind":"division","code":"SVN-1030","countryCode":"SVN","name":"Komen","localName":"Komen","labelEnglish":"Komen","labelLocal":"Komen","labelBoth":"Komen","type":"Commune|Municipality","iso":"SI-049","qid":"Q556210"},"geometry":{"type":"Polygon","coordinates":[[[13.5885,45.8065],[13.6999,45.7705],[13.9025,45.8102],[13.8859,45.8287],[13.834,45.8355],[13.7092,45.865],[13.5742,45.819],[13.5885,45.8065]]]}},{"type":"Feature","id":"label-SVN-1030","properties":{"kind":"division-label","code":"SVN-1030","countryCode":"SVN","name":"Komen","localName":"Komen","labelEnglish":"Komen","labelLocal":"Komen","labelBoth":"Komen","type":"Commune|Municipality","iso":"SI-049","qid":"Q556210"},"geometry":{"type":"Point","coordinates":[13.7382,45.8225]}},{"type":"Feature","id":"SVN-1034","properties":{"kind":"division","code":"SVN-1034","countryCode":"SVN","name":"Sežana","localName":"Sežana","labelEnglish":"Sežana","labelLocal":"Sežana","labelBoth":"Sežana","type":"Commune|Municipality","iso":"SI-111","qid":"Q554854"},"geometry":{"type":"Polygon","coordinates":[[[13.8936,45.6338],[13.9384,45.6426],[13.9899,45.765],[13.9025,45.8102],[13.6999,45.7705],[13.8936,45.6338]]]}},{"type":"Feature","id":"label-SVN-1034","properties":{"kind":"division-label","code":"SVN-1034","countryCode":"SVN","name":"Sežana","localName":"Sežana","labelEnglish":"Sežana","labelLocal":"Sežana","labelBoth":"Sežana","type":"Commune|Municipality","iso":"SI-111","qid":"Q554854"},"geometry":{"type":"Point","coordinates":[13.8449,45.7319]}},{"type":"Feature","id":"SVN-1026","properties":{"kind":"division","code":"SVN-1026","countryCode":"SVN","name":"Hrpelje-Kozina","localName":"Hrpelje-Kozina","labelEnglish":"Hrpelje-Kozina","labelLocal":"Hrpelje-Kozina","labelBoth":"Hrpelje-Kozina","type":"Commune|Municipality","iso":"SI-035","qid":"Q556206"},"geometry":{"type":"Polygon","coordinates":[[[13.8679,45.6022],[13.9875,45.5119],[14.1167,45.473],[14.0898,45.6141],[13.9384,45.6426],[13.8936,45.6338],[13.8679,45.6022]]]}},{"type":"Feature","id":"label-SVN-1026","properties":{"kind":"division-label","code":"SVN-1026","countryCode":"SVN","name":"Hrpelje-Kozina","localName":"Hrpelje-Kozina","labelEnglish":"Hrpelje-Kozina","labelLocal":"Hrpelje-Kozina","labelBoth":"Hrpelje-Kozina","type":"Commune|Municipality","iso":"SI-035","qid":"Q556206"},"geometry":{"type":"Point","coordinates":[13.9929,45.5679]}},{"type":"Feature","id":"SVN-1031","properties":{"kind":"division","code":"SVN-1031","countryCode":"SVN","name":"Koper","localName":"Koper","labelEnglish":"Koper","labelLocal":"Koper","labelBoth":"Koper","type":"Commune|Municipality","iso":"SI-050","qid":"Q556203"},"geometry":{"type":"Polygon","coordinates":[[[13.8679,45.6022],[13.7118,45.5932],[13.6751,45.5447],[13.6628,45.507],[13.66,45.46],[13.9875,45.5119],[13.8679,45.6022]]]}},{"type":"Feature","id":"label-SVN-1031","properties":{"kind":"division-label","code":"SVN-1031","countryCode":"SVN","name":"Koper","localName":"Koper","labelEnglish":"Koper","labelLocal":"Koper","labelBoth":"Koper","type":"Commune|Municipality","iso":"SI-050","qid":"Q556203"},"geometry":{"type":"Point","coordinates":[13.8237,45.5076]}},{"type":"Feature","id":"SVN-931","properties":{"kind":"division","code":"SVN-931","countryCode":"SVN","name":"Rogašovci","localName":"Rogašovci","labelEnglish":"Rogašovci","labelLocal":"Rogašovci","labelBoth":"Rogašovci","type":"Commune|Municipality","iso":"SI-105","qid":"Q599480"},"geometry":{"type":"Polygon","coordinates":[[[16.0284,46.8369],[15.971,46.7751],[16.0555,46.756],[16.0636,46.7642],[16.056,46.8161],[16.0529,46.8461],[16.0284,46.8369]]]}},{"type":"Feature","id":"label-SVN-931","properties":{"kind":"division-label","code":"SVN-931","countryCode":"SVN","name":"Rogašovci","localName":"Rogašovci","labelEnglish":"Rogašovci","labelLocal":"Rogašovci","labelBoth":"Rogašovci","type":"Commune|Municipality","iso":"SI-105","qid":"Q599480"},"geometry":{"type":"Point","coordinates":[16.017,46.799]}},{"type":"Feature","id":"SVN-926","properties":{"kind":"division","code":"SVN-926","countryCode":"SVN","name":"Cankova","localName":"Cankova","labelEnglish":"Cankova","labelLocal":"Cankova","labelBoth":"Cankova","type":"Commune|Municipality","iso":"SI-152","qid":"Q13377751"},"geometry":{"type":"Polygon","coordinates":[[[16.0167,46.6707],[16.0417,46.6627],[16.1103,46.6239],[16.1083,46.6904],[16.0555,46.756],[15.971,46.7751],[16.0167,46.6707]]]}},{"type":"Feature","id":"label-SVN-926","properties":{"kind":"division-label","code":"SVN-926","countryCode":"SVN","name":"Cankova","localName":"Cankova","labelEnglish":"Cankova","labelLocal":"Cankova","labelBoth":"Cankova","type":"Commune|Municipality","iso":"SI-152","qid":"Q13377751"},"geometry":{"type":"Point","coordinates":[16.0462,46.7083]}},{"type":"Feature","id":"SVN-927","properties":{"kind":"division","code":"SVN-927","countryCode":"SVN","name":"Gornja Radgona","localName":"Gornja Radgona","labelEnglish":"Gornja Radgona","labelLocal":"Gornja Radgona","labelBoth":"Gornja Radgona","type":"Commune|Municipality","iso":"SI-029","qid":"Q570397"},"geometry":{"type":"Polygon","coordinates":[[[15.9676,46.6946],[15.8886,46.6628],[15.8881,46.6459],[15.9333,46.5964],[15.9559,46.5882],[15.9783,46.586],[16.0136,46.5937],[16.0417,46.6627],[16.0167,46.6707],[15.9676,46.6946]]]}},{"type":"Feature","id":"label-SVN-927","properties":{"kind":"division-label","code":"SVN-927","countryCode":"SVN","name":"Gornja Radgona","localName":"Gornja Radgona","labelEnglish":"Gornja Radgona","labelLocal":"Gornja Radgona","labelBoth":"Gornja Radgona","type":"Commune|Municipality","iso":"SI-029","qid":"Q570397"},"geometry":{"type":"Point","coordinates":[15.9663,46.6256]}},{"type":"Feature","id":"SVN-5884","properties":{"kind":"division","code":"SVN-5884","countryCode":"SVN","name":"Apače","localName":"Apače","labelEnglish":"Apače","labelLocal":"Apače","labelBoth":"Apače","type":"Commune|Municipality","iso":"SI-195","qid":"Q3278915"},"geometry":{"type":"Polygon","coordinates":[[[15.9676,46.6946],[15.7846,46.7122],[15.8043,46.6998],[15.8886,46.6628],[15.9676,46.6946]]]}},{"type":"Feature","id":"label-SVN-5884","properties":{"kind":"division-label","code":"SVN-5884","countryCode":"SVN","name":"Apače","localName":"Apače","labelEnglish":"Apače","labelLocal":"Apače","labelBoth":"Apače","type":"Commune|Municipality","iso":"SI-195","qid":"Q3278915"},"geometry":{"type":"Point","coordinates":[15.8873,46.6914]}},{"type":"Feature","id":"SVN-986","properties":{"kind":"division","code":"SVN-986","countryCode":"SVN","name":"Šentilj","localName":"Šentilj","labelEnglish":"Šentilj","labelLocal":"Šentilj","labelBoth":"Šentilj","type":"Commune|Municipality","iso":"SI-118","qid":"Q391446"},"geometry":{"type":"Polygon","coordinates":[[[15.7846,46.7122],[15.6217,46.6782],[15.6457,46.6428],[15.7706,46.6343],[15.8002,46.6469],[15.8043,46.6998],[15.7846,46.7122]]]}},{"type":"Feature","id":"label-SVN-986","properties":{"kind":"division-label","code":"SVN-986","countryCode":"SVN","name":"Šentilj","localName":"Šentilj","labelEnglish":"Šentilj","labelLocal":"Šentilj","labelBoth":"Šentilj","type":"Commune|Municipality","iso":"SI-118","qid":"Q391446"},"geometry":{"type":"Point","coordinates":[15.713,46.6904]}},{"type":"Feature","id":"SVN-959","properties":{"kind":"division","code":"SVN-959","countryCode":"SVN","name":"Kungota","localName":"Kungota","labelEnglish":"Kungota","labelLocal":"Kungota","labelBoth":"Kungota","type":"Commune|Municipality","iso":"SI-055","qid":"Q998566"},"geometry":{"type":"Polygon","coordinates":[[[15.6217,46.6782],[15.5203,46.6477],[15.6471,46.5941],[15.6457,46.6428],[15.6217,46.6782]]]}},{"type":"Feature","id":"label-SVN-959","properties":{"kind":"division-label","code":"SVN-959","countryCode":"SVN","name":"Kungota","localName":"Kungota","labelEnglish":"Kungota","labelLocal":"Kungota","labelBoth":"Kungota","type":"Commune|Municipality","iso":"SI-055","qid":"Q998566"},"geometry":{"type":"Point","coordinates":[15.5921,46.6527]}},{"type":"Feature","id":"SVN-256","properties":{"kind":"division","code":"SVN-256","countryCode":"SVN","name":"Maribor","localName":"Maribor","labelEnglish":"Maribor","labelLocal":"Maribor","labelBoth":"Maribor","type":"Commune|Municipality","iso":"SI-070","qid":"Q3435104"},"geometry":{"type":"Polygon","coordinates":[[[15.5139,46.6325],[15.5604,46.5621],[15.5638,46.5099],[15.6965,46.5121],[15.7317,46.5048],[15.7537,46.547],[15.7547,46.5733],[15.6471,46.5941],[15.5203,46.6477],[15.5139,46.6325]]]}},{"type":"Feature","id":"label-SVN-256","properties":{"kind":"division-label","code":"SVN-256","countryCode":"SVN","name":"Maribor","localName":"Maribor","labelEnglish":"Maribor","labelLocal":"Maribor","labelBoth":"Maribor","type":"Commune|Municipality","iso":"SI-070","qid":"Q3435104"},"geometry":{"type":"Point","coordinates":[15.6414,46.556]}},{"type":"Feature","id":"SVN-234","properties":{"kind":"division","code":"SVN-234","countryCode":"SVN","name":"Selnica ob Dravi","localName":"Selnica ob Dravi","labelEnglish":"Selnica ob Dravi","labelLocal":"Selnica ob Dravi","labelBoth":"Selnica ob Dravi","type":"Commune|Municipality","iso":"SI-178","qid":"Q919934"},"geometry":{"type":"Polygon","coordinates":[[[15.5139,46.6325],[15.4354,46.6272],[15.4434,46.5847],[15.4597,46.55],[15.5604,46.5621],[15.5139,46.6325]]]}},{"type":"Feature","id":"label-SVN-234","properties":{"kind":"division-label","code":"SVN-234","countryCode":"SVN","name":"Selnica ob Dravi","localName":"Selnica ob Dravi","labelEnglish":"Selnica ob Dravi","labelLocal":"Selnica ob Dravi","labelBoth":"Selnica ob Dravi","type":"Commune|Municipality","iso":"SI-178","qid":"Q919934"},"geometry":{"type":"Point","coordinates":[15.4976,46.5799]}},{"type":"Feature","id":"SVN-981","properties":{"kind":"division","code":"SVN-981","countryCode":"SVN","name":"Radlje ob Dravi","localName":"Radlje ob Dravi","labelEnglish":"Radlje ob Dravi","labelLocal":"Radlje ob Dravi","labelBoth":"Radlje ob Dravi","type":"Commune|Municipality","iso":"SI-101","qid":"Q1005364"},"geometry":{"type":"Polygon","coordinates":[[[15.1726,46.6414],[15.1835,46.6195],[15.1993,46.5292],[15.2704,46.5726],[15.3328,46.6436],[15.1726,46.6414]]]}},{"type":"Feature","id":"label-SVN-981","properties":{"kind":"division-label","code":"SVN-981","countryCode":"SVN","name":"Radlje ob Dravi","localName":"Radlje ob Dravi","labelEnglish":"Radlje ob Dravi","labelLocal":"Radlje ob Dravi","labelBoth":"Radlje ob Dravi","type":"Commune|Municipality","iso":"SI-101","qid":"Q1005364"},"geometry":{"type":"Point","coordinates":[15.2526,46.6029]}},{"type":"Feature","id":"SVN-974","properties":{"kind":"division","code":"SVN-974","countryCode":"SVN","name":"Muta","localName":"Muta","labelEnglish":"Muta","labelLocal":"Muta","labelBoth":"Muta","type":"Commune|Municipality","iso":"SI-081","qid":"Q6309297"},"geometry":{"type":"Polygon","coordinates":[[[15.1056,46.6463],[15.0857,46.6478],[15.1258,46.6012],[15.1835,46.6195],[15.1726,46.6414],[15.1056,46.6463]]]}},{"type":"Feature","id":"label-SVN-974","properties":{"kind":"division-label","code":"SVN-974","countryCode":"SVN","name":"Muta","localName":"Muta","labelEnglish":"Muta","labelLocal":"Muta","labelBoth":"Muta","type":"Commune|Municipality","iso":"SI-081","qid":"Q6309297"},"geometry":{"type":"Point","coordinates":[15.1348,46.6223]}},{"type":"Feature","id":"SVN-947","properties":{"kind":"division","code":"SVN-947","countryCode":"SVN","name":"Dravograd","localName":"Dravograd","labelEnglish":"Dravograd","labelLocal":"Dravograd","labelBoth":"Dravograd","type":"Commune|Municipality","iso":"SI-025","qid":"Q3503123"},"geometry":{"type":"Polygon","coordinates":[[[15.0857,46.6478],[14.9195,46.615],[15.0105,46.5504],[15.1034,46.57],[15.1258,46.6012],[15.0857,46.6478]]]}},{"type":"Feature","id":"label-SVN-947","properties":{"kind":"division-label","code":"SVN-947","countryCode":"SVN","name":"Dravograd","localName":"Dravograd","labelEnglish":"Dravograd","labelLocal":"Dravograd","labelBoth":"Dravograd","type":"Commune|Municipality","iso":"SI-025","qid":"Q3503123"},"geometry":{"type":"Point","coordinates":[15.0226,46.5906]}},{"type":"Feature","id":"SVN-214","properties":{"kind":"division","code":"SVN-214","countryCode":"SVN","name":"Podvelka","localName":"Podvelka","labelEnglish":"Podvelka","labelLocal":"Podvelka","labelBoth":"Podvelka","type":"Commune|Municipality","iso":"SI-093","qid":"Q1016800"},"geometry":{"type":"Polygon","coordinates":[[[15.4354,46.6272],[15.3328,46.6436],[15.2704,46.5726],[15.3228,46.5107],[15.4434,46.5847],[15.4354,46.6272]]]}},{"type":"Feature","id":"label-SVN-214","properties":{"kind":"division-label","code":"SVN-214","countryCode":"SVN","name":"Podvelka","localName":"Podvelka","labelEnglish":"Podvelka","labelLocal":"Podvelka","labelBoth":"Podvelka","type":"Commune|Municipality","iso":"SI-093","qid":"Q1016800"},"geometry":{"type":"Point","coordinates":[15.3569,46.6021]}},{"type":"Feature","id":"SVN-217","properties":{"kind":"division","code":"SVN-217","countryCode":"SVN","name":"Ravne na Koroškem","localName":"Ravne na Koroškem","labelEnglish":"Ravne na Koroškem","labelLocal":"Ravne na Koroškem","labelBoth":"Ravne na Koroškem","type":"Commune|Municipality","iso":"SI-103","qid":"Q15911"},"geometry":{"type":"Polygon","coordinates":[[[14.8941,46.6052],[14.924,46.5048],[14.9656,46.4895],[15.0105,46.5504],[14.9195,46.615],[14.8941,46.6052]]]}},{"type":"Feature","id":"label-SVN-217","properties":{"kind":"division-label","code":"SVN-217","countryCode":"SVN","name":"Ravne na Koroškem","localName":"Ravne na Koroškem","labelEnglish":"Ravne na Koroškem","labelLocal":"Ravne na Koroškem","labelBoth":"Ravne na Koroškem","type":"Commune|Municipality","iso":"SI-103","qid":"Q15911"},"geometry":{"type":"Point","coordinates":[14.9541,46.5451]}},{"type":"Feature","id":"SVN-233","properties":{"kind":"division","code":"SVN-233","countryCode":"SVN","name":"Prevalje","localName":"Prevalje","labelEnglish":"Prevalje","labelLocal":"Prevalje","labelBoth":"Prevalje","type":"Commune|Municipality","iso":"SI-175","qid":"Q650009"},"geometry":{"type":"Polygon","coordinates":[[[14.8941,46.6052],[14.8145,46.5513],[14.8995,46.5044],[14.924,46.5048],[14.8941,46.6052]]]}},{"type":"Feature","id":"label-SVN-233","properties":{"kind":"division-label","code":"SVN-233","countryCode":"SVN","name":"Prevalje","localName":"Prevalje","labelEnglish":"Prevalje","labelLocal":"Prevalje","labelBoth":"Prevalje","type":"Commune|Municipality","iso":"SI-175","qid":"Q650009"},"geometry":{"type":"Point","coordinates":[14.8823,46.5675]}},{"type":"Feature","id":"SVN-970","properties":{"kind":"division","code":"SVN-970","countryCode":"SVN","name":"Mežica","localName":"Mežica","labelEnglish":"Mežica","labelLocal":"Mežica","labelBoth":"Mežica","type":"Commune|Municipality","iso":"SI-074","qid":"Q678147"},"geometry":{"type":"Polygon","coordinates":[[[14.7967,46.5194],[14.8995,46.5044],[14.8145,46.5513],[14.7967,46.5194]]]}},{"type":"Feature","id":"label-SVN-970","properties":{"kind":"division-label","code":"SVN-970","countryCode":"SVN","name":"Mežica","localName":"Mežica","labelEnglish":"Mežica","labelLocal":"Mežica","labelBoth":"Mežica","type":"Commune|Municipality","iso":"SI-074","qid":"Q678147"},"geometry":{"type":"Point","coordinates":[14.8493,46.5281]}},{"type":"Feature","id":"SVN-944","properties":{"kind":"division","code":"SVN-944","countryCode":"SVN","name":"Črna na Koroškem","localName":"Črna na Koroškem","labelEnglish":"Črna na Koroškem","labelLocal":"Črna na Koroškem","labelBoth":"Črna na Koroškem","type":"Commune|Municipality","iso":"SI-016","qid":"Q279072"},"geometry":{"type":"Polygon","coordinates":[[[14.7967,46.5194],[14.6725,46.4598],[14.7546,46.4215],[14.8041,46.4251],[14.8917,46.4235],[14.9563,46.4599],[14.9656,46.4895],[14.924,46.5048],[14.8995,46.5044],[14.7967,46.5194]]]}},{"type":"Feature","id":"label-SVN-944","properties":{"kind":"division-label","code":"SVN-944","countryCode":"SVN","name":"Črna na Koroškem","localName":"Črna na Koroškem","labelEnglish":"Črna na Koroškem","labelLocal":"Črna na Koroškem","labelBoth":"Črna na Koroškem","type":"Commune|Municipality","iso":"SI-016","qid":"Q279072"},"geometry":{"type":"Point","coordinates":[14.819,46.4704]}},{"type":"Feature","id":"SVN-1019","properties":{"kind":"division","code":"SVN-1019","countryCode":"SVN","name":"Tržič","localName":"Tržič","labelEnglish":"Tržič","labelLocal":"Tržič","labelBoth":"Tržič","type":"Commune|Municipality","iso":"SI-131","qid":"Q15927"},"geometry":{"type":"Polygon","coordinates":[[[14.2423,46.4382],[14.2382,46.4253],[14.2672,46.3261],[14.3263,46.3214],[14.4055,46.3516],[14.4371,46.4189],[14.2423,46.4382]]]}},{"type":"Feature","id":"label-SVN-1019","properties":{"kind":"division-label","code":"SVN-1019","countryCode":"SVN","name":"Tržič","localName":"Tržič","labelEnglish":"Tržič","labelLocal":"Tržič","labelBoth":"Tržič","type":"Commune|Municipality","iso":"SI-131","qid":"Q15927"},"geometry":{"type":"Point","coordinates":[14.3377,46.3883]}},{"type":"Feature","id":"SVN-259","properties":{"kind":"division","code":"SVN-259","countryCode":"SVN","name":"Žirovnica","localName":"Žirovnica","labelEnglish":"Žirovnica","labelLocal":"Žirovnica","labelBoth":"Žirovnica","type":"Commune|Municipality","iso":"SI-192","qid":"Q394103"},"geometry":{"type":"Polygon","coordinates":[[[14.1479,46.4404],[14.1279,46.4068],[14.1375,46.3722],[14.2382,46.4253],[14.2423,46.4382],[14.1479,46.4404]]]}},{"type":"Feature","id":"label-SVN-259","properties":{"kind":"division-label","code":"SVN-259","countryCode":"SVN","name":"Žirovnica","localName":"Žirovnica","labelEnglish":"Žirovnica","labelLocal":"Žirovnica","labelBoth":"Žirovnica","type":"Commune|Municipality","iso":"SI-192","qid":"Q394103"},"geometry":{"type":"Point","coordinates":[14.1816,46.4111]}},{"type":"Feature","id":"SVN-258","properties":{"kind":"division","code":"SVN-258","countryCode":"SVN","name":"Jesenice","localName":"Jesenice","labelEnglish":"Jesenice","labelLocal":"Jesenice","labelBoth":"Jesenice","type":"Commune|Municipality","iso":"SI-041","qid":"Q15881"},"geometry":{"type":"Polygon","coordinates":[[[14.1479,46.4404],[14.0149,46.4825],[13.9924,46.4448],[14.1279,46.4068],[14.1479,46.4404]]]}},{"type":"Feature","id":"label-SVN-258","properties":{"kind":"division-label","code":"SVN-258","countryCode":"SVN","name":"Jesenice","localName":"Jesenice","labelEnglish":"Jesenice","labelLocal":"Jesenice","labelBoth":"Jesenice","type":"Commune|Municipality","iso":"SI-041","qid":"Q15881"},"geometry":{"type":"Point","coordinates":[14.0702,46.4477]}},{"type":"Feature","id":"SVN-251","properties":{"kind":"division","code":"SVN-251","countryCode":"SVN","name":"Solčava","localName":"Solčava","labelEnglish":"Solčava","labelLocal":"Solčava","labelBoth":"Solčava","type":"Commune|Municipality","iso":"SI-180","qid":"Q1313614"},"geometry":{"type":"Polygon","coordinates":[[[14.6725,46.4598],[14.5621,46.3917],[14.5687,46.3688],[14.6399,46.3664],[14.7546,46.4215],[14.6725,46.4598]]]}},{"type":"Feature","id":"label-SVN-251","properties":{"kind":"division-label","code":"SVN-251","countryCode":"SVN","name":"Solčava","localName":"Solčava","labelEnglish":"Solčava","labelLocal":"Solčava","labelBoth":"Solčava","type":"Commune|Municipality","iso":"SI-180","qid":"Q1313614"},"geometry":{"type":"Point","coordinates":[14.6582,46.4114]}},{"type":"Feature","id":"SVN-237","properties":{"kind":"division","code":"SVN-237","countryCode":"SVN","name":"Jezersko","localName":"Jezersko","labelEnglish":"Jezersko","labelLocal":"Jezersko","labelBoth":"Jezersko","type":"Commune|Municipality","iso":"SI-163","qid":"Q1688771"},"geometry":{"type":"Polygon","coordinates":[[[14.5621,46.3917],[14.4371,46.4189],[14.4055,46.3516],[14.5359,46.3603],[14.5687,46.3688],[14.5621,46.3917]]]}},{"type":"Feature","id":"label-SVN-237","properties":{"kind":"division-label","code":"SVN-237","countryCode":"SVN","name":"Jezersko","localName":"Jezersko","labelEnglish":"Jezersko","labelLocal":"Jezersko","labelBoth":"Jezersko","type":"Commune|Municipality","iso":"SI-163","qid":"Q1688771"},"geometry":{"type":"Point","coordinates":[14.4871,46.3897]}},{"type":"Feature","id":"SVN-263","properties":{"kind":"division","code":"SVN-263","countryCode":"SVN","name":"Črenšovci","localName":"Črenšovci","labelEnglish":"Črenšovci","labelLocal":"Črenšovci","labelBoth":"Črenšovci","type":"Commune|Municipality","iso":"SI-015","qid":"Q341658"},"geometry":{"type":"Polygon","coordinates":[[[16.3403,46.5438],[16.3345,46.5565],[16.3285,46.5838],[16.3005,46.5973],[16.266,46.5691],[16.2475,46.5539],[16.3107,46.531],[16.3403,46.5438]]]}},{"type":"Feature","id":"label-SVN-263","properties":{"kind":"division-label","code":"SVN-263","countryCode":"SVN","name":"Črenšovci","localName":"Črenšovci","labelEnglish":"Črenšovci","labelLocal":"Črenšovci","labelBoth":"Črenšovci","type":"Commune|Municipality","iso":"SI-015","qid":"Q341658"},"geometry":{"type":"Point","coordinates":[16.2936,46.5592]}},{"type":"Feature","id":"SVN-265","properties":{"kind":"division","code":"SVN-265","countryCode":"SVN","name":"Ljutomer","localName":"Ljutomer","labelEnglish":"Ljutomer","labelLocal":"Ljutomer","labelBoth":"Ljutomer","type":"Commune|Municipality","iso":"SI-063","qid":"Q15892"},"geometry":{"type":"Polygon","coordinates":[[[16.3107,46.531],[16.2475,46.5539],[16.2168,46.5841],[16.1767,46.5601],[16.0778,46.5419],[16.0203,46.5113],[16.2342,46.4849],[16.2609,46.5136],[16.2776,46.5339],[16.3015,46.5271],[16.3107,46.531]]]}},{"type":"Feature","id":"label-SVN-265","properties":{"kind":"division-label","code":"SVN-265","countryCode":"SVN","name":"Ljutomer","localName":"Ljutomer","labelEnglish":"Ljutomer","labelLocal":"Ljutomer","labelBoth":"Ljutomer","type":"Commune|Municipality","iso":"SI-063","qid":"Q15892"},"geometry":{"type":"Point","coordinates":[16.1653,46.5112]}},{"type":"Feature","id":"SVN-269","properties":{"kind":"division","code":"SVN-269","countryCode":"SVN","name":"Razkrižje","localName":"Razkrižje","labelEnglish":"Razkrižje","labelLocal":"Razkrižje","labelBoth":"Razkrižje","type":"Commune|Municipality","iso":"SI-176","qid":"Q3435117"},"geometry":{"type":"Polygon","coordinates":[[[16.3015,46.5271],[16.2776,46.5339],[16.2609,46.5136],[16.3015,46.5271]]]}},{"type":"Feature","id":"label-SVN-269","properties":{"kind":"division-label","code":"SVN-269","countryCode":"SVN","name":"Razkrižje","localName":"Razkrižje","labelEnglish":"Razkrižje","labelLocal":"Razkrižje","labelBoth":"Razkrižje","type":"Commune|Municipality","iso":"SI-176","qid":"Q3435117"},"geometry":{"type":"Point","coordinates":[16.2803,46.5269]}},{"type":"Feature","id":"SVN-1047","properties":{"kind":"division","code":"SVN-1047","countryCode":"SVN","name":"Ormož","localName":"Ormož","labelEnglish":"Ormož","labelLocal":"Ormož","labelBoth":"Ormož","type":"Commune|Municipality","iso":"SI-087","qid":"Q1944509"},"geometry":{"type":"Polygon","coordinates":[[[16.2342,46.4849],[16.0203,46.5113],[16.021,46.4907],[16.0261,46.4323],[16.0757,46.3845],[16.0887,46.3731],[16.2799,46.3787],[16.2342,46.4849]]]}},{"type":"Feature","id":"label-SVN-1047","properties":{"kind":"division-label","code":"SVN-1047","countryCode":"SVN","name":"Ormož","localName":"Ormož","labelEnglish":"Ormož","labelLocal":"Ormož","labelBoth":"Ormož","type":"Commune|Municipality","iso":"SI-087","qid":"Q1944509"},"geometry":{"type":"Point","coordinates":[16.1469,46.4411]}},{"type":"Feature","id":"SVN-1050","properties":{"kind":"division","code":"SVN-1050","countryCode":"SVN","name":"Zavrč","localName":"Zavrč","labelEnglish":"Zavrč","labelLocal":"Zavrč","labelBoth":"Zavrč","type":"Commune|Municipality","iso":"SI-143","qid":"Q167001"},"geometry":{"type":"Polygon","coordinates":[[[16.0887,46.3731],[16.0757,46.3845],[16.0499,46.3167],[16.0887,46.3731]]]}},{"type":"Feature","id":"label-SVN-1050","properties":{"kind":"division-label","code":"SVN-1050","countryCode":"SVN","name":"Zavrč","localName":"Zavrč","labelEnglish":"Zavrč","labelLocal":"Zavrč","labelBoth":"Zavrč","type":"Commune|Municipality","iso":"SI-143","qid":"Q167001"},"geometry":{"type":"Point","coordinates":[16.0599,46.3824]}},{"type":"Feature","id":"SVN-1041","properties":{"kind":"division","code":"SVN-1041","countryCode":"SVN","name":"Gorišnica","localName":"Gorišnica","labelEnglish":"Gorišnica","labelLocal":"Gorišnica","labelBoth":"Gorišnica","type":"Commune|Municipality","iso":"SI-028","qid":"Q632998"},"geometry":{"type":"Polygon","coordinates":[[[16.0499,46.3167],[16.0757,46.3845],[16.0261,46.4323],[15.9831,46.4166],[15.9693,46.3619],[15.9937,46.2906],[16.0499,46.3167]]]}},{"type":"Feature","id":"label-SVN-1041","properties":{"kind":"division-label","code":"SVN-1041","countryCode":"SVN","name":"Gorišnica","localName":"Gorišnica","labelEnglish":"Gorišnica","labelLocal":"Gorišnica","labelBoth":"Gorišnica","type":"Commune|Municipality","iso":"SI-028","qid":"Q632998"},"geometry":{"type":"Point","coordinates":[16.0215,46.3668]}},{"type":"Feature","id":"SVN-222","properties":{"kind":"division","code":"SVN-222","countryCode":"SVN","name":"Videm","localName":"Videm","labelEnglish":"Videm","labelLocal":"Videm","labelBoth":"Videm","type":"Commune|Municipality","iso":"SI-135","qid":"Q1002863"},"geometry":{"type":"Polygon","coordinates":[[[15.9937,46.2906],[15.9693,46.3619],[15.9041,46.3936],[15.8695,46.384],[15.8315,46.3948],[15.8025,46.3549],[15.8011,46.3206],[15.8251,46.3085],[15.9189,46.2728],[15.9937,46.2906]]]}},{"type":"Feature","id":"label-SVN-222","properties":{"kind":"division-label","code":"SVN-222","countryCode":"SVN","name":"Videm","localName":"Videm","labelEnglish":"Videm","labelLocal":"Videm","labelBoth":"Videm","type":"Commune|Municipality","iso":"SI-135","qid":"Q1002863"},"geometry":{"type":"Point","coordinates":[15.8973,46.3704]}},{"type":"Feature","id":"SVN-232","properties":{"kind":"division","code":"SVN-232","countryCode":"SVN","name":"Podlehnik","localName":"Podlehnik","labelEnglish":"Podlehnik","labelLocal":"Podlehnik","labelBoth":"Podlehnik","type":"Commune|Municipality","iso":"SI-172","qid":"Q1002247"},"geometry":{"type":"Polygon","coordinates":[[[15.9189,46.2728],[15.8251,46.3085],[15.8809,46.2593],[15.9189,46.2728]]]}},{"type":"Feature","id":"label-SVN-232","properties":{"kind":"division-label","code":"SVN-232","countryCode":"SVN","name":"Podlehnik","localName":"Podlehnik","labelEnglish":"Podlehnik","labelLocal":"Podlehnik","labelBoth":"Podlehnik","type":"Commune|Municipality","iso":"SI-172","qid":"Q1002247"},"geometry":{"type":"Point","coordinates":[15.8719,46.3116]}},{"type":"Feature","id":"SVN-231","properties":{"kind":"division","code":"SVN-231","countryCode":"SVN","name":"Žetale","localName":"Žetale","labelEnglish":"Žetale","labelLocal":"Žetale","labelBoth":"Žetale","type":"Commune|Municipality","iso":"SI-191","qid":"Q393910"},"geometry":{"type":"Polygon","coordinates":[[[15.8809,46.2593],[15.8251,46.3085],[15.8011,46.3206],[15.7579,46.262],[15.7995,46.2486],[15.8793,46.2593],[15.8809,46.2593]]]}},{"type":"Feature","id":"label-SVN-231","properties":{"kind":"division-label","code":"SVN-231","countryCode":"SVN","name":"Žetale","localName":"Žetale","labelEnglish":"Žetale","labelLocal":"Žetale","labelBoth":"Žetale","type":"Commune|Municipality","iso":"SI-191","qid":"Q393910"},"geometry":{"type":"Point","coordinates":[15.8193,46.2837]}},{"type":"Feature","id":"SVN-983","properties":{"kind":"division","code":"SVN-983","countryCode":"SVN","name":"Rogatec","localName":"Rogatec","labelEnglish":"Rogatec","labelLocal":"Rogatec","labelBoth":"Rogatec","type":"Commune|Municipality","iso":"SI-107","qid":"Q1027245"},"geometry":{"type":"Polygon","coordinates":[[[15.7995,46.2486],[15.7579,46.262],[15.7413,46.2661],[15.678,46.2145],[15.7995,46.2486]]]}},{"type":"Feature","id":"label-SVN-983","properties":{"kind":"division-label","code":"SVN-983","countryCode":"SVN","name":"Rogatec","localName":"Rogatec","labelEnglish":"Rogatec","labelLocal":"Rogatec","labelBoth":"Rogatec","type":"Commune|Municipality","iso":"SI-107","qid":"Q1027245"},"geometry":{"type":"Point","coordinates":[15.7385,46.2383]}},{"type":"Feature","id":"SVN-982","properties":{"kind":"division","code":"SVN-982","countryCode":"SVN","name":"Rogaška Slatina","localName":"Rogaška Slatina","labelEnglish":"Rogaška Slatina","labelLocal":"Rogaška Slatina","labelBoth":"Rogaška Slatina","type":"Commune|Municipality","iso":"SI-106","qid":"Q3502521"},"geometry":{"type":"Polygon","coordinates":[[[15.678,46.2145],[15.7413,46.2661],[15.6849,46.2741],[15.5658,46.2737],[15.6133,46.2043],[15.6266,46.1952],[15.678,46.2145]]]}},{"type":"Feature","id":"label-SVN-982","properties":{"kind":"division-label","code":"SVN-982","countryCode":"SVN","name":"Rogaška Slatina","localName":"Rogaška Slatina","labelEnglish":"Rogaška Slatina","labelLocal":"Rogaška Slatina","labelBoth":"Rogaška Slatina","type":"Commune|Municipality","iso":"SI-106","qid":"Q3502521"},"geometry":{"type":"Point","coordinates":[15.6536,46.2433]}},{"type":"Feature","id":"SVN-213","properties":{"kind":"division","code":"SVN-213","countryCode":"SVN","name":"Bistrica ob Sotli","localName":"Bistrica ob Sotli","labelEnglish":"Bistrica ob Sotli","labelLocal":"Bistrica ob Sotli","labelBoth":"Bistrica ob Sotli","type":"Commune|Municipality","iso":"SI-149","qid":"Q13377731"},"geometry":{"type":"Polygon","coordinates":[[[15.6266,46.1952],[15.6133,46.2043],[15.5455,46.1552],[15.536,46.1304],[15.6076,46.0659],[15.6236,46.0764],[15.6266,46.1952]]]}},{"type":"Feature","id":"label-SVN-213","properties":{"kind":"division-label","code":"SVN-213","countryCode":"SVN","name":"Bistrica ob Sotli","localName":"Bistrica ob Sotli","labelEnglish":"Bistrica ob Sotli","labelLocal":"Bistrica ob Sotli","labelBoth":"Bistrica ob Sotli","type":"Commune|Municipality","iso":"SI-149","qid":"Q13377731"},"geometry":{"type":"Point","coordinates":[15.5811,46.1454]}},{"type":"Feature","id":"SVN-255","properties":{"kind":"division","code":"SVN-255","countryCode":"SVN","name":"Podčetrtek","localName":"Podčetrtek","labelEnglish":"Podčetrtek","labelLocal":"Podčetrtek","labelBoth":"Podčetrtek","type":"Commune|Municipality","iso":"SI-092","qid":"Q999540"},"geometry":{"type":"Polygon","coordinates":[[[15.6236,46.0764],[15.6076,46.0659],[15.6678,46.0264],[15.6929,46.0416],[15.6236,46.0764]]]}},{"type":"Feature","id":"label-SVN-255","properties":{"kind":"division-label","code":"SVN-255","countryCode":"SVN","name":"Podčetrtek","localName":"Podčetrtek","labelEnglish":"Podčetrtek","labelLocal":"Podčetrtek","labelBoth":"Podčetrtek","type":"Commune|Municipality","iso":"SI-092","qid":"Q999540"},"geometry":{"type":"Point","coordinates":[15.6501,46.048]}},{"type":"Feature","id":"SVN-938","properties":{"kind":"division","code":"SVN-938","countryCode":"SVN","name":"Brežice","localName":"Brežice","labelEnglish":"Brežice","labelLocal":"Brežice","labelBoth":"Brežice","type":"Commune|Municipality","iso":"SI-009","qid":"Q906879"},"geometry":{"type":"Polygon","coordinates":[[[15.6929,46.0416],[15.6678,46.0264],[15.5837,45.994],[15.5497,45.8237],[15.6754,45.9725],[15.6929,46.0416]]]}},{"type":"Feature","id":"label-SVN-938","properties":{"kind":"division-label","code":"SVN-938","countryCode":"SVN","name":"Brežice","localName":"Brežice","labelEnglish":"Brežice","labelLocal":"Brežice","labelBoth":"Brežice","type":"Commune|Municipality","iso":"SI-009","qid":"Q906879"},"geometry":{"type":"Point","coordinates":[15.6036,45.9082]}},{"type":"Feature","id":"SVN-958","properties":{"kind":"division","code":"SVN-958","countryCode":"SVN","name":"Krško","localName":"Krško","labelEnglish":"Krško","labelLocal":"Krško","labelBoth":"Krško","type":"Statistical Region","iso":"SI-054","qid":"Q3484655"},"geometry":{"type":"Polygon","coordinates":[[[15.5497,45.8237],[15.5837,45.994],[15.5594,46.0171],[15.4926,46.0677],[15.4184,46.0633],[15.363,45.9348],[15.361,45.8837],[15.4298,45.7757],[15.5497,45.8237]]]}},{"type":"Feature","id":"label-SVN-958","properties":{"kind":"division-label","code":"SVN-958","countryCode":"SVN","name":"Krško","localName":"Krško","labelEnglish":"Krško","labelLocal":"Krško","labelBoth":"Krško","type":"Statistical Region","iso":"SI-054","qid":"Q3484655"},"geometry":{"type":"Point","coordinates":[15.4671,45.9397]}},{"type":"Feature","id":"SVN-987","properties":{"kind":"division","code":"SVN-987","countryCode":"SVN","name":"Šentjernej","localName":"Šentjernej","labelEnglish":"Šentjernej","labelLocal":"Šentjernej","labelBoth":"Šentjernej","type":"Commune|Municipality","iso":"SI-119","qid":"Q1016812"},"geometry":{"type":"Polygon","coordinates":[[[15.4298,45.7757],[15.361,45.8837],[15.3037,45.8645],[15.331,45.7525],[15.4298,45.7757]]]}},{"type":"Feature","id":"label-SVN-987","properties":{"kind":"division-label","code":"SVN-987","countryCode":"SVN","name":"Šentjernej","localName":"Šentjernej","labelEnglish":"Šentjernej","labelLocal":"Šentjernej","labelBoth":"Šentjernej","type":"Commune|Municipality","iso":"SI-119","qid":"Q1016812"},"geometry":{"type":"Point","coordinates":[15.3503,45.8143]}},{"type":"Feature","id":"SVN-212","properties":{"kind":"division","code":"SVN-212","countryCode":"SVN","name":"Novo Mesto","localName":"Novo Mesto","labelEnglish":"Novo Mesto","labelLocal":"Novo Mesto","labelBoth":"Novo Mesto","type":"Commune|Municipality","iso":"SI-085","qid":"Q398116"},"geometry":{"type":"Polygon","coordinates":[[[15.331,45.7525],[15.3037,45.8645],[15.2386,45.9244],[15.1448,45.8733],[15.086,45.8061],[15.0581,45.7811],[15.1028,45.6844],[15.2281,45.7027],[15.2499,45.7137],[15.331,45.7525]]]}},{"type":"Feature","id":"label-SVN-212","properties":{"kind":"division-label","code":"SVN-212","countryCode":"SVN","name":"Novo Mesto","localName":"Novo Mesto","labelEnglish":"Novo Mesto","labelLocal":"Novo Mesto","labelBoth":"Novo Mesto","type":"Commune|Municipality","iso":"SI-085","qid":"Q398116"},"geometry":{"type":"Point","coordinates":[15.1945,45.7779]}},{"type":"Feature","id":"SVN-969","properties":{"kind":"division","code":"SVN-969","countryCode":"SVN","name":"Metlika","localName":"Metlika","labelEnglish":"Metlika","labelLocal":"Metlika","labelBoth":"Metlika","type":"Commune|Municipality","iso":"SI-073","qid":"Q15896"},"geometry":{"type":"Polygon","coordinates":[[[15.2499,45.7137],[15.2281,45.7027],[15.225,45.6083],[15.2822,45.5715],[15.35,45.6696],[15.2499,45.7137]]]}},{"type":"Feature","id":"label-SVN-969","properties":{"kind":"division-label","code":"SVN-969","countryCode":"SVN","name":"Metlika","localName":"Metlika","labelEnglish":"Metlika","labelLocal":"Metlika","labelBoth":"Metlika","type":"Commune|Municipality","iso":"SI-073","qid":"Q15896"},"geometry":{"type":"Point","coordinates":[15.2985,45.6501]}},{"type":"Feature","id":"SVN-945","properties":{"kind":"division","code":"SVN-945","countryCode":"SVN","name":"Črnomelj","localName":"Črnomelj","labelEnglish":"Črnomelj","labelLocal":"Črnomelj","labelBoth":"Črnomelj","type":"Commune|Municipality","iso":"SI-017","qid":"Q3482211"},"geometry":{"type":"Polygon","coordinates":[[[15.2822,45.5715],[15.225,45.6083],[15.0736,45.6019],[15.0661,45.4739],[15.2258,45.4365],[15.2822,45.5715]]]}},{"type":"Feature","id":"label-SVN-945","properties":{"kind":"division-label","code":"SVN-945","countryCode":"SVN","name":"Črnomelj","localName":"Črnomelj","labelEnglish":"Črnomelj","labelLocal":"Črnomelj","labelBoth":"Črnomelj","type":"Commune|Municipality","iso":"SI-017","qid":"Q3482211"},"geometry":{"type":"Point","coordinates":[15.2135,45.5229]}},{"type":"Feature","id":"SVN-207","properties":{"kind":"division","code":"SVN-207","countryCode":"SVN","name":"Kočevje","localName":"Kočevje","labelEnglish":"Kočevje","labelLocal":"Kočevje","labelBoth":"Kočevje","type":"Commune|Municipality","iso":"SI-048","qid":"Q15884"},"geometry":{"type":"Polygon","coordinates":[[[15.0661,45.4739],[15.0736,45.6019],[15.0376,45.6313],[14.9821,45.7663],[14.8137,45.7577],[14.7959,45.7431],[14.7318,45.647],[14.7237,45.597],[14.9773,45.4917],[15.0661,45.4739]]]}},{"type":"Feature","id":"label-SVN-207","properties":{"kind":"division-label","code":"SVN-207","countryCode":"SVN","name":"Kočevje","localName":"Kočevje","labelEnglish":"Kočevje","labelLocal":"Kočevje","labelBoth":"Kočevje","type":"Commune|Municipality","iso":"SI-048","qid":"Q15884"},"geometry":{"type":"Point","coordinates":[14.9161,45.6418]}},{"type":"Feature","id":"SVN-245","properties":{"kind":"division","code":"SVN-245","countryCode":"SVN","name":"Kostel","localName":"Kostel","labelEnglish":"Kostel","labelLocal":"Kostel","labelBoth":"Kostel","type":"Commune|Municipality","iso":"SI-165","qid":"Q3434092"},"geometry":{"type":"Polygon","coordinates":[[[14.9773,45.4917],[14.7237,45.597],[14.6637,45.5702],[14.9773,45.4917]]]}},{"type":"Feature","id":"label-SVN-245","properties":{"kind":"division-label","code":"SVN-245","countryCode":"SVN","name":"Kostel","localName":"Kostel","labelEnglish":"Kostel","labelLocal":"Kostel","labelBoth":"Kostel","type":"Commune|Municipality","iso":"SI-165","qid":"Q3434092"},"geometry":{"type":"Point","coordinates":[14.8204,45.4814]}},{"type":"Feature","id":"SVN-965","properties":{"kind":"division","code":"SVN-965","countryCode":"SVN","name":"Loški Potok","localName":"Loški Potok","labelEnglish":"Loški Potok","labelLocal":"Loški Potok","labelBoth":"Loški Potok","type":"Commune|Municipality","iso":"SI-066","qid":"Q999553"},"geometry":{"type":"Polygon","coordinates":[[[14.6637,45.5702],[14.7237,45.597],[14.7318,45.647],[14.6463,45.7075],[14.5761,45.7353],[14.5375,45.7344],[14.5691,45.6643],[14.6637,45.5702]]]}},{"type":"Feature","id":"label-SVN-965","properties":{"kind":"division-label","code":"SVN-965","countryCode":"SVN","name":"Loški Potok","localName":"Loški Potok","labelEnglish":"Loški Potok","labelLocal":"Loški Potok","labelBoth":"Loški Potok","type":"Commune|Municipality","iso":"SI-066","qid":"Q999553"},"geometry":{"type":"Point","coordinates":[14.6363,45.6506]}},{"type":"Feature","id":"SVN-209","properties":{"kind":"division","code":"SVN-209","countryCode":"SVN","name":"Loška Dolina","localName":"Loška Dolina","labelEnglish":"Loška Dolina","labelLocal":"Loška Dolina","labelBoth":"Loška Dolina","type":"Commune|Municipality","iso":"SI-065","qid":"Q999525"},"geometry":{"type":"Polygon","coordinates":[[[14.5691,45.6643],[14.5375,45.7344],[14.4784,45.7479],[14.3862,45.7075],[14.4262,45.644],[14.4915,45.5792],[14.5691,45.6643]]]}},{"type":"Feature","id":"label-SVN-209","properties":{"kind":"division-label","code":"SVN-209","countryCode":"SVN","name":"Loška Dolina","localName":"Loška Dolina","labelEnglish":"Loška Dolina","labelLocal":"Loška Dolina","labelBoth":"Loška Dolina","type":"Commune|Municipality","iso":"SI-065","qid":"Q999525"},"geometry":{"type":"Point","coordinates":[14.4776,45.6638]}},{"type":"Feature","id":"SVN-954","properties":{"kind":"division","code":"SVN-954","countryCode":"SVN","name":"Ilirska Bistrica","localName":"Ilirska Bistrica","labelEnglish":"Ilirska Bistrica","labelLocal":"Ilirska Bistrica","labelBoth":"Ilirska Bistrica","type":"Commune|Municipality","iso":"SI-038","qid":"Q13377784"},"geometry":{"type":"Polygon","coordinates":[[[14.4915,45.5792],[14.4262,45.644],[14.0906,45.6242],[14.0898,45.6141],[14.1167,45.473],[14.1173,45.473],[14.4915,45.5792]]]}},{"type":"Feature","id":"label-SVN-954","properties":{"kind":"division-label","code":"SVN-954","countryCode":"SVN","name":"Ilirska Bistrica","localName":"Ilirska Bistrica","labelEnglish":"Ilirska Bistrica","labelLocal":"Ilirska Bistrica","labelBoth":"Ilirska Bistrica","type":"Commune|Municipality","iso":"SI-038","qid":"Q13377784"},"geometry":{"type":"Point","coordinates":[14.2891,45.5678]}},{"type":"Feature","id":"SVN-1027","properties":{"kind":"division","code":"SVN-1027","countryCode":"SVN","name":"Izola","localName":"Izola","labelEnglish":"Izola","labelLocal":"Izola","labelBoth":"Izola","type":"Commune|Municipality","iso":"SI-040","qid":"Q15877"},"geometry":{"type":"Polygon","coordinates":[[[13.6109,45.538],[13.6628,45.507],[13.6751,45.5447],[13.6109,45.538]]]}},{"type":"Feature","id":"label-SVN-1027","properties":{"kind":"division-label","code":"SVN-1027","countryCode":"SVN","name":"Izola","localName":"Izola","labelEnglish":"Izola","labelLocal":"Izola","labelBoth":"Izola","type":"Commune|Municipality","iso":"SI-040","qid":"Q15877"},"geometry":{"type":"Point","coordinates":[13.643,45.5153]}},{"type":"Feature","id":"SVN-976","properties":{"kind":"division","code":"SVN-976","countryCode":"SVN","name":"Pesnica","localName":"Pesnica","labelEnglish":"Pesnica","labelLocal":"Pesnica","labelBoth":"Pesnica","type":"Commune|Municipality","iso":"SI-089","qid":"Q995048"},"geometry":{"type":"Polygon","coordinates":[[[15.6471,46.5941],[15.7547,46.5733],[15.7706,46.6343],[15.6457,46.6428],[15.6471,46.5941]]]}},{"type":"Feature","id":"label-SVN-976","properties":{"kind":"division-label","code":"SVN-976","countryCode":"SVN","name":"Pesnica","localName":"Pesnica","labelEnglish":"Pesnica","labelLocal":"Pesnica","labelBoth":"Pesnica","type":"Commune|Municipality","iso":"SI-089","qid":"Q995048"},"geometry":{"type":"Point","coordinates":[15.7082,46.6254]}},{"type":"Feature","id":"SVN-948","properties":{"kind":"division","code":"SVN-948","countryCode":"SVN","name":"Duplek","localName":"Duplek","labelEnglish":"Duplek","labelLocal":"Duplek","labelBoth":"Duplek","type":"Commune|Municipality","iso":"SI-026","qid":"Q999589"},"geometry":{"type":"Polygon","coordinates":[[[15.7317,46.5048],[15.7331,46.5032],[15.7815,46.4677],[15.8163,46.4973],[15.7537,46.547],[15.7317,46.5048]]]}},{"type":"Feature","id":"label-SVN-948","properties":{"kind":"division-label","code":"SVN-948","countryCode":"SVN","name":"Duplek","localName":"Duplek","labelEnglish":"Duplek","labelLocal":"Duplek","labelBoth":"Duplek","type":"Commune|Municipality","iso":"SI-026","qid":"Q999589"},"geometry":{"type":"Point","coordinates":[15.7689,46.512]}},{"type":"Feature","id":"SVN-228","properties":{"kind":"division","code":"SVN-228","countryCode":"SVN","name":"Miklavž na Dravskem Polju","localName":"Miklavž na Dravskem Polju","labelEnglish":"Miklavž na Dravskem Polju","labelLocal":"Miklavž na Dravskem Polju","labelBoth":"Miklavž na Dravskem Polju","type":"Commune|Municipality","iso":"SI-169","qid":"Q1005165"},"geometry":{"type":"Polygon","coordinates":[[[15.6965,46.5121],[15.7095,46.465],[15.717,46.46],[15.7331,46.5032],[15.7317,46.5048],[15.6965,46.5121]]]}},{"type":"Feature","id":"label-SVN-228","properties":{"kind":"division-label","code":"SVN-228","countryCode":"SVN","name":"Miklavž na Dravskem Polju","localName":"Miklavž na Dravskem Polju","labelEnglish":"Miklavž na Dravskem Polju","labelLocal":"Miklavž na Dravskem Polju","labelBoth":"Miklavž na Dravskem Polju","type":"Commune|Municipality","iso":"SI-169","qid":"Q1005165"},"geometry":{"type":"Point","coordinates":[15.7138,46.4853]}},{"type":"Feature","id":"SVN-229","properties":{"kind":"division","code":"SVN-229","countryCode":"SVN","name":"Hoče-Slivnica","localName":"Hoče-Slivnica","labelEnglish":"Hoče-Slivnica","labelLocal":"Hoče-Slivnica","labelBoth":"Hoče-Slivnica","type":"Commune|Municipality","iso":"SI-160","qid":"Q1008102"},"geometry":{"type":"Polygon","coordinates":[[[15.6965,46.5121],[15.5638,46.5099],[15.5394,46.4974],[15.5458,46.4832],[15.7095,46.465],[15.6965,46.5121]]]}},{"type":"Feature","id":"label-SVN-229","properties":{"kind":"division-label","code":"SVN-229","countryCode":"SVN","name":"Hoče-Slivnica","localName":"Hoče-Slivnica","labelEnglish":"Hoče-Slivnica","labelLocal":"Hoče-Slivnica","labelBoth":"Hoče-Slivnica","type":"Commune|Municipality","iso":"SI-160","qid":"Q1008102"},"geometry":{"type":"Point","coordinates":[15.6245,46.4943]}},{"type":"Feature","id":"SVN-208","properties":{"kind":"division","code":"SVN-208","countryCode":"SVN","name":"Lenart","localName":"Lenart","labelEnglish":"Lenart","labelLocal":"Lenart","labelBoth":"Lenart","type":"Commune|Municipality","iso":"SI-058","qid":"Q13365883"},"geometry":{"type":"Polygon","coordinates":[[[15.8002,46.6469],[15.7706,46.6343],[15.7547,46.5733],[15.7537,46.547],[15.8163,46.4973],[15.8234,46.4949],[15.8545,46.5063],[15.9241,46.5344],[15.9285,46.5419],[15.9559,46.5882],[15.9333,46.5964],[15.8628,46.611],[15.8002,46.6469]]]}},{"type":"Feature","id":"label-SVN-208","properties":{"kind":"division-label","code":"SVN-208","countryCode":"SVN","name":"Lenart","localName":"Lenart","labelEnglish":"Lenart","labelLocal":"Lenart","labelBoth":"Lenart","type":"Commune|Municipality","iso":"SI-058","qid":"Q13365883"},"geometry":{"type":"Point","coordinates":[15.8548,46.5575]}},{"type":"Feature","id":"SVN-200","properties":{"kind":"division","code":"SVN-200","countryCode":"SVN","name":"Sveta Ana","localName":"Sveta Ana","labelEnglish":"Sveta Ana","labelLocal":"Sveta Ana","labelBoth":"Sveta Ana","type":"Commune|Municipality","iso":"SI-181","qid":"Q990063"},"geometry":{"type":"Polygon","coordinates":[[[15.8002,46.6469],[15.8628,46.611],[15.8881,46.6459],[15.8886,46.6628],[15.8043,46.6998],[15.8002,46.6469]]]}},{"type":"Feature","id":"label-SVN-200","properties":{"kind":"division-label","code":"SVN-200","countryCode":"SVN","name":"Sveta Ana","localName":"Sveta Ana","labelEnglish":"Sveta Ana","labelLocal":"Sveta Ana","labelBoth":"Sveta Ana","type":"Commune|Municipality","iso":"SI-181","qid":"Q990063"},"geometry":{"type":"Point","coordinates":[15.8405,46.6459]}},{"type":"Feature","id":"SVN-235","properties":{"kind":"division","code":"SVN-235","countryCode":"SVN","name":"Lovrenc na Pohorju","localName":"Lovrenc na Pohorju","labelEnglish":"Lovrenc na Pohorju","labelLocal":"Lovrenc na Pohorju","labelBoth":"Lovrenc na Pohorju","type":"Commune|Municipality","iso":"SI-167","qid":"Q25110"},"geometry":{"type":"Polygon","coordinates":[[[15.4434,46.5847],[15.3228,46.5107],[15.3121,46.4925],[15.3157,46.4822],[15.3351,46.4774],[15.4082,46.4777],[15.4597,46.55],[15.4434,46.5847]]]}},{"type":"Feature","id":"label-SVN-235","properties":{"kind":"division-label","code":"SVN-235","countryCode":"SVN","name":"Lovrenc na Pohorju","localName":"Lovrenc na Pohorju","labelEnglish":"Lovrenc na Pohorju","labelLocal":"Lovrenc na Pohorju","labelBoth":"Lovrenc na Pohorju","type":"Commune|Municipality","iso":"SI-167","qid":"Q25110"},"geometry":{"type":"Point","coordinates":[15.3869,46.5291]}},{"type":"Feature","id":"SVN-257","properties":{"kind":"division","code":"SVN-257","countryCode":"SVN","name":"Ribnica na Pohorju","localName":"Ribnica na Pohorju","labelEnglish":"Ribnica na Pohorju","labelLocal":"Ribnica na Pohorju","labelBoth":"Ribnica na Pohorju","type":"Commune|Municipality","iso":"SI-177","qid":"Q1009413"},"geometry":{"type":"Polygon","coordinates":[[[15.2704,46.5726],[15.1993,46.5292],[15.1888,46.5172],[15.1957,46.5109],[15.3121,46.4925],[15.3228,46.5107],[15.2704,46.5726]]]}},{"type":"Feature","id":"label-SVN-257","properties":{"kind":"division-label","code":"SVN-257","countryCode":"SVN","name":"Ribnica na Pohorju","localName":"Ribnica na Pohorju","labelEnglish":"Ribnica na Pohorju","labelLocal":"Ribnica na Pohorju","labelBoth":"Ribnica na Pohorju","type":"Commune|Municipality","iso":"SI-177","qid":"Q1009413"},"geometry":{"type":"Point","coordinates":[15.2558,46.5309]}},{"type":"Feature","id":"SVN-991","properties":{"kind":"division","code":"SVN-991","countryCode":"SVN","name":"Slovenj Gradec","localName":"Slovenj Gradec","labelEnglish":"Slovenj Gradec","labelLocal":"Slovenj Gradec","labelBoth":"Slovenj Gradec","type":"Statistical Region","iso":"SI-112","qid":"Q3441817"},"geometry":{"type":"Polygon","coordinates":[[[14.9656,46.4895],[14.9563,46.4599],[15.0893,46.4265],[15.1236,46.422],[15.1957,46.5109],[15.1888,46.5172],[15.1034,46.57],[15.0105,46.5504],[14.9656,46.4895]]]}},{"type":"Feature","id":"label-SVN-991","properties":{"kind":"division-label","code":"SVN-991","countryCode":"SVN","name":"Slovenj Gradec","localName":"Slovenj Gradec","labelEnglish":"Slovenj Gradec","labelLocal":"Slovenj Gradec","labelBoth":"Slovenj Gradec","type":"Statistical Region","iso":"SI-112","qid":"Q3441817"},"geometry":{"type":"Point","coordinates":[15.076,46.4914]}},{"type":"Feature","id":"SVN-1005","properties":{"kind":"division","code":"SVN-1005","countryCode":"SVN","name":"Vuzenica","localName":"Vuzenica","labelEnglish":"Vuzenica","labelLocal":"Vuzenica","labelBoth":"Vuzenica","type":"Commune|Municipality","iso":"SI-141","qid":"Q370390"},"geometry":{"type":"Polygon","coordinates":[[[15.1835,46.6195],[15.1258,46.6012],[15.1034,46.57],[15.1888,46.5172],[15.1993,46.5292],[15.1835,46.6195]]]}},{"type":"Feature","id":"label-SVN-1005","properties":{"kind":"division-label","code":"SVN-1005","countryCode":"SVN","name":"Vuzenica","localName":"Vuzenica","labelEnglish":"Vuzenica","labelLocal":"Vuzenica","labelBoth":"Vuzenica","type":"Commune|Municipality","iso":"SI-141","qid":"Q370390"},"geometry":{"type":"Point","coordinates":[15.1575,46.5669]}},{"type":"Feature","id":"SVN-215","properties":{"kind":"division","code":"SVN-215","countryCode":"SVN","name":"Preddvor","localName":"Preddvor","labelEnglish":"Preddvor","labelLocal":"Preddvor","labelBoth":"Preddvor","type":"Commune|Municipality","iso":"SI-095","qid":"Q539864"},"geometry":{"type":"Polygon","coordinates":[[[14.4672,46.2916],[14.544,46.312],[14.5359,46.3603],[14.4055,46.3516],[14.4172,46.2889],[14.4672,46.2916]]]}},{"type":"Feature","id":"label-SVN-215","properties":{"kind":"division-label","code":"SVN-215","countryCode":"SVN","name":"Preddvor","localName":"Preddvor","labelEnglish":"Preddvor","labelLocal":"Preddvor","labelBoth":"Preddvor","type":"Commune|Municipality","iso":"SI-095","qid":"Q539864"},"geometry":{"type":"Point","coordinates":[14.46,46.3286]}},{"type":"Feature","id":"SVN-985","properties":{"kind":"division","code":"SVN-985","countryCode":"SVN","name":"Šenčur","localName":"Šenčur","labelEnglish":"Šenčur","labelLocal":"Šenčur","labelBoth":"Šenčur","type":"Commune|Municipality","iso":"SI-117","qid":"Q2346638"},"geometry":{"type":"Polygon","coordinates":[[[14.4172,46.2889],[14.4065,46.1918],[14.4587,46.1933],[14.4629,46.2061],[14.4672,46.2916],[14.4172,46.2889]]]}},{"type":"Feature","id":"label-SVN-985","properties":{"kind":"division-label","code":"SVN-985","countryCode":"SVN","name":"Šenčur","localName":"Šenčur","labelEnglish":"Šenčur","labelLocal":"Šenčur","labelBoth":"Šenčur","type":"Commune|Municipality","iso":"SI-117","qid":"Q2346638"},"geometry":{"type":"Point","coordinates":[14.4252,46.2408]}},{"type":"Feature","id":"SVN-942","properties":{"kind":"division","code":"SVN-942","countryCode":"SVN","name":"Cerklje na Gorenjskem","localName":"Cerklje na Gorenjskem","labelEnglish":"Cerklje na Gorenjskem","labelLocal":"Cerklje na Gorenjskem","labelBoth":"Cerklje na Gorenjskem","type":"Commune|Municipality","iso":"SI-012","qid":"Q859679"},"geometry":{"type":"Polygon","coordinates":[[[14.4672,46.2916],[14.4629,46.2061],[14.5007,46.2029],[14.5525,46.2432],[14.544,46.312],[14.4672,46.2916]]]}},{"type":"Feature","id":"label-SVN-942","properties":{"kind":"division-label","code":"SVN-942","countryCode":"SVN","name":"Cerklje na Gorenjskem","localName":"Cerklje na Gorenjskem","labelEnglish":"Cerklje na Gorenjskem","labelLocal":"Cerklje na Gorenjskem","labelBoth":"Cerklje na Gorenjskem","type":"Commune|Municipality","iso":"SI-012","qid":"Q859679"},"geometry":{"type":"Point","coordinates":[14.5061,46.2524]}},{"type":"Feature","id":"SVN-206","properties":{"kind":"division","code":"SVN-206","countryCode":"SVN","name":"Kamnik","localName":"Kamnik","labelEnglish":"Kamnik","labelLocal":"Kamnik","labelBoth":"Kamnik","type":"Commune|Municipality","iso":"SI-043","qid":"Q3503153"},"geometry":{"type":"Polygon","coordinates":[[[14.544,46.312],[14.5525,46.2432],[14.5827,46.1981],[14.5901,46.1891],[14.6831,46.1992],[14.8989,46.2087],[14.9101,46.2105],[14.8849,46.2405],[14.8548,46.2529],[14.7057,46.2869],[14.6399,46.3664],[14.5687,46.3688],[14.5359,46.3603],[14.544,46.312]]]}},{"type":"Feature","id":"label-SVN-206","properties":{"kind":"division-label","code":"SVN-206","countryCode":"SVN","name":"Kamnik","localName":"Kamnik","labelEnglish":"Kamnik","labelLocal":"Kamnik","labelBoth":"Kamnik","type":"Commune|Municipality","iso":"SI-043","qid":"Q3503153"},"geometry":{"type":"Point","coordinates":[14.733,46.2285]}},{"type":"Feature","id":"SVN-967","properties":{"kind":"division","code":"SVN-967","countryCode":"SVN","name":"Medvode","localName":"Medvode","labelEnglish":"Medvode","labelLocal":"Medvode","labelBoth":"Medvode","type":"Commune|Municipality","iso":"SI-071","qid":"Q15894"},"geometry":{"type":"Polygon","coordinates":[[[14.3938,46.1603],[14.325,46.0983],[14.4086,46.0829],[14.4692,46.1435],[14.4587,46.1933],[14.4065,46.1918],[14.3938,46.1603]]]}},{"type":"Feature","id":"label-SVN-967","properties":{"kind":"division-label","code":"SVN-967","countryCode":"SVN","name":"Medvode","localName":"Medvode","labelEnglish":"Medvode","labelLocal":"Medvode","labelBoth":"Medvode","type":"Commune|Municipality","iso":"SI-071","qid":"Q15894"},"geometry":{"type":"Point","coordinates":[14.3971,46.1236]}},{"type":"Feature","id":"SVN-1013","properties":{"kind":"division","code":"SVN-1013","countryCode":"SVN","name":"Kranj","localName":"Kranj","labelEnglish":"Kranj","labelLocal":"Kranj","labelBoth":"Kranj","type":"Commune|Municipality","iso":"SI-052","qid":"Q1021"},"geometry":{"type":"Polygon","coordinates":[[[14.4065,46.1918],[14.4172,46.2889],[14.4055,46.3516],[14.3263,46.3214],[14.2746,46.2749],[14.1791,46.2842],[14.1665,46.2813],[14.2486,46.243],[14.3938,46.1603],[14.4065,46.1918]]]}},{"type":"Feature","id":"label-SVN-1013","properties":{"kind":"division-label","code":"SVN-1013","countryCode":"SVN","name":"Kranj","localName":"Kranj","labelEnglish":"Kranj","labelLocal":"Kranj","labelBoth":"Kranj","type":"Commune|Municipality","iso":"SI-052","qid":"Q1021"},"geometry":{"type":"Point","coordinates":[14.2919,46.2382]}},{"type":"Feature","id":"SVN-1017","properties":{"kind":"division","code":"SVN-1017","countryCode":"SVN","name":"Škofja Loka","localName":"Škofja Loka","labelEnglish":"Škofja Loka","labelLocal":"Škofja Loka","labelBoth":"Škofja Loka","type":"Commune|Municipality","iso":"SI-122","qid":"Q2318898"},"geometry":{"type":"Polygon","coordinates":[[[14.2486,46.243],[14.162,46.1794],[14.2112,46.0881],[14.325,46.0983],[14.3938,46.1603],[14.2486,46.243]]]}},{"type":"Feature","id":"label-SVN-1017","properties":{"kind":"division-label","code":"SVN-1017","countryCode":"SVN","name":"Škofja Loka","localName":"Škofja Loka","labelEnglish":"Škofja Loka","labelLocal":"Škofja Loka","labelBoth":"Škofja Loka","type":"Commune|Municipality","iso":"SI-122","qid":"Q2318898"},"geometry":{"type":"Point","coordinates":[14.2779,46.1576]}},{"type":"Feature","id":"SVN-1020","properties":{"kind":"division","code":"SVN-1020","countryCode":"SVN","name":"Železniki","localName":"Železniki","labelEnglish":"Železniki","labelLocal":"Železniki","labelBoth":"Železniki","type":"Commune|Municipality","iso":"SI-146","qid":"Q15932"},"geometry":{"type":"Polygon","coordinates":[[[14.1665,46.2813],[13.997,46.2393],[13.9893,46.1946],[14.0737,46.1581],[14.162,46.1794],[14.2486,46.243],[14.1665,46.2813]]]}},{"type":"Feature","id":"label-SVN-1020","properties":{"kind":"division-label","code":"SVN-1020","countryCode":"SVN","name":"Železniki","localName":"Železniki","labelEnglish":"Železniki","labelLocal":"Železniki","labelBoth":"Železniki","type":"Commune|Municipality","iso":"SI-146","qid":"Q15932"},"geometry":{"type":"Point","coordinates":[14.1184,46.2279]}},{"type":"Feature","id":"SVN-1009","properties":{"kind":"division","code":"SVN-1009","countryCode":"SVN","name":"Bohinj","localName":"Bohinj","labelEnglish":"Bohinj","labelLocal":"Bohinj","labelBoth":"Bohinj","type":"Commune|Municipality","iso":"SI-004","qid":"Q3661628"},"geometry":{"type":"Polygon","coordinates":[[[14.1791,46.2842],[14.1111,46.3067],[13.8479,46.3812],[13.8417,46.3822],[13.7274,46.3017],[13.7367,46.2861],[13.997,46.2393],[14.1665,46.2813],[14.1791,46.2842]]]}},{"type":"Feature","id":"label-SVN-1009","properties":{"kind":"division-label","code":"SVN-1009","countryCode":"SVN","name":"Bohinj","localName":"Bohinj","labelEnglish":"Bohinj","labelLocal":"Bohinj","labelBoth":"Bohinj","type":"Commune|Municipality","iso":"SI-004","qid":"Q3661628"},"geometry":{"type":"Point","coordinates":[13.9538,46.2961]}},{"type":"Feature","id":"SVN-1015","properties":{"kind":"division","code":"SVN-1015","countryCode":"SVN","name":"Naklo","localName":"Naklo","labelEnglish":"Naklo","labelLocal":"Naklo","labelBoth":"Naklo","type":"Commune|Municipality","iso":"SI-082","qid":"Q1569014"},"geometry":{"type":"Polygon","coordinates":[[[14.3263,46.3214],[14.2672,46.3261],[14.2746,46.2749],[14.3263,46.3214]]]}},{"type":"Feature","id":"label-SVN-1015","properties":{"kind":"division-label","code":"SVN-1015","countryCode":"SVN","name":"Naklo","localName":"Naklo","labelEnglish":"Naklo","labelLocal":"Naklo","labelBoth":"Naklo","type":"Commune|Municipality","iso":"SI-082","qid":"Q1569014"},"geometry":{"type":"Point","coordinates":[14.3004,46.2932]}},{"type":"Feature","id":"SVN-1016","properties":{"kind":"division","code":"SVN-1016","countryCode":"SVN","name":"Radovljica","localName":"Radovljica","labelEnglish":"Radovljica","labelLocal":"Radovljica","labelBoth":"Radovljica","type":"Statistical Region","iso":"SI-102","qid":"Q15910"},"geometry":{"type":"Polygon","coordinates":[[[14.1791,46.2842],[14.2746,46.2749],[14.2672,46.3261],[14.2382,46.4253],[14.1375,46.3722],[14.1111,46.3067],[14.1791,46.2842]]]}},{"type":"Feature","id":"label-SVN-1016","properties":{"kind":"division-label","code":"SVN-1016","countryCode":"SVN","name":"Radovljica","localName":"Radovljica","labelEnglish":"Radovljica","labelLocal":"Radovljica","labelBoth":"Radovljica","type":"Statistical Region","iso":"SI-102","qid":"Q15910"},"geometry":{"type":"Point","coordinates":[14.1929,46.3361]}},{"type":"Feature","id":"SVN-995","properties":{"kind":"division","code":"SVN-995","countryCode":"SVN","name":"Šoštanj","localName":"Šoštanj","labelEnglish":"Šoštanj","labelLocal":"Šoštanj","labelBoth":"Šoštanj","type":"Commune|Municipality","iso":"SI-126","qid":"Q15923"},"geometry":{"type":"Polygon","coordinates":[[[14.9563,46.4599],[14.8917,46.4235],[14.9022,46.3939],[14.9999,46.3772],[15.0666,46.3517],[15.0893,46.4265],[14.9563,46.4599]]]}},{"type":"Feature","id":"label-SVN-995","properties":{"kind":"division-label","code":"SVN-995","countryCode":"SVN","name":"Šoštanj","localName":"Šoštanj","labelEnglish":"Šoštanj","labelLocal":"Šoštanj","labelBoth":"Šoštanj","type":"Commune|Municipality","iso":"SI-126","qid":"Q15923"},"geometry":{"type":"Point","coordinates":[14.9905,46.4223]}},{"type":"Feature","id":"SVN-963","properties":{"kind":"division","code":"SVN-963","countryCode":"SVN","name":"Ljubno","localName":"Ljubno","labelEnglish":"Ljubno","labelLocal":"Ljubno","labelBoth":"Ljubno","type":"Commune|Municipality","iso":"SI-062","qid":"Q773659"},"geometry":{"type":"Polygon","coordinates":[[[14.8917,46.4235],[14.8041,46.4251],[14.7808,46.3385],[14.8669,46.3155],[14.9022,46.3939],[14.8917,46.4235]]]}},{"type":"Feature","id":"label-SVN-963","properties":{"kind":"division-label","code":"SVN-963","countryCode":"SVN","name":"Ljubno","localName":"Ljubno","labelEnglish":"Ljubno","labelLocal":"Ljubno","labelBoth":"Ljubno","type":"Commune|Municipality","iso":"SI-062","qid":"Q773659"},"geometry":{"type":"Point","coordinates":[14.8415,46.3721]}},{"type":"Feature","id":"SVN-210","properties":{"kind":"division","code":"SVN-210","countryCode":"SVN","name":"Luče","localName":"Luče","labelEnglish":"Luče","labelLocal":"Luče","labelBoth":"Luče","type":"Commune|Municipality","iso":"SI-067","qid":"Q669648"},"geometry":{"type":"Polygon","coordinates":[[[14.8041,46.4251],[14.7546,46.4215],[14.6399,46.3664],[14.7057,46.2869],[14.7808,46.3385],[14.8041,46.4251]]]}},{"type":"Feature","id":"label-SVN-210","properties":{"kind":"division-label","code":"SVN-210","countryCode":"SVN","name":"Luče","localName":"Luče","labelEnglish":"Luče","labelLocal":"Luče","labelBoth":"Luče","type":"Commune|Municipality","iso":"SI-067","qid":"Q669648"},"geometry":{"type":"Point","coordinates":[14.7245,46.3436]}},{"type":"Feature","id":"SVN-966","properties":{"kind":"division","code":"SVN-966","countryCode":"SVN","name":"Lukovica","localName":"Lukovica","labelEnglish":"Lukovica","labelLocal":"Lukovica","labelBoth":"Lukovica","type":"Commune|Municipality","iso":"SI-068","qid":"Q946766"},"geometry":{"type":"Polygon","coordinates":[[[14.8989,46.2087],[14.6831,46.1992],[14.6838,46.144],[14.8284,46.1603],[14.8989,46.2087]]]}},{"type":"Feature","id":"label-SVN-966","properties":{"kind":"division-label","code":"SVN-966","countryCode":"SVN","name":"Lukovica","localName":"Lukovica","labelEnglish":"Lukovica","labelLocal":"Lukovica","labelBoth":"Lukovica","type":"Commune|Municipality","iso":"SI-068","qid":"Q946766"},"geometry":{"type":"Point","coordinates":[14.7761,46.1827]}},{"type":"Feature","id":"SVN-199","properties":{"kind":"division","code":"SVN-199","countryCode":"SVN","name":"Benedikt","localName":"Benedikt","labelEnglish":"Benedikt","labelLocal":"Benedikt","labelBoth":"Benedikt","type":"Commune|Municipality","iso":"SI-148","qid":"Q779018"},"geometry":{"type":"Polygon","coordinates":[[[15.8628,46.611],[15.9333,46.5964],[15.8881,46.6459],[15.8628,46.611]]]}},{"type":"Feature","id":"label-SVN-199","properties":{"kind":"division-label","code":"SVN-199","countryCode":"SVN","name":"Benedikt","localName":"Benedikt","labelEnglish":"Benedikt","labelLocal":"Benedikt","labelBoth":"Benedikt","type":"Commune|Municipality","iso":"SI-148","qid":"Q779018"},"geometry":{"type":"Point","coordinates":[15.8981,46.6136]}},{"type":"Feature","id":"SVN-960","properties":{"kind":"division","code":"SVN-960","countryCode":"SVN","name":"Laško","localName":"Laško","labelEnglish":"Laško","labelLocal":"Laško","labelBoth":"Laško","type":"Commune|Municipality","iso":"SI-057","qid":"Q15887"},"geometry":{"type":"Polygon","coordinates":[[[15.3709,46.1357],[15.3633,46.1813],[15.3014,46.1889],[15.2164,46.1982],[15.1133,46.1834],[15.1634,46.0925],[15.2019,46.0608],[15.3684,46.0721],[15.3827,46.1082],[15.3709,46.1357]]]}},{"type":"Feature","id":"label-SVN-960","properties":{"kind":"division-label","code":"SVN-960","countryCode":"SVN","name":"Laško","localName":"Laško","labelEnglish":"Laško","labelLocal":"Laško","labelBoth":"Laško","type":"Commune|Municipality","iso":"SI-057","qid":"Q15887"},"geometry":{"type":"Point","coordinates":[15.248,46.1404]}},{"type":"Feature","id":"SVN-252","properties":{"kind":"division","code":"SVN-252","countryCode":"SVN","name":"Dobje","localName":"Dobje","labelEnglish":"Dobje","labelLocal":"Dobje","labelBoth":"Dobje","type":"Commune|Municipality","iso":"SI-154","qid":"Q1008179"},"geometry":{"type":"Polygon","coordinates":[[[15.3827,46.1082],[15.4403,46.1286],[15.3709,46.1357],[15.3827,46.1082]]]}},{"type":"Feature","id":"label-SVN-252","properties":{"kind":"division-label","code":"SVN-252","countryCode":"SVN","name":"Dobje","localName":"Dobje","labelEnglish":"Dobje","labelLocal":"Dobje","labelBoth":"Dobje","type":"Commune|Municipality","iso":"SI-154","qid":"Q1008179"},"geometry":{"type":"Point","coordinates":[15.4056,46.1339]}},{"type":"Feature","id":"SVN-219","properties":{"kind":"division","code":"SVN-219","countryCode":"SVN","name":"Ruše","localName":"Ruše","labelEnglish":"Ruše","labelLocal":"Ruše","labelBoth":"Ruše","type":"Commune|Municipality","iso":"SI-108","qid":"Q3346841"},"geometry":{"type":"Polygon","coordinates":[[[15.5638,46.5099],[15.5604,46.5621],[15.4597,46.55],[15.4082,46.4777],[15.5394,46.4974],[15.5638,46.5099]]]}},{"type":"Feature","id":"label-SVN-219","properties":{"kind":"division-label","code":"SVN-219","countryCode":"SVN","name":"Ruše","localName":"Ruše","labelEnglish":"Ruše","labelLocal":"Ruše","labelBoth":"Ruše","type":"Commune|Municipality","iso":"SI-108","qid":"Q3346841"},"geometry":{"type":"Point","coordinates":[15.486,46.5156]}},{"type":"Feature","id":"SVN-1003","properties":{"kind":"division","code":"SVN-1003","countryCode":"SVN","name":"Vodice","localName":"Vodice","labelEnglish":"Vodice","labelLocal":"Vodice","labelBoth":"Vodice","type":"Commune|Municipality","iso":"SI-138","qid":"Q2068600"},"geometry":{"type":"Polygon","coordinates":[[[14.4692,46.1435],[14.5139,46.1456],[14.5378,46.1742],[14.5007,46.2029],[14.4629,46.2061],[14.4587,46.1933],[14.4692,46.1435]]]}},{"type":"Feature","id":"label-SVN-1003","properties":{"kind":"division-label","code":"SVN-1003","countryCode":"SVN","name":"Vodice","localName":"Vodice","labelEnglish":"Vodice","labelLocal":"Vodice","labelBoth":"Vodice","type":"Commune|Municipality","iso":"SI-138","qid":"Q2068600"},"geometry":{"type":"Point","coordinates":[14.4982,46.1726]}},{"type":"Feature","id":"SVN-225","properties":{"kind":"division","code":"SVN-225","countryCode":"SVN","name":"Komenda","localName":"Komenda","labelEnglish":"Komenda","labelLocal":"Komenda","labelBoth":"Komenda","type":"Commune|Municipality","iso":"SI-164","qid":"Q963986"},"geometry":{"type":"Polygon","coordinates":[[[14.5378,46.1742],[14.5827,46.1981],[14.5525,46.2432],[14.5007,46.2029],[14.5378,46.1742]]]}},{"type":"Feature","id":"label-SVN-225","properties":{"kind":"division-label","code":"SVN-225","countryCode":"SVN","name":"Komenda","localName":"Komenda","labelEnglish":"Komenda","labelLocal":"Komenda","labelBoth":"Komenda","type":"Commune|Municipality","iso":"SI-164","qid":"Q963986"},"geometry":{"type":"Point","coordinates":[14.5417,46.2055]}},{"type":"Feature","id":"SVN-968","properties":{"kind":"division","code":"SVN-968","countryCode":"SVN","name":"Mengeš","localName":"Mengeš","labelEnglish":"Mengeš","labelLocal":"Mengeš","labelBoth":"Mengeš","type":"Commune|Municipality","iso":"SI-072","qid":"Q15895"},"geometry":{"type":"Polygon","coordinates":[[[14.5139,46.1456],[14.5206,46.1324],[14.5898,46.1477],[14.5901,46.1891],[14.5827,46.1981],[14.5378,46.1742],[14.5139,46.1456]]]}},{"type":"Feature","id":"label-SVN-968","properties":{"kind":"division-label","code":"SVN-968","countryCode":"SVN","name":"Mengeš","localName":"Mengeš","labelEnglish":"Mengeš","labelLocal":"Mengeš","labelBoth":"Mengeš","type":"Commune|Municipality","iso":"SI-072","qid":"Q15895"},"geometry":{"type":"Point","coordinates":[14.552,46.1605]}},{"type":"Feature","id":"SVN-1004","properties":{"kind":"division","code":"SVN-1004","countryCode":"SVN","name":"Vrhnika","localName":"Vrhnika","labelEnglish":"Vrhnika","labelLocal":"Vrhnika","labelBoth":"Vrhnika","type":"Commune|Municipality","iso":"SI-140","qid":"Q9014817"},"geometry":{"type":"Polygon","coordinates":[[[14.2441,46.0202],[14.1904,46.0247],[14.2992,45.8857],[14.3763,45.8715],[14.3656,45.9655],[14.3853,46.0322],[14.342,46.014],[14.2441,46.0202]]]}},{"type":"Feature","id":"label-SVN-1004","properties":{"kind":"division-label","code":"SVN-1004","countryCode":"SVN","name":"Vrhnika","localName":"Vrhnika","labelEnglish":"Vrhnika","labelLocal":"Vrhnika","labelBoth":"Vrhnika","type":"Commune|Municipality","iso":"SI-140","qid":"Q9014817"},"geometry":{"type":"Point","coordinates":[14.2947,45.9491]}},{"type":"Feature","id":"SVN-250","properties":{"kind":"division","code":"SVN-250","countryCode":"SVN","name":"Horjul","localName":"Horjul","labelEnglish":"Horjul","labelLocal":"Horjul","labelBoth":"Horjul","type":"Commune|Municipality","iso":"SI-162","qid":"Q1005185"},"geometry":{"type":"Polygon","coordinates":[[[14.2441,46.0202],[14.342,46.014],[14.3232,46.0427],[14.2441,46.0202]]]}},{"type":"Feature","id":"label-SVN-250","properties":{"kind":"division-label","code":"SVN-250","countryCode":"SVN","name":"Horjul","localName":"Horjul","labelEnglish":"Horjul","labelLocal":"Horjul","labelBoth":"Horjul","type":"Commune|Municipality","iso":"SI-162","qid":"Q1005185"},"geometry":{"type":"Point","coordinates":[14.2917,46.0249]}},{"type":"Feature","id":"SVN-198","properties":{"kind":"division","code":"SVN-198","countryCode":"SVN","name":"Cerkvenjak","localName":"Cerkvenjak","labelEnglish":"Cerkvenjak","labelLocal":"Cerkvenjak","labelBoth":"Cerkvenjak","type":"Commune|Municipality","iso":"SI-153","qid":"Q1252438"},"geometry":{"type":"Polygon","coordinates":[[[15.9285,46.5419],[15.9867,46.5467],[15.9783,46.586],[15.9559,46.5882],[15.9285,46.5419]]]}},{"type":"Feature","id":"label-SVN-198","properties":{"kind":"division-label","code":"SVN-198","countryCode":"SVN","name":"Cerkvenjak","localName":"Cerkvenjak","labelEnglish":"Cerkvenjak","labelLocal":"Cerkvenjak","labelBoth":"Cerkvenjak","type":"Commune|Municipality","iso":"SI-153","qid":"Q1252438"},"geometry":{"type":"Point","coordinates":[15.9531,46.5598]}},{"type":"Feature","id":"SVN-236","properties":{"kind":"division","code":"SVN-236","countryCode":"SVN","name":"Trzin","localName":"Trzin","labelEnglish":"Trzin","labelLocal":"Trzin","labelBoth":"Trzin","type":"Commune|Municipality","iso":"SI-186","qid":"Q14468504"},"geometry":{"type":"Polygon","coordinates":[[[14.5206,46.1324],[14.5693,46.1078],[14.5898,46.1477],[14.5206,46.1324]]]}},{"type":"Feature","id":"label-SVN-236","properties":{"kind":"division-label","code":"SVN-236","countryCode":"SVN","name":"Trzin","localName":"Trzin","labelEnglish":"Trzin","labelLocal":"Trzin","labelBoth":"Trzin","type":"Commune|Municipality","iso":"SI-186","qid":"Q14468504"},"geometry":{"type":"Point","coordinates":[14.5552,46.1259]}},{"type":"Feature","id":"SVN-929","properties":{"kind":"division","code":"SVN-929","countryCode":"SVN","name":"Puconci","localName":"Puconci","labelEnglish":"Puconci","labelLocal":"Puconci","labelBoth":"Puconci","type":"Commune|Municipality","iso":"SI-097","qid":"Q921092"},"geometry":{"type":"Polygon","coordinates":[[[16.1364,46.8294],[16.0636,46.7642],[16.0555,46.756],[16.1083,46.6904],[16.1787,46.6976],[16.2106,46.745],[16.1364,46.8294]]]}},{"type":"Feature","id":"label-SVN-929","properties":{"kind":"division-label","code":"SVN-929","countryCode":"SVN","name":"Puconci","localName":"Puconci","labelEnglish":"Puconci","labelLocal":"Puconci","labelBoth":"Puconci","type":"Commune|Municipality","iso":"SI-097","qid":"Q921092"},"geometry":{"type":"Point","coordinates":[16.132,46.7506]}},{"type":"Feature","id":"SVN-202","properties":{"kind":"division","code":"SVN-202","countryCode":"SVN","name":"Grad","localName":"Grad","labelEnglish":"Grad","labelLocal":"Grad","labelBoth":"Grad","type":"Commune|Municipality","iso":"SI-158","qid":"Q1019067"},"geometry":{"type":"Polygon","coordinates":[[[16.1364,46.8294],[16.1252,46.833],[16.056,46.8161],[16.0636,46.7642],[16.1364,46.8294]]]}},{"type":"Feature","id":"label-SVN-202","properties":{"kind":"division-label","code":"SVN-202","countryCode":"SVN","name":"Grad","localName":"Grad","labelEnglish":"Grad","labelLocal":"Grad","labelBoth":"Grad","type":"Commune|Municipality","iso":"SI-158","qid":"Q1019067"},"geometry":{"type":"Point","coordinates":[16.094,46.7969]}},{"type":"Feature","id":"SVN-1045","properties":{"kind":"division","code":"SVN-1045","countryCode":"SVN","name":"Murska Sobota","localName":"Murska Sobota","labelEnglish":"Murska Sobota","labelLocal":"Murska Sobota","labelBoth":"Murska Sobota","type":"Statistical Region","iso":"SI-080","qid":"Q9273677"},"geometry":{"type":"Polygon","coordinates":[[[16.1787,46.6976],[16.1083,46.6904],[16.1103,46.6239],[16.1608,46.6059],[16.2408,46.6536],[16.1787,46.6976]]]}},{"type":"Feature","id":"label-SVN-1045","properties":{"kind":"division-label","code":"SVN-1045","countryCode":"SVN","name":"Murska Sobota","localName":"Murska Sobota","labelEnglish":"Murska Sobota","labelLocal":"Murska Sobota","labelBoth":"Murska Sobota","type":"Statistical Region","iso":"SI-080","qid":"Q9273677"},"geometry":{"type":"Point","coordinates":[16.1719,46.6532]}},{"type":"Feature","id":"SVN-268","properties":{"kind":"division","code":"SVN-268","countryCode":"SVN","name":"Sveti Andraž v Slovenskih Goricah","localName":"Sveti Andraž v Slovenskih Goricah","labelEnglish":"Sveti Andraž v Slovenskih Goricah","labelLocal":"Sveti Andraž v Slovenskih Goricah","labelBoth":"Sveti Andraž v Slovenskih Goricah","type":"Commune|Municipality","iso":"SI-182","qid":"Q925149"},"geometry":{"type":"Polygon","coordinates":[[[15.9241,46.5344],[15.9286,46.5041],[15.9472,46.4872],[16.0074,46.5244],[15.9867,46.5467],[15.9285,46.5419],[15.9241,46.5344]]]}},{"type":"Feature","id":"label-SVN-268","properties":{"kind":"division-label","code":"SVN-268","countryCode":"SVN","name":"Sveti Andraž v Slovenskih Goricah","localName":"Sveti Andraž v Slovenskih Goricah","labelEnglish":"Sveti Andraž v Slovenskih Goricah","labelLocal":"Sveti Andraž v Slovenskih Goricah","labelBoth":"Sveti Andraž v Slovenskih Goricah","type":"Commune|Municipality","iso":"SI-182","qid":"Q925149"},"geometry":{"type":"Point","coordinates":[15.9658,46.5244]}},{"type":"Feature","id":"SVN-940","properties":{"kind":"division","code":"SVN-940","countryCode":"SVN","name":"Brezovica","localName":"Brezovica","labelEnglish":"Brezovica","labelLocal":"Brezovica","labelBoth":"Brezovica","type":"Commune|Municipality","iso":"SI-008","qid":"Q849320"},"geometry":{"type":"Polygon","coordinates":[[[14.4289,46.029],[14.3853,46.0322],[14.3656,45.9655],[14.4175,45.8709],[14.4902,45.8809],[14.4451,45.9741],[14.4289,46.029]]]}},{"type":"Feature","id":"label-SVN-940","properties":{"kind":"division-label","code":"SVN-940","countryCode":"SVN","name":"Brezovica","localName":"Brezovica","labelEnglish":"Brezovica","labelLocal":"Brezovica","labelBoth":"Brezovica","type":"Commune|Municipality","iso":"SI-008","qid":"Q849320"},"geometry":{"type":"Point","coordinates":[14.4279,45.9479]}},{"type":"Feature","id":"SVN-204","properties":{"kind":"division","code":"SVN-204","countryCode":"SVN","name":"Dobrova–Polhov Gradec","localName":"Dobrova–Polhov Gradec","labelEnglish":"Dobrova–Polhov Gradec","labelLocal":"Dobrova–Polhov Gradec","labelBoth":"Dobrova–Polhov Gradec","type":"Commune|Municipality","iso":"SI-021","qid":"Q1005208"},"geometry":{"type":"Polygon","coordinates":[[[14.4289,46.029],[14.4086,46.0829],[14.325,46.0983],[14.2112,46.0881],[14.1868,46.0379],[14.1904,46.0247],[14.2441,46.0202],[14.3232,46.0427],[14.342,46.014],[14.3853,46.0322],[14.4289,46.029]]]}},{"type":"Feature","id":"label-SVN-204","properties":{"kind":"division-label","code":"SVN-204","countryCode":"SVN","name":"Dobrova–Polhov Gradec","localName":"Dobrova–Polhov Gradec","labelEnglish":"Dobrova–Polhov Gradec","labelLocal":"Dobrova–Polhov Gradec","labelBoth":"Dobrova–Polhov Gradec","type":"Commune|Municipality","iso":"SI-021","qid":"Q1005208"},"geometry":{"type":"Point","coordinates":[14.3138,46.0716]}},{"type":"Feature","id":"SVN-1011","properties":{"kind":"division","code":"SVN-1011","countryCode":"SVN","name":"Občina Gorenja vas-Poljane","localName":"Občina Gorenja vas-Poljane","labelEnglish":"Občina Gorenja vas-Poljane","labelLocal":"Občina Gorenja vas-Poljane","labelBoth":"Občina Gorenja vas-Poljane","type":"Commune|Municipality","iso":"SI-027","qid":"Q1005224"},"geometry":{"type":"Polygon","coordinates":[[[14.2112,46.0881],[14.162,46.1794],[14.0737,46.1581],[14.0301,46.0732],[14.1868,46.0379],[14.2112,46.0881]]]}},{"type":"Feature","id":"label-SVN-1011","properties":{"kind":"division-label","code":"SVN-1011","countryCode":"SVN","name":"Občina Gorenja vas-Poljane","localName":"Občina Gorenja vas-Poljane","labelEnglish":"Občina Gorenja vas-Poljane","labelLocal":"Občina Gorenja vas-Poljane","labelBoth":"Občina Gorenja vas-Poljane","type":"Commune|Municipality","iso":"SI-027","qid":"Q1005224"},"geometry":{"type":"Point","coordinates":[14.1223,46.1241]}},{"type":"Feature","id":"SVN-964","properties":{"kind":"division","code":"SVN-964","countryCode":"SVN","name":"Logatec","localName":"Logatec","labelEnglish":"Logatec","labelLocal":"Logatec","labelBoth":"Logatec","type":"Commune|Municipality","iso":"SI-064","qid":"Q15893"},"geometry":{"type":"Polygon","coordinates":[[[14.1868,46.0379],[14.1387,46.0058],[14.1209,45.8787],[14.126,45.8688],[14.2765,45.8461],[14.2992,45.8857],[14.1904,46.0247],[14.1868,46.0379]]]}},{"type":"Feature","id":"label-SVN-964","properties":{"kind":"division-label","code":"SVN-964","countryCode":"SVN","name":"Logatec","localName":"Logatec","labelEnglish":"Logatec","labelLocal":"Logatec","labelBoth":"Logatec","type":"Commune|Municipality","iso":"SI-064","qid":"Q15893"},"geometry":{"type":"Point","coordinates":[14.1998,45.9399]}},{"type":"Feature","id":"SVN-230","properties":{"kind":"division","code":"SVN-230","countryCode":"SVN","name":"Trnovska Vas","localName":"Trnovska Vas","labelEnglish":"Trnovska Vas","labelLocal":"Trnovska Vas","labelBoth":"Trnovska Vas","type":"Commune|Municipality","iso":"SI-185","qid":"Q999559"},"geometry":{"type":"Polygon","coordinates":[[[15.9241,46.5344],[15.8545,46.5063],[15.9286,46.5041],[15.9241,46.5344]]]}},{"type":"Feature","id":"label-SVN-230","properties":{"kind":"division-label","code":"SVN-230","countryCode":"SVN","name":"Trnovska Vas","localName":"Trnovska Vas","labelEnglish":"Trnovska Vas","labelLocal":"Trnovska Vas","labelBoth":"Trnovska Vas","type":"Commune|Municipality","iso":"SI-185","qid":"Q999559"},"geometry":{"type":"Point","coordinates":[15.8943,46.523]}},{"type":"Feature","id":"SVN-203","properties":{"kind":"division","code":"SVN-203","countryCode":"SVN","name":"Destrnik","localName":"Destrnik","labelEnglish":"Destrnik","labelLocal":"Destrnik","labelBoth":"Destrnik","type":"Commune|Municipality","iso":"SI-018","qid":"Q570618"},"geometry":{"type":"Polygon","coordinates":[[[15.8234,46.4949],[15.9443,46.4805],[15.9472,46.4872],[15.9286,46.5041],[15.8545,46.5063],[15.8234,46.4949]]]}},{"type":"Feature","id":"label-SVN-203","properties":{"kind":"division-label","code":"SVN-203","countryCode":"SVN","name":"Destrnik","localName":"Destrnik","labelEnglish":"Destrnik","labelLocal":"Destrnik","labelBoth":"Destrnik","type":"Commune|Municipality","iso":"SI-018","qid":"Q570618"},"geometry":{"type":"Point","coordinates":[15.8853,46.4767]}},{"type":"Feature","id":"SVN-979","properties":{"kind":"division","code":"SVN-979","countryCode":"SVN","name":"Rače–Fram","localName":"Rače–Fram","labelEnglish":"Rače–Fram","labelLocal":"Rače–Fram","labelBoth":"Rače–Fram","type":"Commune|Municipality","iso":"SI-098","qid":"Q731093"},"geometry":{"type":"Polygon","coordinates":[[[15.7095,46.465],[15.5458,46.4832],[15.6875,46.4086],[15.7345,46.4283],[15.717,46.46],[15.7095,46.465]]]}},{"type":"Feature","id":"label-SVN-979","properties":{"kind":"division-label","code":"SVN-979","countryCode":"SVN","name":"Rače–Fram","localName":"Rače–Fram","labelEnglish":"Rače–Fram","labelLocal":"Rače–Fram","labelBoth":"Rače–Fram","type":"Commune|Municipality","iso":"SI-098","qid":"Q731093"},"geometry":{"type":"Point","coordinates":[15.6401,46.4507]}},{"type":"Feature","id":"SVN-996","properties":{"kind":"division","code":"SVN-996","countryCode":"SVN","name":"Starše","localName":"Starše","labelEnglish":"Starše","labelLocal":"Starše","labelBoth":"Starše","type":"Statistical Region","iso":"SI-115","qid":"Q1016826"},"geometry":{"type":"Polygon","coordinates":[[[15.7331,46.5032],[15.717,46.46],[15.7345,46.4283],[15.8005,46.4316],[15.8186,46.4548],[15.7815,46.4677],[15.7331,46.5032]]]}},{"type":"Feature","id":"label-SVN-996","properties":{"kind":"division-label","code":"SVN-996","countryCode":"SVN","name":"Starše","localName":"Starše","labelEnglish":"Starše","labelLocal":"Starše","labelBoth":"Starše","type":"Statistical Region","iso":"SI-115","qid":"Q1016826"},"geometry":{"type":"Point","coordinates":[15.7678,46.4544]}},{"type":"Feature","id":"SVN-241","properties":{"kind":"division","code":"SVN-241","countryCode":"SVN","name":"Vransko","localName":"Vransko","labelEnglish":"Vransko","labelLocal":"Vransko","labelBoth":"Vransko","type":"Commune|Municipality","iso":"SI-189","qid":"Q510040"},"geometry":{"type":"Polygon","coordinates":[[[14.9101,46.2105],[14.9707,46.1978],[15.01,46.258],[14.9703,46.2838],[14.8849,46.2405],[14.9101,46.2105]]]}},{"type":"Feature","id":"label-SVN-241","properties":{"kind":"division-label","code":"SVN-241","countryCode":"SVN","name":"Vransko","localName":"Vransko","labelEnglish":"Vransko","labelLocal":"Vransko","labelBoth":"Vransko","type":"Commune|Municipality","iso":"SI-189","qid":"Q510040"},"geometry":{"type":"Point","coordinates":[14.9474,46.2348]}},{"type":"Feature","id":"SVN-1001","properties":{"kind":"division","code":"SVN-1001","countryCode":"SVN","name":"Velenje","localName":"Velenje","labelEnglish":"Velenje","labelLocal":"Velenje","labelBoth":"Velenje","type":"Commune|Municipality","iso":"SI-133","qid":"Q3441849"},"geometry":{"type":"Polygon","coordinates":[[[15.1236,46.422],[15.0893,46.4265],[15.0666,46.3517],[15.1228,46.317],[15.1965,46.3277],[15.1903,46.3884],[15.1236,46.422]]]}},{"type":"Feature","id":"label-SVN-1001","properties":{"kind":"division-label","code":"SVN-1001","countryCode":"SVN","name":"Velenje","localName":"Velenje","labelEnglish":"Velenje","labelLocal":"Velenje","labelBoth":"Velenje","type":"Commune|Municipality","iso":"SI-133","qid":"Q3441849"},"geometry":{"type":"Point","coordinates":[15.1364,46.3749]}},{"type":"Feature","id":"SVN-244","properties":{"kind":"division","code":"SVN-244","countryCode":"SVN","name":"Polzela","localName":"Polzela","labelEnglish":"Polzela","labelLocal":"Polzela","labelBoth":"Polzela","type":"Commune|Municipality","iso":"SI-173","qid":"Q938443"},"geometry":{"type":"Polygon","coordinates":[[[15.0666,46.3517],[15.0513,46.3073],[15.095,46.2577],[15.104,46.255],[15.1228,46.317],[15.0666,46.3517]]]}},{"type":"Feature","id":"label-SVN-244","properties":{"kind":"division-label","code":"SVN-244","countryCode":"SVN","name":"Polzela","localName":"Polzela","labelEnglish":"Polzela","labelLocal":"Polzela","labelBoth":"Polzela","type":"Commune|Municipality","iso":"SI-173","qid":"Q938443"},"geometry":{"type":"Point","coordinates":[15.087,46.3034]}},{"type":"Feature","id":"SVN-994","properties":{"kind":"division","code":"SVN-994","countryCode":"SVN","name":"Šmartno ob Paki","localName":"Šmartno ob Paki","labelEnglish":"Šmartno ob Paki","labelLocal":"Šmartno ob Paki","labelBoth":"Šmartno ob Paki","type":"Commune|Municipality","iso":"SI-125","qid":"Q392188"},"geometry":{"type":"Polygon","coordinates":[[[14.9999,46.3772],[15.0084,46.3372],[15.0513,46.3073],[15.0666,46.3517],[14.9999,46.3772]]]}},{"type":"Feature","id":"label-SVN-994","properties":{"kind":"division-label","code":"SVN-994","countryCode":"SVN","name":"Šmartno ob Paki","localName":"Šmartno ob Paki","labelEnglish":"Šmartno ob Paki","labelLocal":"Šmartno ob Paki","labelBoth":"Šmartno ob Paki","type":"Commune|Municipality","iso":"SI-125","qid":"Q392188"},"geometry":{"type":"Point","coordinates":[15.0326,46.3421]}},{"type":"Feature","id":"SVN-973","properties":{"kind":"division","code":"SVN-973","countryCode":"SVN","name":"Mozirje","localName":"Mozirje","labelEnglish":"Mozirje","labelLocal":"Mozirje","labelBoth":"Mozirje","type":"Commune|Municipality","iso":"SI-079","qid":"Q670975"},"geometry":{"type":"Polygon","coordinates":[[[14.8669,46.3155],[14.877,46.301],[14.9706,46.3029],[15.0084,46.3372],[14.9999,46.3772],[14.9022,46.3939],[14.8669,46.3155]]]}},{"type":"Feature","id":"label-SVN-973","properties":{"kind":"division-label","code":"SVN-973","countryCode":"SVN","name":"Mozirje","localName":"Mozirje","labelEnglish":"Mozirje","labelLocal":"Mozirje","labelBoth":"Mozirje","type":"Commune|Municipality","iso":"SI-079","qid":"Q670975"},"geometry":{"type":"Point","coordinates":[14.9377,46.3593]}},{"type":"Feature","id":"SVN-1002","properties":{"kind":"division","code":"SVN-1002","countryCode":"SVN","name":"Vitanje","localName":"Vitanje","labelEnglish":"Vitanje","labelLocal":"Vitanje","labelBoth":"Vitanje","type":"Commune|Municipality","iso":"SI-137","qid":"Q1809612"},"geometry":{"type":"Polygon","coordinates":[[[15.3312,46.3652],[15.3248,46.4512],[15.2325,46.3925],[15.2677,46.365],[15.3312,46.3652]]]}},{"type":"Feature","id":"label-SVN-1002","properties":{"kind":"division-label","code":"SVN-1002","countryCode":"SVN","name":"Vitanje","localName":"Vitanje","labelEnglish":"Vitanje","labelLocal":"Vitanje","labelBoth":"Vitanje","type":"Commune|Municipality","iso":"SI-137","qid":"Q1809612"},"geometry":{"type":"Point","coordinates":[15.2954,46.4073]}},{"type":"Feature","id":"SVN-223","properties":{"kind":"division","code":"SVN-223","countryCode":"SVN","name":"Vojnik","localName":"Vojnik","labelEnglish":"Vojnik","labelLocal":"Vojnik","labelBoth":"Vojnik","type":"Commune|Municipality","iso":"SI-139","qid":"Q2134561"},"geometry":{"type":"Polygon","coordinates":[[[15.2677,46.365],[15.2401,46.3205],[15.3585,46.2605],[15.3765,46.3113],[15.3688,46.334],[15.3312,46.3652],[15.2677,46.365]]]}},{"type":"Feature","id":"label-SVN-223","properties":{"kind":"division-label","code":"SVN-223","countryCode":"SVN","name":"Vojnik","localName":"Vojnik","labelEnglish":"Vojnik","labelLocal":"Vojnik","labelBoth":"Vojnik","type":"Commune|Municipality","iso":"SI-139","qid":"Q2134561"},"geometry":{"type":"Point","coordinates":[15.31,46.3188]}},{"type":"Feature","id":"SVN-1007","properties":{"kind":"division","code":"SVN-1007","countryCode":"SVN","name":"Zreče","localName":"Zreče","labelEnglish":"Zreče","labelLocal":"Zreče","labelBoth":"Zreče","type":"Commune|Municipality","iso":"SI-144","qid":"Q227163"},"geometry":{"type":"Polygon","coordinates":[[[15.3312,46.3652],[15.3688,46.334],[15.4252,46.3713],[15.4228,46.4246],[15.3351,46.4774],[15.3157,46.4822],[15.3248,46.4512],[15.3312,46.3652]]]}},{"type":"Feature","id":"label-SVN-1007","properties":{"kind":"division-label","code":"SVN-1007","countryCode":"SVN","name":"Zreče","localName":"Zreče","labelEnglish":"Zreče","labelLocal":"Zreče","labelBoth":"Zreče","type":"Commune|Municipality","iso":"SI-144","qid":"Q227163"},"geometry":{"type":"Point","coordinates":[15.3705,46.3914]}},{"type":"Feature","id":"SVN-971","properties":{"kind":"division","code":"SVN-971","countryCode":"SVN","name":"Mislinja","localName":"Mislinja","labelEnglish":"Mislinja","labelLocal":"Mislinja","labelBoth":"Mislinja","type":"Commune|Municipality","iso":"SI-076","qid":"Q1917707"},"geometry":{"type":"Polygon","coordinates":[[[15.3121,46.4925],[15.1957,46.5109],[15.1236,46.422],[15.1903,46.3884],[15.2325,46.3925],[15.3248,46.4512],[15.3157,46.4822],[15.3121,46.4925]]]}},{"type":"Feature","id":"label-SVN-971","properties":{"kind":"division-label","code":"SVN-971","countryCode":"SVN","name":"Mislinja","localName":"Mislinja","labelEnglish":"Mislinja","labelLocal":"Mislinja","labelBoth":"Mislinja","type":"Commune|Municipality","iso":"SI-076","qid":"Q1917707"},"geometry":{"type":"Point","coordinates":[15.2253,46.4442]}},{"type":"Feature","id":"SVN-1006","properties":{"kind":"division","code":"SVN-1006","countryCode":"SVN","name":"Zagorje ob Savi","localName":"Zagorje ob Savi","labelEnglish":"Zagorje ob Savi","labelLocal":"Zagorje ob Savi","labelBoth":"Zagorje ob Savi","type":"Statistical Region","iso":"SI-05","qid":"Q13378328"},"geometry":{"type":"Polygon","coordinates":[[[14.8348,46.137],[14.9999,46.1191],[14.9999,46.199],[14.9707,46.1978],[14.9101,46.2105],[14.8989,46.2087],[14.8284,46.1603],[14.8348,46.137]]]}},{"type":"Feature","id":"label-SVN-1006","properties":{"kind":"division-label","code":"SVN-1006","countryCode":"SVN","name":"Zagorje ob Savi","localName":"Zagorje ob Savi","labelEnglish":"Zagorje ob Savi","labelLocal":"Zagorje ob Savi","labelBoth":"Zagorje ob Savi","type":"Statistical Region","iso":"SI-05","qid":"Q13378328"},"geometry":{"type":"Point","coordinates":[14.924,46.1454]}},{"type":"Feature","id":"SVN-961","properties":{"kind":"division","code":"SVN-961","countryCode":"SVN","name":"Litija","localName":"Litija","labelEnglish":"Litija","labelLocal":"Litija","labelBoth":"Litija","type":"Commune|Municipality","iso":"SI-060","qid":"Q15891"},"geometry":{"type":"Polygon","coordinates":[[[14.8348,46.137],[14.754,46.1002],[14.7124,46.0793],[14.7361,46.0656],[14.9545,45.9751],[15.1161,46.0042],[15.0941,46.0403],[15.0715,46.0647],[14.9999,46.1191],[14.8348,46.137]]]}},{"type":"Feature","id":"label-SVN-961","properties":{"kind":"division-label","code":"SVN-961","countryCode":"SVN","name":"Litija","localName":"Litija","labelEnglish":"Litija","labelLocal":"Litija","labelBoth":"Litija","type":"Commune|Municipality","iso":"SI-060","qid":"Q15891"},"geometry":{"type":"Point","coordinates":[14.9182,46.0752]}},{"type":"Feature","id":"SVN-949","properties":{"kind":"division","code":"SVN-949","countryCode":"SVN","name":"Gornji Grad","localName":"Gornji Grad","labelEnglish":"Gornji Grad","labelLocal":"Gornji Grad","labelBoth":"Gornji Grad","type":"Commune|Municipality","iso":"SI-030","qid":"Q726548"},"geometry":{"type":"Polygon","coordinates":[[[14.8669,46.3155],[14.7808,46.3385],[14.7057,46.2869],[14.8548,46.2529],[14.877,46.301],[14.8669,46.3155]]]}},{"type":"Feature","id":"label-SVN-949","properties":{"kind":"division-label","code":"SVN-949","countryCode":"SVN","name":"Gornji Grad","localName":"Gornji Grad","labelEnglish":"Gornji Grad","labelLocal":"Gornji Grad","labelBoth":"Gornji Grad","type":"Commune|Municipality","iso":"SI-030","qid":"Q726548"},"geometry":{"type":"Point","coordinates":[14.7905,46.2972]}},{"type":"Feature","id":"SVN-943","properties":{"kind":"division","code":"SVN-943","countryCode":"SVN","name":"Cerknica","localName":"Cerknica","labelEnglish":"Cerknica","labelLocal":"Cerknica","labelBoth":"Cerknica","type":"Commune|Municipality","iso":"SI-013","qid":"Q13107298"},"geometry":{"type":"Polygon","coordinates":[[[14.4902,45.8809],[14.4175,45.8709],[14.3763,45.8715],[14.2992,45.8857],[14.2765,45.8461],[14.3232,45.7541],[14.3862,45.7075],[14.4784,45.7479],[14.5051,45.8408],[14.4902,45.8809]]]}},{"type":"Feature","id":"label-SVN-943","properties":{"kind":"division-label","code":"SVN-943","countryCode":"SVN","name":"Cerknica","localName":"Cerknica","labelEnglish":"Cerknica","labelLocal":"Cerknica","labelBoth":"Cerknica","type":"Commune|Municipality","iso":"SI-013","qid":"Q13107298"},"geometry":{"type":"Point","coordinates":[14.3817,45.7886]}},{"type":"Feature","id":"SVN-1000","properties":{"kind":"division","code":"SVN-1000","countryCode":"SVN","name":"Velike Lašče","localName":"Velike Lašče","labelEnglish":"Velike Lašče","labelLocal":"Velike Lašče","labelBoth":"Velike Lašče","type":"Commune|Municipality","iso":"SI-134","qid":"Q13378281"},"geometry":{"type":"Polygon","coordinates":[[[14.5051,45.8408],[14.5642,45.7901],[14.587,45.7934],[14.6877,45.818],[14.6402,45.8748],[14.6009,45.9089],[14.5853,45.8963],[14.4902,45.8809],[14.5051,45.8408]]]}},{"type":"Feature","id":"label-SVN-1000","properties":{"kind":"division-label","code":"SVN-1000","countryCode":"SVN","name":"Velike Lašče","localName":"Velike Lašče","labelEnglish":"Velike Lašče","labelLocal":"Velike Lašče","labelBoth":"Velike Lašče","type":"Commune|Municipality","iso":"SI-134","qid":"Q13378281"},"geometry":{"type":"Point","coordinates":[14.5889,45.8446]}},{"type":"Feature","id":"SVN-937","properties":{"kind":"division","code":"SVN-937","countryCode":"SVN","name":"Borovnica","localName":"Borovnica","labelEnglish":"Borovnica","labelLocal":"Borovnica","labelBoth":"Borovnica","type":"Commune|Municipality","iso":"SI-005","qid":"Q13377747"},"geometry":{"type":"Polygon","coordinates":[[[14.3763,45.8715],[14.4175,45.8709],[14.3656,45.9655],[14.3763,45.8715]]]}},{"type":"Feature","id":"label-SVN-937","properties":{"kind":"division-label","code":"SVN-937","countryCode":"SVN","name":"Borovnica","localName":"Borovnica","labelEnglish":"Borovnica","labelLocal":"Borovnica","labelBoth":"Borovnica","type":"Commune|Municipality","iso":"SI-005","qid":"Q13377747"},"geometry":{"type":"Point","coordinates":[14.3756,45.9095]}},{"type":"Feature","id":"SVN-978","properties":{"kind":"division","code":"SVN-978","countryCode":"SVN","name":"Postojna","localName":"Postojna","labelEnglish":"Postojna","labelLocal":"Postojna","labelBoth":"Postojna","type":"Commune|Municipality","iso":"SI-094","qid":"Q2242799"},"geometry":{"type":"Polygon","coordinates":[[[14.2765,45.8461],[14.126,45.8688],[14.046,45.8369],[14.0372,45.761],[14.0934,45.7143],[14.3232,45.7541],[14.2765,45.8461]]]}},{"type":"Feature","id":"label-SVN-978","properties":{"kind":"division-label","code":"SVN-978","countryCode":"SVN","name":"Postojna","localName":"Postojna","labelEnglish":"Postojna","labelLocal":"Postojna","labelBoth":"Postojna","type":"Commune|Municipality","iso":"SI-094","qid":"Q2242799"},"geometry":{"type":"Point","coordinates":[14.1802,45.7924]}},{"type":"Feature","id":"SVN-977","properties":{"kind":"division","code":"SVN-977","countryCode":"SVN","name":"Pivka","localName":"Pivka","labelEnglish":"Pivka","labelLocal":"Pivka","labelBoth":"Pivka","type":"Statistical Region","iso":"SI-091","qid":"Q252154"},"geometry":{"type":"Polygon","coordinates":[[[14.3232,45.7541],[14.0934,45.7143],[14.0906,45.6242],[14.4262,45.644],[14.3862,45.7075],[14.3232,45.7541]]]}},{"type":"Feature","id":"label-SVN-977","properties":{"kind":"division-label","code":"SVN-977","countryCode":"SVN","name":"Pivka","localName":"Pivka","labelEnglish":"Pivka","labelLocal":"Pivka","labelBoth":"Pivka","type":"Statistical Region","iso":"SI-091","qid":"Q252154"},"geometry":{"type":"Point","coordinates":[14.2444,45.6834]}},{"type":"Feature","id":"SVN-239","properties":{"kind":"division","code":"SVN-239","countryCode":"SVN","name":"Dobrna","localName":"Dobrna","labelEnglish":"Dobrna","labelLocal":"Dobrna","labelBoth":"Dobrna","type":"Commune|Municipality","iso":"SI-155","qid":"Q999579"},"geometry":{"type":"Polygon","coordinates":[[[15.2677,46.365],[15.2325,46.3925],[15.1903,46.3884],[15.1965,46.3277],[15.2261,46.3174],[15.2401,46.3205],[15.2677,46.365]]]}},{"type":"Feature","id":"label-SVN-239","properties":{"kind":"division-label","code":"SVN-239","countryCode":"SVN","name":"Dobrna","localName":"Dobrna","labelEnglish":"Dobrna","labelLocal":"Dobrna","labelBoth":"Dobrna","type":"Commune|Municipality","iso":"SI-155","qid":"Q999579"},"geometry":{"type":"Point","coordinates":[15.2299,46.3552]}},{"type":"Feature","id":"SVN-941","properties":{"kind":"division","code":"SVN-941","countryCode":"SVN","name":"Celje","localName":"Celje","labelEnglish":"Celje","labelLocal":"Celje","labelBoth":"Celje","type":"Commune|Municipality","iso":"SI-011","qid":"Q3441823"},"geometry":{"type":"Polygon","coordinates":[[[15.2261,46.3174],[15.2164,46.1982],[15.3014,46.1889],[15.3394,46.229],[15.3585,46.2605],[15.2401,46.3205],[15.2261,46.3174]]]}},{"type":"Feature","id":"label-SVN-941","properties":{"kind":"division-label","code":"SVN-941","countryCode":"SVN","name":"Celje","localName":"Celje","labelEnglish":"Celje","labelLocal":"Celje","labelBoth":"Celje","type":"Commune|Municipality","iso":"SI-011","qid":"Q3441823"},"geometry":{"type":"Point","coordinates":[15.2874,46.2398]}},{"type":"Feature","id":"SVN-975","properties":{"kind":"division","code":"SVN-975","countryCode":"SVN","name":"Nazarje","localName":"Nazarje","labelEnglish":"Nazarje","labelLocal":"Nazarje","labelBoth":"Nazarje","type":"Commune|Municipality","iso":"SI-083","qid":"Q954987"},"geometry":{"type":"Polygon","coordinates":[[[14.8849,46.2405],[14.9703,46.2838],[14.9706,46.3029],[14.877,46.301],[14.8548,46.2529],[14.8849,46.2405]]]}},{"type":"Feature","id":"label-SVN-975","properties":{"kind":"division-label","code":"SVN-975","countryCode":"SVN","name":"Nazarje","localName":"Nazarje","labelEnglish":"Nazarje","labelLocal":"Nazarje","labelBoth":"Nazarje","type":"Commune|Municipality","iso":"SI-083","qid":"Q954987"},"geometry":{"type":"Point","coordinates":[14.9127,46.2864]}},{"type":"Feature","id":"SVN-205","properties":{"kind":"division","code":"SVN-205","countryCode":"SVN","name":"Domžale","localName":"Domžale","labelEnglish":"Domžale","labelLocal":"Domžale","labelBoth":"Domžale","type":"Commune|Municipality","iso":"SI-023","qid":"Q13377763"},"geometry":{"type":"Polygon","coordinates":[[[14.5898,46.1477],[14.5693,46.1078],[14.5943,46.0966],[14.6872,46.1173],[14.6838,46.144],[14.6831,46.1992],[14.5901,46.1891],[14.5898,46.1477]]]}},{"type":"Feature","id":"label-SVN-205","properties":{"kind":"division-label","code":"SVN-205","countryCode":"SVN","name":"Domžale","localName":"Domžale","labelEnglish":"Domžale","labelLocal":"Domžale","labelBoth":"Domžale","type":"Commune|Municipality","iso":"SI-023","qid":"Q13377763"},"geometry":{"type":"Point","coordinates":[14.6294,46.1493]}},{"type":"Feature","id":"SVN-955","properties":{"kind":"division","code":"SVN-955","countryCode":"SVN","name":"Ivančna Gorica","localName":"Ivančna Gorica","labelEnglish":"Ivančna Gorica","labelLocal":"Ivančna Gorica","labelBoth":"Ivančna Gorica","type":"Commune|Municipality","iso":"SI-039","qid":"Q1008048"},"geometry":{"type":"Polygon","coordinates":[[[14.7402,45.9981],[14.7518,45.8833],[14.8046,45.7975],[14.8772,45.8696],[14.9273,45.963],[14.7496,46.003],[14.7402,45.9981]]]}},{"type":"Feature","id":"label-SVN-955","properties":{"kind":"division-label","code":"SVN-955","countryCode":"SVN","name":"Ivančna Gorica","localName":"Ivančna Gorica","labelEnglish":"Ivančna Gorica","labelLocal":"Ivančna Gorica","labelBoth":"Ivančna Gorica","type":"Commune|Municipality","iso":"SI-039","qid":"Q1008048"},"geometry":{"type":"Point","coordinates":[14.8211,45.9017]}},{"type":"Feature","id":"SVN-962","properties":{"kind":"division","code":"SVN-962","countryCode":"SVN","name":"Ljubljana","localName":"Ljubljana","labelEnglish":"Ljubljana","labelLocal":"Ljubljana","labelBoth":"Ljubljana","type":"Statistical Region","iso":"SI-061","qid":"Q3434113"},"geometry":{"type":"Polygon","coordinates":[[[14.7496,46.003],[14.7361,46.0656],[14.7124,46.0793],[14.5943,46.0966],[14.5693,46.1078],[14.5206,46.1324],[14.5139,46.1456],[14.4692,46.1435],[14.4086,46.0829],[14.4289,46.029],[14.4451,45.9741],[14.5333,45.9902],[14.6162,45.9967],[14.7402,45.9981],[14.7496,46.003]]]}},{"type":"Feature","id":"label-SVN-962","properties":{"kind":"division-label","code":"SVN-962","countryCode":"SVN","name":"Ljubljana","localName":"Ljubljana","labelEnglish":"Ljubljana","labelLocal":"Ljubljana","labelBoth":"Ljubljana","type":"Statistical Region","iso":"SI-061","qid":"Q3434113"},"geometry":{"type":"Point","coordinates":[14.5799,46.0616]}},{"type":"Feature","id":"SVN-5885","properties":{"kind":"division","code":"SVN-5885","countryCode":"SVN","name":"Šmartno pri Litiji","localName":"Šmartno pri Litiji","labelEnglish":"Šmartno pri Litiji","labelLocal":"Šmartno pri Litiji","labelBoth":"Šmartno pri Litiji","type":"Commune|Municipality","iso":"SI-194","qid":"Q392192"},"geometry":{"type":"Polygon","coordinates":[[[14.7496,46.003],[14.9273,45.963],[14.9545,45.9751],[14.7361,46.0656],[14.7496,46.003]]]}},{"type":"Feature","id":"label-SVN-5885","properties":{"kind":"division-label","code":"SVN-5885","countryCode":"SVN","name":"Šmartno pri Litiji","localName":"Šmartno pri Litiji","labelEnglish":"Šmartno pri Litiji","labelLocal":"Šmartno pri Litiji","labelBoth":"Šmartno pri Litiji","type":"Commune|Municipality","iso":"SI-194","qid":"Q392192"},"geometry":{"type":"Point","coordinates":[14.8692,46.0231]}},{"type":"Feature","id":"SVN-953","properties":{"kind":"division","code":"SVN-953","countryCode":"SVN","name":"Ig","localName":"Ig","labelEnglish":"Ig","labelLocal":"Ig","labelBoth":"Ig","type":"Commune|Municipality","iso":"SI-037","qid":"Q917397"},"geometry":{"type":"Polygon","coordinates":[[[14.5333,45.9902],[14.4451,45.9741],[14.4902,45.8809],[14.5853,45.8963],[14.5333,45.9902]]]}},{"type":"Feature","id":"label-SVN-953","properties":{"kind":"division-label","code":"SVN-953","countryCode":"SVN","name":"Ig","localName":"Ig","labelEnglish":"Ig","labelLocal":"Ig","labelBoth":"Ig","type":"Commune|Municipality","iso":"SI-037","qid":"Q917397"},"geometry":{"type":"Point","coordinates":[14.5158,45.9398]}},{"type":"Feature","id":"SVN-946","properties":{"kind":"division","code":"SVN-946","countryCode":"SVN","name":"Dol pri Ljubljani","localName":"Dol pri Ljubljani","labelEnglish":"Dol pri Ljubljani","labelLocal":"Dol pri Ljubljani","labelBoth":"Dol pri Ljubljani","type":"Commune|Municipality","iso":"SI-022","qid":"Q998557"},"geometry":{"type":"Polygon","coordinates":[[[14.754,46.1002],[14.6872,46.1173],[14.5943,46.0966],[14.7124,46.0793],[14.754,46.1002]]]}},{"type":"Feature","id":"label-SVN-946","properties":{"kind":"division-label","code":"SVN-946","countryCode":"SVN","name":"Dol pri Ljubljani","localName":"Dol pri Ljubljani","labelEnglish":"Dol pri Ljubljani","labelLocal":"Dol pri Ljubljani","labelBoth":"Dol pri Ljubljani","type":"Commune|Municipality","iso":"SI-022","qid":"Q998557"},"geometry":{"type":"Point","coordinates":[14.6741,46.0996]}},{"type":"Feature","id":"SVN-243","properties":{"kind":"division","code":"SVN-243","countryCode":"SVN","name":"Prebold","localName":"Prebold","labelEnglish":"Prebold","labelLocal":"Prebold","labelBoth":"Prebold","type":"Commune|Municipality","iso":"SI-174","qid":"Q1016698"},"geometry":{"type":"Polygon","coordinates":[[[15.095,46.2577],[15.0511,46.2261],[15.0451,46.1933],[15.111,46.1873],[15.104,46.255],[15.095,46.2577]]]}},{"type":"Feature","id":"label-SVN-243","properties":{"kind":"division-label","code":"SVN-243","countryCode":"SVN","name":"Prebold","localName":"Prebold","labelEnglish":"Prebold","labelLocal":"Prebold","labelBoth":"Prebold","type":"Commune|Municipality","iso":"SI-174","qid":"Q1016698"},"geometry":{"type":"Point","coordinates":[15.0943,46.2214]}},{"type":"Feature","id":"SVN-972","properties":{"kind":"division","code":"SVN-972","countryCode":"SVN","name":"Moravče","localName":"Moravče","labelEnglish":"Moravče","labelLocal":"Moravče","labelBoth":"Moravče","type":"Commune|Municipality","iso":"SI-077","qid":"Q1012761"},"geometry":{"type":"Polygon","coordinates":[[[14.8348,46.137],[14.8284,46.1603],[14.6838,46.144],[14.6872,46.1173],[14.754,46.1002],[14.8348,46.137]]]}},{"type":"Feature","id":"label-SVN-972","properties":{"kind":"division-label","code":"SVN-972","countryCode":"SVN","name":"Moravče","localName":"Moravče","labelEnglish":"Moravče","labelLocal":"Moravče","labelBoth":"Moravče","type":"Commune|Municipality","iso":"SI-077","qid":"Q1012761"},"geometry":{"type":"Point","coordinates":[14.7576,46.1337]}},{"type":"Feature","id":"SVN-253","properties":{"kind":"division","code":"SVN-253","countryCode":"SVN","name":"Dobrepolje","localName":"Dobrepolje","labelEnglish":"Dobrepolje","labelLocal":"Dobrepolje","labelBoth":"Dobrepolje","type":"Commune|Municipality","iso":"SI-020","qid":"Q1009409"},"geometry":{"type":"Polygon","coordinates":[[[14.7518,45.8833],[14.6402,45.8748],[14.6877,45.818],[14.7959,45.7431],[14.8137,45.7577],[14.8046,45.7975],[14.7518,45.8833]]]}},{"type":"Feature","id":"label-SVN-253","properties":{"kind":"division-label","code":"SVN-253","countryCode":"SVN","name":"Dobrepolje","localName":"Dobrepolje","labelEnglish":"Dobrepolje","labelLocal":"Dobrepolje","labelBoth":"Dobrepolje","type":"Commune|Municipality","iso":"SI-020","qid":"Q1009409"},"geometry":{"type":"Point","coordinates":[14.7253,45.8342]}},{"type":"Feature","id":"SVN-980","properties":{"kind":"division","code":"SVN-980","countryCode":"SVN","name":"Radeče","localName":"Radeče","labelEnglish":"Radeče","labelLocal":"Radeče","labelBoth":"Radeče","type":"Commune|Municipality","iso":"SI-099","qid":"Q15908"},"geometry":{"type":"Polygon","coordinates":[[[15.0941,46.0403],[15.2019,46.0608],[15.1634,46.0925],[15.1063,46.0935],[15.0715,46.0647],[15.0941,46.0403]]]}},{"type":"Feature","id":"label-SVN-980","properties":{"kind":"division-label","code":"SVN-980","countryCode":"SVN","name":"Radeče","localName":"Radeče","labelEnglish":"Radeče","labelLocal":"Radeče","labelBoth":"Radeče","type":"Commune|Municipality","iso":"SI-099","qid":"Q15908"},"geometry":{"type":"Point","coordinates":[15.1559,46.0658]}},{"type":"Feature","id":"SVN-997","properties":{"kind":"division","code":"SVN-997","countryCode":"SVN","name":"Štore","localName":"Štore","labelEnglish":"Štore","labelLocal":"Štore","labelBoth":"Štore","type":"Commune|Municipality","iso":"SI-127","qid":"Q392468"},"geometry":{"type":"Polygon","coordinates":[[[15.3394,46.229],[15.3014,46.1889],[15.3633,46.1813],[15.3394,46.229]]]}},{"type":"Feature","id":"label-SVN-997","properties":{"kind":"division-label","code":"SVN-997","countryCode":"SVN","name":"Štore","localName":"Štore","labelEnglish":"Štore","labelLocal":"Štore","labelBoth":"Štore","type":"Commune|Municipality","iso":"SI-127","qid":"Q392468"},"geometry":{"type":"Point","coordinates":[15.3276,46.1996]}},{"type":"Feature","id":"SVN-992","properties":{"kind":"division","code":"SVN-992","countryCode":"SVN","name":"Slovenske Konjice","localName":"Slovenske Konjice","labelEnglish":"Slovenske Konjice","labelLocal":"Slovenske Konjice","labelBoth":"Slovenske Konjice","type":"Commune|Municipality","iso":"SI-114","qid":"Q15919"},"geometry":{"type":"Polygon","coordinates":[[[15.3765,46.3113],[15.53,46.2766],[15.5525,46.2777],[15.503,46.3595],[15.4252,46.3713],[15.3688,46.334],[15.3765,46.3113]]]}},{"type":"Feature","id":"label-SVN-992","properties":{"kind":"division-label","code":"SVN-992","countryCode":"SVN","name":"Slovenske Konjice","localName":"Slovenske Konjice","labelEnglish":"Slovenske Konjice","labelLocal":"Slovenske Konjice","labelBoth":"Slovenske Konjice","type":"Commune|Municipality","iso":"SI-114","qid":"Q15919"},"geometry":{"type":"Point","coordinates":[15.4612,46.3232]}},{"type":"Feature","id":"SVN-1021","properties":{"kind":"division","code":"SVN-1021","countryCode":"SVN","name":"Žiri","localName":"Žiri","labelEnglish":"Žiri","labelLocal":"Žiri","labelBoth":"Žiri","type":"Commune|Municipality","iso":"SI-147","qid":"Q394087"},"geometry":{"type":"Polygon","coordinates":[[[14.1868,46.0379],[14.0301,46.0732],[14.1387,46.0058],[14.1868,46.0379]]]}},{"type":"Feature","id":"label-SVN-1021","properties":{"kind":"division-label","code":"SVN-1021","countryCode":"SVN","name":"Žiri","localName":"Žiri","labelEnglish":"Žiri","labelLocal":"Žiri","labelBoth":"Žiri","type":"Commune|Municipality","iso":"SI-147","qid":"Q394087"},"geometry":{"type":"Point","coordinates":[14.1084,46.0459]}},{"type":"Feature","id":"SVN-226","properties":{"kind":"division","code":"SVN-226","countryCode":"SVN","name":"Oplotnica","localName":"Oplotnica","labelEnglish":"Oplotnica","labelLocal":"Oplotnica","labelBoth":"Oplotnica","type":"Commune|Municipality","iso":"SI-171","qid":"Q1587261"},"geometry":{"type":"Polygon","coordinates":[[[15.4252,46.3713],[15.503,46.3595],[15.4228,46.4246],[15.4252,46.3713]]]}},{"type":"Feature","id":"label-SVN-226","properties":{"kind":"division-label","code":"SVN-226","countryCode":"SVN","name":"Oplotnica","localName":"Oplotnica","labelEnglish":"Oplotnica","labelLocal":"Oplotnica","labelBoth":"Oplotnica","type":"Commune|Municipality","iso":"SI-171","qid":"Q1587261"},"geometry":{"type":"Point","coordinates":[15.456,46.381]}},{"type":"Feature","id":"SVN-1010","properties":{"kind":"division","code":"SVN-1010","countryCode":"SVN","name":"Cerkno","localName":"Cerkno","labelEnglish":"Cerkno","labelLocal":"Cerkno","labelBoth":"Cerkno","type":"Commune|Municipality","iso":"SI-014","qid":"Q13220435"},"geometry":{"type":"Polygon","coordinates":[[[14.0737,46.1581],[13.9893,46.1946],[13.8949,46.0677],[14.0301,46.0732],[14.0737,46.1581]]]}},{"type":"Feature","id":"label-SVN-1010","properties":{"kind":"division-label","code":"SVN-1010","countryCode":"SVN","name":"Cerkno","localName":"Cerkno","labelEnglish":"Cerkno","labelLocal":"Cerkno","labelBoth":"Cerkno","type":"Commune|Municipality","iso":"SI-014","qid":"Q13220435"},"geometry":{"type":"Point","coordinates":[13.9799,46.1335]}},{"type":"Feature","id":"SVN-1008","properties":{"kind":"division","code":"SVN-1008","countryCode":"SVN","name":"Bled","localName":"Bled","labelEnglish":"Bled","labelLocal":"Bled","labelBoth":"Bled","type":"Commune|Municipality","iso":"SI-003","qid":"Q647572"},"geometry":{"type":"Polygon","coordinates":[[[13.8479,46.3812],[14.1111,46.3067],[14.1375,46.3722],[14.1279,46.4068],[13.9924,46.4448],[13.8479,46.3812]]]}},{"type":"Feature","id":"label-SVN-1008","properties":{"kind":"division-label","code":"SVN-1008","countryCode":"SVN","name":"Bled","localName":"Bled","labelEnglish":"Bled","labelLocal":"Bled","labelBoth":"Bled","type":"Commune|Municipality","iso":"SI-003","qid":"Q647572"},"geometry":{"type":"Point","coordinates":[14.0001,46.3898]}},{"type":"Feature","id":"SVN-1022","properties":{"kind":"division","code":"SVN-1022","countryCode":"SVN","name":"Ajdovščina","localName":"Ajdovščina","labelEnglish":"Ajdovščina","labelLocal":"Ajdovščina","labelBoth":"Ajdovščina","type":"Commune|Municipality","iso":"SI-001","qid":"Q331701"},"geometry":{"type":"Polygon","coordinates":[[[14.1209,45.8787],[13.8523,46.002],[13.834,45.8355],[13.8859,45.8287],[14.046,45.8369],[14.126,45.8688],[14.1209,45.8787]]]}},{"type":"Feature","id":"label-SVN-1022","properties":{"kind":"division-label","code":"SVN-1022","countryCode":"SVN","name":"Ajdovščina","localName":"Ajdovščina","labelEnglish":"Ajdovščina","labelLocal":"Ajdovščina","labelBoth":"Ajdovščina","type":"Commune|Municipality","iso":"SI-001","qid":"Q331701"},"geometry":{"type":"Point","coordinates":[13.9294,45.9043]}},{"type":"Feature","id":"SVN-1025","properties":{"kind":"division","code":"SVN-1025","countryCode":"SVN","name":"Divača","localName":"Divača","labelEnglish":"Divača","labelLocal":"Divača","labelBoth":"Divača","type":"Commune|Municipality","iso":"SI-019","qid":"Q557216"},"geometry":{"type":"Polygon","coordinates":[[[14.0372,45.761],[13.9899,45.765],[13.9384,45.6426],[14.0898,45.6141],[14.0906,45.6242],[14.0934,45.7143],[14.0372,45.761]]]}},{"type":"Feature","id":"label-SVN-1025","properties":{"kind":"division-label","code":"SVN-1025","countryCode":"SVN","name":"Divača","localName":"Divača","labelEnglish":"Divača","labelLocal":"Divača","labelBoth":"Divača","type":"Commune|Municipality","iso":"SI-019","qid":"Q557216"},"geometry":{"type":"Point","coordinates":[14.0149,45.6927]}},{"type":"Feature","id":"SVN-1012","properties":{"kind":"division","code":"SVN-1012","countryCode":"SVN","name":"Idrija","localName":"Idrija","labelEnglish":"Idrija","labelLocal":"Idrija","labelBoth":"Idrija","type":"Commune|Municipality","iso":"SI-036","qid":"Q3441842"},"geometry":{"type":"Polygon","coordinates":[[[14.1387,46.0058],[14.0301,46.0732],[13.8949,46.0677],[13.8659,46.007],[13.8523,46.002],[14.1209,45.8787],[14.1387,46.0058]]]}},{"type":"Feature","id":"label-SVN-1012","properties":{"kind":"division-label","code":"SVN-1012","countryCode":"SVN","name":"Idrija","localName":"Idrija","labelEnglish":"Idrija","labelLocal":"Idrija","labelBoth":"Idrija","type":"Commune|Municipality","iso":"SI-036","qid":"Q3441842"},"geometry":{"type":"Point","coordinates":[13.9955,45.9922]}},{"type":"Feature","id":"SVN-1035","properties":{"kind":"division","code":"SVN-1035","countryCode":"SVN","name":"Vipava","localName":"Vipava","labelEnglish":"Vipava","labelLocal":"Vipava","labelBoth":"Vipava","type":"Commune|Municipality","iso":"SI-136","qid":"Q1002229"},"geometry":{"type":"Polygon","coordinates":[[[14.046,45.8369],[13.8859,45.8287],[13.9025,45.8102],[13.9899,45.765],[14.0372,45.761],[14.046,45.8369]]]}},{"type":"Feature","id":"label-SVN-1035","properties":{"kind":"division-label","code":"SVN-1035","countryCode":"SVN","name":"Vipava","localName":"Vipava","labelEnglish":"Vipava","labelLocal":"Vipava","labelBoth":"Vipava","type":"Commune|Municipality","iso":"SI-136","qid":"Q1002229"},"geometry":{"type":"Point","coordinates":[13.9723,45.8271]}},{"type":"Feature","id":"SVN-254","properties":{"kind":"division","code":"SVN-254","countryCode":"SVN","name":"Bloke","localName":"Bloke","labelEnglish":"Bloke","labelLocal":"Bloke","labelBoth":"Bloke","type":"Commune|Municipality","iso":"SI-150","qid":"Q164123"},"geometry":{"type":"Polygon","coordinates":[[[14.5051,45.8408],[14.4784,45.7479],[14.5375,45.7344],[14.5761,45.7353],[14.5642,45.7901],[14.5051,45.8408]]]}},{"type":"Feature","id":"label-SVN-254","properties":{"kind":"division-label","code":"SVN-254","countryCode":"SVN","name":"Bloke","localName":"Bloke","labelEnglish":"Bloke","labelLocal":"Bloke","labelBoth":"Bloke","type":"Commune|Municipality","iso":"SI-150","qid":"Q164123"},"geometry":{"type":"Point","coordinates":[14.5092,45.7836]}},{"type":"Feature","id":"SVN-220","properties":{"kind":"division","code":"SVN-220","countryCode":"SVN","name":"Šentjur","localName":"Šentjur","labelEnglish":"Šentjur","labelLocal":"Šentjur","labelBoth":"Šentjur","type":"Commune|Municipality","iso":"SI-120","qid":"Q13378384"},"geometry":{"type":"Polygon","coordinates":[[[15.3633,46.1813],[15.3709,46.1357],[15.4403,46.1286],[15.3827,46.1082],[15.3684,46.0721],[15.4184,46.0633],[15.4926,46.0677],[15.536,46.1304],[15.5455,46.1552],[15.53,46.2766],[15.3765,46.3113],[15.3585,46.2605],[15.3394,46.229],[15.3633,46.1813]]]}},{"type":"Feature","id":"label-SVN-220","properties":{"kind":"division-label","code":"SVN-220","countryCode":"SVN","name":"Šentjur","localName":"Šentjur","labelEnglish":"Šentjur","labelLocal":"Šentjur","labelBoth":"Šentjur","type":"Commune|Municipality","iso":"SI-120","qid":"Q13378384"},"geometry":{"type":"Point","coordinates":[15.4424,46.1784]}},{"type":"Feature","id":"SVN-957","properties":{"kind":"division","code":"SVN-957","countryCode":"SVN","name":"Kozje","localName":"Kozje","labelEnglish":"Kozje","labelLocal":"Kozje","labelBoth":"Kozje","type":"Commune|Municipality","iso":"SI-051","qid":"Q1009421"},"geometry":{"type":"Polygon","coordinates":[[[15.536,46.1304],[15.4926,46.0677],[15.5594,46.0171],[15.6037,46.0182],[15.5837,45.994],[15.6678,46.0264],[15.6076,46.0659],[15.536,46.1304]]]}},{"type":"Feature","id":"label-SVN-957","properties":{"kind":"division-label","code":"SVN-957","countryCode":"SVN","name":"Kozje","localName":"Kozje","labelEnglish":"Kozje","labelLocal":"Kozje","labelBoth":"Kozje","type":"Commune|Municipality","iso":"SI-051","qid":"Q1009421"},"geometry":{"type":"Point","coordinates":[15.5721,46.0666]}},{"type":"Feature","id":"SVN-993","properties":{"kind":"division","code":"SVN-993","countryCode":"SVN","name":"Šmarje pri Jelšah","localName":"Šmarje pri Jelšah","labelEnglish":"Šmarje pri Jelšah","labelLocal":"Šmarje pri Jelšah","labelBoth":"Šmarje pri Jelšah","type":"Commune|Municipality","iso":"SI-124","qid":"Q392173"},"geometry":{"type":"Polygon","coordinates":[[[15.53,46.2766],[15.5455,46.1552],[15.6133,46.2043],[15.5658,46.2737],[15.5525,46.2777],[15.53,46.2766]]]}},{"type":"Feature","id":"label-SVN-993","properties":{"kind":"division-label","code":"SVN-993","countryCode":"SVN","name":"Šmarje pri Jelšah","localName":"Šmarje pri Jelšah","labelEnglish":"Šmarje pri Jelšah","labelLocal":"Šmarje pri Jelšah","labelBoth":"Šmarje pri Jelšah","type":"Commune|Municipality","iso":"SI-124","qid":"Q392173"},"geometry":{"type":"Point","coordinates":[15.5302,46.2188]}},{"type":"Feature","id":"SVN-988","properties":{"kind":"division","code":"SVN-988","countryCode":"SVN","name":"Sevnica","localName":"Sevnica","labelEnglish":"Sevnica","labelLocal":"Sevnica","labelBoth":"Sevnica","type":"Commune|Municipality","iso":"SI-110","qid":"Q11214302"},"geometry":{"type":"Polygon","coordinates":[[[15.3684,46.0721],[15.2019,46.0608],[15.0941,46.0403],[15.1161,46.0042],[15.2386,45.9244],[15.363,45.9348],[15.4184,46.0633],[15.3684,46.0721]]]}},{"type":"Feature","id":"label-SVN-988","properties":{"kind":"division-label","code":"SVN-988","countryCode":"SVN","name":"Sevnica","localName":"Sevnica","labelEnglish":"Sevnica","labelLocal":"Sevnica","labelBoth":"Sevnica","type":"Commune|Municipality","iso":"SI-110","qid":"Q11214302"},"geometry":{"type":"Point","coordinates":[15.2616,46.0132]}},{"type":"Feature","id":"SVN-242","properties":{"kind":"division","code":"SVN-242","countryCode":"SVN","name":"Mirna Peč","localName":"Mirna Peč","labelEnglish":"Mirna Peč","labelLocal":"Mirna Peč","labelBoth":"Mirna Peč","type":"Commune|Municipality","iso":"SI-170","qid":"Q1016805"},"geometry":{"type":"Polygon","coordinates":[[[15.1448,45.8733],[15.0373,45.8409],[15.086,45.8061],[15.1448,45.8733]]]}},{"type":"Feature","id":"label-SVN-242","properties":{"kind":"division-label","code":"SVN-242","countryCode":"SVN","name":"Mirna Peč","localName":"Mirna Peč","labelEnglish":"Mirna Peč","labelLocal":"Mirna Peč","labelBoth":"Mirna Peč","type":"Commune|Municipality","iso":"SI-170","qid":"Q1016805"},"geometry":{"type":"Point","coordinates":[15.0911,45.8487]}},{"type":"Feature","id":"SVN-999","properties":{"kind":"division","code":"SVN-999","countryCode":"SVN","name":"Trebnje","localName":"Trebnje","labelEnglish":"Trebnje","labelLocal":"Trebnje","labelBoth":"Trebnje","type":"Commune|Municipality","iso":"SI-130","qid":"Q13378243"},"geometry":{"type":"Polygon","coordinates":[[[15.1448,45.8733],[15.2386,45.9244],[15.1161,46.0042],[14.9545,45.9751],[14.9273,45.963],[14.8772,45.8696],[15.0373,45.8409],[15.1448,45.8733]]]}},{"type":"Feature","id":"label-SVN-999","properties":{"kind":"division-label","code":"SVN-999","countryCode":"SVN","name":"Trebnje","localName":"Trebnje","labelEnglish":"Trebnje","labelLocal":"Trebnje","labelBoth":"Trebnje","type":"Commune|Municipality","iso":"SI-130","qid":"Q13378243"},"geometry":{"type":"Point","coordinates":[15.0537,45.9382]}},{"type":"Feature","id":"SVN-238","properties":{"kind":"division","code":"SVN-238","countryCode":"SVN","name":"Žužemberk","localName":"Žužemberk","labelEnglish":"Žužemberk","labelLocal":"Žužemberk","labelBoth":"Žužemberk","type":"Commune|Municipality","iso":"SI-193","qid":"Q394340"},"geometry":{"type":"Polygon","coordinates":[[[15.0373,45.8409],[14.8772,45.8696],[14.8046,45.7975],[14.8137,45.7577],[14.9821,45.7663],[15.0581,45.7811],[15.086,45.8061],[15.0373,45.8409]]]}},{"type":"Feature","id":"label-SVN-238","properties":{"kind":"division-label","code":"SVN-238","countryCode":"SVN","name":"Žužemberk","localName":"Žužemberk","labelEnglish":"Žužemberk","labelLocal":"Žužemberk","labelBoth":"Žužemberk","type":"Commune|Municipality","iso":"SI-193","qid":"Q394340"},"geometry":{"type":"Point","coordinates":[14.9443,45.8184]}},{"type":"Feature","id":"SVN-1049","properties":{"kind":"division","code":"SVN-1049","countryCode":"SVN","name":"Turnišče","localName":"Turnišče","labelEnglish":"Turnišče","labelLocal":"Turnišče","labelBoth":"Turnišče","type":"Commune|Municipality","iso":"SI-132","qid":"Q201074"},"geometry":{"type":"Polygon","coordinates":[[[16.3479,46.6153],[16.3144,46.6451],[16.2979,46.6479],[16.3005,46.5973],[16.3285,46.5838],[16.3785,46.5998],[16.3479,46.6153]]]}},{"type":"Feature","id":"label-SVN-1049","properties":{"kind":"division-label","code":"SVN-1049","countryCode":"SVN","name":"Turnišče","localName":"Turnišče","labelEnglish":"Turnišče","labelLocal":"Turnišče","labelBoth":"Turnišče","type":"Commune|Municipality","iso":"SI-132","qid":"Q201074"},"geometry":{"type":"Point","coordinates":[16.3308,46.6089]}},{"type":"Feature","id":"SVN-930","properties":{"kind":"division","code":"SVN-930","countryCode":"SVN","name":"Radenci","localName":"Radenci","labelEnglish":"Radenci","labelLocal":"Radenci","labelBoth":"Radenci","type":"Commune|Municipality","iso":"SI-100","qid":"Q338743"},"geometry":{"type":"Polygon","coordinates":[[[16.0136,46.5937],[16.0793,46.5932],[16.1103,46.6239],[16.0417,46.6627],[16.0136,46.5937]]]}},{"type":"Feature","id":"label-SVN-930","properties":{"kind":"division-label","code":"SVN-930","countryCode":"SVN","name":"Radenci","localName":"Radenci","labelEnglish":"Radenci","labelLocal":"Radenci","labelBoth":"Radenci","type":"Commune|Municipality","iso":"SI-100","qid":"Q338743"},"geometry":{"type":"Point","coordinates":[16.0594,46.6266]}},{"type":"Feature","id":"SVN-1048","properties":{"kind":"division","code":"SVN-1048","countryCode":"SVN","name":"Sveti Jurij ob Ščavnici","localName":"Sveti Jurij ob Ščavnici","labelEnglish":"Sveti Jurij ob Ščavnici","labelLocal":"Sveti Jurij ob Ščavnici","labelBoth":"Sveti Jurij ob Ščavnici","type":"Commune|Municipality","iso":"SI-116","qid":"Q920353"},"geometry":{"type":"Polygon","coordinates":[[[15.9783,46.586],[15.9867,46.5467],[16.0074,46.5244],[16.0203,46.5113],[16.0778,46.5419],[16.0793,46.5932],[16.0136,46.5937],[15.9783,46.586]]]}},{"type":"Feature","id":"label-SVN-1048","properties":{"kind":"division-label","code":"SVN-1048","countryCode":"SVN","name":"Sveti Jurij ob Ščavnici","localName":"Sveti Jurij ob Ščavnici","labelEnglish":"Sveti Jurij ob Ščavnici","labelLocal":"Sveti Jurij ob Ščavnici","labelBoth":"Sveti Jurij ob Ščavnici","type":"Commune|Municipality","iso":"SI-116","qid":"Q920353"},"geometry":{"type":"Point","coordinates":[16.0294,46.5629]}},{"type":"Feature","id":"SVN-270","properties":{"kind":"division","code":"SVN-270","countryCode":"SVN","name":"Velika Polana","localName":"Velika Polana","labelEnglish":"Velika Polana","labelLocal":"Velika Polana","labelBoth":"Velika Polana","type":"Commune|Municipality","iso":"SI-187","qid":"Q995101"},"geometry":{"type":"Polygon","coordinates":[[[16.3785,46.5998],[16.3285,46.5838],[16.3345,46.5565],[16.3785,46.5998]]]}},{"type":"Feature","id":"label-SVN-270","properties":{"kind":"division-label","code":"SVN-270","countryCode":"SVN","name":"Velika Polana","localName":"Velika Polana","labelEnglish":"Velika Polana","labelLocal":"Velika Polana","labelBoth":"Velika Polana","type":"Commune|Municipality","iso":"SI-187","qid":"Q995101"},"geometry":{"type":"Point","coordinates":[16.363,46.5796]}},{"type":"Feature","id":"SVN-1039","properties":{"kind":"division","code":"SVN-1039","countryCode":"SVN","name":"Beltinci","localName":"Beltinci","labelEnglish":"Beltinci","labelLocal":"Beltinci","labelBoth":"Beltinci","type":"Commune|Municipality","iso":"SI-002","qid":"Q778542"},"geometry":{"type":"Polygon","coordinates":[[[16.1608,46.6059],[16.2168,46.5841],[16.2475,46.5539],[16.266,46.5691],[16.274,46.5984],[16.3005,46.5973],[16.2979,46.6479],[16.2408,46.6536],[16.1608,46.6059]]]}},{"type":"Feature","id":"label-SVN-1039","properties":{"kind":"division-label","code":"SVN-1039","countryCode":"SVN","name":"Beltinci","localName":"Beltinci","labelEnglish":"Beltinci","labelLocal":"Beltinci","labelBoth":"Beltinci","type":"Commune|Municipality","iso":"SI-002","qid":"Q778542"},"geometry":{"type":"Point","coordinates":[16.2307,46.6086]}},{"type":"Feature","id":"SVN-267","properties":{"kind":"division","code":"SVN-267","countryCode":"SVN","name":"Veržej","localName":"Veržej","labelEnglish":"Veržej","labelLocal":"Veržej","labelBoth":"Veržej","type":"Commune|Municipality","iso":"SI-188","qid":"Q1008086"},"geometry":{"type":"Polygon","coordinates":[[[16.1608,46.6059],[16.1767,46.5601],[16.2168,46.5841],[16.1608,46.6059]]]}},{"type":"Feature","id":"label-SVN-267","properties":{"kind":"division-label","code":"SVN-267","countryCode":"SVN","name":"Veržej","localName":"Veržej","labelEnglish":"Veržej","labelLocal":"Veržej","labelBoth":"Veržej","type":"Commune|Municipality","iso":"SI-188","qid":"Q1008086"},"geometry":{"type":"Point","coordinates":[16.1766,46.5804]}},{"type":"Feature","id":"SVN-1046","properties":{"kind":"division","code":"SVN-1046","countryCode":"SVN","name":"Odranci","localName":"Odranci","labelEnglish":"Odranci","labelLocal":"Odranci","labelBoth":"Odranci","type":"Commune|Municipality","iso":"SI-086","qid":"Q966592"},"geometry":{"type":"Polygon","coordinates":[[[16.3005,46.5973],[16.274,46.5984],[16.266,46.5691],[16.3005,46.5973]]]}},{"type":"Feature","id":"label-SVN-1046","properties":{"kind":"division-label","code":"SVN-1046","countryCode":"SVN","name":"Odranci","localName":"Odranci","labelEnglish":"Odranci","labelLocal":"Odranci","labelBoth":"Odranci","type":"Commune|Municipality","iso":"SI-086","qid":"Q966592"},"geometry":{"type":"Point","coordinates":[16.28,46.5874]}},{"type":"Feature","id":"SVN-950","properties":{"kind":"division","code":"SVN-950","countryCode":"SVN","name":"Grosuplje","localName":"Grosuplje","labelEnglish":"Grosuplje","labelLocal":"Grosuplje","labelBoth":"Grosuplje","type":"Commune|Municipality","iso":"SI-032","qid":"Q13377778"},"geometry":{"type":"Polygon","coordinates":[[[14.7402,45.9981],[14.6162,45.9967],[14.6009,45.9089],[14.6402,45.8748],[14.7518,45.8833],[14.7402,45.9981]]]}},{"type":"Feature","id":"label-SVN-950","properties":{"kind":"division-label","code":"SVN-950","countryCode":"SVN","name":"Grosuplje","localName":"Grosuplje","labelEnglish":"Grosuplje","labelLocal":"Grosuplje","labelBoth":"Grosuplje","type":"Commune|Municipality","iso":"SI-032","qid":"Q13377778"},"geometry":{"type":"Point","coordinates":[14.6714,45.9421]}},{"type":"Feature","id":"SVN-990","properties":{"kind":"division","code":"SVN-990","countryCode":"SVN","name":"Škofljica","localName":"Škofljica","labelEnglish":"Škofljica","labelLocal":"Škofljica","labelBoth":"Škofljica","type":"Commune|Municipality","iso":"SI-123","qid":"Q392103"},"geometry":{"type":"Polygon","coordinates":[[[14.6009,45.9089],[14.6162,45.9967],[14.5333,45.9902],[14.5853,45.8963],[14.6009,45.9089]]]}},{"type":"Feature","id":"label-SVN-990","properties":{"kind":"division-label","code":"SVN-990","countryCode":"SVN","name":"Škofljica","localName":"Škofljica","labelEnglish":"Škofljica","labelLocal":"Škofljica","labelBoth":"Škofljica","type":"Commune|Municipality","iso":"SI-123","qid":"Q392103"},"geometry":{"type":"Point","coordinates":[14.5747,45.9583]}},{"type":"Feature","id":"SVN-951","properties":{"kind":"division","code":"SVN-951","countryCode":"SVN","name":"Hrastnik","localName":"Hrastnik","labelEnglish":"Hrastnik","labelLocal":"Hrastnik","labelBoth":"Hrastnik","type":"Commune|Municipality","iso":"SI-034","qid":"Q13377780"},"geometry":{"type":"Polygon","coordinates":[[[15.1063,46.0935],[15.1634,46.0925],[15.1133,46.1834],[15.1063,46.0935]]]}},{"type":"Feature","id":"label-SVN-951","properties":{"kind":"division-label","code":"SVN-951","countryCode":"SVN","name":"Hrastnik","localName":"Hrastnik","labelEnglish":"Hrastnik","labelLocal":"Hrastnik","labelBoth":"Hrastnik","type":"Commune|Municipality","iso":"SI-034","qid":"Q13377780"},"geometry":{"type":"Point","coordinates":[15.1268,46.1289]}},{"type":"Feature","id":"SVN-224","properties":{"kind":"division","code":"SVN-224","countryCode":"SVN","name":"Žalec","localName":"Žalec","labelEnglish":"Žalec","labelLocal":"Žalec","labelBoth":"Žalec","type":"Statistical Region","iso":"SI-190","qid":"Q15931"},"geometry":{"type":"Polygon","coordinates":[[[15.2261,46.3174],[15.1965,46.3277],[15.1228,46.317],[15.104,46.255],[15.111,46.1873],[15.1133,46.1834],[15.2164,46.1982],[15.2261,46.3174]]]}},{"type":"Feature","id":"label-SVN-224","properties":{"kind":"division-label","code":"SVN-224","countryCode":"SVN","name":"Žalec","localName":"Žalec","labelEnglish":"Žalec","labelLocal":"Žalec","labelBoth":"Žalec","type":"Statistical Region","iso":"SI-190","qid":"Q15931"},"geometry":{"type":"Point","coordinates":[15.1651,46.2587]}},{"type":"Feature","id":"SVN-952","properties":{"kind":"division","code":"SVN-952","countryCode":"SVN","name":"Trbovlje","localName":"Trbovlje","labelEnglish":"Trbovlje","labelLocal":"Trbovlje","labelBoth":"Trbovlje","type":"Statistical Region","iso":"SI-129","qid":"Q15925"},"geometry":{"type":"Polygon","coordinates":[[[15.1063,46.0935],[15.1133,46.1834],[15.111,46.1873],[15.0451,46.1933],[14.9999,46.199],[14.9999,46.1191],[15.0715,46.0647],[15.1063,46.0935]]]}},{"type":"Feature","id":"label-SVN-952","properties":{"kind":"division-label","code":"SVN-952","countryCode":"SVN","name":"Trbovlje","localName":"Trbovlje","labelEnglish":"Trbovlje","labelLocal":"Trbovlje","labelBoth":"Trbovlje","type":"Statistical Region","iso":"SI-129","qid":"Q15925"},"geometry":{"type":"Point","coordinates":[15.041,46.078]}},{"type":"Feature","id":"SVN-247","properties":{"kind":"division","code":"SVN-247","countryCode":"SVN","name":"Braslovče","localName":"Braslovče","labelEnglish":"Braslovče","labelLocal":"Braslovče","labelBoth":"Braslovče","type":"Commune|Municipality","iso":"SI-151","qid":"Q1034410"},"geometry":{"type":"Polygon","coordinates":[[[15.01,46.258],[15.0511,46.2261],[15.095,46.2577],[15.0513,46.3073],[15.0084,46.3372],[14.9706,46.3029],[14.9703,46.2838],[15.01,46.258]]]}},{"type":"Feature","id":"label-SVN-247","properties":{"kind":"division-label","code":"SVN-247","countryCode":"SVN","name":"Braslovče","localName":"Braslovče","labelEnglish":"Braslovče","labelLocal":"Braslovče","labelBoth":"Braslovče","type":"Commune|Municipality","iso":"SI-151","qid":"Q1034410"},"geometry":{"type":"Point","coordinates":[15.0327,46.2889]}},{"type":"Feature","id":"SVN-240","properties":{"kind":"division","code":"SVN-240","countryCode":"SVN","name":"Tabor","localName":"Tabor","labelEnglish":"Tabor","labelLocal":"Tabor","labelBoth":"Tabor","type":"Commune|Municipality","iso":"SI-184","qid":"Q2672913"},"geometry":{"type":"Polygon","coordinates":[[[14.9707,46.1978],[14.9999,46.199],[15.0451,46.1933],[15.0511,46.2261],[15.01,46.258],[14.9707,46.1978]]]}},{"type":"Feature","id":"label-SVN-240","properties":{"kind":"division-label","code":"SVN-240","countryCode":"SVN","name":"Tabor","localName":"Tabor","labelEnglish":"Tabor","labelLocal":"Tabor","labelBoth":"Tabor","type":"Commune|Municipality","iso":"SI-184","qid":"Q2672913"},"geometry":{"type":"Point","coordinates":[15.0116,46.2258]}},{"type":"Feature","id":"SVN-939","properties":{"kind":"division","code":"SVN-939","countryCode":"SVN","name":"Krsko","localName":"Krsko","labelEnglish":"Krsko","labelLocal":"Krsko","labelBoth":"Krsko","type":"Commune|Municipality","iso":"SI-054","qid":null},"geometry":{"type":"Polygon","coordinates":[[[15.5837,45.994],[15.6037,46.0182],[15.5594,46.0171],[15.5837,45.994]]]}},{"type":"Feature","id":"label-SVN-939","properties":{"kind":"division-label","code":"SVN-939","countryCode":"SVN","name":"Krsko","localName":"Krsko","labelEnglish":"Krsko","labelLocal":"Krsko","labelBoth":"Krsko","type":"Commune|Municipality","iso":"SI-054","qid":null},"geometry":{"type":"Point","coordinates":[15.5816,46.0073]}},{"type":"Feature","id":"SVN-227","properties":{"kind":"division","code":"SVN-227","countryCode":"SVN","name":"Hajdina","localName":"Hajdina","labelEnglish":"Hajdina","labelLocal":"Hajdina","labelBoth":"Hajdina","type":"Commune|Municipality","iso":"SI-159","qid":"Q995065"},"geometry":{"type":"Polygon","coordinates":[[[15.8005,46.4316],[15.8315,46.3948],[15.8695,46.384],[15.8186,46.4548],[15.8005,46.4316]]]}},{"type":"Feature","id":"label-SVN-227","properties":{"kind":"division-label","code":"SVN-227","countryCode":"SVN","name":"Hajdina","localName":"Hajdina","labelEnglish":"Hajdina","labelLocal":"Hajdina","labelBoth":"Hajdina","type":"Commune|Municipality","iso":"SI-159","qid":"Q995065"},"geometry":{"type":"Point","coordinates":[15.8358,46.4161]}},{"type":"Feature","id":"SVN-216","properties":{"kind":"division","code":"SVN-216","countryCode":"SVN","name":"Ptuj","localName":"Ptuj","labelEnglish":"Ptuj","labelLocal":"Ptuj","labelBoth":"Ptuj","type":"Commune|Municipality","iso":"SI-096","qid":"Q15906"},"geometry":{"type":"Polygon","coordinates":[[[15.8163,46.4973],[15.7815,46.4677],[15.8186,46.4548],[15.8695,46.384],[15.9041,46.3936],[15.943,46.4205],[15.9531,46.451],[15.9443,46.4805],[15.8234,46.4949],[15.8163,46.4973]]]}},{"type":"Feature","id":"label-SVN-216","properties":{"kind":"division-label","code":"SVN-216","countryCode":"SVN","name":"Ptuj","localName":"Ptuj","labelEnglish":"Ptuj","labelLocal":"Ptuj","labelBoth":"Ptuj","type":"Commune|Municipality","iso":"SI-096","qid":"Q15906"},"geometry":{"type":"Point","coordinates":[15.8673,46.4273]}},{"type":"Feature","id":"SVN-211","properties":{"kind":"division","code":"SVN-211","countryCode":"SVN","name":"Majšperk","localName":"Majšperk","labelEnglish":"Majšperk","labelLocal":"Majšperk","labelBoth":"Majšperk","type":"Commune|Municipality","iso":"SI-069","qid":"Q1002371"},"geometry":{"type":"Polygon","coordinates":[[[15.7579,46.262],[15.8011,46.3206],[15.8025,46.3549],[15.6808,46.3677],[15.6849,46.2741],[15.7413,46.2661],[15.7579,46.262]]]}},{"type":"Feature","id":"label-SVN-211","properties":{"kind":"division-label","code":"SVN-211","countryCode":"SVN","name":"Majšperk","localName":"Majšperk","labelEnglish":"Majšperk","labelLocal":"Majšperk","labelBoth":"Majšperk","type":"Commune|Municipality","iso":"SI-069","qid":"Q1002371"},"geometry":{"type":"Point","coordinates":[15.7455,46.3148]}},{"type":"Feature","id":"SVN-221","properties":{"kind":"division","code":"SVN-221","countryCode":"SVN","name":"Slovenska Bistrica","localName":"Slovenska Bistrica","labelEnglish":"Slovenska Bistrica","labelLocal":"Slovenska Bistrica","labelBoth":"Slovenska Bistrica","type":"Commune|Municipality","iso":"SI-113","qid":"Q15917"},"geometry":{"type":"Polygon","coordinates":[[[15.5525,46.2777],[15.5658,46.2737],[15.6849,46.2741],[15.6808,46.3677],[15.6875,46.4086],[15.5458,46.4832],[15.5394,46.4974],[15.4082,46.4777],[15.3351,46.4774],[15.4228,46.4246],[15.503,46.3595],[15.5525,46.2777]]]}},{"type":"Feature","id":"label-SVN-221","properties":{"kind":"division-label","code":"SVN-221","countryCode":"SVN","name":"Slovenska Bistrica","localName":"Slovenska Bistrica","labelEnglish":"Slovenska Bistrica","labelLocal":"Slovenska Bistrica","labelBoth":"Slovenska Bistrica","type":"Commune|Municipality","iso":"SI-113","qid":"Q15917"},"geometry":{"type":"Point","coordinates":[15.5283,46.4241]}},{"type":"Feature","id":"SVN-272","properties":{"kind":"division","code":"SVN-272","countryCode":"SVN","name":"Markovci","localName":"Markovci","labelEnglish":"Markovci","labelLocal":"Markovci","labelBoth":"Markovci","type":"Commune|Municipality","iso":"SI-168","qid":"Q1008095"},"geometry":{"type":"Polygon","coordinates":[[[15.9693,46.3619],[15.9831,46.4166],[15.943,46.4205],[15.9041,46.3936],[15.9693,46.3619]]]}},{"type":"Feature","id":"label-SVN-272","properties":{"kind":"division-label","code":"SVN-272","countryCode":"SVN","name":"Markovci","localName":"Markovci","labelEnglish":"Markovci","labelLocal":"Markovci","labelBoth":"Markovci","type":"Commune|Municipality","iso":"SI-168","qid":"Q1008095"},"geometry":{"type":"Point","coordinates":[15.9513,46.3928]}},{"type":"Feature","id":"SVN-956","properties":{"kind":"division","code":"SVN-956","countryCode":"SVN","name":"Kidričevo","localName":"Kidričevo","labelEnglish":"Kidričevo","labelLocal":"Kidričevo","labelBoth":"Kidričevo","type":"Commune|Municipality","iso":"SI-045","qid":"Q776770"},"geometry":{"type":"Polygon","coordinates":[[[15.6875,46.4086],[15.6808,46.3677],[15.8025,46.3549],[15.8315,46.3948],[15.8005,46.4316],[15.7345,46.4283],[15.6875,46.4086]]]}},{"type":"Feature","id":"label-SVN-956","properties":{"kind":"division-label","code":"SVN-956","countryCode":"SVN","name":"Kidričevo","localName":"Kidričevo","labelEnglish":"Kidričevo","labelLocal":"Kidričevo","labelBoth":"Kidričevo","type":"Commune|Municipality","iso":"SI-045","qid":"Q776770"},"geometry":{"type":"Point","coordinates":[15.7544,46.3982]}},{"type":"Feature","id":"SVN-1040","properties":{"kind":"division","code":"SVN-1040","countryCode":"SVN","name":"Dornava","localName":"Dornava","labelEnglish":"Dornava","labelLocal":"Dornava","labelBoth":"Dornava","type":"Commune|Municipality","iso":"SI-024","qid":"Q1003969"},"geometry":{"type":"Polygon","coordinates":[[[16.0261,46.4323],[16.021,46.4907],[15.9531,46.451],[15.943,46.4205],[15.9831,46.4166],[16.0261,46.4323]]]}},{"type":"Feature","id":"label-SVN-1040","properties":{"kind":"division-label","code":"SVN-1040","countryCode":"SVN","name":"Dornava","localName":"Dornava","labelEnglish":"Dornava","labelLocal":"Dornava","labelBoth":"Dornava","type":"Commune|Municipality","iso":"SI-024","qid":"Q1003969"},"geometry":{"type":"Point","coordinates":[15.9915,46.4406]}},{"type":"Feature","id":"SVN-266","properties":{"kind":"division","code":"SVN-266","countryCode":"SVN","name":"Križevci","localName":"Križevci","labelEnglish":"Križevci","labelLocal":"Križevci","labelBoth":"Križevci","type":"Commune|Municipality","iso":"SI-166","qid":"Q999563"},"geometry":{"type":"Polygon","coordinates":[[[16.1103,46.6239],[16.0793,46.5932],[16.0778,46.5419],[16.1767,46.5601],[16.1608,46.6059],[16.1103,46.6239]]]}},{"type":"Feature","id":"label-SVN-266","properties":{"kind":"division-label","code":"SVN-266","countryCode":"SVN","name":"Križevci","localName":"Križevci","labelEnglish":"Križevci","labelLocal":"Križevci","labelBoth":"Križevci","type":"Commune|Municipality","iso":"SI-166","qid":"Q999563"},"geometry":{"type":"Point","coordinates":[16.1282,46.5723]}},{"type":"Feature","id":"SVN-1042","properties":{"kind":"division","code":"SVN-1042","countryCode":"SVN","name":"Juršinci","localName":"Juršinci","labelEnglish":"Juršinci","labelLocal":"Juršinci","labelBoth":"Juršinci","type":"Commune|Municipality","iso":"SI-042","qid":"Q1003984"},"geometry":{"type":"Polygon","coordinates":[[[15.9472,46.4872],[15.9443,46.4805],[15.9531,46.451],[16.021,46.4907],[16.0203,46.5113],[16.0074,46.5244],[15.9472,46.4872]]]}},{"type":"Feature","id":"label-SVN-1042","properties":{"kind":"division-label","code":"SVN-1042","countryCode":"SVN","name":"Juršinci","localName":"Juršinci","labelEnglish":"Juršinci","labelLocal":"Juršinci","labelBoth":"Juršinci","type":"Commune|Municipality","iso":"SI-042","qid":"Q1003984"},"geometry":{"type":"Point","coordinates":[15.9822,46.4841]}},{"type":"Feature","id":"SVN-984","properties":{"kind":"division","code":"SVN-984","countryCode":"SVN","name":"Semič","localName":"Semič","labelEnglish":"Semič","labelLocal":"Semič","labelBoth":"Semič","type":"Commune|Municipality","iso":"SI-109","qid":"Q1587704"},"geometry":{"type":"Polygon","coordinates":[[[15.2281,45.7027],[15.1028,45.6844],[15.0376,45.6313],[15.0736,45.6019],[15.225,45.6083],[15.2281,45.7027]]]}},{"type":"Feature","id":"label-SVN-984","properties":{"kind":"division-label","code":"SVN-984","countryCode":"SVN","name":"Semič","localName":"Semič","labelEnglish":"Semič","labelLocal":"Semič","labelBoth":"Semič","type":"Commune|Municipality","iso":"SI-109","qid":"Q1587704"},"geometry":{"type":"Point","coordinates":[15.161,45.6477]}},{"type":"Feature","id":"SVN-249","properties":{"kind":"division","code":"SVN-249","countryCode":"SVN","name":"Dolenjske Toplice","localName":"Dolenjske Toplice","labelEnglish":"Dolenjske Toplice","labelLocal":"Dolenjske Toplice","labelBoth":"Dolenjske Toplice","type":"Statistical Region","iso":"SI-157","qid":"Q1016840"},"geometry":{"type":"Polygon","coordinates":[[[15.0581,45.7811],[14.9821,45.7663],[15.0376,45.6313],[15.1028,45.6844],[15.0581,45.7811]]]}},{"type":"Feature","id":"label-SVN-249","properties":{"kind":"division-label","code":"SVN-249","countryCode":"SVN","name":"Dolenjske Toplice","localName":"Dolenjske Toplice","labelEnglish":"Dolenjske Toplice","labelLocal":"Dolenjske Toplice","labelBoth":"Dolenjske Toplice","type":"Statistical Region","iso":"SI-157","qid":"Q1016840"},"geometry":{"type":"Point","coordinates":[15.048,45.7205]}},{"type":"Feature","id":"SVN-248","properties":{"kind":"division","code":"SVN-248","countryCode":"SVN","name":"Sodražica","localName":"Sodražica","labelEnglish":"Sodražica","labelLocal":"Sodražica","labelBoth":"Sodražica","type":"Commune|Municipality","iso":"SI-179","qid":"Q1008079"},"geometry":{"type":"Polygon","coordinates":[[[14.5642,45.7901],[14.5761,45.7353],[14.6463,45.7075],[14.587,45.7934],[14.5642,45.7901]]]}},{"type":"Feature","id":"label-SVN-248","properties":{"kind":"division-label","code":"SVN-248","countryCode":"SVN","name":"Sodražica","localName":"Sodražica","labelEnglish":"Sodražica","labelLocal":"Sodražica","labelBoth":"Sodražica","type":"Commune|Municipality","iso":"SI-179","qid":"Q1008079"},"geometry":{"type":"Point","coordinates":[14.6157,45.7548]}},{"type":"Feature","id":"SVN-218","properties":{"kind":"division","code":"SVN-218","countryCode":"SVN","name":"Ribnica","localName":"Ribnica","labelEnglish":"Ribnica","labelLocal":"Ribnica","labelBoth":"Ribnica","type":"Commune|Municipality","iso":"SI-104","qid":"Q15912"},"geometry":{"type":"Polygon","coordinates":[[[14.587,45.7934],[14.6463,45.7075],[14.7318,45.647],[14.7959,45.7431],[14.6877,45.818],[14.587,45.7934]]]}},{"type":"Feature","id":"label-SVN-218","properties":{"kind":"division-label","code":"SVN-218","countryCode":"SVN","name":"Ribnica","localName":"Ribnica","labelEnglish":"Ribnica","labelLocal":"Ribnica","labelBoth":"Ribnica","type":"Commune|Municipality","iso":"SI-104","qid":"Q15912"},"geometry":{"type":"Point","coordinates":[14.7047,45.7413]}},{"type":"Feature","id":"SVN-989","properties":{"kind":"division","code":"SVN-989","countryCode":"SVN","name":"Škocjan","localName":"Škocjan","labelEnglish":"Škocjan","labelLocal":"Škocjan","labelBoth":"Škocjan","type":"Commune|Municipality","iso":"SI-121","qid":"Q391800"},"geometry":{"type":"Polygon","coordinates":[[[15.3037,45.8645],[15.361,45.8837],[15.363,45.9348],[15.2386,45.9244],[15.3037,45.8645]]]}},{"type":"Feature","id":"label-SVN-989","properties":{"kind":"division-label","code":"SVN-989","countryCode":"SVN","name":"Škocjan","localName":"Škocjan","labelEnglish":"Škocjan","labelLocal":"Škocjan","labelBoth":"Škocjan","type":"Commune|Municipality","iso":"SI-121","qid":"Q391800"},"geometry":{"type":"Point","coordinates":[15.3006,45.9221]}}]}