{"type":"FeatureCollection","features":[{"type":"Feature","id":"capital-1-1159112629","properties":{"name":"Colonia del Sacramento","localName":"Colonia del Sacramento","countryCode":"URY","country":"Uruguay","division":"Colonia","qid":"Q56064","rank":7,"level":1,"role":"Admin-1 capital"},"geometry":{"type":"Point","coordinates":[-57.836116,-34.469788]}},{"type":"Feature","id":"capital-1-1159112647","properties":{"name":"Trinidad","localName":"Trinidad","countryCode":"URY","country":"Uruguay","division":"Flores","qid":"Q862508","rank":7,"level":1,"role":"Admin-1 capital"},"geometry":{"type":"Point","coordinates":[-56.900997,-33.543999]}},{"type":"Feature","id":"capital-1-1159112663","properties":{"name":"Fray Bentos","localName":"Fray Bentos","countryCode":"URY","country":"Uruguay","division":"Río Negro","qid":"Q849835","rank":7,"level":1,"role":"Admin-1 capital"},"geometry":{"type":"Point","coordinates":[-58.303998,-33.138999]}},{"type":"Feature","id":"capital-1-1159112679","properties":{"name":"Canelones","localName":"Canelones","countryCode":"URY","country":"Uruguay","division":"Canelones","qid":"Q841342","rank":6,"level":1,"role":"Admin-1 capital"},"geometry":{"type":"Point","coordinates":[-56.284002,-34.538004]}},{"type":"Feature","id":"capital-1-1159112703","properties":{"name":"Florida","localName":"Florida","countryCode":"URY","country":"Uruguay","division":"Florida","qid":"Q842472","rank":7,"level":1,"role":"Admin-1 capital"},"geometry":{"type":"Point","coordinates":[-56.214998,-34.099002]}},{"type":"Feature","id":"capital-1-1159112719","properties":{"name":"Bassar","localName":"Bassar","countryCode":"TGO","country":"Togo","division":"Kara","qid":"Q810474","rank":8,"level":1,"role":"Admin-1 capital"},"geometry":{"type":"Point","coordinates":[0.789004,9.261]}},{"type":"Feature","id":"capital-1-1159112735","properties":{"name":"Sotouboua","localName":"Sotouboua","countryCode":"TGO","country":"Togo","division":"Centre","qid":"Q1120978","rank":7,"level":1,"role":"Admin-1 capital"},"geometry":{"type":"Point","coordinates":[0.984997,8.557002]}},{"type":"Feature","id":"capital-1-1159112749","properties":{"name":"Medenine","localName":"Medenine","countryCode":"TUN","country":"Tunisia","division":"MUdenine","qid":"Q846653","rank":8,"level":1,"role":"Admin-1 capital"},"geometry":{"type":"Point","coordinates":[10.4167,33.399999]}},{"type":"Feature","id":"capital-1-1159112765","properties":{"name":"Kebili","localName":"Kebili","countryCode":"TUN","country":"Tunisia","division":"Kebili","qid":"Q27157","rank":6,"level":1,"role":"Admin-1 capital"},"geometry":{"type":"Point","coordinates":[8.971003,33.689997]}},{"type":"Feature","id":"capital-1-1159112779","properties":{"name":"Tataouine","localName":"Tataouine","countryCode":"TUN","country":"Tunisia","division":"Tataouine","qid":"Q817149","rank":8,"level":1,"role":"Admin-1 capital"},"geometry":{"type":"Point","coordinates":[10.466704,33.000003]}},{"type":"Feature","id":"capital-1-1159112795","properties":{"name":"Aryanah","localName":"L'Ariana","countryCode":"TUN","country":"Tunisia","division":"Manubah","qid":"Q627487","rank":8,"level":1,"role":"Admin-1 capital"},"geometry":{"type":"Point","coordinates":[10.199998,36.866673]}},{"type":"Feature","id":"capital-1-1159112811","properties":{"name":"Jendouba","localName":"Jendouba","countryCode":"TUN","country":"Tunisia","division":"Jendouba","qid":"Q27064","rank":8,"level":1,"role":"Admin-1 capital"},"geometry":{"type":"Point","coordinates":[8.749999,36.500004]}},{"type":"Feature","id":"capital-1-1159112827","properties":{"name":"Kasserine","localName":"Kasserine","countryCode":"TUN","country":"Tunisia","division":"Kasssrine","qid":"Q852735","rank":8,"level":1,"role":"Admin-1 capital"},"geometry":{"type":"Point","coordinates":[8.716698,35.216703]}},{"type":"Feature","id":"capital-1-1159112843","properties":{"name":"Sidi Bouzid","localName":"Sdid Bouzid","countryCode":"TUN","country":"Tunisia","division":"Sidi Bou Zid","qid":"Q692716","rank":7,"level":1,"role":"Admin-1 capital"},"geometry":{"type":"Point","coordinates":[9.500004,35.016696]}},{"type":"Feature","id":"capital-1-1159112859","properties":{"name":"Siliana","localName":"Siliana","countryCode":"TUN","country":"Tunisia","division":"Siliana","qid":"Q27216","rank":7,"level":1,"role":"Admin-1 capital"},"geometry":{"type":"Point","coordinates":[9.383302,36.083304]}},{"type":"Feature","id":"capital-1-1159112873","properties":{"name":"Mahdia","localName":"Mahdia","countryCode":"TUN","country":"Tunisia","division":"Mahdia","qid":"Q466054","rank":7,"level":1,"role":"Admin-1 capital"},"geometry":{"type":"Point","coordinates":[11.040877,35.483913]}},{"type":"Feature","id":"capital-1-1159112893","properties":{"name":"Monastir","localName":"Monastir","countryCode":"TUN","country":"Tunisia","division":"Monastir","qid":"Q208715","rank":8,"level":1,"role":"Admin-1 capital"},"geometry":{"type":"Point","coordinates":[10.767295,35.730702]}},{"type":"Feature","id":"capital-1-1159112913","properties":{"name":"Zaghouan","localName":"Zaghouan","countryCode":"TUN","country":"Tunisia","division":"Zaghouan","qid":"Q12912434","rank":6,"level":1,"role":"Admin-1 capital"},"geometry":{"type":"Point","coordinates":[10.146997,36.399996]}},{"type":"Feature","id":"capital-1-1159112935","properties":{"name":"Tây Ninh","localName":"Tây Ninh","countryCode":"VNM","country":"Vietnam","division":"Tây Ninh","qid":"Q130391","rank":9,"level":1,"role":"Admin-1 capital"},"geometry":{"type":"Point","coordinates":[106.147,11.322999]}},{"type":"Feature","id":"capital-1-1159112955","properties":{"name":"Luan Chau","localName":"Luan Chau","countryCode":"VNM","country":"Vietnam","division":"Vi?n Bi","qid":null,"rank":5,"level":1,"role":"Admin-1 capital"},"geometry":{"type":"Point","coordinates":[103.343005,21.740004]}},{"type":"Feature","id":"capital-1-1159112975","properties":{"name":"Bắc Kạn","localName":"Bắc Kạn","countryCode":"VNM","country":"Vietnam","division":"Ðông B?c","qid":"Q75700","rank":7,"level":1,"role":"Admin-1 capital"},"geometry":{"type":"Point","coordinates":[105.833333,22.133333]}},{"type":"Feature","id":"capital-1-1159112987","properties":{"name":"Lạng Sơn","localName":"Lạng Sơn","countryCode":"VNM","country":"Vietnam","division":"L?ng Son","qid":"Q33383","rank":9,"level":1,"role":"Admin-1 capital"},"geometry":{"type":"Point","coordinates":[106.757002,21.845997]}},{"type":"Feature","id":"capital-1-1159113001","properties":{"name":"Sơn La","localName":"Sơn La","countryCode":"VNM","country":"Vietnam","division":"Son La","qid":"Q33415","rank":6,"level":1,"role":"Admin-1 capital"},"geometry":{"type":"Point","coordinates":[103.910005,21.328002]}},{"type":"Feature","id":"capital-1-1159113019","properties":{"name":"Tuyên Quang","localName":"Tuyên Quang","countryCode":"VNM","country":"Vietnam","division":"Tuyên Quang","qid":"Q33389","rank":7,"level":1,"role":"Admin-1 capital"},"geometry":{"type":"Point","coordinates":[105.211,21.817998]}},{"type":"Feature","id":"capital-1-1159113041","properties":{"name":"Yên Bái","localName":"Yên Bái","countryCode":"VNM","country":"Vietnam","division":"Yên Bái","qid":"Q26019","rank":8,"level":1,"role":"Admin-1 capital"},"geometry":{"type":"Point","coordinates":[104.875003,21.705003]}},{"type":"Feature","id":"capital-1-1159113057","properties":{"name":"Hải Dương","localName":"Hai Duong","countryCode":"VNM","country":"Vietnam","division":"H?i Duong","qid":"Q36354","rank":8,"level":1,"role":"Admin-1 capital"},"geometry":{"type":"Point","coordinates":[106.331005,20.942001]}},{"type":"Feature","id":"capital-1-1159113073","properties":{"name":"Thái Bình","localName":"Thái Bình","countryCode":"VNM","country":"Vietnam","division":"ThMi Bmnh","qid":"Q36497","rank":10,"level":1,"role":"Admin-1 capital"},"geometry":{"type":"Point","coordinates":[106.33303,20.450304]}},{"type":"Feature","id":"capital-1-1159113089","properties":{"name":"Tuy Hòa","localName":"Tuy Hòa","countryCode":"VNM","country":"Vietnam","division":"Phú Yên","qid":"Q35747","rank":8,"level":1,"role":"Admin-1 capital"},"geometry":{"type":"Point","coordinates":[109.315999,13.082004]}},{"type":"Feature","id":"capital-1-1159113099","properties":{"name":"Thủ Dầu Một","localName":"Thu Dau Mot","countryCode":"VNM","country":"Vietnam","division":"Bình Duong","qid":"Q524553","rank":10,"level":1,"role":"Admin-1 capital"},"geometry":{"type":"Point","coordinates":[106.652745,10.969074]}},{"type":"Feature","id":"capital-1-1159113119","properties":{"name":"Đông Hà","localName":"Đông Hà","countryCode":"VNM","country":"Vietnam","division":"Qu?ng Tr?","qid":"Q33343","rank":6,"level":1,"role":"Admin-1 capital"},"geometry":{"type":"Point","coordinates":[107.133301,16.849998]}},{"type":"Feature","id":"capital-1-1159113135","properties":{"name":"Cao Lãnh","localName":"Cao Lãnh","countryCode":"VNM","country":"Vietnam","division":"Ð?ng Tháp","qid":"Q35656","rank":9,"level":1,"role":"Admin-1 capital"},"geometry":{"type":"Point","coordinates":[105.635998,10.467]}},{"type":"Feature","id":"capital-1-1159113149","properties":{"name":"Bến Tre","localName":"Truc Giang","countryCode":"VNM","country":"Vietnam","division":"B?n Tre","qid":"Q36635","rank":8,"level":1,"role":"Admin-1 capital"},"geometry":{"type":"Point","coordinates":[106.374997,10.234998]}},{"type":"Feature","id":"capital-1-1159113161","properties":{"name":"Trà Vinh","localName":"Tra Vinh","countryCode":"VNM","country":"Vietnam","division":"TrM Vinh","qid":"Q36136","rank":9,"level":1,"role":"Admin-1 capital"},"geometry":{"type":"Point","coordinates":[106.334002,9.934002]}},{"type":"Feature","id":"capital-1-1159113175","properties":{"name":"Vĩnh Long","localName":"Vĩnh Long","countryCode":"VNM","country":"Vietnam","division":"Vinh Long","qid":"Q34789","rank":9,"level":1,"role":"Admin-1 capital"},"geometry":{"type":"Point","coordinates":[105.964003,10.256004]}},{"type":"Feature","id":"capital-1-1159113189","properties":{"name":"Cao Bằng","localName":"Cao Bằng","countryCode":"VNM","country":"Vietnam","division":"Cao B?ng","qid":"Q1034096","rank":7,"level":1,"role":"Admin-1 capital"},"geometry":{"type":"Point","coordinates":[106.268005,22.663998]}},{"type":"Feature","id":"capital-1-1159113205","properties":{"name":"Yoro","localName":"Yoro","countryCode":"HND","country":"Honduras","division":"Yoro","qid":"Q2561180","rank":6,"level":1,"role":"Admin-1 capital"},"geometry":{"type":"Point","coordinates":[-87.128502,15.129829]}},{"type":"Feature","id":"capital-1-1159113221","properties":{"name":"La Esperanza","localName":"La Esperanza","countryCode":"HND","country":"Honduras","division":"Intibucá","qid":"Q2561304","rank":5,"level":1,"role":"Admin-1 capital"},"geometry":{"type":"Point","coordinates":[-88.166699,14.333004]}},{"type":"Feature","id":"capital-1-1159113237","properties":{"name":"La Paz","localName":"La Paz","countryCode":"HND","country":"Honduras","division":"La Paz","qid":"Q2283725","rank":6,"level":1,"role":"Admin-1 capital"},"geometry":{"type":"Point","coordinates":[-87.684003,14.319999]}},{"type":"Feature","id":"capital-1-1159113253","properties":{"name":"Santa Bárbara","localName":"Santa Bárbara","countryCode":"HND","country":"Honduras","division":"Santa Bárbara","qid":"Q2283714","rank":6,"level":1,"role":"Admin-1 capital"},"geometry":{"type":"Point","coordinates":[-88.236,14.919003]}},{"type":"Feature","id":"capital-1-1159113269","properties":{"name":"Gracias","localName":"Gracias","countryCode":"HND","country":"Honduras","division":"Lempira","qid":"Q2561339","rank":5,"level":1,"role":"Admin-1 capital"},"geometry":{"type":"Point","coordinates":[-88.583301,14.583303]}},{"type":"Feature","id":"capital-1-1159113283","properties":{"name":"Nueva Ocotepeque","localName":"Nueva Ocotepeque","countryCode":"HND","country":"Honduras","division":"Ocotepeque","qid":"Q3307235","rank":5,"level":1,"role":"Admin-1 capital"},"geometry":{"type":"Point","coordinates":[-89.181999,14.436999]}},{"type":"Feature","id":"capital-1-1159113299","properties":{"name":"Yuscarán","localName":"Yuscarán","countryCode":"HND","country":"Honduras","division":"El Paraíso","qid":"Q1729098","rank":4,"level":1,"role":"Admin-1 capital"},"geometry":{"type":"Point","coordinates":[-86.850999,13.943997]}},{"type":"Feature","id":"capital-1-1159113315","properties":{"name":"Jérémie","localName":"Jérémie","countryCode":"HTI","country":"Haiti","division":"Grand'Anse","qid":"Q986301","rank":7,"level":1,"role":"Admin-1 capital"},"geometry":{"type":"Point","coordinates":[-74.118425,18.633935]}},{"type":"Feature","id":"capital-1-1159113331","properties":{"name":"Port-de-Paix","localName":"Port-De-Paix","countryCode":"HTI","country":"Haiti","division":"Nord-Ouest","qid":"Q951602","rank":7,"level":1,"role":"Admin-1 capital"},"geometry":{"type":"Point","coordinates":[-72.829485,19.93176]}},{"type":"Feature","id":"capital-1-1159113347","properties":{"name":"Hinche","localName":"Hinche","countryCode":"HTI","country":"Haiti","division":"Centre","qid":"Q993851","rank":6,"level":1,"role":"Admin-1 capital"},"geometry":{"type":"Point","coordinates":[-72.003996,19.143]}},{"type":"Feature","id":"capital-1-1159113361","properties":{"name":"Fort-Liberté","localName":"Fort-Liberté","countryCode":"HTI","country":"Haiti","division":"Nord-Est","qid":"Q983788","rank":6,"level":1,"role":"Admin-1 capital"},"geometry":{"type":"Point","coordinates":[-71.84484,19.665567]}},{"type":"Feature","id":"capital-1-1159113371","properties":{"name":"Jacmel","localName":"Jacmel","countryCode":"HTI","country":"Haiti","division":"Sud-Est","qid":"Q923362","rank":7,"level":1,"role":"Admin-1 capital"},"geometry":{"type":"Point","coordinates":[-72.537003,18.234999]}},{"type":"Feature","id":"capital-1-1159113387","properties":{"name":"Kırklareli","localName":"Kırklareli","countryCode":"TUR","country":"Türkiye","division":"Kirklareli","qid":"Q206903","rank":8,"level":1,"role":"Admin-1 capital"},"geometry":{"type":"Point","coordinates":[27.226,41.742999]}},{"type":"Feature","id":"capital-1-1159113409","properties":{"name":"Bilecik","localName":"Bilecik","countryCode":"TUR","country":"Türkiye","division":"Bilecik","qid":"Q208006","rank":7,"level":1,"role":"Admin-1 capital"},"geometry":{"type":"Point","coordinates":[29.982997,40.149999]}},{"type":"Feature","id":"capital-1-1159113425","properties":{"name":"Adapazarı","localName":"Sakarya","countryCode":"TUR","country":"Türkiye","division":"Sakarya","qid":"Q175323","rank":10,"level":1,"role":"Admin-1 capital"},"geometry":{"type":"Point","coordinates":[30.400002,40.766661]}},{"type":"Feature","id":"capital-1-1159113441","properties":{"name":"Kastamonu","localName":"Kastamonu","countryCode":"TUR","country":"Türkiye","division":"Kastamonu","qid":"Q155915","rank":8,"level":1,"role":"Admin-1 capital"},"geometry":{"type":"Point","coordinates":[33.783003,41.389002]}},{"type":"Feature","id":"capital-1-1159113457","properties":{"name":"Burdur","localName":"Burdur","countryCode":"TUR","country":"Türkiye","division":"Burdur","qid":"Q211811","rank":8,"level":1,"role":"Admin-1 capital"},"geometry":{"type":"Point","coordinates":[30.283335,37.71666]}},{"type":"Feature","id":"capital-1-1159113471","properties":{"name":"Kırşehir","localName":"Kırşehir","countryCode":"TUR","country":"Türkiye","division":"Kirsehir","qid":"Q208005","rank":8,"level":1,"role":"Admin-1 capital"},"geometry":{"type":"Point","coordinates":[34.171003,39.141999]}},{"type":"Feature","id":"capital-1-1159113485","properties":{"name":"Nevşehir","localName":"Nevşehir","countryCode":"TUR","country":"Türkiye","division":"Nevsehir","qid":"Q206879","rank":8,"level":1,"role":"Admin-1 capital"},"geometry":{"type":"Point","coordinates":[34.723999,38.624004]}},{"type":"Feature","id":"capital-1-1159113499","properties":{"name":"Antakya","localName":"Antakya","countryCode":"TUR","country":"Türkiye","division":"Hatay","qid":"Q80561","rank":9,"level":1,"role":"Admin-1 capital"},"geometry":{"type":"Point","coordinates":[36.116677,36.233334]}},{"type":"Feature","id":"capital-1-1159113515","properties":{"name":"Giresun","localName":"Giresun","countryCode":"TUR","country":"Türkiye","division":"Giresun","qid":"Q201095","rank":8,"level":1,"role":"Admin-1 capital"},"geometry":{"type":"Point","coordinates":[38.390005,40.913001]}},{"type":"Feature","id":"capital-1-1159113529","properties":{"name":"Sinop","localName":"Sinop","countryCode":"TUR","country":"Türkiye","division":"Sinop","qid":"Q599416","rank":7,"level":1,"role":"Admin-1 capital"},"geometry":{"type":"Point","coordinates":[35.153002,42.022998]}},{"type":"Feature","id":"capital-1-1159113547","properties":{"name":"Tokat","localName":"Tokat","countryCode":"TUR","country":"Türkiye","division":"Tokat","qid":"Q183651","rank":9,"level":1,"role":"Admin-1 capital"},"geometry":{"type":"Point","coordinates":[36.563004,40.305996]}},{"type":"Feature","id":"capital-1-1159113561","properties":{"name":"Artvin","localName":"Artvin","countryCode":"TUR","country":"Türkiye","division":"Artvin","qid":"Q193445","rank":7,"level":1,"role":"Admin-1 capital"},"geometry":{"type":"Point","coordinates":[41.817996,41.183001]}},{"type":"Feature","id":"capital-1-1159113575","properties":{"name":"Bingöl","localName":"Bingöl","countryCode":"TUR","country":"Türkiye","division":"Bingöl","qid":"Q208472","rank":8,"level":1,"role":"Admin-1 capital"},"geometry":{"type":"Point","coordinates":[40.498003,38.885004]}},{"type":"Feature","id":"capital-1-1159113589","properties":{"name":"Bitlis","localName":"Bitlis","countryCode":"TUR","country":"Türkiye","division":"Bitlis","qid":"Q83531","rank":8,"level":1,"role":"Admin-1 capital"},"geometry":{"type":"Point","coordinates":[42.122998,38.394]}},{"type":"Feature","id":"capital-1-1159113605","properties":{"name":"Kalangala","localName":"Kalangala","countryCode":"UGA","country":"Uganda","division":"Kalangala","qid":"Q742655","rank":5,"level":1,"role":"Admin-1 capital"},"geometry":{"type":"Point","coordinates":[32.225,-0.308889]}},{"type":"Feature","id":"capital-1-1159113633","properties":{"name":"Çankırı","localName":"Çankırı","countryCode":"TUR","country":"Türkiye","division":"Çankiri","qid":"Q209925","rank":8,"level":1,"role":"Admin-1 capital"},"geometry":{"type":"Point","coordinates":[33.621004,40.607001]}},{"type":"Feature","id":"capital-1-1159113643","properties":{"name":"Niğde","localName":"Niğde","countryCode":"TUR","country":"Türkiye","division":"Nigde","qid":"Q194146","rank":8,"level":1,"role":"Admin-1 capital"},"geometry":{"type":"Point","coordinates":[34.694002,37.976004]}},{"type":"Feature","id":"capital-1-1159113661","properties":{"name":"Yozgat","localName":"Yozgat","countryCode":"TUR","country":"Türkiye","division":"Yozgat","qid":"Q210292","rank":8,"level":1,"role":"Admin-1 capital"},"geometry":{"type":"Point","coordinates":[34.814997,39.817998]}},{"type":"Feature","id":"capital-1-1159113677","properties":{"name":"Gümüşhane","localName":"Gümüşhane","countryCode":"TUR","country":"Türkiye","division":"Gümüshane","qid":"Q214303","rank":7,"level":1,"role":"Admin-1 capital"},"geometry":{"type":"Point","coordinates":[39.484,40.464]}},{"type":"Feature","id":"capital-1-1159113695","properties":{"name":"Siirt","localName":"Siirt","countryCode":"TUR","country":"Türkiye","division":"Siirt","qid":"Q185084","rank":9,"level":1,"role":"Admin-1 capital"},"geometry":{"type":"Point","coordinates":[41.932999,37.944]}},{"type":"Feature","id":"capital-1-1159113711","properties":{"name":"Tunceli","localName":"Tunceli","countryCode":"TUR","country":"Türkiye","division":"Tunceli","qid":"Q202195","rank":7,"level":1,"role":"Admin-1 capital"},"geometry":{"type":"Point","coordinates":[39.533302,39.1167]}},{"type":"Feature","id":"capital-1-1159113727","properties":{"name":"Kumi Town","localName":"Kumi","countryCode":"UGA","country":"Uganda","division":"Kumi","qid":"Q6273034","rank":6,"level":1,"role":"Admin-1 capital"},"geometry":{"type":"Point","coordinates":[33.936111,1.460833]}},{"type":"Feature","id":"capital-1-1159113745","properties":{"name":"Kaberamaido","localName":"Kaberamaido","countryCode":"UGA","country":"Uganda","division":"Kaberamaido","qid":"Q2692015","rank":4,"level":1,"role":"Admin-1 capital"},"geometry":{"type":"Point","coordinates":[33.159444,1.738889]}},{"type":"Feature","id":"capital-1-1159113757","properties":{"name":"Kayunga","localName":"Kayunga","countryCode":"UGA","country":"Uganda","division":"Kayunga","qid":"Q995221","rank":7,"level":1,"role":"Admin-1 capital"},"geometry":{"type":"Point","coordinates":[32.888611,0.7025]}},{"type":"Feature","id":"capital-1-1159113777","properties":{"name":"Iganga","localName":"Iganga","countryCode":"UGA","country":"Uganda","division":"Iganga","qid":"Q1657091","rank":7,"level":1,"role":"Admin-1 capital"},"geometry":{"type":"Point","coordinates":[33.468611,0.609167]}},{"type":"Feature","id":"capital-1-1159113795","properties":{"name":"Kamuli","localName":"Kamuli","countryCode":"UGA","country":"Uganda","division":"Kamuli","qid":"Q3088116","rank":6,"level":1,"role":"Admin-1 capital"},"geometry":{"type":"Point","coordinates":[33.119722,0.947222]}},{"type":"Feature","id":"capital-1-1159113815","properties":{"name":"Pallisa","localName":"Pallisa","countryCode":"UGA","country":"Uganda","division":"Pallisa","qid":"Q2297538","rank":7,"level":1,"role":"Admin-1 capital"},"geometry":{"type":"Point","coordinates":[33.709444,1.145]}},{"type":"Feature","id":"capital-1-1159113835","properties":{"name":"Mpigi","localName":"Mpigi","countryCode":"UGA","country":"Uganda","division":"Mpigi","qid":"Q933338","rank":6,"level":1,"role":"Admin-1 capital"},"geometry":{"type":"Point","coordinates":[32.313611,0.225]}},{"type":"Feature","id":"capital-1-1159113855","properties":{"name":"Adjumani","localName":"Adjumani","countryCode":"UGA","country":"Uganda","division":"Adjumani","qid":"Q3499673","rank":7,"level":1,"role":"Admin-1 capital"},"geometry":{"type":"Point","coordinates":[31.809722,3.361389]}},{"type":"Feature","id":"capital-1-1159113869","properties":{"name":"Nebbi","localName":"Nebbi","countryCode":"UGA","country":"Uganda","division":"Nebbi","qid":"Q2174978","rank":7,"level":1,"role":"Admin-1 capital"},"geometry":{"type":"Point","coordinates":[31.1025,2.475833]}},{"type":"Feature","id":"capital-1-1159113887","properties":{"name":"Kiboga","localName":"Kiboga","countryCode":"UGA","country":"Uganda","division":"Kiboga","qid":"Q1810614","rank":6,"level":1,"role":"Admin-1 capital"},"geometry":{"type":"Point","coordinates":[31.774167,0.916111]}},{"type":"Feature","id":"capital-1-1159113905","properties":{"name":"Nakasongola","localName":"Nakasongola","countryCode":"UGA","country":"Uganda","division":"Nakasongola","qid":"Q3530559","rank":5,"level":1,"role":"Admin-1 capital"},"geometry":{"type":"Point","coordinates":[32.456389,1.308889]}},{"type":"Feature","id":"capital-1-1159113923","properties":{"name":"Bombo","localName":"Bombo","countryCode":"UGA","country":"Uganda","division":"Bamunanika","qid":"Q4940747","rank":8,"level":1,"role":"Admin-1 region capital"},"geometry":{"type":"Point","coordinates":[32.533299,0.583299]}},{"type":"Feature","id":"capital-1-1159113945","properties":{"name":"Masindi","localName":"Masindi","countryCode":"UGA","country":"Uganda","division":"Masindi","qid":"Q1907120","rank":7,"level":1,"role":"Admin-1 capital"},"geometry":{"type":"Point","coordinates":[31.715,1.674444]}},{"type":"Feature","id":"capital-1-1159113959","properties":{"name":"Fort Portal","localName":"Fort Portal","countryCode":"UGA","country":"Uganda","division":"Kabarole","qid":"Q500107","rank":7,"level":1,"role":"Admin-1 region capital"},"geometry":{"type":"Point","coordinates":[30.275002,0.671004]}},{"type":"Feature","id":"capital-1-1159113985","properties":{"name":"Kibaale","localName":"Kibale","countryCode":"UGA","country":"Uganda","division":"Kibale","qid":"Q2789444","rank":5,"level":1,"role":"Admin-1 capital"},"geometry":{"type":"Point","coordinates":[31.066667,0.8]}},{"type":"Feature","id":"capital-1-1159114003","properties":{"name":"Sironko","localName":"Sironko","countryCode":"UGA","country":"Uganda","division":"Budadiri","qid":"Q2252605","rank":6,"level":1,"role":"Admin-1 capital"},"geometry":{"type":"Point","coordinates":[34.3,1.25]}},{"type":"Feature","id":"capital-1-1159114009","properties":{"name":"Busia","localName":"Busia","countryCode":"UGA","country":"Uganda","division":"Busia","qid":"Q1111957","rank":7,"level":1,"role":"Admin-1 capital"},"geometry":{"type":"Point","coordinates":[34.075833,0.454444]}},{"type":"Feature","id":"capital-1-1159114039","properties":{"name":"Katakwi","localName":"Katakwi","countryCode":"UGA","country":"Uganda","division":"Usuk","qid":"Q2544864","rank":5,"level":1,"role":"Admin-1 capital"},"geometry":{"type":"Point","coordinates":[33.966111,1.891111]}},{"type":"Feature","id":"capital-1-1159114055","properties":{"name":"Veszprém","localName":"Veszprém","countryCode":"HUN","country":"Hungary","division":"Veszprém","qid":"Q146317","rank":8,"level":1,"role":"Admin-1 capital"},"geometry":{"type":"Point","coordinates":[17.911,47.090997]}},{"type":"Feature","id":"capital-1-1159114075","properties":{"name":"Zalaegerszeg","localName":"Zalaegerszeg","countryCode":"HUN","country":"Hungary","division":"Zala","qid":"Q60037","rank":8,"level":1,"role":"Admin-1 capital"},"geometry":{"type":"Point","coordinates":[16.84,46.844001]}},{"type":"Feature","id":"capital-1-1159114091","properties":{"name":"Tatabánya","localName":"Tatabánya","countryCode":"HUN","country":"Hungary","division":"Komárom-Esztergom","qid":"Q187821","rank":8,"level":1,"role":"Admin-1 capital"},"geometry":{"type":"Point","coordinates":[18.433,47.549997]}},{"type":"Feature","id":"capital-1-1159114109","properties":{"name":"Szekszárd","localName":"Szekszárd","countryCode":"HUN","country":"Hungary","division":"Tolna","qid":"Q189761","rank":7,"level":1,"role":"Admin-1 capital"},"geometry":{"type":"Point","coordinates":[18.712999,46.343997]}},{"type":"Feature","id":"capital-1-1159114123","properties":{"name":"Salgótarján","localName":"Salgótarján","countryCode":"HUN","country":"Hungary","division":"Nógrád","qid":"Q189769","rank":7,"level":1,"role":"Admin-1 capital"},"geometry":{"type":"Point","coordinates":[19.826002,48.105]}},{"type":"Feature","id":"capital-1-1159114145","properties":{"name":"Békéscsaba","localName":"Békéscsaba","countryCode":"HUN","country":"Hungary","division":"Békés","qid":"Q178878","rank":8,"level":1,"role":"Admin-1 capital"},"geometry":{"type":"Point","coordinates":[21.101005,46.672002]}},{"type":"Feature","id":"capital-1-1159114165","properties":{"name":"Eger","localName":"Eger","countryCode":"HUN","country":"Hungary","division":"Heves","qid":"Q167109","rank":8,"level":1,"role":"Admin-1 capital"},"geometry":{"type":"Point","coordinates":[20.383003,47.895003]}},{"type":"Feature","id":"capital-1-1159114181","properties":{"name":"Ntungamo","localName":"Ntungamo","countryCode":"UGA","country":"Uganda","division":"Ntungamo","qid":"Q938145","rank":6,"level":1,"role":"Admin-1 capital"},"geometry":{"type":"Point","coordinates":[30.264167,-0.879444]}},{"type":"Feature","id":"capital-1-1159114209","properties":{"name":"Kisoro","localName":"Kisoro","countryCode":"UGA","country":"Uganda","division":"Kisoro","qid":"Q525954","rank":6,"level":1,"role":"Admin-1 capital"},"geometry":{"type":"Point","coordinates":[29.698333,-1.353889]}},{"type":"Feature","id":"capital-1-1159114227","properties":{"name":"Gikongoro","localName":"Gikongoro","countryCode":"RWA","country":"Rwanda","division":"Southern","qid":"Q1377368","rank":6,"level":1,"role":"Admin-1 capital"},"geometry":{"type":"Point","coordinates":[29.566702,-2.483298]}},{"type":"Feature","id":"capital-1-1159114229","properties":{"name":"Kibuye","localName":"Kibuye","countryCode":"RWA","country":"Rwanda","division":"Western","qid":"Q617032","rank":7,"level":1,"role":"Admin-1 capital"},"geometry":{"type":"Point","coordinates":[29.35,-2.050002]}},{"type":"Feature","id":"capital-1-1159114247","properties":{"name":"Kibungo","localName":"Kibungo","countryCode":"RWA","country":"Rwanda","division":"Eastern","qid":"Q992776","rank":7,"level":1,"role":"Admin-1 capital"},"geometry":{"type":"Point","coordinates":[30.533302,-2.166696]}},{"type":"Feature","id":"capital-1-1159114265","properties":{"name":"Târgu Jiu","localName":"Târgu Jiu","countryCode":"ROU","country":"Romania","division":"Gorj","qid":"Q202357","rank":8,"level":1,"role":"Admin-1 capital"},"geometry":{"type":"Point","coordinates":[23.274001,45.045]}},{"type":"Feature","id":"capital-1-1159114283","properties":{"name":"Slatina","localName":"Slatina","countryCode":"ROU","country":"Romania","division":"Olt","qid":"Q207074","rank":8,"level":1,"role":"Admin-1 capital"},"geometry":{"type":"Point","coordinates":[24.371002,44.434998]}},{"type":"Feature","id":"capital-1-1159114301","properties":{"name":"Alexandria","localName":"Alexandria","countryCode":"ROU","country":"Romania","division":"Teleorman","qid":"Q209929","rank":7,"level":1,"role":"Admin-1 capital"},"geometry":{"type":"Point","coordinates":[25.329885,43.97437]}},{"type":"Feature","id":"capital-1-1159114313","properties":{"name":"Târgoviște","localName":"Târgoviște","countryCode":"ROU","country":"Romania","division":"Dâmbovita","qid":"Q188673","rank":8,"level":1,"role":"Admin-1 capital"},"geometry":{"type":"Point","coordinates":[25.459003,44.937999]}},{"type":"Feature","id":"capital-1-1159114333","properties":{"name":"Giurgiu","localName":"Giurgiu","countryCode":"ROU","country":"Romania","division":"Giurgiu","qid":"Q202351","rank":8,"level":1,"role":"Admin-1 capital"},"geometry":{"type":"Point","coordinates":[25.966325,43.901807]}},{"type":"Feature","id":"capital-1-1159114405","properties":{"name":"Slobozia","localName":"Slobozia","countryCode":"ROU","country":"Romania","division":"Ialomita","qid":"Q215723","rank":8,"level":1,"role":"Admin-1 capital"},"geometry":{"type":"Point","coordinates":[27.381997,44.569998]}},{"type":"Feature","id":"capital-1-1159114421","properties":{"name":"Daraa","localName":"Dar'a","countryCode":"SYR","country":"Syria","division":"Dar`a","qid":"Q238217","rank":9,"level":1,"role":"Admin-1 capital"},"geometry":{"type":"Point","coordinates":[36.105004,32.625]}},{"type":"Feature","id":"capital-1-1159114441","properties":{"name":"Delémont","localName":"Delémont","countryCode":"CHE","country":"Switzerland","division":"Jura","qid":"Q63896","rank":6,"level":1,"role":"Admin-1 capital"},"geometry":{"type":"Point","coordinates":[7.345,47.369997]}},{"type":"Feature","id":"capital-1-1159114457","properties":{"name":"Neuchâtel","localName":"Neuchâtel","countryCode":"CHE","country":"Switzerland","division":"Neuchâtel","qid":"Q69345","rank":7,"level":1,"role":"Admin-1 capital"},"geometry":{"type":"Point","coordinates":[6.922999,46.998999]}},{"type":"Feature","id":"capital-1-1159114477","properties":{"name":"Aarau","localName":"Aarau","countryCode":"CHE","country":"Switzerland","division":"Aargau","qid":"Q14274","rank":6,"level":1,"role":"Admin-1 capital"},"geometry":{"type":"Point","coordinates":[8.034004,47.390004]}},{"type":"Feature","id":"capital-1-1159114501","properties":{"name":"Stans","localName":"Stans","countryCode":"CHE","country":"Switzerland","division":"Nidwalden","qid":"Q63931","rank":5,"level":1,"role":"Admin-1 capital"},"geometry":{"type":"Point","coordinates":[8.383302,46.950003]}},{"type":"Feature","id":"capital-1-1159114521","properties":{"name":"Sion","localName":"Sion","countryCode":"CHE","country":"Switzerland","division":"Valais","qid":"Q68136","rank":7,"level":1,"role":"Admin-1 capital"},"geometry":{"type":"Point","coordinates":[7.353999,46.239003]}},{"type":"Feature","id":"capital-1-1159114539","properties":{"name":"Herisau","localName":"Herisau","countryCode":"CHE","country":"Switzerland","division":"Appenzell Ausserrhoden","qid":"Q63970","rank":6,"level":1,"role":"Admin-1 capital"},"geometry":{"type":"Point","coordinates":[9.283302,47.383299]}},{"type":"Feature","id":"capital-1-1159114557","properties":{"name":"St. Gallen","localName":"Saint Gallen","countryCode":"CHE","country":"Switzerland","division":"Sankt Gallen","qid":"Q25607","rank":8,"level":1,"role":"Admin-1 capital"},"geometry":{"type":"Point","coordinates":[9.361999,47.422998]}},{"type":"Feature","id":"capital-1-1159114577","properties":{"name":"Bellinzona","localName":"Bellinzona","countryCode":"CHE","country":"Switzerland","division":"Ticino","qid":"Q64044","rank":6,"level":1,"role":"Admin-1 capital"},"geometry":{"type":"Point","coordinates":[9.019999,46.197]}},{"type":"Feature","id":"capital-1-1159114593","properties":{"name":"Glarus","localName":"Glarus","countryCode":"CHE","country":"Switzerland","division":"Glarus","qid":"Q63912","rank":5,"level":1,"role":"Admin-1 capital"},"geometry":{"type":"Point","coordinates":[9.0667,47.050002]}},{"type":"Feature","id":"capital-1-1159114605","properties":{"name":"Schaffhausen","localName":"Schaffhausen","countryCode":"CHE","country":"Switzerland","division":"Schaffhausen","qid":"Q9009","rank":7,"level":1,"role":"Admin-1 capital"},"geometry":{"type":"Point","coordinates":[8.632998,47.706003]}},{"type":"Feature","id":"capital-1-1159114627","properties":{"name":"Schwyz","localName":"Schwyz","countryCode":"CHE","country":"Switzerland","division":"Schwyz","qid":"Q68155","rank":6,"level":1,"role":"Admin-1 capital"},"geometry":{"type":"Point","coordinates":[8.648002,47.019996]}},{"type":"Feature","id":"capital-1-1159114649","properties":{"name":"Frauenfeld","localName":"Frauenfeld","countryCode":"CHE","country":"Switzerland","division":"Thurgau","qid":"Q68120","rank":7,"level":1,"role":"Admin-1 capital"},"geometry":{"type":"Point","coordinates":[8.904888,47.552619]}},{"type":"Feature","id":"capital-1-1159114659","properties":{"name":"Altdorf","localName":"Altdorf","countryCode":"CHE","country":"Switzerland","division":"Uri","qid":"Q68150","rank":5,"level":1,"role":"Admin-1 capital"},"geometry":{"type":"Point","coordinates":[8.638003,46.879002]}},{"type":"Feature","id":"capital-1-1159114687","properties":{"name":"Zug","localName":"Zug","countryCode":"CHE","country":"Switzerland","division":"Zug","qid":"Q68144","rank":7,"level":1,"role":"Admin-1 capital"},"geometry":{"type":"Point","coordinates":[8.487001,47.178999]}},{"type":"Feature","id":"capital-1-1159114705","properties":{"name":"Falun","localName":"Falun","countryCode":"SWE","country":"Sweden","division":"Dalarna","qid":"Q26509","rank":7,"level":1,"role":"Admin-1 capital"},"geometry":{"type":"Point","coordinates":[15.647005,60.613002]}},{"type":"Feature","id":"capital-1-1159114723","properties":{"name":"Nyköping","localName":"Nyköping","countryCode":"SWE","country":"Sweden","division":"Södermanland","qid":"Q54356","rank":7,"level":1,"role":"Admin-1 capital"},"geometry":{"type":"Point","coordinates":[16.996082,58.75199]}},{"type":"Feature","id":"capital-1-1159114733","properties":{"name":"Härnösand","localName":"Härnösand","countryCode":"SWE","country":"Sweden","division":"Västernorrland","qid":"Q3240427","rank":6,"level":1,"role":"Admin-1 capital"},"geometry":{"type":"Point","coordinates":[17.934004,62.633997]}},{"type":"Feature","id":"capital-1-1159114749","properties":{"name":"Karlskrona","localName":"Karlskrona","countryCode":"SWE","country":"Sweden","division":"Blekinge","qid":"Q25789","rank":7,"level":1,"role":"Admin-1 capital"},"geometry":{"type":"Point","coordinates":[15.590754,56.162781]}},{"type":"Feature","id":"capital-1-1159114767","properties":{"name":"Alba Iulia","localName":"Alba Lulia","countryCode":"ROU","country":"Romania","division":"Alba","qid":"Q174665","rank":8,"level":1,"role":"Admin-1 capital"},"geometry":{"type":"Point","coordinates":[23.580001,46.077003]}},{"type":"Feature","id":"capital-1-1159114783","properties":{"name":"Bistrița","localName":"Bistrița","countryCode":"ROU","country":"Romania","division":"Bistrita-Nasaud","qid":"Q187205","rank":8,"level":1,"role":"Admin-1 capital"},"geometry":{"type":"Point","coordinates":[24.513004,47.138004]}},{"type":"Feature","id":"capital-1-1159114801","properties":{"name":"Deva","localName":"Deva","countryCode":"ROU","country":"Romania","division":"Hunedoara","qid":"Q204850","rank":8,"level":1,"role":"Admin-1 capital"},"geometry":{"type":"Point","coordinates":[22.916674,45.883323]}},{"type":"Feature","id":"capital-1-1159114819","properties":{"name":"Zalău","localName":"Zalău","countryCode":"ROU","country":"Romania","division":"Salaj","qid":"Q145292","rank":8,"level":1,"role":"Admin-1 capital"},"geometry":{"type":"Point","coordinates":[23.063005,47.175003]}},{"type":"Feature","id":"capital-1-1159114839","properties":{"name":"Satu Mare","localName":"Satu Mare","countryCode":"ROU","country":"Romania","division":"Satu Mare","qid":"Q185332","rank":9,"level":1,"role":"Admin-1 capital"},"geometry":{"type":"Point","coordinates":[22.885002,47.791998]}},{"type":"Feature","id":"capital-1-1159114857","properties":{"name":"Râmnicu Vâlcea","localName":"Rimnicu Vilcea","countryCode":"ROU","country":"Romania","division":"Vâlcea","qid":"Q192758","rank":9,"level":1,"role":"Admin-1 capital"},"geometry":{"type":"Point","coordinates":[24.382999,45.109998]}},{"type":"Feature","id":"capital-1-1159114867","properties":{"name":"Sfântu Gheorghe","localName":"Sfintu-Gheorghe","countryCode":"ROU","country":"Romania","division":"Covasna","qid":"Q202362","rank":8,"level":1,"role":"Admin-1 capital"},"geometry":{"type":"Point","coordinates":[25.793001,45.867996]}},{"type":"Feature","id":"capital-1-1159114889","properties":{"name":"Miercurea Ciuc","localName":"Miercurea Cuic","countryCode":"ROU","country":"Romania","division":"Harghita","qid":"Q193420","rank":7,"level":1,"role":"Admin-1 capital"},"geometry":{"type":"Point","coordinates":[25.524,46.360998]}},{"type":"Feature","id":"capital-1-1159114907","properties":{"name":"Piatra Neamț","localName":"Piatra-Neamt","countryCode":"ROU","country":"Romania","division":"Neamt","qid":"Q187945","rank":9,"level":1,"role":"Admin-1 capital"},"geometry":{"type":"Point","coordinates":[26.382997,46.940004]}},{"type":"Feature","id":"capital-1-1159114919","properties":{"name":"Brăila","localName":"Brăila","countryCode":"ROU","country":"Romania","division":"Braila","qid":"Q188478","rank":10,"level":1,"role":"Admin-1 capital"},"geometry":{"type":"Point","coordinates":[27.969003,45.291996]}},{"type":"Feature","id":"capital-1-1159114937","properties":{"name":"Vaslui","localName":"Vaslui","countryCode":"ROU","country":"Romania","division":"Vaslui","qid":"Q192269","rank":8,"level":1,"role":"Admin-1 capital"},"geometry":{"type":"Point","coordinates":[27.733339,46.633329]}},{"type":"Feature","id":"capital-1-1159114955","properties":{"name":"Salyan","localName":"Salyan","countryCode":"NPL","country":"Nepal","division":"Rapti","qid":"Q2202781","rank":6,"level":1,"role":"Admin-1 capital"},"geometry":{"type":"Point","coordinates":[82.183303,28.35]}},{"type":"Feature","id":"capital-1-1159114969","properties":{"name":"Mae Hong Son","localName":"Mae Hong Son","countryCode":"THA","country":"Thailand","division":"Mae Hong Son","qid":"Q743005","rank":5,"level":1,"role":"Admin-1 capital"},"geometry":{"type":"Point","coordinates":[97.968997,19.301004]}},{"type":"Feature","id":"capital-1-1159114987","properties":{"name":"Phang Nga","localName":"Phangnga","countryCode":"THA","country":"Thailand","division":"Phangnga","qid":"Q204587","rank":5,"level":1,"role":"Admin-1 capital"},"geometry":{"type":"Point","coordinates":[98.533999,8.451]}},{"type":"Feature","id":"capital-1-1159115007","properties":{"name":"Ranong","localName":"Ranong","countryCode":"THA","country":"Thailand","division":"Ranong","qid":"Q1012440","rank":7,"level":1,"role":"Admin-1 capital"},"geometry":{"type":"Point","coordinates":[98.638003,9.962001]}},{"type":"Feature","id":"capital-1-1159115029","properties":{"name":"Krabi","localName":"Krabi","countryCode":"THA","country":"Thailand","division":"Krabi","qid":"Q1000353","rank":7,"level":1,"role":"Admin-1 capital"},"geometry":{"type":"Point","coordinates":[98.911999,8.052003]}},{"type":"Feature","id":"capital-1-1159115055","properties":{"name":"Phatthalung","localName":"Phatthalung","countryCode":"THA","country":"Thailand","division":"Phatthalung","qid":"Q179539","rank":7,"level":1,"role":"Admin-1 capital"},"geometry":{"type":"Point","coordinates":[100.081,7.614999]}},{"type":"Feature","id":"capital-1-1159115073","properties":{"name":"Satun","localName":"Satun","countryCode":"THA","country":"Thailand","division":"Satun","qid":"Q1365666","rank":7,"level":1,"role":"Admin-1 capital"},"geometry":{"type":"Point","coordinates":[100.066699,6.616701]}},{"type":"Feature","id":"capital-1-1159115095","properties":{"name":"Lamphun","localName":"Lamphun","countryCode":"THA","country":"Thailand","division":"Lamphun","qid":"Q1211214","rank":6,"level":1,"role":"Admin-1 capital"},"geometry":{"type":"Point","coordinates":[99.007052,18.573985]}},{"type":"Feature","id":"capital-1-1159115115","properties":{"name":"Kamphaeng Phet","localName":"Kamphaeng Phet","countryCode":"THA","country":"Thailand","division":"Kamphaeng Phet","qid":"Q2960445","rank":8,"level":1,"role":"Admin-1 capital"},"geometry":{"type":"Point","coordinates":[99.529003,16.472997]}},{"type":"Feature","id":"capital-1-1159115131","properties":{"name":"Phichit","localName":"Phichit","countryCode":"THA","country":"Thailand","division":"Phichit","qid":"Q1365823","rank":7,"level":1,"role":"Admin-1 capital"},"geometry":{"type":"Point","coordinates":[100.349002,16.439004]}},{"type":"Feature","id":"capital-1-1159115143","properties":{"name":"Phetchabun","localName":"Phetchabun","countryCode":"THA","country":"Thailand","division":"Phetchabun","qid":"Q1211346","rank":8,"level":1,"role":"Admin-1 capital"},"geometry":{"type":"Point","coordinates":[101.159002,16.418997]}},{"type":"Feature","id":"capital-1-1159115163","properties":{"name":"Suphan Buri","localName":"Supham Buri","countryCode":"THA","country":"Thailand","division":"Suphan Buri","qid":"Q978805","rank":8,"level":1,"role":"Admin-1 capital"},"geometry":{"type":"Point","coordinates":[100.128997,14.471001]}},{"type":"Feature","id":"capital-1-1159115183","properties":{"name":"Ang Thong","localName":"Ang Thong","countryCode":"THA","country":"Thailand","division":"Ang Thong","qid":"Q530241","rank":6,"level":1,"role":"Admin-1 capital"},"geometry":{"type":"Point","coordinates":[100.45,14.583303]}},{"type":"Feature","id":"capital-1-1159115203","properties":{"name":"Chai Nat","localName":"Chainat","countryCode":"THA","country":"Thailand","division":"Chai Nat","qid":"Q1059129","rank":6,"level":1,"role":"Admin-1 capital"},"geometry":{"type":"Point","coordinates":[100.126,15.179004]}},{"type":"Feature","id":"capital-1-1159115223","properties":{"name":"Nakhon Nayok","localName":"Nakhon Nayok","countryCode":"THA","country":"Thailand","division":"Nakhon Nayok","qid":"Q595853","rank":7,"level":1,"role":"Admin-1 capital"},"geometry":{"type":"Point","coordinates":[101.215999,14.200002]}},{"type":"Feature","id":"capital-1-1159115235","properties":{"name":"Sing Buri","localName":"Sing Buri","countryCode":"THA","country":"Thailand","division":"Sing Buri","qid":"Q1210752","rank":7,"level":1,"role":"Admin-1 capital"},"geometry":{"type":"Point","coordinates":[100.401004,14.886999]}},{"type":"Feature","id":"capital-1-1159115261","properties":{"name":"Nakhon Pathom","localName":"Nakhon Pathom","countryCode":"THA","country":"Thailand","division":"Nakhon Pathom","qid":"Q520338","rank":9,"level":1,"role":"Admin-1 capital"},"geometry":{"type":"Point","coordinates":[100.063999,13.817997]}},{"type":"Feature","id":"capital-1-1159115287","properties":{"name":"Prachuap Khiri Khan","localName":"Prachuap Khiri Khan","countryCode":"THA","country":"Thailand","division":"Prachuap Khiri Khan","qid":"Q373340","rank":7,"level":1,"role":"Admin-1 capital"},"geometry":{"type":"Point","coordinates":[99.800002,11.802996]}},{"type":"Feature","id":"capital-1-1159115295","properties":{"name":"Samut Sakhon","localName":"Samut Sakhon","countryCode":"THA","country":"Thailand","division":"Samut Sakhon","qid":"Q1359220","rank":8,"level":1,"role":"Admin-1 capital"},"geometry":{"type":"Point","coordinates":[100.274005,13.536]}},{"type":"Feature","id":"capital-1-1159115325","properties":{"name":"Samut Songkhram","localName":"Samut Songkhram","countryCode":"THA","country":"Thailand","division":"Samut Songkhram","qid":"Q1361155","rank":7,"level":1,"role":"Admin-1 capital"},"geometry":{"type":"Point","coordinates":[100.000999,13.412997]}},{"type":"Feature","id":"capital-1-1159115345","properties":{"name":"Yasothon","localName":"Yasothon","countryCode":"THA","country":"Thailand","division":"Yasothon","qid":"Q1017730","rank":7,"level":1,"role":"Admin-1 capital"},"geometry":{"type":"Point","coordinates":[104.150998,15.787998]}},{"type":"Feature","id":"capital-1-1159115365","properties":{"name":"Chachoengsao","localName":"Chachoengsao","countryCode":"THA","country":"Thailand","division":"Chachoengsao","qid":"Q1026368","rank":7,"level":1,"role":"Admin-1 capital"},"geometry":{"type":"Point","coordinates":[101.076004,13.679001]}},{"type":"Feature","id":"capital-1-1159115385","properties":{"name":"Trat","localName":"Trat","countryCode":"THA","country":"Thailand","division":"Trat","qid":"Q1025964","rank":7,"level":1,"role":"Admin-1 capital"},"geometry":{"type":"Point","coordinates":[102.509002,12.237003]}},{"type":"Feature","id":"capital-1-1159115405","properties":{"name":"Kalasin","localName":"Kalasin","countryCode":"THA","country":"Thailand","division":"Kalasin","qid":"Q1012635","rank":8,"level":1,"role":"Admin-1 capital"},"geometry":{"type":"Point","coordinates":[103.509001,16.427997]}},{"type":"Feature","id":"capital-1-1159115425","properties":{"name":"Maha Sarakham","localName":"Maha Sarakham","countryCode":"THA","country":"Thailand","division":"Maha Sarakham","qid":"Q1210731","rank":8,"level":1,"role":"Admin-1 capital"},"geometry":{"type":"Point","coordinates":[103.298005,16.183998]}},{"type":"Feature","id":"capital-1-1159115449","properties":{"name":"Roi Et","localName":"Roi Et","countryCode":"THA","country":"Thailand","division":"Roi Et","qid":"Q1017738","rank":7,"level":1,"role":"Admin-1 capital"},"geometry":{"type":"Point","coordinates":[103.654999,16.050996]}},{"type":"Feature","id":"capital-1-1159115473","properties":{"name":"Pattani","localName":"Pattani","countryCode":"THA","country":"Thailand","division":"Pattani","qid":"Q1025966","rank":9,"level":1,"role":"Admin-1 capital"},"geometry":{"type":"Point","coordinates":[101.250001,6.864003]}},{"type":"Feature","id":"capital-1-1159115493","properties":{"name":"Piggs Peak","localName":"Piggs Peak","countryCode":"SWZ","country":"Eswatini","division":"Hhohho","qid":"Q1950487","rank":5,"level":1,"role":"Admin-1 capital"},"geometry":{"type":"Point","coordinates":[31.247001,-25.961004]}},{"type":"Feature","id":"capital-1-1159115523","properties":{"name":"Siteki","localName":"Siteki","countryCode":"SWZ","country":"Eswatini","division":"Lubombo","qid":"Q2300140","rank":5,"level":1,"role":"Admin-1 capital"},"geometry":{"type":"Point","coordinates":[31.951999,-26.454996]}},{"type":"Feature","id":"capital-1-1159115543","properties":{"name":"Manzini","localName":"Manzini","countryCode":"SWZ","country":"Eswatini","division":"Manzini","qid":"Q495730","rank":9,"level":1,"role":"Admin-1 capital"},"geometry":{"type":"Point","coordinates":[31.388005,-26.495001]}},{"type":"Feature","id":"capital-1-1159115561","properties":{"name":"Hlatikulu","localName":"Hlatikulu","countryCode":"SWZ","country":"Eswatini","division":"Shiselweni","qid":"Q3235603","rank":4,"level":1,"role":"Admin-1 capital"},"geometry":{"type":"Point","coordinates":[31.310137,-26.960815]}},{"type":"Feature","id":"capital-1-1159115583","properties":{"name":"Somoto","localName":"Somoto","countryCode":"NIC","country":"Nicaragua","division":"Madriz","qid":"Q1010954","rank":7,"level":1,"role":"Admin-1 capital"},"geometry":{"type":"Point","coordinates":[-86.582997,13.475997]}},{"type":"Feature","id":"capital-1-1159115603","properties":{"name":"Ocotal","localName":"Ocotal","countryCode":"NIC","country":"Nicaragua","division":"Nueva Segovia","qid":"Q1025830","rank":7,"level":1,"role":"Admin-1 capital"},"geometry":{"type":"Point","coordinates":[-86.472999,13.629996]}},{"type":"Feature","id":"capital-1-1159115621","properties":{"name":"Aveiro","localName":"Aveiro","countryCode":"PRT","country":"Portugal","division":"Aveiro","qid":"Q485581","rank":8,"level":1,"role":"Admin-1 capital"},"geometry":{"type":"Point","coordinates":[-8.650998,40.641003]}},{"type":"Feature","id":"capital-1-1159115639","properties":{"name":"Leiria","localName":"Leiria","countryCode":"PRT","country":"Portugal","division":"Leiria","qid":"Q206933","rank":7,"level":1,"role":"Admin-1 capital"},"geometry":{"type":"Point","coordinates":[-8.804996,39.738996]}},{"type":"Feature","id":"capital-1-1159115665","properties":{"name":"Viana do Castelo","localName":"Viana Do Castelo","countryCode":"PRT","country":"Portugal","division":"Viana do Castelo","qid":"Q208158","rank":6,"level":1,"role":"Admin-1 capital"},"geometry":{"type":"Point","coordinates":[-8.844138,41.696235]}},{"type":"Feature","id":"capital-1-1159115685","properties":{"name":"Mérida","localName":"Mérida","countryCode":"ESP","country":"Spain","division":"Extremadura","qid":"Q14323","rank":8,"level":1,"role":"Admin-1 capital"},"geometry":{"type":"Point","coordinates":[-6.337998,38.912004]}},{"type":"Feature","id":"capital-1-1159115703","properties":{"name":"Beja","localName":"Beja","countryCode":"PRT","country":"Portugal","division":"Beja","qid":"Q213251","rank":7,"level":1,"role":"Admin-1 capital"},"geometry":{"type":"Point","coordinates":[-7.863002,38.014002]}},{"type":"Feature","id":"capital-1-1159115725","properties":{"name":"Évora","localName":"Évora","countryCode":"PRT","country":"Portugal","division":"Évora","qid":"Q179948","rank":8,"level":1,"role":"Admin-1 capital"},"geometry":{"type":"Point","coordinates":[-7.905996,38.559996]}},{"type":"Feature","id":"capital-1-1159115745","properties":{"name":"Portalegre","localName":"Portalegre","countryCode":"PRT","country":"Portugal","division":"Portalegre","qid":"Q622819","rank":6,"level":1,"role":"Admin-1 capital"},"geometry":{"type":"Point","coordinates":[-7.423001,39.290004]}},{"type":"Feature","id":"capital-1-1159115765","properties":{"name":"Santarém","localName":"Santarém","countryCode":"PRT","country":"Portugal","division":"Santarém","qid":"Q273877","rank":7,"level":1,"role":"Admin-1 capital"},"geometry":{"type":"Point","coordinates":[-8.682003,39.231]}},{"type":"Feature","id":"capital-1-1159115789","properties":{"name":"Bragança","localName":"Bragança","countryCode":"PRT","country":"Portugal","division":"Bragança","qid":"Q768261","rank":7,"level":1,"role":"Admin-1 capital"},"geometry":{"type":"Point","coordinates":[-6.755003,41.807997]}},{"type":"Feature","id":"capital-1-1159115809","properties":{"name":"Castelo Branco","localName":"Castelo Branco","countryCode":"PRT","country":"Portugal","division":"Castelo Branco","qid":"Q373720","rank":7,"level":1,"role":"Admin-1 capital"},"geometry":{"type":"Point","coordinates":[-7.488,39.810996]}},{"type":"Feature","id":"capital-1-1159115829","properties":{"name":"Guarda","localName":"Guarda","countryCode":"PRT","country":"Portugal","division":"Guarda","qid":"Q750594","rank":7,"level":1,"role":"Admin-1 capital"},"geometry":{"type":"Point","coordinates":[-7.262001,40.541004]}},{"type":"Feature","id":"capital-1-1159115849","properties":{"name":"Viseu","localName":"Viseu","countryCode":"PRT","country":"Portugal","division":"Viseu","qid":"Q117676","rank":7,"level":1,"role":"Admin-1 capital"},"geometry":{"type":"Point","coordinates":[-7.91,40.656996]}},{"type":"Feature","id":"capital-1-1159115855","properties":{"name":"Vila Real","localName":"Vila Real","countryCode":"PRT","country":"Portugal","division":"Vila Real","qid":"Q503856","rank":6,"level":1,"role":"Admin-1 capital"},"geometry":{"type":"Point","coordinates":[-7.737003,41.293998]}},{"type":"Feature","id":"capital-1-1159115869","properties":{"name":"Fatick","localName":"Fatick","countryCode":"SEN","country":"Senegal","division":"Fatick","qid":"Q430470","rank":7,"level":1,"role":"Admin-1 capital"},"geometry":{"type":"Point","coordinates":[-16.416,14.344002]}},{"type":"Feature","id":"capital-1-1159115897","properties":{"name":"Nabk","localName":"An Nabk","countryCode":"SAU","country":"Saudi Arabia","division":"Al Jawf","qid":"Q6093787","rank":5,"level":1,"role":"Admin-1 capital"},"geometry":{"type":"Point","coordinates":[37.333297,31.333302]}},{"type":"Feature","id":"capital-1-1159115923","properties":{"name":"Assen","localName":"Assen","countryCode":"NLD","country":"Netherlands","division":"Drenthe","qid":"Q798","rank":8,"level":1,"role":"Admin-1 capital"},"geometry":{"type":"Point","coordinates":[6.550003,53.000001]}},{"type":"Feature","id":"capital-1-1159115945","properties":{"name":"Arnhem","localName":"Arnhem","countryCode":"NLD","country":"Netherlands","division":"Gelderland","qid":"Q1310","rank":9,"level":1,"role":"Admin-1 capital"},"geometry":{"type":"Point","coordinates":[5.923,51.987996]}},{"type":"Feature","id":"capital-1-1159115953","properties":{"name":"Maastricht","localName":"Maastricht","countryCode":"NLD","country":"Netherlands","division":"Limburg","qid":"Q1309","rank":9,"level":1,"role":"Admin-1 capital"},"geometry":{"type":"Point","coordinates":[5.677003,50.852997]}},{"type":"Feature","id":"capital-1-1159115983","properties":{"name":"Zwolle","localName":"Zwolle","countryCode":"NLD","country":"Netherlands","division":"Overijssel","qid":"Q793","rank":9,"level":1,"role":"Admin-1 capital"},"geometry":{"type":"Point","coordinates":[6.096997,52.524]}},{"type":"Feature","id":"capital-1-1159116007","properties":{"name":"Middelburg","localName":"Middelburg","countryCode":"NLD","country":"Netherlands","division":"Zeeland","qid":"Q52101","rank":7,"level":1,"role":"Admin-1 capital"},"geometry":{"type":"Point","coordinates":[3.609999,51.501996]}},{"type":"Feature","id":"capital-1-1159116023","properties":{"name":"'s-Hertogenbosch","localName":"'s-Hertogenbosch","countryCode":"NLD","country":"Netherlands","division":"Noord-Brabant","qid":"Q2766547","rank":9,"level":1,"role":"Admin-1 capital"},"geometry":{"type":"Point","coordinates":[5.316661,51.683337]}},{"type":"Feature","id":"capital-1-1159116047","properties":{"name":"Arendal","localName":"Arendal","countryCode":"NOR","country":"Norway","division":"Aust-Agder","qid":"Q57919","rank":7,"level":1,"role":"Admin-1 capital"},"geometry":{"type":"Point","coordinates":[8.766001,58.464756]}},{"type":"Feature","id":"capital-1-1159116055","properties":{"name":"Vossevangen","localName":"Vossavangen","countryCode":"NOR","country":"Norway","division":"Hordaland","qid":"Q2715598","rank":5,"level":1,"role":"Admin-1 capital"},"geometry":{"type":"Point","coordinates":[6.441003,60.630003]}},{"type":"Feature","id":"capital-1-1159116077","properties":{"name":"Leikanger","localName":"Leikanger","countryCode":"NOR","country":"Norway","division":"Sogn og Fjordane","qid":"Q107396","rank":3,"level":1,"role":"Admin-1 capital"},"geometry":{"type":"Point","coordinates":[6.85,61.183296]}},{"type":"Feature","id":"capital-1-1159116103","properties":{"name":"Bærum","localName":"Bærum","countryCode":"NOR","country":"Norway","division":"Akershus","qid":"Q57076","rank":9,"level":1,"role":"Admin-1 capital"},"geometry":{"type":"Point","coordinates":[11.347236,59.913486]}},{"type":"Feature","id":"capital-1-1159116127","properties":{"name":"Hamar","localName":"Hamar","countryCode":"NOR","country":"Norway","division":"Hedmark","qid":"Q104400","rank":7,"level":1,"role":"Admin-1 capital"},"geometry":{"type":"Point","coordinates":[11.069002,60.820002]}},{"type":"Feature","id":"capital-1-1159116137","properties":{"name":"Tønsberg","localName":"Tønsberg","countryCode":"NOR","country":"Norway","division":"Vestfold","qid":"Q107392","rank":7,"level":1,"role":"Admin-1 capital"},"geometry":{"type":"Point","coordinates":[10.421001,59.264001]}},{"type":"Feature","id":"capital-1-1159116171","properties":{"name":"Baglung","localName":"Baglung","countryCode":"NPL","country":"Nepal","division":"Dhawalagiri","qid":"Q1659597","rank":7,"level":1,"role":"Admin-1 capital"},"geometry":{"type":"Point","coordinates":[83.583298,28.266696]}},{"type":"Feature","id":"capital-1-1159116187","properties":{"name":"Jumla","localName":"Jumla","countryCode":"NPL","country":"Nepal","division":"Karnali","qid":"Q2407540","rank":5,"level":1,"role":"Admin-1 capital"},"geometry":{"type":"Point","coordinates":[82.216702,29.25]}},{"type":"Feature","id":"capital-1-1159116209","properties":{"name":"Siddharthanagar","localName":"Bhairawa","countryCode":"NPL","country":"Nepal","division":"Lumbini","qid":"Q1530936","rank":8,"level":1,"role":"Admin-1 capital"},"geometry":{"type":"Point","coordinates":[83.3833,27.533304]}},{"type":"Feature","id":"capital-1-1159116225","properties":{"name":"Dadeldhura","localName":"Dandeldhura","countryCode":"NPL","country":"Nepal","division":"Mahakali","qid":"Q1750388","rank":6,"level":1,"role":"Admin-1 capital"},"geometry":{"type":"Point","coordinates":[80.600004,29.300004]}},{"type":"Feature","id":"capital-1-1159116251","properties":{"name":"Dhangadhi","localName":"Dhangarhi","countryCode":"NPL","country":"Nepal","division":"Achham","qid":"Q1446993","rank":8,"level":1,"role":"Admin-1 capital"},"geometry":{"type":"Point","coordinates":[80.593003,28.694997]}},{"type":"Feature","id":"capital-1-1159116277","properties":{"name":"Ramechhap","localName":"Ramechhap","countryCode":"NPL","country":"Nepal","division":"Janakpur","qid":"Q2224286","rank":6,"level":1,"role":"Admin-1 capital"},"geometry":{"type":"Point","coordinates":[86.086999,27.325998]}},{"type":"Feature","id":"capital-1-1159116295","properties":{"name":"Bhimfedi","localName":"Bhimphedi","countryCode":"NPL","country":"Nepal","division":"Narayani","qid":"Q3411614","rank":6,"level":1,"role":"Admin-1 capital"},"geometry":{"type":"Point","coordinates":[85.130002,27.550998]}},{"type":"Feature","id":"capital-1-1159116313","properties":{"name":"Rajbiraj","localName":"Rajbiraj","countryCode":"NPL","country":"Nepal","division":"Sagarmatha","qid":"Q2463109","rank":7,"level":1,"role":"Admin-1 capital"},"geometry":{"type":"Point","coordinates":[86.733298,26.533296]}},{"type":"Feature","id":"capital-1-1159116339","properties":{"name":"Ilam","localName":"Ilam","countryCode":"NPL","country":"Nepal","division":"Mechi","qid":"Q950072","rank":6,"level":1,"role":"Admin-1 capital"},"geometry":{"type":"Point","coordinates":[87.926005,26.908002]}},{"type":"Feature","id":"capital-1-1159116355","properties":{"name":"Wabag","localName":"Wabag","countryCode":"PNG","country":"Papua New Guinea","division":"Enga","qid":"Q2482803","rank":4,"level":1,"role":"Admin-1 capital"},"geometry":{"type":"Point","coordinates":[143.718004,-5.49]}},{"type":"Feature","id":"capital-1-1159116375","properties":{"name":"Vanimo","localName":"Vanimo","countryCode":"PNG","country":"Papua New Guinea","division":"Sandaun","qid":"Q1017354","rank":6,"level":1,"role":"Admin-1 capital"},"geometry":{"type":"Point","coordinates":[141.303997,-2.690001]}},{"type":"Feature","id":"capital-1-1159116387","properties":{"name":"Kundiawa","localName":"Kundiawa","countryCode":"PNG","country":"Papua New Guinea","division":"Chimbu","qid":"Q612162","rank":5,"level":1,"role":"Admin-1 capital"},"geometry":{"type":"Point","coordinates":[144.960013,-6.022998]}},{"type":"Feature","id":"capital-1-1159116407","properties":{"name":"Kerema","localName":"Kerema","countryCode":"PNG","country":"Papua New Guinea","division":"Gulf","qid":"Q1280242","rank":5,"level":1,"role":"Admin-1 capital"},"geometry":{"type":"Point","coordinates":[145.837999,-7.927002]}},{"type":"Feature","id":"capital-1-1159116427","properties":{"name":"Arawa","localName":"Arawa","countryCode":"PNG","country":"Papua New Guinea","division":"North Solomons","qid":"Q626729","rank":7,"level":1,"role":"Admin-1 capital"},"geometry":{"type":"Point","coordinates":[155.565991,-6.228]}},{"type":"Feature","id":"capital-1-1159116447","properties":{"name":"Lorengau","localName":"Lorengau","countryCode":"PNG","country":"Papua New Guinea","division":"Manus","qid":"Q1017430","rank":5,"level":1,"role":"Admin-1 capital"},"geometry":{"type":"Point","coordinates":[147.279997,-2.032002]}},{"type":"Feature","id":"capital-1-1159116467","properties":{"name":"Kimbe","localName":"Kimbe","countryCode":"PNG","country":"Papua New Guinea","division":"West New Britain","qid":"Q59718","rank":6,"level":1,"role":"Admin-1 capital"},"geometry":{"type":"Point","coordinates":[150.143014,-5.550003]}},{"type":"Feature","id":"capital-1-1159116487","properties":{"name":"Dubăsari","localName":"Dubăsari","countryCode":"MDA","country":"Moldova","division":"Transnistria","qid":"Q688654","rank":7,"level":1,"role":"Admin-1 capital"},"geometry":{"type":"Point","coordinates":[29.160833,47.263056]}},{"type":"Feature","id":"capital-1-1159116505","properties":{"name":"Qacha's Nek","localName":"Qacha's Nek","countryCode":"ZAF","country":"South Africa","division":"Eastern Cape","qid":"Q491829","rank":7,"level":1,"role":"Admin-1 capital"},"geometry":{"type":"Point","coordinates":[28.701999,-30.117267]}},{"type":"Feature","id":"capital-1-1159116519","properties":{"name":"Hudur","localName":"Hudur","countryCode":"SOM","country":"Somalia","division":"Bakool","qid":"Q1017160","rank":3,"level":1,"role":"Admin-1 capital"},"geometry":{"type":"Point","coordinates":[43.866703,4.183299]}},{"type":"Feature","id":"capital-1-1159116537","properties":{"name":"Garbahaareey","localName":"Garbahaarey","countryCode":"SOM","country":"Somalia","division":"Gedo","qid":"Q1017167","rank":6,"level":1,"role":"Admin-1 capital"},"geometry":{"type":"Point","coordinates":[42.227002,3.327003]}},{"type":"Feature","id":"capital-1-1159116563","properties":{"name":"Bu'ale","localName":"Bu'aale","countryCode":"SOM","country":"Somalia","division":"Jubbada Dhexe","qid":"Q997314","rank":3,"level":1,"role":"Admin-1 capital"},"geometry":{"type":"Point","coordinates":[42.583303,1.083303]}},{"type":"Feature","id":"capital-1-1159116581","properties":{"name":"Dusmareb","localName":"Dhuusa Mareeb","countryCode":"SOM","country":"Somalia","division":"Galguduud","qid":"Q634063","rank":2,"level":1,"role":"Admin-1 capital"},"geometry":{"type":"Point","coordinates":[46.382174,5.531982]}},{"type":"Feature","id":"capital-1-1159116601","properties":{"name":"Trincomalee","localName":"Trincomalee","countryCode":"LKA","country":"Sri Lanka","division":"Trincomalee","qid":"Q323873","rank":9,"level":1,"role":"Admin-1 capital"},"geometry":{"type":"Point","coordinates":[81.233002,8.568999]}},{"type":"Feature","id":"capital-1-1159116619","properties":{"name":"Puttalam","localName":"Puttalan","countryCode":"LKA","country":"Sri Lanka","division":"Puttalam","qid":"Q3088741","rank":7,"level":1,"role":"Admin-1 capital"},"geometry":{"type":"Point","coordinates":[79.826004,8.033004]}},{"type":"Feature","id":"capital-1-1159116631","properties":{"name":"Ratnapura","localName":"Ratnapura","countryCode":"LKA","country":"Sri Lanka","division":"Ratnapura","qid":"Q508753","rank":7,"level":1,"role":"Admin-1 capital"},"geometry":{"type":"Point","coordinates":[80.386003,6.693003]}},{"type":"Feature","id":"capital-1-1159116649","properties":{"name":"Umuahia","localName":"Umuahia","countryCode":"NGA","country":"Nigeria","division":"Abia","qid":"Q203301","rank":10,"level":1,"role":"Admin-1 capital"},"geometry":{"type":"Point","coordinates":[7.486002,5.532003]}},{"type":"Feature","id":"capital-1-1159116677","properties":{"name":"Uyo","localName":"Uyo","countryCode":"NGA","country":"Nigeria","division":"Akwa Ibom","qid":"Q1999000","rank":11,"level":1,"role":"Admin-1 capital"},"geometry":{"type":"Point","coordinates":[7.916153,5.036014]}},{"type":"Feature","id":"capital-1-1159116695","properties":{"name":"Owerri","localName":"Owerri","countryCode":"NGA","country":"Nigeria","division":"Imo","qid":"Q583619","rank":10,"level":1,"role":"Admin-1 capital"},"geometry":{"type":"Point","coordinates":[7.026004,5.492997]}},{"type":"Feature","id":"capital-1-1159116707","properties":{"name":"Sariwon","localName":"Sariwon","countryCode":"PRK","country":"North Korea","division":"Hwanghae-bukto","qid":"Q505807","rank":9,"level":1,"role":"Admin-1 capital"},"geometry":{"type":"Point","coordinates":[125.762005,38.507004]}},{"type":"Feature","id":"capital-1-1159116729","properties":{"name":"Sin-Ni","localName":"Sin-Ni","countryCode":"PRK","country":"North Korea","division":"P'yongan-namdo","qid":null,"rank":6,"level":1,"role":"Admin-1 capital"},"geometry":{"type":"Point","coordinates":[125.463997,39.488004]}},{"type":"Feature","id":"capital-1-1159116749","properties":{"name":"Sükhbaatar","localName":"Suchboatar","countryCode":"MNG","country":"Mongolia","division":"Selenge","qid":"Q46319","rank":7,"level":1,"role":"Admin-1 capital"},"geometry":{"type":"Point","coordinates":[106.200001,50.249997]}},{"type":"Feature","id":"capital-1-1159116769","properties":{"name":"Zuunmod","localName":"Dzuunmod","countryCode":"MNG","country":"Mongolia","division":"Töv","qid":"Q917690","rank":6,"level":1,"role":"Admin-1 capital"},"geometry":{"type":"Point","coordinates":[106.947001,47.710998]}},{"type":"Feature","id":"capital-1-1159116779","properties":{"name":"Omaruru","localName":"Omaruru","countryCode":"NAM","country":"Namibia","division":"Erongo","qid":"Q1896161","rank":6,"level":1,"role":"Admin-1 capital"},"geometry":{"type":"Point","coordinates":[15.950997,-21.436002]}},{"type":"Feature","id":"capital-1-1159116805","properties":{"name":"Karibib","localName":"Karibib","countryCode":"NAM","country":"Namibia","division":"Erongo","qid":"Q1348181","rank":5,"level":1,"role":"Admin-1 capital"},"geometry":{"type":"Point","coordinates":[15.852996,-21.939003]}},{"type":"Feature","id":"capital-1-1159116825","properties":{"name":"Otavi","localName":"Otavi","countryCode":"NAM","country":"Namibia","division":"Otjozondjupa","qid":"Q1013965","rank":4,"level":1,"role":"Admin-1 capital"},"geometry":{"type":"Point","coordinates":[17.342001,-19.639998]}},{"type":"Feature","id":"capital-1-1159116843","properties":{"name":"Gobabis","localName":"Gobabis","countryCode":"NAM","country":"Namibia","division":"Omaheke","qid":"Q1000609","rank":6,"level":1,"role":"Admin-1 capital"},"geometry":{"type":"Point","coordinates":[18.963,-22.455]}},{"type":"Feature","id":"capital-1-1159116863","properties":{"name":"Wete","localName":"Wete","countryCode":"TZA","country":"Tanzania","division":"Kaskazini-Pemba","qid":"Q1023718","rank":7,"level":1,"role":"Admin-1 capital"},"geometry":{"type":"Point","coordinates":[39.725799,-5.063464]}},{"type":"Feature","id":"capital-1-1159116883","properties":{"name":"Kibaha","localName":"Kibaha","countryCode":"TZA","country":"Tanzania","division":"Pwani","qid":"Q195492","rank":7,"level":1,"role":"Admin-1 capital"},"geometry":{"type":"Point","coordinates":[38.916703,-6.766704]}},{"type":"Feature","id":"capital-1-1159116901","properties":{"name":"Mkokotoni","localName":"Mkokotoni","countryCode":"TZA","country":"Tanzania","division":"Kaskazini-Unguja","qid":"Q2086390","rank":4,"level":1,"role":"Admin-1 capital"},"geometry":{"type":"Point","coordinates":[39.259999,-5.878998]}},{"type":"Feature","id":"capital-1-1159116915","properties":{"name":"Fribourg","localName":"Fribourg","countryCode":"CHE","country":"Switzerland","division":"Fribourg","qid":"Q36378","rank":7,"level":1,"role":"Admin-1 capital"},"geometry":{"type":"Point","coordinates":[7.149997,46.8]}},{"type":"Feature","id":"capital-1-1159116933","properties":{"name":"Liestal","localName":"Liestal","countryCode":"CHE","country":"Switzerland","division":"Basel-Landschaft","qid":"Q68972","rank":6,"level":1,"role":"Admin-1 capital"},"geometry":{"type":"Point","coordinates":[7.737004,47.483001]}},{"type":"Feature","id":"capital-1-1159116949","properties":{"name":"Solothurn","localName":"Solothurn","countryCode":"CHE","country":"Switzerland","division":"Solothurn","qid":"Q68965","rank":6,"level":1,"role":"Admin-1 capital"},"geometry":{"type":"Point","coordinates":[7.536997,47.212002]}},{"type":"Feature","id":"capital-1-1159116963","properties":{"name":"Sarnen","localName":"Sarnen","countryCode":"CHE","country":"Switzerland","division":"Obwalden","qid":"Q63964","rank":5,"level":1,"role":"Admin-1 capital"},"geometry":{"type":"Point","coordinates":[8.243002,46.899]}},{"type":"Feature","id":"capital-1-1159116987","properties":{"name":"Mariestad","localName":"Mariestad","countryCode":"SWE","country":"Sweden","division":"Västra Götaland","qid":"Q948117","rank":6,"level":1,"role":"Admin-1 capital"},"geometry":{"type":"Point","coordinates":[13.827997,58.705002]}},{"type":"Feature","id":"capital-1-1159117009","properties":{"name":"Vänersborg","localName":"Vannersborg","countryCode":"SWE","country":"Sweden","division":"Västra Götaland","qid":"Q54759","rank":7,"level":1,"role":"Admin-1 capital"},"geometry":{"type":"Point","coordinates":[12.330001,58.363002]}},{"type":"Feature","id":"capital-1-1159117027","properties":{"name":"Appenzell","localName":"Appenzell","countryCode":"CHE","country":"Switzerland","division":"Appenzell Innerrhoden","qid":"Q209270","rank":5,"level":1,"role":"Admin-1 capital"},"geometry":{"type":"Point","coordinates":[9.4167,47.333304]}},{"type":"Feature","id":"capital-1-1159117035","properties":{"name":"Roscommon","localName":"Ros Comain","countryCode":"IRL","country":"Ireland","division":"Roscommon","qid":"Q677631","rank":4,"level":1,"role":"Admin-1 capital"},"geometry":{"type":"Point","coordinates":[-8.183333,53.633333]}},{"type":"Feature","id":"capital-1-1159117063","properties":{"name":"Cacheu","localName":"Cacheu","countryCode":"GNB","country":"Guinea-Bissau","division":"Cacheu","qid":"Q1002807","rank":6,"level":1,"role":"Admin-1 capital"},"geometry":{"type":"Point","coordinates":[-16.164998,12.268998]}},{"type":"Feature","id":"capital-1-1159117087","properties":{"name":"Farim","localName":"Farim","countryCode":"GNB","country":"Guinea-Bissau","division":"Oio","qid":"Q1022984","rank":5,"level":1,"role":"Admin-1 capital"},"geometry":{"type":"Point","coordinates":[-15.227,12.492999]}},{"type":"Feature","id":"capital-1-1159117095","properties":{"name":"Fulacunda","localName":"Fulacunda","countryCode":"GNB","country":"Guinea-Bissau","division":"Quinara","qid":"Q2427704","rank":3,"level":1,"role":"Admin-1 capital"},"geometry":{"type":"Point","coordinates":[-15.194997,11.772999]}},{"type":"Feature","id":"capital-1-1159117115","properties":{"name":"Gabú","localName":"Gabú","countryCode":"GNB","country":"Guinea-Bissau","division":"Gabú","qid":"Q1015891","rank":6,"level":1,"role":"Admin-1 capital"},"geometry":{"type":"Point","coordinates":[-14.234004,12.279996]}},{"type":"Feature","id":"capital-1-1159117133","properties":{"name":"Catió","localName":"Catió","countryCode":"GNB","country":"Guinea-Bissau","division":"Tombali","qid":"Q1190869","rank":5,"level":1,"role":"Admin-1 capital"},"geometry":{"type":"Point","coordinates":[-15.254246,11.273036]}},{"type":"Feature","id":"capital-1-1159117145","properties":{"name":"Barclayville","localName":"Barclayville","countryCode":"LBR","country":"Liberia","division":"GrandKru","qid":"Q807963","rank":4,"level":1,"role":"Admin-1 capital"},"geometry":{"type":"Point","coordinates":[-8.231595,4.674103]}},{"type":"Feature","id":"capital-1-1159117163","properties":{"name":"Voinjama","localName":"Voinjama","countryCode":"LBR","country":"Liberia","division":"Lofa","qid":"Q1024888","rank":7,"level":1,"role":"Admin-1 capital"},"geometry":{"type":"Point","coordinates":[-9.749996,8.416701]}},{"type":"Feature","id":"capital-1-1159117193","properties":{"name":"Bensonville","localName":"Bensonville","countryCode":"LBR","country":"Liberia","division":"Montserrado","qid":"Q818201","rank":4,"level":1,"role":"Admin-1 capital"},"geometry":{"type":"Point","coordinates":[-10.600001,6.433299]}},{"type":"Feature","id":"capital-1-1159117211","properties":{"name":"Kakata","localName":"Kakata","countryCode":"LBR","country":"Liberia","division":"Margibi","qid":"Q426891","rank":7,"level":1,"role":"Admin-1 capital"},"geometry":{"type":"Point","coordinates":[-10.349001,6.525999]}},{"type":"Feature","id":"capital-1-1159117233","properties":{"name":"Sanniquellie","localName":"Sanniquellie","countryCode":"LBR","country":"Liberia","division":"Nimba","qid":"Q1968465","rank":6,"level":1,"role":"Admin-1 capital"},"geometry":{"type":"Point","coordinates":[-8.684999,7.371]}},{"type":"Feature","id":"capital-1-1159117251","properties":{"name":"River Cess","localName":"Rivercess","countryCode":"LBR","country":"Liberia","division":"River Cess","qid":"Q1057594","rank":4,"level":1,"role":"Admin-1 capital"},"geometry":{"type":"Point","coordinates":[-9.577997,5.464998]}},{"type":"Feature","id":"capital-1-1159117259","properties":{"name":"Potenza","localName":"Potenza","countryCode":"ITA","country":"Italy","division":"Basilicata","qid":"Q3543","rank":8,"level":1,"role":"Admin-1 region capital"},"geometry":{"type":"Point","coordinates":[15.798996,40.642002]}},{"type":"Feature","id":"capital-1-1159117283","properties":{"name":"Campobasso","localName":"Campobasso","countryCode":"ITA","country":"Italy","division":"Molise","qid":"Q3497","rank":8,"level":1,"role":"Admin-1 region capital"},"geometry":{"type":"Point","coordinates":[14.655997,41.562999]}},{"type":"Feature","id":"capital-1-1159117307","properties":{"name":"Mafraq","localName":"Al Mafraq","countryCode":"JOR","country":"Jordan","division":"Mafraq","qid":"Q276747","rank":8,"level":1,"role":"Admin-1 capital"},"geometry":{"type":"Point","coordinates":[36.233298,32.283297]}},{"type":"Feature","id":"capital-1-1159117321","properties":{"name":"Tafilah","localName":"At Tafilah","countryCode":"JOR","country":"Jordan","division":"Tafilah","qid":"Q2550996","rank":7,"level":1,"role":"Admin-1 capital"},"geometry":{"type":"Point","coordinates":[35.600005,30.833334]}},{"type":"Feature","id":"capital-1-1159117345","properties":{"name":"Ma'an","localName":"Ma'an","countryCode":"JOR","country":"Jordan","division":"Ma`an","qid":"Q31616","rank":8,"level":1,"role":"Admin-1 capital"},"geometry":{"type":"Point","coordinates":[35.736004,30.192003]}},{"type":"Feature","id":"capital-1-1159117361","properties":{"name":"Aosta","localName":"Aosta","countryCode":"ITA","country":"Italy","division":"Valle d'Aosta","qid":"Q3367","rank":7,"level":1,"role":"Admin-1 region capital"},"geometry":{"type":"Point","coordinates":[7.315003,45.737001]}},{"type":"Feature","id":"capital-1-1159117375","properties":{"name":"Diekirch","localName":"Diekirch","countryCode":"LUX","country":"Luxembourg","division":"Diekirch","qid":"Q16050","rank":5,"level":1,"role":"Admin-1 capital"},"geometry":{"type":"Point","coordinates":[6.166702,49.883301]}},{"type":"Feature","id":"capital-1-1159117399","properties":{"name":"Grevenmacher","localName":"Grevenmacher","countryCode":"LUX","country":"Luxembourg","division":"Grevenmacher","qid":"Q215826","rank":4,"level":1,"role":"Admin-1 capital"},"geometry":{"type":"Point","coordinates":[6.425599,49.679753]}},{"type":"Feature","id":"capital-1-1159117415","properties":{"name":"Kangar","localName":"Kangar","countryCode":"MYS","country":"Malaysia","division":"Perlis","qid":"Q921155","rank":8,"level":1,"role":"Admin-1 capital"},"geometry":{"type":"Point","coordinates":[100.189999,6.433002]}},{"type":"Feature","id":"capital-1-1159117441","properties":{"name":"Kuala Lipis","localName":"Kuala Lipis","countryCode":"MYS","country":"Malaysia","division":"Pahang","qid":"Q2240800","rank":6,"level":1,"role":"Admin-1 capital"},"geometry":{"type":"Point","coordinates":[102.042001,4.184001]}},{"type":"Feature","id":"capital-1-1159117459","properties":{"name":"Shah Alam","localName":"Shah Alam","countryCode":"MYS","country":"Malaysia","division":"Selangor","qid":"Q500033","rank":10,"level":1,"role":"Admin-1 capital"},"geometry":{"type":"Point","coordinates":[101.549998,3.066696]}},{"type":"Feature","id":"capital-1-1159117473","properties":{"name":"Nyeri","localName":"Nyeri","countryCode":"KEN","country":"Kenya","division":"Central","qid":"Q380130","rank":8,"level":1,"role":"Admin-1 capital"},"geometry":{"type":"Point","coordinates":[36.951004,-0.416997]}},{"type":"Feature","id":"capital-1-1159117491","properties":{"name":"Teyateyaneng","localName":"Teyateyaneng","countryCode":"LSO","country":"Lesotho","division":"Berea","qid":"Q844423","rank":5,"level":1,"role":"Admin-1 capital"},"geometry":{"type":"Point","coordinates":[27.753003,-29.152998]}},{"type":"Feature","id":"capital-1-1159117509","properties":{"name":"Mohale's Hoek","localName":"Mohales Hoek","countryCode":"LSO","country":"Lesotho","division":"Mohale's Hoek","qid":"Q1818943","rank":7,"level":1,"role":"Admin-1 capital"},"geometry":{"type":"Point","coordinates":[27.479997,-30.159]}},{"type":"Feature","id":"capital-1-1159117539","properties":{"name":"Quthing","localName":"Moyeni","countryCode":"LSO","country":"Lesotho","division":"Quthing","qid":"Q1003318","rank":7,"level":1,"role":"Admin-1 capital"},"geometry":{"type":"Point","coordinates":[27.716005,-30.411]}},{"type":"Feature","id":"capital-1-1159117545","properties":{"name":"Hlotse","localName":"Hlotse","countryCode":"LSO","country":"Lesotho","division":"Leribe","qid":"Q993076","rank":7,"level":1,"role":"Admin-1 capital"},"geometry":{"type":"Point","coordinates":[28.055998,-28.878003]}},{"type":"Feature","id":"capital-1-1159117565","properties":{"name":"Butha-Buthe","localName":"Butha-Buthe","countryCode":"LSO","country":"Lesotho","division":"Leribe","qid":"Q382249","rank":6,"level":1,"role":"Admin-1 capital"},"geometry":{"type":"Point","coordinates":[28.250002,-28.749996]}},{"type":"Feature","id":"capital-1-1159117591","properties":{"name":"Mokhotlong","localName":"Mokhotlong","countryCode":"LSO","country":"Lesotho","division":"Mokhotlong","qid":"Q1013428","rank":5,"level":1,"role":"Admin-1 capital"},"geometry":{"type":"Point","coordinates":[29.078001,-29.291004]}},{"type":"Feature","id":"capital-1-1159117611","properties":{"name":"Ahuachapán","localName":"Ahuachapán","countryCode":"SLV","country":"El Salvador","division":"Ahuachapán","qid":"Q186935","rank":7,"level":1,"role":"Admin-1 capital"},"geometry":{"type":"Point","coordinates":[-89.845001,13.919004]}},{"type":"Feature","id":"capital-1-1159117629","properties":{"name":"Cojutepeque","localName":"Cojutepeque","countryCode":"SLV","country":"El Salvador","division":"Cuscatlán","qid":"Q2565407","rank":7,"level":1,"role":"Admin-1 capital"},"geometry":{"type":"Point","coordinates":[-88.933302,13.716702]}},{"type":"Feature","id":"capital-1-1159117637","properties":{"name":"Santa Tecla","localName":"Nueva San Salvador","countryCode":"SLV","country":"El Salvador","division":"La Libertad","qid":"Q723246","rank":9,"level":1,"role":"Admin-1 capital"},"geometry":{"type":"Point","coordinates":[-89.289998,13.673997]}},{"type":"Feature","id":"capital-1-1159117657","properties":{"name":"Zacatecoluca","localName":"Zacatecoluca","countryCode":"SLV","country":"El Salvador","division":"La Paz","qid":"Q139248","rank":7,"level":1,"role":"Admin-1 capital"},"geometry":{"type":"Point","coordinates":[-88.867998,13.508001]}},{"type":"Feature","id":"capital-1-1159117687","properties":{"name":"La Unión","localName":"La Unión","countryCode":"SLV","country":"El Salvador","division":"La Unión","qid":"Q2420477","rank":7,"level":1,"role":"Admin-1 capital"},"geometry":{"type":"Point","coordinates":[-87.839,13.331997]}},{"type":"Feature","id":"capital-1-1159117693","properties":{"name":"San Francisco Gotera","localName":"San Francisco Gotera","countryCode":"SLV","country":"El Salvador","division":"Morazán","qid":"Q969396","rank":6,"level":1,"role":"Admin-1 capital"},"geometry":{"type":"Point","coordinates":[-88.1,13.699998]}},{"type":"Feature","id":"capital-1-1159117711","properties":{"name":"San Vicente","localName":"San Vicente","countryCode":"SLV","country":"El Salvador","division":"San Vicente","qid":"Q1094372","rank":7,"level":1,"role":"Admin-1 capital"},"geometry":{"type":"Point","coordinates":[-88.785,13.641003]}},{"type":"Feature","id":"capital-1-1159117729","properties":{"name":"Usulután","localName":"Usulután","countryCode":"SLV","country":"El Salvador","division":"Usulután","qid":"Q1018092","rank":8,"level":1,"role":"Admin-1 capital"},"geometry":{"type":"Point","coordinates":[-88.432002,13.346001]}},{"type":"Feature","id":"capital-1-1159117743","properties":{"name":"Chalatenango","localName":"Chalatenango","countryCode":"SLV","country":"El Salvador","division":"Chalatenango","qid":"Q2290501","rank":7,"level":1,"role":"Admin-1 capital"},"geometry":{"type":"Point","coordinates":[-88.906737,14.009527]}},{"type":"Feature","id":"capital-1-1159117759","properties":{"name":"Lucea","localName":"Lucea","countryCode":"JAM","country":"Jamaica","division":"Hanover","qid":"Q1632220","rank":5,"level":1,"role":"Admin-1 capital"},"geometry":{"type":"Point","coordinates":[-78.179004,18.442998]}},{"type":"Feature","id":"capital-1-1159117775","properties":{"name":"Mandeville","localName":"Mandeville","countryCode":"JAM","country":"Jamaica","division":"Manchester","qid":"Q1807660","rank":7,"level":1,"role":"Admin-1 capital"},"geometry":{"type":"Point","coordinates":[-77.499999,18.033003]}},{"type":"Feature","id":"capital-1-1159117791","properties":{"name":"Black River","localName":"Black River","countryCode":"JAM","country":"Jamaica","division":"Saint Elizabeth","qid":"Q880512","rank":4,"level":1,"role":"Admin-1 capital"},"geometry":{"type":"Point","coordinates":[-77.851997,18.030996]}},{"type":"Feature","id":"capital-1-1159117809","properties":{"name":"Falmouth","localName":"Falmouth","countryCode":"JAM","country":"Jamaica","division":"Trelawny","qid":"Q1394786","rank":5,"level":1,"role":"Admin-1 capital"},"geometry":{"type":"Point","coordinates":[-77.65605,18.479583]}},{"type":"Feature","id":"capital-1-1159117825","properties":{"name":"Savanna-la-Mar","localName":"Savanna-la-Mar","countryCode":"JAM","country":"Jamaica","division":"Westmoreland","qid":"Q305508","rank":7,"level":1,"role":"Admin-1 capital"},"geometry":{"type":"Point","coordinates":[-77.948001,18.163998]}},{"type":"Feature","id":"capital-1-1159117841","properties":{"name":"Port Antonio","localName":"Port Antonio","countryCode":"JAM","country":"Jamaica","division":"Portland","qid":"Q162782","rank":6,"level":1,"role":"Admin-1 capital"},"geometry":{"type":"Point","coordinates":[-76.380003,18.159003]}},{"type":"Feature","id":"capital-1-1159117855","properties":{"name":"Saint Ann's Bay","localName":"Saint Ann's Bay","countryCode":"JAM","country":"Jamaica","division":"Saint Ann","qid":"Q630692","rank":6,"level":1,"role":"Admin-1 capital"},"geometry":{"type":"Point","coordinates":[-77.199524,18.432639]}},{"type":"Feature","id":"capital-1-1159117871","properties":{"name":"Port Maria","localName":"Port Maria","countryCode":"JAM","country":"Jamaica","division":"Saint Mary","qid":"Q265115","rank":5,"level":1,"role":"Admin-1 capital"},"geometry":{"type":"Point","coordinates":[-76.899996,18.377001]}},{"type":"Feature","id":"capital-1-1159117887","properties":{"name":"Half Way Tree","localName":"Half Way Tree","countryCode":"JAM","country":"Jamaica","division":"Saint Andrew","qid":"Q1423367","rank":8,"level":1,"role":"Admin-1 capital"},"geometry":{"type":"Point","coordinates":[-76.799997,18.0333]}},{"type":"Feature","id":"capital-1-1159117905","properties":{"name":"Port Morant","localName":"Port Morant","countryCode":"JAM","country":"Jamaica","division":"Saint Thomas","qid":"Q7230807","rank":6,"level":1,"role":"Admin-1 capital"},"geometry":{"type":"Point","coordinates":[-76.329,17.891001]}},{"type":"Feature","id":"capital-1-1159117927","properties":{"name":"Sabaneta","localName":"Sabaneta","countryCode":"DOM","country":"Dominican Republic","division":"Santiago Rodríguez","qid":"Q2021983","rank":6,"level":1,"role":"Admin-1 capital"},"geometry":{"type":"Point","coordinates":[-71.344988,19.504998]}},{"type":"Feature","id":"capital-1-1159117953","properties":{"name":"Mao","localName":"Mao","countryCode":"DOM","country":"Dominican Republic","division":"Valverde","qid":"Q692560","rank":7,"level":1,"role":"Admin-1 capital"},"geometry":{"type":"Point","coordinates":[-71.074997,19.551996]}},{"type":"Feature","id":"capital-1-1159117969","properties":{"name":"Cotuí","localName":"Cotuí","countryCode":"DOM","country":"Dominican Republic","division":"Sánchez Ramírez","qid":"Q2087489","rank":7,"level":1,"role":"Admin-1 capital"},"geometry":{"type":"Point","coordinates":[-70.152003,19.059003]}},{"type":"Feature","id":"capital-1-1159117991","properties":{"name":"Evinayong","localName":"Evinayong","countryCode":"GNQ","country":"Equatorial Guinea","division":"Centro Sur","qid":"Q1988320","rank":5,"level":1,"role":"Admin-1 capital"},"geometry":{"type":"Point","coordinates":[10.566703,1.449999]}},{"type":"Feature","id":"capital-1-1159118007","properties":{"name":"Luba","localName":"Luba","countryCode":"GNQ","country":"Equatorial Guinea","division":"Bioko Sur","qid":"Q985548","rank":5,"level":1,"role":"Admin-1 capital"},"geometry":{"type":"Point","coordinates":[8.55,3.449997]}},{"type":"Feature","id":"capital-1-1159118027","properties":{"name":"Šibenik","localName":"Šibenik","countryCode":"HRV","country":"Croatia","division":"Šibensko-Kninska","qid":"Q3549","rank":7,"level":1,"role":"Admin-1 capital"},"geometry":{"type":"Point","coordinates":[15.905833,43.727222]}},{"type":"Feature","id":"capital-1-1159118087","properties":{"name":"Shibin Al Kawm","localName":"Shibin el Kom","countryCode":"EGY","country":"Egypt","division":"Al Minufiyah","qid":"Q31350","rank":9,"level":1,"role":"Admin-1 capital"},"geometry":{"type":"Point","coordinates":[31.006953,30.554482]}},{"type":"Feature","id":"capital-1-1159118097","properties":{"name":"Banha","localName":"Benha","countryCode":"EGY","country":"Egypt","division":"Al Qalyubiyah","qid":"Q336966","rank":9,"level":1,"role":"Admin-1 capital"},"geometry":{"type":"Point","coordinates":[31.183336,30.466665]}},{"type":"Feature","id":"capital-1-1159118123","properties":{"name":"Zagazig","localName":"Zagazig","countryCode":"EGY","country":"Egypt","division":"Ash Sharqiyah","qid":"Q140304","rank":10,"level":1,"role":"Admin-1 capital"},"geometry":{"type":"Point","coordinates":[31.51666,30.583332]}},{"type":"Feature","id":"capital-1-1159118131","properties":{"name":"Kafr el-Sheikh","localName":"Kafr el Sheikh","countryCode":"EGY","country":"Egypt","division":"Kafr ash Shaykh","qid":"Q328176","rank":9,"level":1,"role":"Admin-1 capital"},"geometry":{"type":"Point","coordinates":[30.935998,31.109004]}},{"type":"Feature","id":"capital-1-1159118161","properties":{"name":"Dikhil","localName":"Dikhil","countryCode":"DJI","country":"Djibouti","division":"Dikhil","qid":"Q620625","rank":6,"level":1,"role":"Admin-1 capital"},"geometry":{"type":"Point","coordinates":[42.372001,11.104002]}},{"type":"Feature","id":"capital-1-1159118179","properties":{"name":"Tadjoura","localName":"Tadjoura","countryCode":"DJI","country":"Djibouti","division":"Tadjourah","qid":"Q820972","rank":7,"level":1,"role":"Admin-1 capital"},"geometry":{"type":"Point","coordinates":[42.900003,11.783304]}},{"type":"Feature","id":"capital-1-1159118197","properties":{"name":"Haapsalu","localName":"Haapsalu","countryCode":"EST","country":"Estonia","division":"Lääne","qid":"Q191106","rank":6,"level":1,"role":"Admin-1 capital"},"geometry":{"type":"Point","coordinates":[23.541389,58.943056]}},{"type":"Feature","id":"capital-1-1159118215","properties":{"name":"Hawalli","localName":"Hawalli","countryCode":"KWT","country":"Kuwait","division":"Hawalli","qid":"Q3235220","rank":9,"level":1,"role":"Admin-1 capital"},"geometry":{"type":"Point","coordinates":[47.999998,29.33334]}},{"type":"Feature","id":"capital-1-1159118229","properties":{"name":"Buluko","localName":"Buluko","countryCode":"COD","country":"DR Congo","division":"Nord-Kivu","qid":null,"rank":3,"level":1,"role":"Admin-1 capital"},"geometry":{"type":"Point","coordinates":[28.528002,-0.756999]}},{"type":"Feature","id":"capital-1-1159118249","properties":{"name":"Mzimba","localName":"Mzimba","countryCode":"MWI","country":"Malawi","division":"Mzimba","qid":"Q1666876","rank":6,"level":1,"role":"Admin-1 capital"},"geometry":{"type":"Point","coordinates":[33.6,-11.9]}},{"type":"Feature","id":"capital-1-1159118269","properties":{"name":"Machinga","localName":"Machinga","countryCode":"MWI","country":"Malawi","division":"Machinga","qid":"Q12810684","rank":3,"level":1,"role":"Admin-1 capital"},"geometry":{"type":"Point","coordinates":[35.301665,-15.176186]}},{"type":"Feature","id":"capital-1-1159118287","properties":{"name":"Dedza","localName":"Dedza","countryCode":"MWI","country":"Malawi","division":"Dedza","qid":"Q1182266","rank":6,"level":1,"role":"Admin-1 capital"},"geometry":{"type":"Point","coordinates":[34.333333,-14.366667]}},{"type":"Feature","id":"capital-1-1159118305","properties":{"name":"Mchinji","localName":"Mchinji","countryCode":"MWI","country":"Malawi","division":"Mchinji","qid":"Q1188150","rank":6,"level":1,"role":"Admin-1 capital"},"geometry":{"type":"Point","coordinates":[32.9,-13.8]}},{"type":"Feature","id":"capital-1-1159118323","properties":{"name":"Ntcheu","localName":"Ntcheu","countryCode":"MWI","country":"Malawi","division":"Ntcheu","qid":"Q1022517","rank":6,"level":1,"role":"Admin-1 capital"},"geometry":{"type":"Point","coordinates":[34.633333,-14.816667]}},{"type":"Feature","id":"capital-1-1159118337","properties":{"name":"Chiradzulu","localName":"Chiradzulu","countryCode":"MWI","country":"Malawi","division":"Chiradzulu","qid":"Q1022529","rank":3,"level":1,"role":"Admin-1 capital"},"geometry":{"type":"Point","coordinates":[35.183333,-15.7]}},{"type":"Feature","id":"capital-1-1159118357","properties":{"name":"Nsanje","localName":"Nsanje","countryCode":"MWI","country":"Malawi","division":"Nsanje","qid":"Q1939876","rank":7,"level":1,"role":"Admin-1 capital"},"geometry":{"type":"Point","coordinates":[35.266667,-16.916667]}},{"type":"Feature","id":"capital-1-1159118375","properties":{"name":"Mwanza","localName":"Mwanza","countryCode":"MWI","country":"Malawi","division":"Mwanza","qid":"Q1416015","rank":6,"level":1,"role":"Admin-1 capital"},"geometry":{"type":"Point","coordinates":[34.516667,-15.616667]}},{"type":"Feature","id":"capital-1-1159118389","properties":{"name":"Mulanje","localName":"Mulanje","countryCode":"MWI","country":"Malawi","division":"Mulanje","qid":"Q1865092","rank":6,"level":1,"role":"Admin-1 capital"},"geometry":{"type":"Point","coordinates":[35.5,-16.033333]}},{"type":"Feature","id":"capital-1-1159118411","properties":{"name":"Salamá","localName":"Salamá","countryCode":"GTM","country":"Guatemala","division":"Baja Verapaz","qid":"Q1023655","rank":7,"level":1,"role":"Admin-1 capital"},"geometry":{"type":"Point","coordinates":[-90.314001,15.102999]}},{"type":"Feature","id":"capital-1-1159118429","properties":{"name":"Retalhuleu","localName":"Retalhuleu","countryCode":"GTM","country":"Guatemala","division":"Retalhuleu","qid":"Q1023393","rank":7,"level":1,"role":"Admin-1 capital"},"geometry":{"type":"Point","coordinates":[-91.677014,14.537097]}},{"type":"Feature","id":"capital-1-1159118447","properties":{"name":"San Marcos","localName":"San Marcos","countryCode":"GTM","country":"Guatemala","division":"San Marcos","qid":"Q1023981","rank":7,"level":1,"role":"Admin-1 capital"},"geometry":{"type":"Point","coordinates":[-91.799999,14.966001]}},{"type":"Feature","id":"capital-1-1159118467","properties":{"name":"Chimaltenango","localName":"Chimaltenango","countryCode":"GTM","country":"Guatemala","division":"Chimaltenango","qid":"Q1002552","rank":8,"level":1,"role":"Admin-1 capital"},"geometry":{"type":"Point","coordinates":[-90.819998,14.661999]}},{"type":"Feature","id":"capital-1-1159118485","properties":{"name":"Antigua Guatemala","localName":"Antigua Guatemala","countryCode":"GTM","country":"Guatemala","division":"Sacatepéquez","qid":"Q212773","rank":7,"level":1,"role":"Admin-1 capital"},"geometry":{"type":"Point","coordinates":[-90.733302,14.566698]}},{"type":"Feature","id":"capital-1-1159118501","properties":{"name":"Sololá","localName":"Sololá","countryCode":"GTM","country":"Guatemala","division":"Sololá","qid":"Q602423","rank":7,"level":1,"role":"Admin-1 capital"},"geometry":{"type":"Point","coordinates":[-91.182996,14.772996]}},{"type":"Feature","id":"capital-1-1159118521","properties":{"name":"Totonicapán","localName":"Totonicapán","countryCode":"GTM","country":"Guatemala","division":"Totonicapán","qid":"Q837035","rank":8,"level":1,"role":"Admin-1 capital"},"geometry":{"type":"Point","coordinates":[-91.358001,14.913999]}},{"type":"Feature","id":"capital-1-1159118531","properties":{"name":"El Progreso","localName":"El Progreso","countryCode":"GTM","country":"Guatemala","division":"El Progreso","qid":"Q686756","rank":9,"level":1,"role":"Admin-1 capital"},"geometry":{"type":"Point","coordinates":[-90.016208,14.922294]}},{"type":"Feature","id":"capital-1-1159118557","properties":{"name":"Cuilapa","localName":"Cuilapa","countryCode":"GTM","country":"Guatemala","division":"Santa Rosa","qid":"Q1015941","rank":6,"level":1,"role":"Admin-1 capital"},"geometry":{"type":"Point","coordinates":[-90.297999,14.279004]}},{"type":"Feature","id":"capital-1-1159118571","properties":{"name":"Chiquimula","localName":"Chiquimula","countryCode":"GTM","country":"Guatemala","division":"Chiquimula","qid":"Q261613","rank":7,"level":1,"role":"Admin-1 capital"},"geometry":{"type":"Point","coordinates":[-89.543997,14.796999]}},{"type":"Feature","id":"capital-1-1159118593","properties":{"name":"Jalapa","localName":"Jalapa","countryCode":"GTM","country":"Guatemala","division":"Jalapa","qid":"Q1023359","rank":7,"level":1,"role":"Admin-1 capital"},"geometry":{"type":"Point","coordinates":[-89.989002,14.633001]}},{"type":"Feature","id":"capital-1-1159118607","properties":{"name":"Zacapa","localName":"Zacapa","countryCode":"GTM","country":"Guatemala","division":"Zacapa","qid":"Q139179","rank":7,"level":1,"role":"Admin-1 capital"},"geometry":{"type":"Point","coordinates":[-89.529003,14.972004]}},{"type":"Feature","id":"capital-1-1159118621","properties":{"name":"Puerto Plata","localName":"Puerto Plata","countryCode":"DOM","country":"Dominican Republic","division":"Puerto Plata","qid":"Q988413","rank":9,"level":1,"role":"Admin-1 capital"},"geometry":{"type":"Point","coordinates":[-70.690247,19.790217]}},{"type":"Feature","id":"capital-1-1159118639","properties":{"name":"Dajabón","localName":"Dajabón","countryCode":"DOM","country":"Dominican Republic","division":"Dajabón","qid":"Q1969407","rank":6,"level":1,"role":"Admin-1 capital"},"geometry":{"type":"Point","coordinates":[-71.704998,19.548]}},{"type":"Feature","id":"capital-1-1159118655","properties":{"name":"Moca","localName":"Moca","countryCode":"DOM","country":"Dominican Republic","division":"Espaillat","qid":"Q1241374","rank":8,"level":1,"role":"Admin-1 capital"},"geometry":{"type":"Point","coordinates":[-70.523001,19.396998]}},{"type":"Feature","id":"capital-1-1159118673","properties":{"name":"Salcedo","localName":"Salcedo","countryCode":"DOM","country":"Dominican Republic","division":"Hermanas","qid":"Q1023951","rank":7,"level":1,"role":"Admin-1 capital"},"geometry":{"type":"Point","coordinates":[-70.416702,19.383003]}},{"type":"Feature","id":"capital-1-1159118691","properties":{"name":"Jimaní","localName":"Jimaní","countryCode":"DOM","country":"Dominican Republic","division":"Independencia","qid":"Q1409818","rank":5,"level":1,"role":"Admin-1 capital"},"geometry":{"type":"Point","coordinates":[-71.850995,18.493002]}},{"type":"Feature","id":"capital-1-1159118711","properties":{"name":"Comendador","localName":"Comendador","countryCode":"DOM","country":"Dominican Republic","division":"Elias Pina","qid":"Q617647","rank":7,"level":1,"role":"Admin-1 capital"},"geometry":{"type":"Point","coordinates":[-71.706996,18.875997]}},{"type":"Feature","id":"capital-1-1159118729","properties":{"name":"Pedernales","localName":"Pedernales","countryCode":"DOM","country":"Dominican Republic","division":"Pedernales","qid":"Q2628384","rank":6,"level":1,"role":"Admin-1 capital"},"geometry":{"type":"Point","coordinates":[-71.740998,18.037998]}},{"type":"Feature","id":"capital-1-1159118747","properties":{"name":"Azua","localName":"Azua","countryCode":"DOM","country":"Dominican Republic","division":"Azua","qid":"Q1836680","rank":8,"level":1,"role":"Admin-1 capital"},"geometry":{"type":"Point","coordinates":[-70.729002,18.453996]}},{"type":"Feature","id":"capital-1-1159118765","properties":{"name":"Bonao","localName":"Bonao","countryCode":"DOM","country":"Dominican Republic","division":"Monseñor Nouel","qid":"Q2306136","rank":8,"level":1,"role":"Admin-1 capital"},"geometry":{"type":"Point","coordinates":[-70.408998,18.942003]}},{"type":"Feature","id":"capital-1-1159118785","properties":{"name":"Baní","localName":"Baní","countryCode":"DOM","country":"Dominican Republic","division":"Peravia","qid":"Q1902349","rank":8,"level":1,"role":"Admin-1 capital"},"geometry":{"type":"Point","coordinates":[-70.331003,18.279999]}},{"type":"Feature","id":"capital-1-1159118801","properties":{"name":"Hato Mayor del Rey","localName":"Hato Mayor","countryCode":"DOM","country":"Dominican Republic","division":"Hato Mayor","qid":"Q2427660","rank":7,"level":1,"role":"Admin-1 capital"},"geometry":{"type":"Point","coordinates":[-69.256997,18.764001]}},{"type":"Feature","id":"capital-1-1159118825","properties":{"name":"Monte Plata","localName":"Monte Plata","countryCode":"DOM","country":"Dominican Republic","division":"Monte Plata","qid":"Q634487","rank":6,"level":1,"role":"Admin-1 capital"},"geometry":{"type":"Point","coordinates":[-69.784002,18.807003]}},{"type":"Feature","id":"capital-1-1159118841","properties":{"name":"Nagua","localName":"Nagua","countryCode":"DOM","country":"Dominican Republic","division":"María Trinidad Sánchez","qid":"Q2306984","rank":7,"level":1,"role":"Admin-1 capital"},"geometry":{"type":"Point","coordinates":[-69.847002,19.376001]}},{"type":"Feature","id":"capital-1-1159118863","properties":{"name":"Samaná","localName":"Samaná","countryCode":"DOM","country":"Dominican Republic","division":"Samaná","qid":"Q579950","rank":6,"level":1,"role":"Admin-1 capital"},"geometry":{"type":"Point","coordinates":[-69.332004,19.212003]}},{"type":"Feature","id":"capital-1-1159118885","properties":{"name":"San Cristóbal","localName":"San Cristóbal","countryCode":"DOM","country":"Dominican Republic","division":"San Cristóbal","qid":"Q373759","rank":9,"level":1,"role":"Admin-1 capital"},"geometry":{"type":"Point","coordinates":[-70.109,18.415998]}},{"type":"Feature","id":"capital-1-1159118907","properties":{"name":"Santa Cruz del Seibo","localName":"El Seibo","countryCode":"DOM","country":"Dominican Republic","division":"El Seybo","qid":"Q2420339","rank":7,"level":1,"role":"Admin-1 capital"},"geometry":{"type":"Point","coordinates":[-69.035004,18.764001]}},{"type":"Feature","id":"capital-1-1159118923","properties":{"name":"Salvaleón de Higüey","localName":"Higuey","countryCode":"DOM","country":"Dominican Republic","division":"La Altagracia","qid":"Q1020261","rank":9,"level":1,"role":"Admin-1 capital"},"geometry":{"type":"Point","coordinates":[-68.707998,18.615996]}},{"type":"Feature","id":"capital-1-1159118935","properties":{"name":"Janjanbureh","localName":"Georgetown","countryCode":"GMB","country":"Gambia","division":"Maccarthy Island","qid":"Q1002786","rank":4,"level":1,"role":"Admin-1 capital"},"geometry":{"type":"Point","coordinates":[-14.767001,13.551003]}},{"type":"Feature","id":"capital-1-1159118951","properties":{"name":"Basse Santa Su","localName":"Basse Santa Su","countryCode":"GMB","country":"Gambia","division":"Upper River","qid":"Q153498","rank":6,"level":1,"role":"Admin-1 capital"},"geometry":{"type":"Point","coordinates":[-14.222997,13.310001]}},{"type":"Feature","id":"capital-1-1159118969","properties":{"name":"Kerewan","localName":"Kerewan","countryCode":"GMB","country":"Gambia","division":"Lower River","qid":"Q1478583","rank":4,"level":1,"role":"Admin-1 capital"},"geometry":{"type":"Point","coordinates":[-16.094997,13.493997]}},{"type":"Feature","id":"capital-1-1159118993","properties":{"name":"Mansa Konko","localName":"Mansa Konko","countryCode":"GMB","country":"Gambia","division":"Lower River","qid":"Q972281","rank":6,"level":1,"role":"Admin-1 capital"},"geometry":{"type":"Point","coordinates":[-15.543324,13.454894]}},{"type":"Feature","id":"capital-1-1159119007","properties":{"name":"Sunyani","localName":"Sunyani","countryCode":"GHA","country":"Ghana","division":"Brong Ahafo","qid":"Q406037","rank":8,"level":1,"role":"Admin-1 capital"},"geometry":{"type":"Point","coordinates":[-2.336003,7.335999]}},{"type":"Feature","id":"capital-1-1159119035","properties":{"name":"Ebebiyín","localName":"Ebebiyín","countryCode":"GAB","country":"Gabon","division":"Wouleu-Ntem","qid":"Q911358","rank":7,"level":1,"role":"Admin-1 capital"},"geometry":{"type":"Point","coordinates":[11.330002,2.152998]}},{"type":"Feature","id":"capital-1-1159119053","properties":{"name":"Viljandi","localName":"Viljandi","countryCode":"EST","country":"Estonia","division":"Viljandi","qid":"Q44840","rank":7,"level":1,"role":"Admin-1 capital"},"geometry":{"type":"Point","coordinates":[25.59,58.363889]}},{"type":"Feature","id":"capital-1-1159119065","properties":{"name":"Tchibanga","localName":"Tchibanga","countryCode":"GAB","country":"Gabon","division":"Nyanga","qid":"Q690421","rank":6,"level":1,"role":"Admin-1 capital"},"geometry":{"type":"Point","coordinates":[10.997289,-2.921483]}},{"type":"Feature","id":"capital-1-1159119097","properties":{"name":"Madingou","localName":"Madingou","countryCode":"COG","country":"Congo","division":"Bouenza","qid":"Q1971302","rank":7,"level":1,"role":"Admin-1 capital"},"geometry":{"type":"Point","coordinates":[13.554001,-4.164003]}},{"type":"Feature","id":"capital-1-1159119107","properties":{"name":"Lamia","localName":"Lamia","countryCode":"GRC","country":"Greece","division":"Stereá Elláda","qid":"Q192980","rank":7,"level":1,"role":"Admin-1 capital"},"geometry":{"type":"Point","coordinates":[22.434004,38.898999]}},{"type":"Feature","id":"capital-1-1159119133","properties":{"name":"Polygyros","localName":"Polygyros","countryCode":"GRC","country":"Greece","division":"Kentriki Makedonia","qid":"Q14201950","rank":5,"level":1,"role":"Admin-1 capital"},"geometry":{"type":"Point","coordinates":[23.453001,40.381002]}},{"type":"Feature","id":"capital-1-1159119151","properties":{"name":"Komotini","localName":"Komatini","countryCode":"GRC","country":"Greece","division":"Anatoliki Makedonia kai Thraki","qid":"Q208403","rank":7,"level":1,"role":"Admin-1 capital"},"geometry":{"type":"Point","coordinates":[25.416703,41.133303]}},{"type":"Feature","id":"capital-1-1159119175","properties":{"name":"Baabda","localName":"B'abda","countryCode":"LBN","country":"Lebanon","division":"Mount Lebanon","qid":"Q26454","rank":5,"level":1,"role":"Admin-1 capital"},"geometry":{"type":"Point","coordinates":[35.533296,33.833304]}},{"type":"Feature","id":"capital-1-1159119203","properties":{"name":"Ramla","localName":"Ramla","countryCode":"ISR","country":"Israel","division":"HaMerkaz","qid":"Q221447","rank":8,"level":1,"role":"Admin-1 capital"},"geometry":{"type":"Point","coordinates":[34.866703,31.9167]}},{"type":"Feature","id":"capital-1-1159119221","properties":{"name":"Nabatieh","localName":"Nabatiye et Tahta","countryCode":"LBN","country":"Lebanon","division":"An Nabatiyah","qid":"Q26134","rank":8,"level":1,"role":"Admin-1 capital"},"geometry":{"type":"Point","coordinates":[35.450002,33.383304]}},{"type":"Feature","id":"capital-1-1159119251","properties":{"name":"Hämeenlinna","localName":"Hämeenlinna","countryCode":"FIN","country":"Finland","division":"Tavastia Proper","qid":"Q202158","rank":7,"level":1,"role":"Admin-1 capital"},"geometry":{"type":"Point","coordinates":[24.471999,60.996996]}},{"type":"Feature","id":"capital-1-1159119269","properties":{"name":"Kouvola","localName":"Kouvola","countryCode":"FIN","country":"Finland","division":"Southern Finland","qid":"Q204382","rank":7,"level":1,"role":"Admin-1 capital"},"geometry":{"type":"Point","coordinates":[26.709004,60.876]}},{"type":"Feature","id":"capital-1-1159119287","properties":{"name":"Mikkeli","localName":"Mikkeli","countryCode":"FIN","country":"Finland","division":"Southern Savonia","qid":"Q190583","rank":7,"level":1,"role":"Admin-1 capital"},"geometry":{"type":"Point","coordinates":[27.285003,61.689996]}},{"type":"Feature","id":"capital-1-1159119305","properties":{"name":"Ban Houayxay","localName":"Ban Houayxay","countryCode":"LAO","country":"Laos","division":"Bokeo","qid":"Q717371","rank":5,"level":1,"role":"Admin-1 capital"},"geometry":{"type":"Point","coordinates":[100.412778,20.2775]}},{"type":"Feature","id":"capital-1-1159119325","properties":{"name":"Luang Namtha","localName":"Louang Namtha","countryCode":"LAO","country":"Laos","division":"Louang Namtha","qid":"Q660793","rank":4,"level":1,"role":"Admin-1 capital"},"geometry":{"type":"Point","coordinates":[101.416699,20.950002]}},{"type":"Feature","id":"capital-1-1159119355","properties":{"name":"Champasak","localName":"Champasak","countryCode":"LAO","country":"Laos","division":"Champasak","qid":"Q611444","rank":6,"level":1,"role":"Admin-1 capital"},"geometry":{"type":"Point","coordinates":[105.866704,14.8833]}},{"type":"Feature","id":"capital-1-1159119363","properties":{"name":"Salavan","localName":"Saravan","countryCode":"LAO","country":"Laos","division":"Saravan","qid":"Q2275389","rank":5,"level":1,"role":"Admin-1 capital"},"geometry":{"type":"Point","coordinates":[106.426999,15.715998]}},{"type":"Feature","id":"capital-1-1159119393","properties":{"name":"Xam Neua","localName":"Xam Nua","countryCode":"LAO","country":"Laos","division":"Houaphan","qid":"Q14842846","rank":7,"level":1,"role":"Admin-1 capital"},"geometry":{"type":"Point","coordinates":[104.033305,20.416698]}},{"type":"Feature","id":"capital-1-1159119411","properties":{"name":"Phongsali","localName":"Phongsali","countryCode":"LAO","country":"Laos","division":"Phôngsali","qid":"Q966990","rank":5,"level":1,"role":"Admin-1 capital"},"geometry":{"type":"Point","coordinates":[102.099997,21.683304]}},{"type":"Feature","id":"capital-1-1159119427","properties":{"name":"Attapeu","localName":"Attapu","countryCode":"LAO","country":"Laos","division":"Attapu","qid":"Q757905","rank":4,"level":1,"role":"Admin-1 capital"},"geometry":{"type":"Point","coordinates":[106.839,14.807997]}},{"type":"Feature","id":"capital-1-1159119445","properties":{"name":"Kinkala","localName":"Kinkala","countryCode":"COG","country":"Congo","division":"Pool","qid":"Q667652","rank":6,"level":1,"role":"Admin-1 capital"},"geometry":{"type":"Point","coordinates":[14.761999,-4.356]}},{"type":"Feature","id":"capital-1-1159119463","properties":{"name":"Monaghan","localName":"Muineachan","countryCode":"IRL","country":"Ireland","division":"Monaghan","qid":"Q373901","rank":5,"level":1,"role":"Admin-1 capital"},"geometry":{"type":"Point","coordinates":[-6.966667,54.25]}},{"type":"Feature","id":"capital-1-1159119483","properties":{"name":"Vejle","localName":"Vejle","countryCode":"DNK","country":"Denmark","division":"Syddanmark","qid":"Q27116","rank":8,"level":1,"role":"Admin-1 capital"},"geometry":{"type":"Point","coordinates":[9.534997,55.709001]}},{"type":"Feature","id":"capital-1-1159119497","properties":{"name":"Hillerød","localName":"Hillerød","countryCode":"DNK","country":"Denmark","division":"Hovedstaden","qid":"Q27425","rank":7,"level":1,"role":"Admin-1 capital"},"geometry":{"type":"Point","coordinates":[12.316698,55.933299]}},{"type":"Feature","id":"capital-1-1159119505","properties":{"name":"Sorø","localName":"Sorø","countryCode":"DNK","country":"Denmark","division":"Sjaælland","qid":"Q27858","rank":5,"level":1,"role":"Admin-1 capital"},"geometry":{"type":"Point","coordinates":[11.566702,55.432998]}},{"type":"Feature","id":"capital-1-1159119537","properties":{"name":"Mali","localName":"Mali","countryCode":"GIN","country":"Guinea","division":"Labe","qid":"Q1019078","rank":5,"level":1,"role":"Admin-1 capital"},"geometry":{"type":"Point","coordinates":[-12.301001,12.084003]}},{"type":"Feature","id":"capital-1-1159119553","properties":{"name":"Tougué","localName":"Tongue","countryCode":"GIN","country":"Guinea","division":"Labe","qid":"Q7828837","rank":7,"level":1,"role":"Admin-1 capital"},"geometry":{"type":"Point","coordinates":[-11.670003,11.439999]}},{"type":"Feature","id":"capital-1-1159119571","properties":{"name":"Kouroussa","localName":"Kouroussa","countryCode":"GIN","country":"Guinea","division":"Kankan","qid":"Q731232","rank":6,"level":1,"role":"Admin-1 capital"},"geometry":{"type":"Point","coordinates":[-9.891998,10.653003]}},{"type":"Feature","id":"capital-1-1159119589","properties":{"name":"Pita","localName":"Pita","countryCode":"GIN","country":"Guinea","division":"Mamou","qid":"Q1152701","rank":7,"level":1,"role":"Admin-1 capital"},"geometry":{"type":"Point","coordinates":[-12.401001,11.079999]}},{"type":"Feature","id":"capital-1-1159119601","properties":{"name":"Dalaba","localName":"Dalaba","countryCode":"GIN","country":"Guinea","division":"Mamou","qid":"Q984798","rank":5,"level":1,"role":"Admin-1 capital"},"geometry":{"type":"Point","coordinates":[-12.272004,10.656]}},{"type":"Feature","id":"capital-1-1159119617","properties":{"name":"Boffa","localName":"Boffa","countryCode":"GIN","country":"Guinea","division":"Boke","qid":"Q2908600","rank":4,"level":1,"role":"Admin-1 capital"},"geometry":{"type":"Point","coordinates":[-14.042996,10.185003]}},{"type":"Feature","id":"capital-1-1159119637","properties":{"name":"Koundara","localName":"Koundara","countryCode":"GIN","country":"Guinea","division":"Boke","qid":"Q985374","rank":6,"level":1,"role":"Admin-1 capital"},"geometry":{"type":"Point","coordinates":[-13.295996,12.480003]}},{"type":"Feature","id":"capital-1-1159119665","properties":{"name":"Gaoual","localName":"Gaoual","countryCode":"GIN","country":"Guinea","division":"Boke","qid":"Q3095240","rank":5,"level":1,"role":"Admin-1 capital"},"geometry":{"type":"Point","coordinates":[-13.212998,11.754]}},{"type":"Feature","id":"capital-1-1159119683","properties":{"name":"Télimélé","localName":"Télimélé","countryCode":"GIN","country":"Guinea","division":"Kindia","qid":"Q7862201","rank":7,"level":1,"role":"Admin-1 capital"},"geometry":{"type":"Point","coordinates":[-13.042998,10.905003]}},{"type":"Feature","id":"capital-1-1159119699","properties":{"name":"Forécariah","localName":"Forecariah","countryCode":"GIN","country":"Guinea","division":"Kindia","qid":"Q3077142","rank":6,"level":1,"role":"Admin-1 capital"},"geometry":{"type":"Point","coordinates":[-13.097997,9.430002]}},{"type":"Feature","id":"capital-1-1159119717","properties":{"name":"Beyla","localName":"Beyla","countryCode":"GIN","country":"Guinea","division":"Nzerekore","qid":"Q1076707","rank":6,"level":1,"role":"Admin-1 capital"},"geometry":{"type":"Point","coordinates":[-8.657001,8.686998]}},{"type":"Feature","id":"capital-1-1159119737","properties":{"name":"Guéckédougou","localName":"Gueckedou","countryCode":"GIN","country":"Guinea","division":"Nzerekore","qid":"Q740687","rank":10,"level":1,"role":"Admin-1 capital"},"geometry":{"type":"Point","coordinates":[-10.151001,8.553996]}},{"type":"Feature","id":"capital-1-1159119755","properties":{"name":"Dinguiraye","localName":"Dinguiraye","countryCode":"GIN","country":"Guinea","division":"Faranah","qid":"Q1006013","rank":5,"level":1,"role":"Admin-1 capital"},"geometry":{"type":"Point","coordinates":[-10.726001,11.298996]}},{"type":"Feature","id":"capital-1-1159119773","properties":{"name":"Dabola","localName":"Dabola","countryCode":"GIN","country":"Guinea","division":"Faranah","qid":"Q1100543","rank":6,"level":1,"role":"Admin-1 capital"},"geometry":{"type":"Point","coordinates":[-11.108996,10.747998]}},{"type":"Feature","id":"capital-1-1159119785","properties":{"name":"Touba","localName":"Touba","countryCode":"CIV","country":"Ivory Coast","division":"Bafing","qid":"Q2308752","rank":7,"level":1,"role":"Admin-1 capital"},"geometry":{"type":"Point","coordinates":[-7.684001,8.28]}},{"type":"Feature","id":"capital-1-1159119809","properties":{"name":"Bouaflé","localName":"Bouaflé","countryCode":"CIV","country":"Ivory Coast","division":"Marahoué","qid":"Q1588797","rank":8,"level":1,"role":"Admin-1 capital"},"geometry":{"type":"Point","coordinates":[-5.748002,6.977997]}},{"type":"Feature","id":"capital-1-1159119825","properties":{"name":"Divo","localName":"Divo","countryCode":"CIV","country":"Ivory Coast","division":"Sud-Bandama","qid":"Q1530295","rank":9,"level":1,"role":"Admin-1 capital"},"geometry":{"type":"Point","coordinates":[-5.360004,5.839002]}},{"type":"Feature","id":"capital-1-1159119843","properties":{"name":"Toumodi-Sakassou","localName":"Toumodi","countryCode":"CIV","country":"Ivory Coast","division":"Lacs","qid":"Q3532934","rank":7,"level":1,"role":"Admin-1 capital"},"geometry":{"type":"Point","coordinates":[-5.019002,6.552]}},{"type":"Feature","id":"capital-1-1159119863","properties":{"name":"Aboisso","localName":"Aboisso","countryCode":"CIV","country":"Ivory Coast","division":"Sud-Comoé","qid":"Q521322","rank":7,"level":1,"role":"Admin-1 capital"},"geometry":{"type":"Point","coordinates":[-3.200003,5.466699]}},{"type":"Feature","id":"capital-1-1159119879","properties":{"name":"Santa Cruz del Quiché","localName":"Santa Cruz Del Quiche","countryCode":"GTM","country":"Guatemala","division":"Quiché","qid":"Q693140","rank":7,"level":1,"role":"Admin-1 capital"},"geometry":{"type":"Point","coordinates":[-91.133298,15.033303]}},{"type":"Feature","id":"capital-1-1159119899","properties":{"name":"Buea","localName":"Buea","countryCode":"CMR","country":"Cameroon","division":"Sud-Ouest","qid":"Q312209","rank":8,"level":1,"role":"Admin-1 capital"},"geometry":{"type":"Point","coordinates":[9.231003,4.155003]}},{"type":"Feature","id":"capital-1-1159119919","properties":{"name":"Krujë","localName":"Krujë","countryCode":"ALB","country":"Albania","division":"Durrës","qid":"Q194164","rank":7,"level":1,"role":"Admin-1 capital"},"geometry":{"type":"Point","coordinates":[19.797004,41.518998]}},{"type":"Feature","id":"capital-1-1159119937","properties":{"name":"Fier","localName":"Fier","countryCode":"ALB","country":"Albania","division":"Fier","qid":"Q190897","rank":8,"level":1,"role":"Admin-1 capital"},"geometry":{"type":"Point","coordinates":[19.573003,40.730004]}},{"type":"Feature","id":"capital-1-1159119955","properties":{"name":"Lushnjë","localName":"Lushnjë","countryCode":"ALB","country":"Albania","division":"Fier","qid":"Q212680","rank":7,"level":1,"role":"Admin-1 capital"},"geometry":{"type":"Point","coordinates":[19.716003,40.940001]}},{"type":"Feature","id":"capital-1-1159119975","properties":{"name":"Pukë","localName":"Pukë","countryCode":"ALB","country":"Albania","division":"Shkodër","qid":"Q19310","rank":5,"level":1,"role":"Admin-1 capital"},"geometry":{"type":"Point","coordinates":[19.883305,42.033303]}},{"type":"Feature","id":"capital-1-1159119991","properties":{"name":"Bajram Curri","localName":"Bajram Curri","countryCode":"ALB","country":"Albania","division":"Kukës","qid":"Q18705","rank":5,"level":1,"role":"Admin-1 capital"},"geometry":{"type":"Point","coordinates":[20.083303,42.3333]}},{"type":"Feature","id":"capital-1-1159120009","properties":{"name":"Kukës","localName":"Kukës","countryCode":"ALB","country":"Albania","division":"Kukës","qid":"Q210197","rank":6,"level":1,"role":"Admin-1 capital"},"geometry":{"type":"Point","coordinates":[20.433996,42.083001]}},{"type":"Feature","id":"capital-1-1159120029","properties":{"name":"Saranda","localName":"Sarandë","countryCode":"ALB","country":"Albania","division":"Vlorë","qid":"Q193226","rank":6,"level":1,"role":"Admin-1 capital"},"geometry":{"type":"Point","coordinates":[19.999999,39.877002]}},{"type":"Feature","id":"capital-1-1159120047","properties":{"name":"Ersekë","localName":"Ersekë","countryCode":"ALB","country":"Albania","division":"Korçë","qid":"Q18793","rank":5,"level":1,"role":"Admin-1 capital"},"geometry":{"type":"Point","coordinates":[20.683297,40.333302]}},{"type":"Feature","id":"capital-1-1159120063","properties":{"name":"Pogradec","localName":"Pogradec","countryCode":"ALB","country":"Albania","division":"Kor","qid":"Q73639","rank":7,"level":1,"role":"Admin-1 capital"},"geometry":{"type":"Point","coordinates":[20.664001,40.899996]}},{"type":"Feature","id":"capital-1-1159120077","properties":{"name":"Korçë","localName":"Korçë","countryCode":"ALB","country":"Albania","division":"Korçë","qid":"Q116341","rank":8,"level":1,"role":"Admin-1 capital"},"geometry":{"type":"Point","coordinates":[20.766663,40.616676]}},{"type":"Feature","id":"capital-1-1159120101","properties":{"name":"Berat","localName":"Berat","countryCode":"ALB","country":"Albania","division":"Berat","qid":"Q170244","rank":7,"level":1,"role":"Admin-1 capital"},"geometry":{"type":"Point","coordinates":[19.972,40.709997]}},{"type":"Feature","id":"capital-1-1159120119","properties":{"name":"Çorovodë","localName":"Çorovodë","countryCode":"ALB","country":"Albania","division":"Berat","qid":"Q19307","rank":6,"level":1,"role":"Admin-1 capital"},"geometry":{"type":"Point","coordinates":[20.233297,40.516704]}},{"type":"Feature","id":"capital-1-1159120129","properties":{"name":"Gramsh","localName":"Gramsh","countryCode":"ALB","country":"Albania","division":"Elbasan","qid":"Q18777","rank":6,"level":1,"role":"Admin-1 capital"},"geometry":{"type":"Point","coordinates":[20.199997,40.866696]}},{"type":"Feature","id":"capital-1-1159120149","properties":{"name":"Librazhd","localName":"Librazhd","countryCode":"ALB","country":"Albania","division":"Elbasan","qid":"Q18772","rank":6,"level":1,"role":"Admin-1 capital"},"geometry":{"type":"Point","coordinates":[20.366704,41.200002]}},{"type":"Feature","id":"capital-1-1159120171","properties":{"name":"Tepelenë","localName":"Tepelenë","countryCode":"ALB","country":"Albania","division":"Gjirokastër","qid":"Q81631","rank":6,"level":1,"role":"Admin-1 capital"},"geometry":{"type":"Point","coordinates":[20.033299,40.283298]}},{"type":"Feature","id":"capital-1-1159120189","properties":{"name":"Përmet","localName":"Përmet","countryCode":"ALB","country":"Albania","division":"Gjirokastër","qid":"Q642856","rank":6,"level":1,"role":"Admin-1 capital"},"geometry":{"type":"Point","coordinates":[20.351998,40.233996]}},{"type":"Feature","id":"capital-1-1159120207","properties":{"name":"Gjirokastër","localName":"Gjirokastër","countryCode":"ALB","country":"Albania","division":"Gjirokastër","qid":"Q173690","rank":7,"level":1,"role":"Admin-1 capital"},"geometry":{"type":"Point","coordinates":[20.149003,40.078998]}},{"type":"Feature","id":"capital-1-1159120227","properties":{"name":"Peshkopi","localName":"Peshkopi","countryCode":"ALB","country":"Albania","division":"Dibër","qid":"Q223154","rank":6,"level":1,"role":"Admin-1 capital"},"geometry":{"type":"Point","coordinates":[20.433304,41.683302]}},{"type":"Feature","id":"capital-1-1159120241","properties":{"name":"Burrel","localName":"Burrel","countryCode":"ALB","country":"Albania","division":"Dibër","qid":"Q461313","rank":6,"level":1,"role":"Admin-1 capital"},"geometry":{"type":"Point","coordinates":[20.016001,41.625999]}},{"type":"Feature","id":"capital-1-1159120259","properties":{"name":"Lezhë","localName":"Lezhë","countryCode":"ALB","country":"Albania","division":"Lezhë","qid":"Q169160","rank":6,"level":1,"role":"Admin-1 capital"},"geometry":{"type":"Point","coordinates":[19.654003,41.787999]}},{"type":"Feature","id":"capital-1-1159120277","properties":{"name":"Rrëshen","localName":"Rrëshen","countryCode":"ALB","country":"Albania","division":"Lezhë","qid":"Q18737","rank":6,"level":1,"role":"Admin-1 capital"},"geometry":{"type":"Point","coordinates":[19.816705,41.783301]}},{"type":"Feature","id":"capital-1-1159120297","properties":{"name":"Ashtarak","localName":"Ashtarak","countryCode":"ARM","country":"Armenia","division":"Aragatsotn","qid":"Q39510","rank":6,"level":1,"role":"Admin-1 capital"},"geometry":{"type":"Point","coordinates":[44.359167,40.301667]}},{"type":"Feature","id":"capital-1-1159120321","properties":{"name":"Mons","localName":"Mons","countryCode":"BEL","country":"Belgium","division":"Hainaut","qid":"Q83407","rank":8,"level":1,"role":"Admin-1 capital"},"geometry":{"type":"Point","coordinates":[3.939004,50.445999]}},{"type":"Feature","id":"capital-1-1159120339","properties":{"name":"Hasselt","localName":"Hasselt","countryCode":"BEL","country":"Belgium","division":"Limburg","qid":"Q58780","rank":8,"level":1,"role":"Admin-1 capital"},"geometry":{"type":"Point","coordinates":[5.338536,50.928838]}},{"type":"Feature","id":"capital-1-1159120357","properties":{"name":"Ijevan","localName":"Ijevan","countryCode":"ARM","country":"Armenia","division":"Tavush","qid":"Q62367","rank":6,"level":1,"role":"Admin-1 capital"},"geometry":{"type":"Point","coordinates":[45.149167,40.875556]}},{"type":"Feature","id":"capital-1-1159120381","properties":{"name":"Artashat","localName":"Artashat","countryCode":"ARM","country":"Armenia","division":"Ararat","qid":"Q39560","rank":7,"level":1,"role":"Admin-1 capital"},"geometry":{"type":"Point","coordinates":[44.550556,39.953889]}},{"type":"Feature","id":"capital-1-1159120397","properties":{"name":"Gavar","localName":"Gavarr","countryCode":"ARM","country":"Armenia","division":"Gegharkunik","qid":"Q39565","rank":7,"level":1,"role":"Admin-1 capital"},"geometry":{"type":"Point","coordinates":[45.126667,40.358889]}},{"type":"Feature","id":"capital-1-1159120421","properties":{"name":"Gədəbəy","localName":"Gadabay","countryCode":"AZE","country":"Azerbaijan","division":"G?d?b?y","qid":"Q2352160","rank":5,"level":1,"role":"Admin-1 capital"},"geometry":{"type":"Point","coordinates":[45.816111,40.565556]}},{"type":"Feature","id":"capital-1-1159120437","properties":{"name":"Goranboy","localName":"Goranboy","countryCode":"AZE","country":"Azerbaijan","division":"Goranboy","qid":"Q2352148","rank":5,"level":1,"role":"Admin-1 capital"},"geometry":{"type":"Point","coordinates":[46.789722,40.610278]}},{"type":"Feature","id":"capital-1-1159120461","properties":{"name":"Tovuz","localName":"Tovuz","countryCode":"AZE","country":"Azerbaijan","division":"Tovuz","qid":"Q1026084","rank":6,"level":1,"role":"Admin-1 capital"},"geometry":{"type":"Point","coordinates":[45.628889,40.992222]}},{"type":"Feature","id":"capital-1-1159120491","properties":{"name":"Qabala","localName":"Qabala","countryCode":"AZE","country":"Azerbaijan","division":"Q?b?l?","qid":"Q244236","rank":6,"level":1,"role":"Admin-1 capital"},"geometry":{"type":"Point","coordinates":[47.845833,40.981389]}},{"type":"Feature","id":"capital-1-1159120515","properties":{"name":"Oğuz","localName":"Oğuz","countryCode":"AZE","country":"Azerbaijan","division":"Oguz","qid":"Q1017630","rank":5,"level":1,"role":"Admin-1 capital"},"geometry":{"type":"Point","coordinates":[47.458333,41.070833]}},{"type":"Feature","id":"capital-1-1159120533","properties":{"name":"Yeghegnadzor","localName":"Yeghegnadzor","countryCode":"ARM","country":"Armenia","division":"Vayots Dzor","qid":"Q39538","rank":5,"level":1,"role":"Admin-1 capital"},"geometry":{"type":"Point","coordinates":[45.333333,39.761111]}},{"type":"Feature","id":"capital-1-1159120551","properties":{"name":"Qala i Naw","localName":"Qala i Naw","countryCode":"AFG","country":"Afghanistan","division":"Badghis","qid":"Q26396","rank":4,"level":1,"role":"Admin-1 capital"},"geometry":{"type":"Point","coordinates":[63.1333,34.983]}},{"type":"Feature","id":"capital-1-1159120569","properties":{"name":"Chaghcharan","localName":"Chaghcharan","countryCode":"AFG","country":"Afghanistan","division":"Ghor","qid":"Q958621","rank":6,"level":1,"role":"Admin-1 capital"},"geometry":{"type":"Point","coordinates":[65.250001,34.516701]}},{"type":"Feature","id":"capital-1-1159120587","properties":{"name":"Lashkar Gah","localName":"Lashkar Gah","countryCode":"AFG","country":"Afghanistan","division":"Hilmand","qid":"Q476800","rank":10,"level":1,"role":"Admin-1 capital"},"geometry":{"type":"Point","coordinates":[64.36,31.582998]}},{"type":"Feature","id":"capital-1-1159120605","properties":{"name":"Zaranj","localName":"Zaranj","countryCode":"AFG","country":"Afghanistan","division":"Nimroz","qid":"Q475802","rank":7,"level":1,"role":"Admin-1 capital"},"geometry":{"type":"Point","coordinates":[61.886997,31.112001]}},{"type":"Feature","id":"capital-1-1159120625","properties":{"name":"Tarinkot","localName":"Tarin Kowt","countryCode":"AFG","country":"Afghanistan","division":"Uruzgan","qid":"Q989293","rank":5,"level":1,"role":"Admin-1 capital"},"geometry":{"type":"Point","coordinates":[65.866699,32.633298]}},{"type":"Feature","id":"capital-1-1159120645","properties":{"name":"Zarghun Shar","localName":"Zareh Sharan","countryCode":"AFG","country":"Afghanistan","division":"Paktika","qid":"Q1647498","rank":6,"level":1,"role":"Admin-1 capital"},"geometry":{"type":"Point","coordinates":[68.416704,32.85]}},{"type":"Feature","id":"capital-1-1159120671","properties":{"name":"Asadabad","localName":"Asadabad","countryCode":"AFG","country":"Afghanistan","division":"Kunar","qid":"Q685808","rank":7,"level":1,"role":"Admin-1 capital"},"geometry":{"type":"Point","coordinates":[71.150005,34.866]}},{"type":"Feature","id":"capital-1-1159120693","properties":{"name":"Taloqan","localName":"Taloqan","countryCode":"AFG","country":"Afghanistan","division":"Takhar","qid":"Q477238","rank":8,"level":1,"role":"Admin-1 capital"},"geometry":{"type":"Point","coordinates":[69.540004,36.729999]}},{"type":"Feature","id":"capital-1-1159120711","properties":{"name":"Mahmud-i-Raqi","localName":"Mahmud-E Eraqi","countryCode":"AFG","country":"Afghanistan","division":"Kapisa","qid":"Q600514","rank":5,"level":1,"role":"Admin-1 capital"},"geometry":{"type":"Point","coordinates":[69.333301,35.016696]}},{"type":"Feature","id":"capital-1-1159120727","properties":{"name":"Mihtarlam","localName":"Mehtar Lam","countryCode":"AFG","country":"Afghanistan","division":"Laghman","qid":"Q1982155","rank":6,"level":1,"role":"Admin-1 capital"},"geometry":{"type":"Point","coordinates":[70.166701,34.65]}},{"type":"Feature","id":"capital-1-1159120743","properties":{"name":"Baraki Barak","localName":"Baraki Barak","countryCode":"AFG","country":"Afghanistan","division":"Logar","qid":"Q807234","rank":7,"level":1,"role":"Admin-1 capital"},"geometry":{"type":"Point","coordinates":[68.966703,33.966702]}},{"type":"Feature","id":"capital-1-1159120765","properties":{"name":"Samangan","localName":"Aybak","countryCode":"AFG","country":"Afghanistan","division":"Samangan","qid":"Q1020649","rank":7,"level":1,"role":"Admin-1 capital"},"geometry":{"type":"Point","coordinates":[68.040001,36.261]}},{"type":"Feature","id":"capital-1-1159120777","properties":{"name":"Maidan Shar","localName":"Mayda Shahr","countryCode":"AFG","country":"Afghanistan","division":"Wardak","qid":"Q935810","rank":7,"level":1,"role":"Admin-1 capital"},"geometry":{"type":"Point","coordinates":[68.799997,34.450002]}},{"type":"Feature","id":"capital-1-1159120795","properties":{"name":"Kam","localName":"Kampong Spoe","countryCode":"KHM","country":"Cambodia","division":"Kâmpóng Spœ","qid":"Q2344811","rank":7,"level":1,"role":"Admin-1 capital"},"geometry":{"type":"Point","coordinates":[104.518999,11.451996]}},{"type":"Feature","id":"capital-1-1159120815","properties":{"name":"Kampong Thom","localName":"Kampong Thum","countryCode":"KHM","country":"Cambodia","division":"Kâmpóng Thum","qid":"Q976223","rank":6,"level":1,"role":"Admin-1 capital"},"geometry":{"type":"Point","coordinates":[104.888998,12.711996]}},{"type":"Feature","id":"capital-1-1159120831","properties":{"name":"Prey Veng","localName":"Prey Veng","countryCode":"KHM","country":"Cambodia","division":"Prey Ving","qid":"Q934619","rank":8,"level":1,"role":"Admin-1 capital"},"geometry":{"type":"Point","coordinates":[105.324004,11.484]}},{"type":"Feature","id":"capital-1-1159120843","properties":{"name":"Phnom Tbeng Meanchey","localName":"Phnum Tbeng Meanchey","countryCode":"KHM","country":"Cambodia","division":"Preah Vihéar","qid":"Q2428308","rank":7,"level":1,"role":"Admin-1 capital"},"geometry":{"type":"Point","coordinates":[104.966704,13.816701]}},{"type":"Feature","id":"capital-1-1159120859","properties":{"name":"Stung Treng","localName":"Stoeng Treng","countryCode":"KHM","country":"Cambodia","division":"StMng Tr","qid":"Q10859501","rank":7,"level":1,"role":"Admin-1 capital"},"geometry":{"type":"Point","coordinates":[105.974002,13.523004]}},{"type":"Feature","id":"capital-1-1159120879","properties":{"name":"Kratié","localName":"Kracheh","countryCode":"KHM","country":"Cambodia","division":"Krâchéh","qid":"Q261892","rank":6,"level":1,"role":"Admin-1 capital"},"geometry":{"type":"Point","coordinates":[106.023997,12.468996]}},{"type":"Feature","id":"capital-1-1159120887","properties":{"name":"Senmonorom","localName":"Senmonorom","countryCode":"KHM","country":"Cambodia","division":"Môndól Kiri","qid":"Q2530693","rank":5,"level":1,"role":"Admin-1 capital"},"geometry":{"type":"Point","coordinates":[107.2,12.449997]}},{"type":"Feature","id":"capital-1-1159120907","properties":{"name":"Lumphat","localName":"Lumphat","countryCode":"KHM","country":"Cambodia","division":"Rôtânôkiri","qid":"Q2235920","rank":6,"level":1,"role":"Admin-1 capital"},"geometry":{"type":"Point","coordinates":[106.981003,13.507002]}},{"type":"Feature","id":"capital-1-1159120929","properties":{"name":"Svay Rieng","localName":"Svay Rieng","countryCode":"KHM","country":"Cambodia","division":"Svay Rieng","qid":"Q10861438","rank":7,"level":1,"role":"Admin-1 capital"},"geometry":{"type":"Point","coordinates":[105.801004,11.079999]}},{"type":"Feature","id":"capital-1-1159120945","properties":{"name":"Jijel","localName":"Jijel","countryCode":"DZA","country":"Algeria","division":"Jijel","qid":"Q402726","rank":9,"level":1,"role":"Admin-1 capital"},"geometry":{"type":"Point","coordinates":[5.766004,36.821997]}},{"type":"Feature","id":"capital-1-1159120959","properties":{"name":"Lokossa","localName":"Lokossa","countryCode":"BEN","country":"Benin","division":"Mono","qid":"Q219058","rank":8,"level":1,"role":"Admin-1 capital"},"geometry":{"type":"Point","coordinates":[1.715005,6.615]}},{"type":"Feature","id":"capital-1-1159120975","properties":{"name":"Fada N'gourma","localName":"Fada Ngourma","countryCode":"BFA","country":"Burkina Faso","division":"Gourma","qid":"Q990122","rank":7,"level":1,"role":"Admin-1 capital"},"geometry":{"type":"Point","coordinates":[0.360999,12.054996]}},{"type":"Feature","id":"capital-1-1159120991","properties":{"name":"Tizi Ouzou","localName":"Tizi-Ouzou","countryCode":"DZA","country":"Algeria","division":"Tizi Ouzou","qid":"Q277201","rank":9,"level":1,"role":"Admin-1 capital"},"geometry":{"type":"Point","coordinates":[4.046144,36.71171]}},{"type":"Feature","id":"capital-1-1159121009","properties":{"name":"Bordj Bou Arréridj","localName":"Bordj Bou Arréridj","countryCode":"DZA","country":"Algeria","division":"Bordj Bou Arreridj","qid":"Q544733","rank":9,"level":1,"role":"Admin-1 capital"},"geometry":{"type":"Point","coordinates":[4.764662,36.077709]}},{"type":"Feature","id":"capital-1-1159121019","properties":{"name":"M'Sila","localName":"M'sila","countryCode":"DZA","country":"Algeria","division":"M'Sila","qid":"Q402825","rank":9,"level":1,"role":"Admin-1 capital"},"geometry":{"type":"Point","coordinates":[4.545001,35.700003]}},{"type":"Feature","id":"capital-1-1159121039","properties":{"name":"Guelma","localName":"Guelma","countryCode":"DZA","country":"Algeria","division":"Guelma","qid":"Q609871","rank":9,"level":1,"role":"Admin-1 capital"},"geometry":{"type":"Point","coordinates":[7.427998,36.466002]}},{"type":"Feature","id":"capital-1-1159121049","properties":{"name":"Oum El Bouaghi","localName":"Oum el Bouaghi","countryCode":"DZA","country":"Algeria","division":"Oum el Bouaghi","qid":"Q5478122","rank":9,"level":1,"role":"Admin-1 capital"},"geometry":{"type":"Point","coordinates":[7.149997,35.849997]}},{"type":"Feature","id":"capital-1-1159121071","properties":{"name":"Lovech","localName":"Lovec","countryCode":"BGR","country":"Bulgaria","division":"Lovech","qid":"Q189328","rank":7,"level":1,"role":"Admin-1 capital"},"geometry":{"type":"Point","coordinates":[24.719005,43.137999]}},{"type":"Feature","id":"capital-1-1159121085","properties":{"name":"Montana","localName":"Montana","countryCode":"BGR","country":"Bulgaria","division":"Montana","qid":"Q220121","rank":7,"level":1,"role":"Admin-1 capital"},"geometry":{"type":"Point","coordinates":[23.237002,43.414002]}},{"type":"Feature","id":"capital-1-1159121103","properties":{"name":"Razgrad","localName":"Razgrad","countryCode":"BGR","country":"Bulgaria","division":"Razgrad","qid":"Q189650","rank":7,"level":1,"role":"Admin-1 capital"},"geometry":{"type":"Point","coordinates":[26.535997,43.533999]}},{"type":"Feature","id":"capital-1-1159121119","properties":{"name":"Arlon","localName":"Arlon","countryCode":"BEL","country":"Belgium","division":"Arlon","qid":"Q675960","rank":7,"level":1,"role":"Admin-1 capital"},"geometry":{"type":"Point","coordinates":[5.8167,49.683303]}},{"type":"Feature","id":"capital-1-1159121131","properties":{"name":"Bregenz","localName":"Bregenz","countryCode":"AUT","country":"Austria","division":"Vorarlberg","qid":"Q1737","rank":7,"level":1,"role":"Admin-1 capital"},"geometry":{"type":"Point","coordinates":[9.766702,47.516697]}},{"type":"Feature","id":"capital-1-1159121147","properties":{"name":"Eisenstadt","localName":"Eisenstadt","countryCode":"AUT","country":"Austria","division":"Burgenland","qid":"Q126321","rank":6,"level":1,"role":"Admin-1 capital"},"geometry":{"type":"Point","coordinates":[16.533297,47.833299]}},{"type":"Feature","id":"capital-1-1159121163","properties":{"name":"Paro","localName":"Paro","countryCode":"BTN","country":"Bhutan","division":"Thimphu","qid":"Q862041","rank":6,"level":1,"role":"Admin-1 capital"},"geometry":{"type":"Point","coordinates":[89.416777,27.42937]}},{"type":"Feature","id":"capital-1-1159121181","properties":{"name":"Punakha","localName":"Punakha","countryCode":"BTN","country":"Bhutan","division":"Punakha","qid":"Q826112","rank":4,"level":1,"role":"Admin-1 capital"},"geometry":{"type":"Point","coordinates":[89.864135,27.584154]}},{"type":"Feature","id":"capital-1-1159121199","properties":{"name":"Loikaw","localName":"Loikaw","countryCode":"MMR","country":"Myanmar","division":"Kayah","qid":"Q1017971","rank":6,"level":1,"role":"Admin-1 capital"},"geometry":{"type":"Point","coordinates":[97.206004,19.665]}},{"type":"Feature","id":"capital-1-1159121217","properties":{"name":"Wangdue Phodrang","localName":"Wangdue Prodrang","countryCode":"BTN","country":"Bhutan","division":"Wangdi Phodrang","qid":"Q1715095","rank":4,"level":1,"role":"Admin-1 capital"},"geometry":{"type":"Point","coordinates":[89.916697,27.433296]}},{"type":"Feature","id":"capital-1-1159121233","properties":{"name":"Cankuzo","localName":"Cankuzo","countryCode":"BDI","country":"Burundi","division":"Cankuzo","qid":"Q2669640","rank":5,"level":1,"role":"Admin-1 capital"},"geometry":{"type":"Point","coordinates":[30.516697,-3.166704]}},{"type":"Feature","id":"capital-1-1159121251","properties":{"name":"Karuzi","localName":"Karusi","countryCode":"BDI","country":"Burundi","division":"Karuzi","qid":"Q684152","rank":6,"level":1,"role":"Admin-1 capital"},"geometry":{"type":"Point","coordinates":[30.162996,-3.099996]}},{"type":"Feature","id":"capital-1-1159121267","properties":{"name":"Rutana","localName":"Rutana","countryCode":"BDI","country":"Burundi","division":"Rutana","qid":"Q246069","rank":7,"level":1,"role":"Admin-1 capital"},"geometry":{"type":"Point","coordinates":[29.993005,-3.931002]}},{"type":"Feature","id":"capital-1-1159121281","properties":{"name":"Ruyigi","localName":"Ruyigi","countryCode":"BDI","country":"Burundi","division":"Ruyigi","qid":"Q1018116","rank":7,"level":1,"role":"Admin-1 capital"},"geometry":{"type":"Point","coordinates":[30.243997,-3.481002]}},{"type":"Feature","id":"capital-1-1159121299","properties":{"name":"Bubanza","localName":"Bubanza","countryCode":"BDI","country":"Burundi","division":"Bubanza","qid":"Q2020432","rank":6,"level":1,"role":"Admin-1 capital"},"geometry":{"type":"Point","coordinates":[29.366703,-3.083301]}},{"type":"Feature","id":"capital-1-1159121315","properties":{"name":"Kayanza","localName":"Kayanza","countryCode":"BDI","country":"Burundi","division":"Kayanza","qid":"Q2305839","rank":6,"level":1,"role":"Admin-1 capital"},"geometry":{"type":"Point","coordinates":[29.566702,-2.899998]}},{"type":"Feature","id":"capital-1-1159121333","properties":{"name":"Makamba","localName":"Makamba","countryCode":"BDI","country":"Burundi","division":"Makamba","qid":"Q1286083","rank":6,"level":1,"role":"Admin-1 capital"},"geometry":{"type":"Point","coordinates":[29.8,-4.133304]}},{"type":"Feature","id":"capital-1-1159121345","properties":{"name":"Ngozi","localName":"Ngozi","countryCode":"BDI","country":"Burundi","division":"Ngozi","qid":"Q929689","rank":7,"level":1,"role":"Admin-1 capital"},"geometry":{"type":"Point","coordinates":[29.825002,-2.912004]}},{"type":"Feature","id":"capital-1-1159121359","properties":{"name":"Kirundo","localName":"Kirundo","countryCode":"BDI","country":"Burundi","division":"Kirundo","qid":"Q2640808","rank":5,"level":1,"role":"Admin-1 capital"},"geometry":{"type":"Point","coordinates":[30.097222,-2.584722]}},{"type":"Feature","id":"capital-1-1159121379","properties":{"name":"Orodara","localName":"Orodara","countryCode":"BFA","country":"Burkina Faso","division":"Kénédougou","qid":"Q143892","rank":6,"level":1,"role":"Admin-1 capital"},"geometry":{"type":"Point","coordinates":[-4.907997,10.973997]}},{"type":"Feature","id":"capital-1-1159121389","properties":{"name":"Solenzo","localName":"Solenzo","countryCode":"BFA","country":"Burkina Faso","division":"Banwa","qid":"Q2102129","rank":6,"level":1,"role":"Admin-1 capital"},"geometry":{"type":"Point","coordinates":[-4.083333,12.183333]}},{"type":"Feature","id":"capital-1-1159121409","properties":{"name":"Nouna","localName":"Nouna","countryCode":"BFA","country":"Burkina Faso","division":"Kossi","qid":"Q1301716","rank":7,"level":1,"role":"Admin-1 capital"},"geometry":{"type":"Point","coordinates":[-3.86,12.728997]}},{"type":"Feature","id":"capital-1-1159121417","properties":{"name":"Dédougou","localName":"Dédougou","countryCode":"BFA","country":"Burkina Faso","division":"Mou Houn","qid":"Q934436","rank":7,"level":1,"role":"Admin-1 capital"},"geometry":{"type":"Point","coordinates":[-3.464,12.455001]}},{"type":"Feature","id":"capital-1-1159121437","properties":{"name":"Gorom-Gorom","localName":"Gorom Gorom","countryCode":"BFA","country":"Burkina Faso","division":"Oudalan","qid":"Q741117","rank":5,"level":1,"role":"Admin-1 capital"},"geometry":{"type":"Point","coordinates":[-0.233297,14.450004]}},{"type":"Feature","id":"capital-1-1159121453","properties":{"name":"Djibo","localName":"Djibo","countryCode":"BFA","country":"Burkina Faso","division":"Soum","qid":"Q1232175","rank":7,"level":1,"role":"Admin-1 capital"},"geometry":{"type":"Point","coordinates":[-1.627001,14.099004]}},{"type":"Feature","id":"capital-1-1159121471","properties":{"name":"Tougan","localName":"Tougan","countryCode":"BFA","country":"Burkina Faso","division":"Sourou","qid":"Q558346","rank":6,"level":1,"role":"Admin-1 capital"},"geometry":{"type":"Point","coordinates":[-3.069998,13.068999]}},{"type":"Feature","id":"capital-1-1159121487","properties":{"name":"Kombissiri","localName":"Kombissiri","countryCode":"BFA","country":"Burkina Faso","division":"Bazéga","qid":"Q1642022","rank":7,"level":1,"role":"Admin-1 capital"},"geometry":{"type":"Point","coordinates":[-1.333997,12.063996]}},{"type":"Feature","id":"capital-1-1159121505","properties":{"name":"Ziniaré","localName":"Ziniaré","countryCode":"BFA","country":"Burkina Faso","division":"Oubritenga","qid":"Q15647343","rank":6,"level":1,"role":"Admin-1 capital"},"geometry":{"type":"Point","coordinates":[-1.293002,12.576996]}},{"type":"Feature","id":"capital-1-1159121521","properties":{"name":"Yako","localName":"Yako","countryCode":"BFA","country":"Burkina Faso","division":"Passoré","qid":"Q940973","rank":7,"level":1,"role":"Admin-1 capital"},"geometry":{"type":"Point","coordinates":[-2.262996,12.953997]}},{"type":"Feature","id":"capital-1-1159121539","properties":{"name":"Réo","localName":"Réo","countryCode":"BFA","country":"Burkina Faso","division":"Sanguié","qid":"Q1817933","rank":7,"level":1,"role":"Admin-1 capital"},"geometry":{"type":"Point","coordinates":[-2.466944,12.333492]}},{"type":"Feature","id":"capital-1-1159121553","properties":{"name":"Léo","localName":"Leo","countryCode":"BFA","country":"Burkina Faso","division":"Sissili","qid":"Q650951","rank":7,"level":1,"role":"Admin-1 capital"},"geometry":{"type":"Point","coordinates":[-2.097999,11.094003]}},{"type":"Feature","id":"capital-1-1159121571","properties":{"name":"Sapouy","localName":"Sapouy","countryCode":"BFA","country":"Burkina Faso","division":"Ziro","qid":"Q2183729","rank":4,"level":1,"role":"Admin-1 capital"},"geometry":{"type":"Point","coordinates":[-1.773611,11.554444]}},{"type":"Feature","id":"capital-1-1159121591","properties":{"name":"Boulsa","localName":"Boulsa","countryCode":"BFA","country":"Burkina Faso","division":"Namentenga","qid":"Q895110","rank":6,"level":1,"role":"Admin-1 capital"},"geometry":{"type":"Point","coordinates":[-0.568998,12.656997]}},{"type":"Feature","id":"capital-1-1159121599","properties":{"name":"Zorgho","localName":"Zorgo","countryCode":"BFA","country":"Burkina Faso","division":"Ganzourgou","qid":"Q929255","rank":7,"level":1,"role":"Admin-1 capital"},"geometry":{"type":"Point","coordinates":[-0.611,12.242997]}},{"type":"Feature","id":"capital-1-1159121621","properties":{"name":"Koupéla","localName":"Koupéla","countryCode":"BFA","country":"Burkina Faso","division":"Kouritenga","qid":"Q116524","rank":7,"level":1,"role":"Admin-1 capital"},"geometry":{"type":"Point","coordinates":[-0.356003,12.177]}},{"type":"Feature","id":"capital-1-1159121629","properties":{"name":"Pô","localName":"Pô","countryCode":"BFA","country":"Burkina Faso","division":"Nahouri","qid":"Q1756613","rank":6,"level":1,"role":"Admin-1 capital"},"geometry":{"type":"Point","coordinates":[-1.134999,11.169]}},{"type":"Feature","id":"capital-1-1159121647","properties":{"name":"Manga","localName":"Manga","countryCode":"BFA","country":"Burkina Faso","division":"Zoundwéogo","qid":"Q999498","rank":6,"level":1,"role":"Admin-1 capital"},"geometry":{"type":"Point","coordinates":[-1.064996,11.662002]}},{"type":"Feature","id":"capital-1-1159121675","properties":{"name":"Diébougou","localName":"Diébougou","countryCode":"BFA","country":"Burkina Faso","division":"Bougouriba","qid":"Q578567","rank":6,"level":1,"role":"Admin-1 capital"},"geometry":{"type":"Point","coordinates":[-3.248,10.952001]}},{"type":"Feature","id":"capital-1-1159121689","properties":{"name":"Gaoua","localName":"Gaoua","countryCode":"BFA","country":"Burkina Faso","division":"Poni","qid":"Q1011882","rank":7,"level":1,"role":"Admin-1 capital"},"geometry":{"type":"Point","coordinates":[-3.174002,10.324998]}},{"type":"Feature","id":"capital-1-1159121701","properties":{"name":"Bogandé","localName":"Bogandé","countryCode":"BFA","country":"Burkina Faso","division":"Gnagna","qid":"Q890373","rank":5,"level":1,"role":"Admin-1 capital"},"geometry":{"type":"Point","coordinates":[-0.137996,12.969]}},{"type":"Feature","id":"capital-1-1159121717","properties":{"name":"Dori","localName":"Dori","countryCode":"BFA","country":"Burkina Faso","division":"Séno","qid":"Q999493","rank":7,"level":1,"role":"Admin-1 capital"},"geometry":{"type":"Point","coordinates":[-0.027998,14.033997]}},{"type":"Feature","id":"capital-1-1159121737","properties":{"name":"Sebba","localName":"Sebba","countryCode":"BFA","country":"Burkina Faso","division":"Yagha","qid":"Q614566","rank":4,"level":1,"role":"Admin-1 capital"},"geometry":{"type":"Point","coordinates":[0.530443,13.436412]}},{"type":"Feature","id":"capital-1-1159121755","properties":{"name":"Diapaga","localName":"Diapaga","countryCode":"BFA","country":"Burkina Faso","division":"Tapoa","qid":"Q254514","rank":7,"level":1,"role":"Admin-1 capital"},"geometry":{"type":"Point","coordinates":[1.796005,12.077001]}},{"type":"Feature","id":"capital-1-1159121771","properties":{"name":"Hpa-An","localName":"Pa-an","countryCode":"MMR","country":"Myanmar","division":"Kayin","qid":"Q1209404","rank":7,"level":1,"role":"Admin-1 capital"},"geometry":{"type":"Point","coordinates":[97.616701,16.849998]}},{"type":"Feature","id":"capital-1-1159121785","properties":{"name":"Hakha","localName":"Hakha","countryCode":"MMR","country":"Myanmar","division":"Chin","qid":"Q738563","rank":6,"level":1,"role":"Admin-1 capital"},"geometry":{"type":"Point","coordinates":[93.616705,22.650003]}},{"type":"Feature","id":"capital-1-1159121797","properties":{"name":"Taunggyi","localName":"Taunggyi","countryCode":"MMR","country":"Myanmar","division":"Shan","qid":"Q1075566","rank":9,"level":1,"role":"Admin-1 capital"},"geometry":{"type":"Point","coordinates":[97.038001,20.781999]}},{"type":"Feature","id":"capital-1-1159121811","properties":{"name":"Sagaing","localName":"Sagaing","countryCode":"MMR","country":"Myanmar","division":"Sagaing","qid":"Q1018173","rank":8,"level":1,"role":"Admin-1 capital"},"geometry":{"type":"Point","coordinates":[95.961997,21.879999]}},{"type":"Feature","id":"capital-1-1159121827","properties":{"name":"Muramvya","localName":"Muramvya","countryCode":"BDI","country":"Burundi","division":"Muramvya","qid":"Q557529","rank":6,"level":1,"role":"Admin-1 capital"},"geometry":{"type":"Point","coordinates":[29.611999,-3.260997]}},{"type":"Feature","id":"capital-1-1159121843","properties":{"name":"Larnaca","localName":"Larnaka","countryCode":"CYP","country":"Cyprus","division":"Larnaca","qid":"Q171882","rank":7,"level":1,"role":"Admin-1 capital"},"geometry":{"type":"Point","coordinates":[33.635998,34.917003]}},{"type":"Feature","id":"capital-1-1159121859","properties":{"name":"Paphos","localName":"Paphos","countryCode":"CYP","country":"Cyprus","division":"Paphos","qid":"Q180918","rank":7,"level":1,"role":"Admin-1 capital"},"geometry":{"type":"Point","coordinates":[32.422457,34.755915]}},{"type":"Feature","id":"capital-1-1159121875","properties":{"name":"Las Anod","localName":"Laascaanood","countryCode":"SOL","country":"Somaliland","division":null,"qid":"Q1017223","rank":8,"level":1,"role":"Admin-1 capital"},"geometry":{"type":"Point","coordinates":[47.3167,8.433297]}},{"type":"Feature","id":"capital-1-1159121897","properties":{"name":"Erigavo","localName":"Ceerigaabo","countryCode":"SOL","country":"Somaliland","division":null,"qid":"Q1017183","rank":9,"level":1,"role":"Admin-1 capital"},"geometry":{"type":"Point","coordinates":[47.333305,10.583298]}},{"type":"Feature","id":"capital-1-1159121905","properties":{"name":"Santo António","localName":"Santo António","countryCode":"STP","country":"São Tomé and Príncipe","division":null,"qid":"Q973656","rank":3,"level":1,"role":"Admin-1 capital"},"geometry":{"type":"Point","coordinates":[7.412005,1.645002]}},{"type":"Feature","id":"capital-1-1159121931","properties":{"name":"Daru","localName":"Daru","countryCode":"PNG","country":"Papua New Guinea","division":null,"qid":"Q499375","rank":6,"level":1,"role":"Admin-1 capital"},"geometry":{"type":"Point","coordinates":[143.233723,-9.109152]}},{"type":"Feature","id":"capital-1-1159121963","properties":{"name":"Kyrenia","localName":"Kyrenia","countryCode":"CYN","country":"Turkish Republic of Northern Cyprus","division":null,"qid":"Q206760","rank":7,"level":1,"role":"Admin-1 capital"},"geometry":{"type":"Point","coordinates":[33.333004,35.325999]}},{"type":"Feature","id":"capital-1-1159121977","properties":{"name":"San Carlos","localName":"San Carlos","countryCode":"VEN","country":"Venezuela","division":"Cojedes","qid":"Q995718","rank":8,"level":1,"role":"Admin-1 capital"},"geometry":{"type":"Point","coordinates":[-68.589998,9.657999]}},{"type":"Feature","id":"capital-1-1159121993","properties":{"name":"San Felipe","localName":"San Felipe","countryCode":"VEN","country":"Venezuela","division":"Yaracuy","qid":"Q965754","rank":8,"level":1,"role":"Admin-1 capital"},"geometry":{"type":"Point","coordinates":[-68.745996,10.335996]}},{"type":"Feature","id":"capital-1-1159122009","properties":{"name":"San Juan de los Morros","localName":"San Juan De Los Morros","countryCode":"VEN","country":"Venezuela","division":"Guárico","qid":"Q999117","rank":8,"level":1,"role":"Admin-1 capital"},"geometry":{"type":"Point","coordinates":[-67.354002,9.900999]}},{"type":"Feature","id":"capital-1-1159122025","properties":{"name":"La Asunción","localName":"La Asunción","countryCode":"VEN","country":"Venezuela","division":"Nueva Esparta","qid":"Q860689","rank":7,"level":1,"role":"Admin-1 capital"},"geometry":{"type":"Point","coordinates":[-63.883331,11.033334]}},{"type":"Feature","id":"capital-1-1159122041","properties":{"name":"Al Bayda'","localName":"Al Bayda","countryCode":"YEM","country":"Yemen","division":"Al Bayda'","qid":"Q1752951","rank":7,"level":1,"role":"Admin-1 capital"},"geometry":{"type":"Point","coordinates":[45.574003,13.978998]}},{"type":"Feature","id":"capital-1-1159122053","properties":{"name":"Ataq","localName":"'Ataq","countryCode":"YEM","country":"Yemen","division":"Shabwah","qid":"Q1276081","rank":7,"level":1,"role":"Admin-1 capital"},"geometry":{"type":"Point","coordinates":[46.800001,14.550003]}},{"type":"Feature","id":"capital-1-1159122073","properties":{"name":"Ma'rib","localName":"Marib","countryCode":"YEM","country":"Yemen","division":"Ma'rib","qid":"Q335478","rank":6,"level":1,"role":"Admin-1 capital"},"geometry":{"type":"Point","coordinates":[45.333999,15.420996]}},{"type":"Feature","id":"capital-1-1159122085","properties":{"name":"Roatán","localName":"Roatán","countryCode":"HND","country":"Honduras","division":"Islas de la Bahía","qid":"Q1419813","rank":5,"level":1,"role":"Admin-1 capital"},"geometry":{"type":"Point","coordinates":[-86.518998,16.329996]}},{"type":"Feature","id":"capital-1-1159122109","properties":{"name":"Borgarnes","localName":"Borgarnes","countryCode":"ISL","country":"Iceland","division":"Vesturland","qid":"Q276537","rank":3,"level":1,"role":"Admin-1 capital"},"geometry":{"type":"Point","coordinates":[-21.862322,64.569503]}},{"type":"Feature","id":"capital-1-1159122125","properties":{"name":"San Carlos","localName":"San Carlos","countryCode":"NIC","country":"Nicaragua","division":"Nicaragua","qid":"Q1020320","rank":6,"level":1,"role":"Admin-1 capital"},"geometry":{"type":"Point","coordinates":[-84.775859,11.189359]}},{"type":"Feature","id":"capital-1-1159122139","properties":{"name":"Onverwacht","localName":"Onverwacht","countryCode":"SUR","country":"Suriname","division":"Para","qid":"Q1861566","rank":4,"level":1,"role":"Admin-1 capital"},"geometry":{"type":"Point","coordinates":[-55.199996,5.599998]}},{"type":"Feature","id":"capital-1-1159122155","properties":{"name":"Groningen","localName":"Groningen","countryCode":"SUR","country":"Suriname","division":"Saramacca","qid":"Q508935","rank":4,"level":1,"role":"Admin-1 capital"},"geometry":{"type":"Point","coordinates":[-55.481003,5.796999]}},{"type":"Feature","id":"capital-1-1159122171","properties":{"name":"Leninobod","localName":"Leninobod","countryCode":"TJK","country":"Tajikistan","division":"Leninabad","qid":"Q6522635","rank":6,"level":1,"role":"Admin-1 capital"},"geometry":{"type":"Point","coordinates":[69.000004,39.750003]}},{"type":"Feature","id":"capital-1-1159122179","properties":{"name":"Mariscal Estigarribia","localName":"Mariscal Estigarribia","countryCode":"PRY","country":"Paraguay","division":"Boqueran","qid":"Q1093167","rank":4,"level":1,"role":"Admin-1 capital"},"geometry":{"type":"Point","coordinates":[-60.609995,-22.030002]}},{"type":"Feature","id":"capital-1-1159122193","properties":{"name":"Caacupé","localName":"Caacupé","countryCode":"PRY","country":"Paraguay","division":"Cordillera","qid":"Q135959","rank":7,"level":1,"role":"Admin-1 capital"},"geometry":{"type":"Point","coordinates":[-57.14,-25.387002]}},{"type":"Feature","id":"capital-1-1159122209","properties":{"name":"Jinotepe","localName":"Jinotepe","countryCode":"NIC","country":"Nicaragua","division":"Carazo","qid":"Q477580","rank":7,"level":1,"role":"Admin-1 capital"},"geometry":{"type":"Point","coordinates":[-86.194997,11.845998]}},{"type":"Feature","id":"capital-1-1159122225","properties":{"name":"Jinotega","localName":"Jinotega","countryCode":"NIC","country":"Nicaragua","division":"Jinotega","qid":"Q1026296","rank":8,"level":1,"role":"Admin-1 capital"},"geometry":{"type":"Point","coordinates":[-86.000004,13.091004]}},{"type":"Feature","id":"capital-1-1159122241","properties":{"name":"Masaya","localName":"Masaya","countryCode":"NIC","country":"Nicaragua","division":"Masaya","qid":"Q1001914","rank":9,"level":1,"role":"Admin-1 capital"},"geometry":{"type":"Point","coordinates":[-86.094999,11.969001]}},{"type":"Feature","id":"capital-1-1159122257","properties":{"name":"Sakakah governorate","localName":"Sakakah","countryCode":"SAU","country":"Saudi Arabia","division":"Al Jawf","qid":"Q27469","rank":9,"level":1,"role":"Admin-1 capital"},"geometry":{"type":"Point","coordinates":[40.133305,29.999997]}},{"type":"Feature","id":"capital-1-1159122273","properties":{"name":"Bentiu","localName":"Bentiu","countryCode":"SDS","country":"South Sudan","division":"Unity","qid":"Q818284","rank":5,"level":1,"role":"Admin-1 capital"},"geometry":{"type":"Point","coordinates":[29.833333,9.233333]}},{"type":"Feature","id":"capital-1-1159122289","properties":{"name":"El Porvenir","localName":"El Porvenir","countryCode":"PAN","country":"Panama","division":"Kuna Yala","qid":"Q1018577","rank":1,"level":1,"role":"Admin-1 capital"},"geometry":{"type":"Point","coordinates":[-78.971963,9.541686]}},{"type":"Feature","id":"capital-1-1159122297","properties":{"name":"Nazran","localName":"Nazran","countryCode":"RUS","country":"Russia","division":"Ingush","qid":"Q163935","rank":8,"level":1,"role":"Admin-1 capital"},"geometry":{"type":"Point","coordinates":[44.783001,43.233003]}},{"type":"Feature","id":"capital-1-1159122309","properties":{"name":"Ust-Ordynsky","localName":"Ust' Ordynskiy","countryCode":"RUS","country":"Russia","division":"Ust-Orda Buryat","qid":"Q958163","rank":6,"level":1,"role":"Admin-1 capital"},"geometry":{"type":"Point","coordinates":[104.699998,52.832997]}},{"type":"Feature","id":"capital-1-1159122333","properties":{"name":"Dutse","localName":"Dutse","countryCode":"NGA","country":"Nigeria","division":"Jigawa","qid":"Q1023713","rank":6,"level":1,"role":"Admin-1 capital"},"geometry":{"type":"Point","coordinates":[9.350335,11.799189]}},{"type":"Feature","id":"capital-1-1159122345","properties":{"name":"Damaturu","localName":"Damaturu","countryCode":"NGA","country":"Nigeria","division":"Yobe","qid":"Q1023722","rank":10,"level":1,"role":"Admin-1 capital"},"geometry":{"type":"Point","coordinates":[11.966005,11.748996]}},{"type":"Feature","id":"capital-1-1159122361","properties":{"name":"Puyo","localName":"Puyo","countryCode":"ECU","country":"Ecuador","division":"Pastaza","qid":"Q676931","rank":7,"level":1,"role":"Admin-1 capital"},"geometry":{"type":"Point","coordinates":[-77.986998,-1.483002]}},{"type":"Feature","id":"capital-1-1159122371","properties":{"name":"Heredia","localName":"Heredia","countryCode":"CRI","country":"Costa Rica","division":"Heredia","qid":"Q30616","rank":7,"level":1,"role":"Admin-1 capital"},"geometry":{"type":"Point","coordinates":[-84.120002,9.991998]}},{"type":"Feature","id":"capital-1-1159122385","properties":{"name":"Tulcán","localName":"Tulcán","countryCode":"ECU","country":"Ecuador","division":"Carchi","qid":"Q752113","rank":8,"level":1,"role":"Admin-1 capital"},"geometry":{"type":"Point","coordinates":[-77.732,0.821997]}},{"type":"Feature","id":"capital-1-1159122401","properties":{"name":"Yopal","localName":"Yopal","countryCode":"COL","country":"Colombia","division":"Casanare","qid":"Q13591","rank":8,"level":1,"role":"Admin-1 capital"},"geometry":{"type":"Point","coordinates":[-72.405999,5.346999]}},{"type":"Feature","id":"capital-1-1159122417","properties":{"name":"Klaksvík","localName":"Klaksvík","countryCode":"FRO","country":"Faroe Islands","division":"Eysturoyar","qid":"Q189361","rank":4,"level":1,"role":"Admin-1 capital"},"geometry":{"type":"Point","coordinates":[-6.539011,62.237478]}},{"type":"Feature","id":"capital-1-1159122433","properties":{"name":"Laï","localName":"Laï","countryCode":"TCD","country":"Chad","division":"Tandjilé","qid":"Q1856972","rank":6,"level":1,"role":"Admin-1 capital"},"geometry":{"type":"Point","coordinates":[16.305004,9.395001]}},{"type":"Feature","id":"capital-1-1159122449","properties":{"name":"Mainz","localName":"Mainz","countryCode":"DEU","country":"Germany","division":"Rheinland-Pfalz","qid":"Q1720","rank":9,"level":1,"role":"Admin-1 capital"},"geometry":{"type":"Point","coordinates":[8.273219,49.982473]}},{"type":"Feature","id":"capital-1-1159122463","properties":{"name":"Ústí nad Labem","localName":"Usti Nad Labem","countryCode":"CZE","country":"Czechia","division":"Liberecký","qid":"Q156974","rank":8,"level":1,"role":"Admin-1 capital"},"geometry":{"type":"Point","coordinates":[14.081005,50.662998]}},{"type":"Feature","id":"capital-1-1159122475","properties":{"name":"Hradec Králové","localName":"Hradec Králové","countryCode":"CZE","country":"Czechia","division":"Královéhradecký","qid":"Q180139","rank":8,"level":1,"role":"Admin-1 capital"},"geometry":{"type":"Point","coordinates":[15.812001,50.205996]}},{"type":"Feature","id":"capital-1-1159122481","properties":{"name":"Fderîck","localName":"Fderik","countryCode":"MRT","country":"Mauritania","division":"Tiris Zemmour","qid":"Q113034","rank":5,"level":1,"role":"Admin-1 capital"},"geometry":{"type":"Point","coordinates":[-12.707,22.679001]}},{"type":"Feature","id":"capital-1-1159122491","properties":{"name":"Aleg","localName":"Aleg","countryCode":"MRT","country":"Mauritania","division":"Brakna","qid":"Q986384","rank":5,"level":1,"role":"Admin-1 capital"},"geometry":{"type":"Point","coordinates":[-13.908996,17.057997]}},{"type":"Feature","id":"capital-1-1159122507","properties":{"name":"Akjoujt","localName":"Akjoujt","countryCode":"MRT","country":"Mauritania","division":"Inchiri","qid":"Q419544","rank":2,"level":1,"role":"Admin-1 capital"},"geometry":{"type":"Point","coordinates":[-14.390999,19.746999]}},{"type":"Feature","id":"capital-1-1159122521","properties":{"name":"Duhok","localName":"Duhok","countryCode":"IRQ","country":"Iraq","division":"Dihok","qid":"Q152831","rank":11,"level":1,"role":"Admin-1 capital"},"geometry":{"type":"Point","coordinates":[43.000003,36.8667]}},{"type":"Feature","id":"capital-1-1159122533","properties":{"name":"Samarra","localName":"Samarra","countryCode":"IRQ","country":"Iraq","division":"Sala ad-Din","qid":"Q170047","rank":9,"level":1,"role":"Admin-1 capital"},"geometry":{"type":"Point","coordinates":[43.875001,34.193997]}},{"type":"Feature","id":"capital-1-1159122553","properties":{"name":"Awasa","localName":"Awasa","countryCode":"ETH","country":"Ethiopia","division":"Southern Nations, Nationalities and Peoples","qid":"Q755765","rank":9,"level":1,"role":"Admin-1 capital"},"geometry":{"type":"Point","coordinates":[38.476999,7.059996]}},{"type":"Feature","id":"capital-1-1159122569","properties":{"name":"Gore","localName":"Gore","countryCode":"ETH","country":"Ethiopia","division":"Addis Ababa","qid":"Q3110215","rank":5,"level":1,"role":"Admin-1 capital"},"geometry":{"type":"Point","coordinates":[35.537005,8.148996]}},{"type":"Feature","id":"capital-1-1159122581","properties":{"name":"Schwerin","localName":"Schwerin","countryCode":"DEU","country":"Germany","division":"Mecklenburg-Vorpommern","qid":"Q1709","rank":8,"level":1,"role":"Admin-1 capital"},"geometry":{"type":"Point","coordinates":[11.416699,53.633304]}},{"type":"Feature","id":"capital-1-1159122603","properties":{"name":"Torgaj","localName":"Turgay","countryCode":"KAZ","country":"Kazakhstan","division":"Qostanay","qid":"Q1956467","rank":5,"level":1,"role":"Admin-1 capital"},"geometry":{"type":"Point","coordinates":[63.498996,49.626]}},{"type":"Feature","id":"capital-1-1159122613","properties":{"name":"Yasuj","localName":"Yasuj","countryCode":"IRN","country":"Iran","division":"Kohgiluyeh and Buyer Ahmad","qid":"Q383129","rank":8,"level":1,"role":"Admin-1 capital"},"geometry":{"type":"Point","coordinates":[51.594004,30.659004]}},{"type":"Feature","id":"capital-1-1159122629","properties":{"name":"Shahrekord","localName":"Shahrekord","countryCode":"IRN","country":"Iran","division":"Chahar Mahall and Bakhtiari","qid":"Q386649","rank":9,"level":1,"role":"Admin-1 capital"},"geometry":{"type":"Point","coordinates":[50.853997,32.320998]}},{"type":"Feature","id":"capital-1-1159122651","properties":{"name":"Aktau","localName":"Mangyshlak","countryCode":"KAZ","country":"Kazakhstan","division":"Mangghystau","qid":"Q198989","rank":9,"level":1,"role":"Admin-1 capital"},"geometry":{"type":"Point","coordinates":[51.141736,43.690455]}},{"type":"Feature","id":"capital-1-1159122667","properties":{"name":"Panaji","localName":"Panaji","countryCode":"IND","country":"India","division":"Goa","qid":"Q214681","rank":8,"level":1,"role":"Admin-1 capital"},"geometry":{"type":"Point","coordinates":[73.818001,15.491997]}},{"type":"Feature","id":"capital-1-1159122685","properties":{"name":"Mobaye","localName":"Mobaye","countryCode":"CAF","country":"Central African Republic","division":"Basse-Kotto","qid":"Q1025621","rank":6,"level":1,"role":"Admin-1 capital"},"geometry":{"type":"Point","coordinates":[21.179997,4.32]}},{"type":"Feature","id":"capital-1-1159122697","properties":{"name":"San Ignacio","localName":"El Cayo","countryCode":"BLZ","country":"Belize","division":"Cayo","qid":null,"rank":6,"level":1,"role":"Admin-1 capital"},"geometry":{"type":"Point","coordinates":[-89.061003,17.155998]}},{"type":"Feature","id":"capital-1-1159122709","properties":{"name":"Corozal Town","localName":"Corozal","countryCode":"BLZ","country":"Belize","division":"Corozal","qid":"Q882907","rank":5,"level":1,"role":"Admin-1 capital"},"geometry":{"type":"Point","coordinates":[-88.388001,18.397998]}},{"type":"Feature","id":"capital-1-1159122729","properties":{"name":"Mochudi","localName":"Mochudi","countryCode":"BWA","country":"Botswana","division":"Kgatleng","qid":"Q615877","rank":7,"level":1,"role":"Admin-1 capital"},"geometry":{"type":"Point","coordinates":[26.152003,-24.377004]}},{"type":"Feature","id":"capital-1-1159122745","properties":{"name":"San Andrés","localName":"San Andrés","countryCode":"COL","country":"Colombia","division":null,"qid":"Q134678","rank":8,"level":1,"role":"Admin-1 capital"},"geometry":{"type":"Point","coordinates":[-81.690327,12.562137]}},{"type":"Feature","id":"capital-1-1159122791","properties":{"name":"Taibao","localName":"Taibao","countryCode":"TWN","country":"Taiwan","division":"Chiayi","qid":"Q701634","rank":7,"level":1,"role":"Admin-1 capital"},"geometry":{"type":"Point","coordinates":[120.333333,23.45]}},{"type":"Feature","id":"capital-1-1159122805","properties":{"name":"Taoyuan","localName":"Taoyuan","countryCode":"TWN","country":"Taiwan","division":"Taoyuan","qid":"Q715975","rank":10,"level":1,"role":"Admin-1 capital"},"geometry":{"type":"Point","coordinates":[121.311111,24.988889]}},{"type":"Feature","id":"capital-1-1159122837","properties":{"name":"Yilan City","localName":"Yilan","countryCode":"TWN","country":"Taiwan","division":"Yilan","qid":"Q680842","rank":9,"level":1,"role":"Admin-1 capital"},"geometry":{"type":"Point","coordinates":[121.75,24.75]}},{"type":"Feature","id":"capital-1-1159122859","properties":{"name":"Zhubei","localName":"Zhubei","countryCode":"TWN","country":"Taiwan","division":"Hsinchu","qid":"Q29624","rank":9,"level":1,"role":"Admin-1 capital"},"geometry":{"type":"Point","coordinates":[121.011944,24.833333]}},{"type":"Feature","id":"capital-1-1159122883","properties":{"name":"Artigas","localName":"Artigas","countryCode":"URY","country":"Uruguay","division":"Artigas","qid":"Q712567","rank":7,"level":1,"role":"Admin-1 capital"},"geometry":{"type":"Point","coordinates":[-56.48602,-30.415987]}},{"type":"Feature","id":"capital-1-1159122929","properties":{"name":"Rivera","localName":"Tacuarembó","countryCode":"URY","country":"Uruguay","division":"Tacuarembó","qid":"Q833016","rank":8,"level":1,"role":"Admin-1 capital"},"geometry":{"type":"Point","coordinates":[-55.980004,-31.709965]}},{"type":"Feature","id":"capital-1-1159122975","properties":{"name":"Treinta y Tres","localName":"Treinta y Tres","countryCode":"URY","country":"Uruguay","division":"Treinta y Tres","qid":"Q830390","rank":7,"level":1,"role":"Admin-1 capital"},"geometry":{"type":"Point","coordinates":[-54.380025,-33.230027]}},{"type":"Feature","id":"capital-1-1159123033","properties":{"name":"Minas","localName":"Minas","countryCode":"URY","country":"Uruguay","division":"Lavalleja","qid":"Q868205","rank":7,"level":1,"role":"Admin-1 capital"},"geometry":{"type":"Point","coordinates":[-55.230024,-34.370009]}},{"type":"Feature","id":"capital-1-1159123051","properties":{"name":"Maldonado","localName":"Maldonado","countryCode":"URY","country":"Uruguay","division":"Maldonado","qid":"Q16258","rank":8,"level":1,"role":"Admin-1 capital"},"geometry":{"type":"Point","coordinates":[-54.959989,-34.910028]}},{"type":"Feature","id":"capital-1-1159123067","properties":{"name":"Punta del Este","localName":"Punta del Este","countryCode":"URY","country":"Uruguay","division":"Maldonado","qid":"Q56069","rank":9,"level":1,"role":"Admin-1 capital"},"geometry":{"type":"Point","coordinates":[-54.94999,-34.969973]}},{"type":"Feature","id":"capital-1-1159124491","properties":{"name":"Barinas","localName":"Barinas","countryCode":"VEN","country":"Venezuela","division":"Barinas","qid":"Q695623","rank":10,"level":1,"role":"Admin-1 capital"},"geometry":{"type":"Point","coordinates":[-70.250012,8.599978]}},{"type":"Feature","id":"capital-1-1159124543","properties":{"name":"Guanare","localName":"Guanare","countryCode":"VEN","country":"Venezuela","division":"Portuguesa","qid":"Q733005","rank":9,"level":1,"role":"Admin-1 capital"},"geometry":{"type":"Point","coordinates":[-69.750017,9.049976]}},{"type":"Feature","id":"capital-1-1159124647","properties":{"name":"Montpelier","localName":"Montpelier","countryCode":"USA","country":"United States","division":"Vermont","qid":"Q26426","rank":5,"level":1,"role":"Admin-1 capital"},"geometry":{"type":"Point","coordinates":[-72.575813,44.259971]}},{"type":"Feature","id":"capital-1-1159125621","properties":{"name":"Dover","localName":"Dover","countryCode":"USA","country":"United States","division":"Delaware","qid":"Q33518","rank":8,"level":1,"role":"Admin-1 capital"},"geometry":{"type":"Point","coordinates":[-75.524703,39.158087]}},{"type":"Feature","id":"capital-1-1159125647","properties":{"name":"Annapolis","localName":"Annapolis","countryCode":"USA","country":"United States","division":"Maryland","qid":"Q28271","rank":8,"level":1,"role":"Admin-1 capital"},"geometry":{"type":"Point","coordinates":[-76.492499,38.97833]}},{"type":"Feature","id":"capital-1-1159125827","properties":{"name":"Los Teques","localName":"Los Teques","countryCode":"VEN","country":"Venezuela","division":"Distrito Capital","qid":"Q695631","rank":10,"level":1,"role":"Admin-1 capital"},"geometry":{"type":"Point","coordinates":[-67.020028,10.41997]}},{"type":"Feature","id":"capital-1-1159125919","properties":{"name":"Nieuw Amsterdam","localName":"Nieuw Amsterdam","countryCode":"SUR","country":"Suriname","division":"Commewijne","qid":"Q762619","rank":4,"level":1,"role":"Admin-1 capital"},"geometry":{"type":"Point","coordinates":[-55.070008,5.909987]}},{"type":"Feature","id":"capital-1-1159126139","properties":{"name":"Latakia","localName":"Latakia","countryCode":"SYR","country":"Syria","division":"Lattakia (Al Ladhiqiyah)","qid":"Q200030","rank":11,"level":1,"role":"Admin-1 capital"},"geometry":{"type":"Point","coordinates":[35.779976,35.539987]}},{"type":"Feature","id":"capital-1-1159126193","properties":{"name":"Idlib","localName":"Idlib","countryCode":"SYR","country":"Syria","division":"Idlib","qid":"Q504657","rank":9,"level":1,"role":"Admin-1 capital"},"geometry":{"type":"Point","coordinates":[36.631655,35.929705]}},{"type":"Feature","id":"capital-1-1159126219","properties":{"name":"Al-Hasakah","localName":"Al Hasakah","countryCode":"SYR","country":"Syria","division":"Hasaka (Al Haksa)","qid":"Q311321","rank":9,"level":1,"role":"Admin-1 capital"},"geometry":{"type":"Point","coordinates":[40.750008,36.483289]}},{"type":"Feature","id":"capital-1-1159126247","properties":{"name":"Dhamar","localName":"Dhamar","countryCode":"YEM","country":"Yemen","division":"Dhamar","qid":"Q955523","rank":9,"level":1,"role":"Admin-1 capital"},"geometry":{"type":"Point","coordinates":[44.387461,14.557469]}},{"type":"Feature","id":"capital-1-1159126259","properties":{"name":"Ibb","localName":"Ibb","countryCode":"YEM","country":"Yemen","division":"Ibb","qid":"Q99648","rank":10,"level":1,"role":"Admin-1 capital"},"geometry":{"type":"Point","coordinates":[44.170885,13.975851]}},{"type":"Feature","id":"capital-1-1159126273","properties":{"name":"Chur","localName":"Chur","countryCode":"CHE","country":"Switzerland","division":"Graubünden","qid":"Q69007","rank":7,"level":1,"role":"Admin-1 capital"},"geometry":{"type":"Point","coordinates":[9.50003,46.85002]}},{"type":"Feature","id":"capital-1-1159126687","properties":{"name":"Västerås","localName":"Västerås","countryCode":"SWE","country":"Sweden","division":"Västmanland","qid":"Q25412","rank":9,"level":1,"role":"Admin-1 capital"},"geometry":{"type":"Point","coordinates":[16.55768,59.609084]}},{"type":"Feature","id":"capital-1-1159126699","properties":{"name":"Mykolaiv","localName":"Mykolayiv","countryCode":"UKR","country":"Ukraine","division":"Mykolayiv","qid":"Q41572","rank":11,"level":1,"role":"Admin-1 capital"},"geometry":{"type":"Point","coordinates":[31.984342,46.967739]}},{"type":"Feature","id":"capital-1-1159126717","properties":{"name":"Chernihiv","localName":"Chernihiv","countryCode":"UKR","country":"Ukraine","division":"Chernihiv","qid":"Q157053","rank":10,"level":1,"role":"Admin-1 capital"},"geometry":{"type":"Point","coordinates":[31.301541,51.50493]}},{"type":"Feature","id":"capital-1-1159126729","properties":{"name":"Khmelnytskyi","localName":"Khmelnytskyy","countryCode":"UKR","country":"Ukraine","division":"Khmel'nyts'kyy","qid":"Q156717","rank":10,"level":1,"role":"Admin-1 capital"},"geometry":{"type":"Point","coordinates":[27.001545,49.424928]}},{"type":"Feature","id":"capital-1-1159126765","properties":{"name":"Uzhhorod","localName":"Uzhgorod","countryCode":"UKR","country":"Ukraine","division":"Transcarpathia","qid":"Q156711","rank":9,"level":1,"role":"Admin-1 capital"},"geometry":{"type":"Point","coordinates":[22.250001,48.629989]}},{"type":"Feature","id":"capital-1-1159126925","properties":{"name":"Umm Al Quwain","localName":"Umm al Qaywayn","countryCode":"ARE","country":"United Arab Emirates","division":"Umm Al Qaywayn","qid":"Q2788830","rank":7,"level":1,"role":"Admin-1 capital"},"geometry":{"type":"Point","coordinates":[55.553343,25.565273]}},{"type":"Feature","id":"capital-1-1159126943","properties":{"name":"Sharjah","localName":"Sharjah","countryCode":"ARE","country":"United Arab Emirates","division":"Sharjah","qid":"Q289693","rank":12,"level":1,"role":"Admin-1 capital"},"geometry":{"type":"Point","coordinates":[55.406478,25.371383]}},{"type":"Feature","id":"capital-1-1159127083","properties":{"name":"Bokhtar","localName":"Qurghonteppa","countryCode":"TJK","country":"Tajikistan","division":"Khatlon","qid":"Q648567","rank":10,"level":1,"role":"Admin-1 capital"},"geometry":{"type":"Point","coordinates":[68.771347,37.837314]}},{"type":"Feature","id":"capital-1-1159127107","properties":{"name":"Guliston","localName":"Guliston","countryCode":"UZB","country":"Uzbekistan","division":"Sirdaryo","qid":"Q609649","rank":8,"level":1,"role":"Admin-1 capital"},"geometry":{"type":"Point","coordinates":[68.790726,40.495731]}},{"type":"Feature","id":"capital-1-1159127151","properties":{"name":"Nacaome","localName":"Nacaome","countryCode":"HND","country":"Honduras","division":"Valle","qid":"Q633929","rank":7,"level":1,"role":"Admin-1 capital"},"geometry":{"type":"Point","coordinates":[-87.489968,13.529987]}},{"type":"Feature","id":"capital-1-1159127165","properties":{"name":"Santa Rosa de Copán","localName":"Santa Rosa de Copán","countryCode":"HND","country":"Honduras","division":"Copán","qid":"Q954300","rank":7,"level":1,"role":"Admin-1 capital"},"geometry":{"type":"Point","coordinates":[-88.779992,14.769989]}},{"type":"Feature","id":"capital-1-1159127229","properties":{"name":"Vitoria-Gasteiz","localName":"Vitoria","countryCode":"ESP","country":"Spain","division":"País Vasco","qid":"Q14318","rank":10,"level":1,"role":"Admin-1 capital"},"geometry":{"type":"Point","coordinates":[-2.669977,42.84998]}},{"type":"Feature","id":"capital-1-1159127383","properties":{"name":"Aydın","localName":"Aydın","countryCode":"TUR","country":"Türkiye","division":"Aydin","qid":"Q170457","rank":9,"level":1,"role":"Admin-1 capital"},"geometry":{"type":"Point","coordinates":[27.850021,37.849975]}},{"type":"Feature","id":"capital-1-1159127405","properties":{"name":"Isparta","localName":"Isparta","countryCode":"TUR","country":"Türkiye","division":"Isparta","qid":"Q171031","rank":9,"level":1,"role":"Admin-1 capital"},"geometry":{"type":"Point","coordinates":[30.529961,37.76998]}},{"type":"Feature","id":"capital-1-1159127413","properties":{"name":"Kütahya","localName":"Kütahya","countryCode":"TUR","country":"Türkiye","division":"Kütahya","qid":"Q188894","rank":9,"level":1,"role":"Admin-1 capital"},"geometry":{"type":"Point","coordinates":[29.929997,39.420009]}},{"type":"Feature","id":"capital-1-1159127429","properties":{"name":"Muğla","localName":"Muğla","countryCode":"TUR","country":"Türkiye","division":"Mugla","qid":"Q216912","rank":7,"level":1,"role":"Admin-1 capital"},"geometry":{"type":"Point","coordinates":[28.363891,37.21637]}},{"type":"Feature","id":"capital-1-1159127441","properties":{"name":"Elazığ","localName":"Elâzığ","countryCode":"TUR","country":"Türkiye","division":"Elazig","qid":"Q174060","rank":10,"level":1,"role":"Admin-1 capital"},"geometry":{"type":"Point","coordinates":[39.229998,38.679976]}},{"type":"Feature","id":"capital-1-1159127453","properties":{"name":"Kahramanmaraş","localName":"Kahramanmaraş","countryCode":"TUR","country":"Türkiye","division":"K. Maras","qid":"Q134703","rank":10,"level":1,"role":"Admin-1 capital"},"geometry":{"type":"Point","coordinates":[36.945021,37.60999]}},{"type":"Feature","id":"capital-1-1159127463","properties":{"name":"Mersin","localName":"Icel","countryCode":"TUR","country":"Türkiye","division":"Mersin","qid":"Q134291","rank":11,"level":1,"role":"Admin-1 capital"},"geometry":{"type":"Point","coordinates":[34.619995,36.799988]}},{"type":"Feature","id":"capital-1-1159127475","properties":{"name":"Çorum","localName":"Corum","countryCode":"TUR","country":"Türkiye","division":"Çorum","qid":"Q206900","rank":9,"level":1,"role":"Admin-1 capital"},"geometry":{"type":"Point","coordinates":[34.950001,40.519993]}},{"type":"Feature","id":"capital-1-1159127485","properties":{"name":"Rize","localName":"Rize","countryCode":"TUR","country":"Türkiye","division":"Rize","qid":"Q201101","rank":10,"level":1,"role":"Admin-1 capital"},"geometry":{"type":"Point","coordinates":[40.521857,41.020841]}},{"type":"Feature","id":"capital-1-1159127519","properties":{"name":"Cheongju","localName":"Cheongju","countryCode":"KOR","country":"South Korea","division":"Chungcheongbuk-do","qid":"Q42147","rank":11,"level":1,"role":"Admin-1 capital"},"geometry":{"type":"Point","coordinates":[127.501199,36.643899]}},{"type":"Feature","id":"capital-1-1159127543","properties":{"name":"Chuncheon","localName":"Chuncheon","countryCode":"KOR","country":"South Korea","division":"Gangwon-do","qid":"Q42148","rank":10,"level":1,"role":"Admin-1 capital"},"geometry":{"type":"Point","coordinates":[127.734156,37.874702]}},{"type":"Feature","id":"capital-1-1159127697","properties":{"name":"Hakkâri","localName":"Hakkâri","countryCode":"TUR","country":"Türkiye","division":"Hakkari","qid":"Q206895","rank":8,"level":1,"role":"Admin-1 capital"},"geometry":{"type":"Point","coordinates":[43.740834,37.574436]}},{"type":"Feature","id":"capital-1-1159127709","properties":{"name":"Szombathely","localName":"Szombathely","countryCode":"HUN","country":"Hungary","division":"Vas","qid":"Q42007","rank":9,"level":1,"role":"Admin-1 capital"},"geometry":{"type":"Point","coordinates":[16.628742,47.225346]}},{"type":"Feature","id":"capital-1-1159127719","properties":{"name":"Kecskemét","localName":"Kecskemét","countryCode":"HUN","country":"Hungary","division":"Bács-Kiskun","qid":"Q171357","rank":9,"level":1,"role":"Admin-1 capital"},"geometry":{"type":"Point","coordinates":[19.700027,46.900043]}},{"type":"Feature","id":"capital-1-1159127731","properties":{"name":"Székesfehérvár","localName":"Székesfehérvár","countryCode":"HUN","country":"Hungary","division":"Fejér","qid":"Q130212","rank":9,"level":1,"role":"Admin-1 capital"},"geometry":{"type":"Point","coordinates":[18.408065,47.194676]}},{"type":"Feature","id":"capital-1-1159127743","properties":{"name":"Nyíregyháza","localName":"Nyíregyháza","countryCode":"HUN","country":"Hungary","division":"Szabolcs-Szatmár-Bereg","qid":"Q171223","rank":9,"level":1,"role":"Admin-1 capital"},"geometry":{"type":"Point","coordinates":[21.718715,47.965327]}},{"type":"Feature","id":"capital-1-1159127777","properties":{"name":"Drobeta-Turnu Severin","localName":"Drobeta-Turnu Severin","countryCode":"ROU","country":"Romania","division":"Mehedinti","qid":"Q193890","rank":9,"level":1,"role":"Admin-1 capital"},"geometry":{"type":"Point","coordinates":[22.665893,44.645891]}},{"type":"Feature","id":"capital-1-1159127789","properties":{"name":"Tulcea","localName":"Tulcea","countryCode":"ROU","country":"Romania","division":"Constanta","qid":"Q11585","rank":8,"level":1,"role":"Admin-1 capital"},"geometry":{"type":"Point","coordinates":[28.796681,45.199346]}},{"type":"Feature","id":"capital-1-1159127803","properties":{"name":"Arad","localName":"Arad","countryCode":"ROU","country":"Romania","division":"Arad","qid":"Q173591","rank":9,"level":1,"role":"Admin-1 capital"},"geometry":{"type":"Point","coordinates":[21.31998,46.17001]}},{"type":"Feature","id":"capital-1-1159127807","properties":{"name":"Oradea","localName":"Oradea","countryCode":"ROU","country":"Romania","division":"Bihor","qid":"Q93358","rank":10,"level":1,"role":"Admin-1 capital"},"geometry":{"type":"Point","coordinates":[21.919995,47.049982]}},{"type":"Feature","id":"capital-1-1159127819","properties":{"name":"Sibiu","localName":"Sibiu","countryCode":"ROU","country":"Romania","division":"Sibiu","qid":"Q83324","rank":9,"level":1,"role":"Admin-1 capital"},"geometry":{"type":"Point","coordinates":[24.137121,45.797113]}},{"type":"Feature","id":"capital-1-1159127833","properties":{"name":"Suceava","localName":"Suceava","countryCode":"ROU","country":"Romania","division":"Suceava","qid":"Q46400","rank":9,"level":1,"role":"Admin-1 capital"},"geometry":{"type":"Point","coordinates":[26.259317,47.637698]}},{"type":"Feature","id":"capital-1-1159127843","properties":{"name":"Buzău","localName":"Buzău","countryCode":"ROU","country":"Romania","division":"Buzau","qid":"Q201404","rank":9,"level":1,"role":"Admin-1 capital"},"geometry":{"type":"Point","coordinates":[26.806518,45.156506]}},{"type":"Feature","id":"capital-1-1159127855","properties":{"name":"Galați","localName":"Galați","countryCode":"ROU","country":"Romania","division":"Galati","qid":"Q170996","rank":10,"level":1,"role":"Admin-1 capital"},"geometry":{"type":"Point","coordinates":[28.045874,45.455893]}},{"type":"Feature","id":"capital-1-1159127869","properties":{"name":"Focșani","localName":"Focșani","countryCode":"ROU","country":"Romania","division":"Vrancea","qid":"Q192265","rank":9,"level":1,"role":"Admin-1 capital"},"geometry":{"type":"Point","coordinates":[27.186547,45.696551]}},{"type":"Feature","id":"capital-1-1159128011","properties":{"name":"Huaura","localName":"Huaura","countryCode":"PER","country":"Peru","division":"Lima","qid":"Q16576408","rank":7,"level":1,"role":"Admin-1 capital"},"geometry":{"type":"Point","coordinates":[-77.599977,-11.060011]}},{"type":"Feature","id":"capital-1-1159128025","properties":{"name":"General Eugenio Alejandrino Garay","localName":"General Eugenio Alejandrino Garay","countryCode":"PRY","country":"Paraguay","division":"Boqueran","qid":null,"rank":2,"level":1,"role":"Admin-1 capital"},"geometry":{"type":"Point","coordinates":[-62.209986,-20.51995]}},{"type":"Feature","id":"capital-1-1159128059","properties":{"name":"Pozo Colorado","localName":"Pozo Colorado","countryCode":"PRY","country":"Paraguay","division":"Presidente Hayes","qid":"Q1315847","rank":4,"level":1,"role":"Admin-1 capital"},"geometry":{"type":"Point","coordinates":[-58.859984,-23.430005]}},{"type":"Feature","id":"capital-1-1159128065","properties":{"name":"San Pedro de Ycuamandiyú","localName":"San Pedro","countryCode":"PRY","country":"Paraguay","division":"San Pedro","qid":"Q135993","rank":5,"level":1,"role":"Admin-1 capital"},"geometry":{"type":"Point","coordinates":[-57.079989,-24.089965]}},{"type":"Feature","id":"capital-1-1159128077","properties":{"name":"Ypacaraí","localName":"Ypacaraí","countryCode":"PRY","country":"Paraguay","division":"Asunción","qid":"Q643576","rank":7,"level":1,"role":"Admin-1 capital"},"geometry":{"type":"Point","coordinates":[-57.279977,-25.409988]}},{"type":"Feature","id":"capital-1-1159128085","properties":{"name":"San Juan Baptista","localName":"San Juan Bautista","countryCode":"PRY","country":"Paraguay","division":"Misiones","qid":"Q530895","rank":5,"level":1,"role":"Admin-1 capital"},"geometry":{"type":"Point","coordinates":[-57.150011,-26.679988]}},{"type":"Feature","id":"capital-1-1159128091","properties":{"name":"Paraguarí","localName":"Paraguarí","countryCode":"PRY","country":"Paraguay","division":"Paraguarí","qid":"Q917103","rank":6,"level":1,"role":"Admin-1 capital"},"geometry":{"type":"Point","coordinates":[-57.16001,-25.620001]}},{"type":"Feature","id":"capital-1-1159128105","properties":{"name":"Coronel Oviedo","localName":"Coronel Oviedo","countryCode":"PRY","country":"Paraguay","division":"Caaguazú","qid":"Q935504","rank":8,"level":1,"role":"Admin-1 capital"},"geometry":{"type":"Point","coordinates":[-56.439951,-25.449985]}},{"type":"Feature","id":"capital-1-1159128111","properties":{"name":"Caazapá","localName":"Caazapá","countryCode":"PRY","country":"Paraguay","division":"Caazapa","qid":"Q135939","rank":5,"level":1,"role":"Admin-1 capital"},"geometry":{"type":"Point","coordinates":[-56.380006,-26.200017]}},{"type":"Feature","id":"capital-1-1159128125","properties":{"name":"Encarnación","localName":"Encarnación","countryCode":"PRY","country":"Paraguay","division":"Itapúa","qid":"Q47138","rank":10,"level":1,"role":"Admin-1 capital"},"geometry":{"type":"Point","coordinates":[-55.873919,-27.347185]}},{"type":"Feature","id":"capital-1-1159128139","properties":{"name":"Estelí","localName":"Estelí","countryCode":"NIC","country":"Nicaragua","division":"Estelí","qid":"Q1007634","rank":9,"level":1,"role":"Admin-1 capital"},"geometry":{"type":"Point","coordinates":[-86.359985,13.089988]}},{"type":"Feature","id":"capital-1-1159128143","properties":{"name":"Boaco","localName":"Boaco","countryCode":"NIC","country":"Nicaragua","division":"Boaco","qid":"Q887488","rank":7,"level":1,"role":"Admin-1 capital"},"geometry":{"type":"Point","coordinates":[-85.660002,12.469974]}},{"type":"Feature","id":"capital-1-1159128151","properties":{"name":"Juigalpa","localName":"Juigalpa","countryCode":"NIC","country":"Nicaragua","division":"Chontales","qid":"Q1025801","rank":8,"level":1,"role":"Admin-1 capital"},"geometry":{"type":"Point","coordinates":[-85.379967,12.109996]}},{"type":"Feature","id":"capital-1-1159128157","properties":{"name":"Braga","localName":"Braga","countryCode":"PRT","country":"Portugal","division":"Braga","qid":"Q83247","rank":11,"level":1,"role":"Admin-1 capital"},"geometry":{"type":"Point","coordinates":[-8.421331,41.554994]}},{"type":"Feature","id":"capital-1-1159128229","properties":{"name":"Banská Bystrica","localName":"Banská Bystrica","countryCode":"SVK","country":"Slovakia","division":"Banskobystrický","qid":"Q144983","rank":8,"level":1,"role":"Admin-1 capital"},"geometry":{"type":"Point","coordinates":[19.149983,48.73329]}},{"type":"Feature","id":"capital-1-1159128235","properties":{"name":"Trnava","localName":"Trnava","countryCode":"SVK","country":"Slovakia","division":"Trnavský","qid":"Q26175","rank":8,"level":1,"role":"Admin-1 capital"},"geometry":{"type":"Point","coordinates":[17.6,48.366594]}},{"type":"Feature","id":"capital-1-1159128249","properties":{"name":"Panevezys","localName":"Panevežys","countryCode":"LTU","country":"Lithuania","division":"Panevezio","qid":"Q1719466","rank":9,"level":1,"role":"Admin-1 capital"},"geometry":{"type":"Point","coordinates":[24.370026,55.74002]}},{"type":"Feature","id":"capital-1-1159128255","properties":{"name":"Šiauliai","localName":"Šiauliai","countryCode":"LTU","country":"Lithuania","division":"Šiauliai","qid":"Q134712","rank":9,"level":1,"role":"Admin-1 capital"},"geometry":{"type":"Point","coordinates":[23.325026,55.938639]}},{"type":"Feature","id":"capital-1-1159128263","properties":{"name":"Najran","localName":"Najran","countryCode":"SAU","country":"Saudi Arabia","division":"Najran","qid":"Q27174","rank":10,"level":1,"role":"Admin-1 capital"},"geometry":{"type":"Point","coordinates":[44.131559,17.50654]}},{"type":"Feature","id":"capital-1-1159128371","properties":{"name":"Naryn","localName":"Naryn","countryCode":"KGZ","country":"Kyrgyzstan","division":"Naryn","qid":"Q311946","rank":8,"level":1,"role":"Admin-1 capital"},"geometry":{"type":"Point","coordinates":[75.991062,41.426346]}},{"type":"Feature","id":"capital-1-1159128427","properties":{"name":"Penonomé","localName":"Penonome","countryCode":"PAN","country":"Panama","division":"Coclé","qid":"Q654169","rank":7,"level":1,"role":"Admin-1 capital"},"geometry":{"type":"Point","coordinates":[-80.359989,8.509983]}},{"type":"Feature","id":"capital-1-1159128433","properties":{"name":"Chitré","localName":"Chitré","countryCode":"PAN","country":"Panama","division":"Herrera","qid":"Q657763","rank":7,"level":1,"role":"Admin-1 capital"},"geometry":{"type":"Point","coordinates":[-80.420037,7.970016]}},{"type":"Feature","id":"capital-1-1159128453","properties":{"name":"Al Ahmadi","localName":"Al Ahmadi","countryCode":"KWT","country":"Kuwait","division":"Al Ahmadi","qid":"Q980396","rank":8,"level":1,"role":"Admin-1 capital"},"geometry":{"type":"Point","coordinates":[48.083773,29.076945]}},{"type":"Feature","id":"capital-1-1159128461","properties":{"name":"Al Jahra","localName":"Al Jahra","countryCode":"KWT","country":"Kuwait","division":"Al Jahrah","qid":"Q1077024","rank":9,"level":1,"role":"Admin-1 capital"},"geometry":{"type":"Point","coordinates":[47.658062,29.337471]}},{"type":"Feature","id":"capital-1-1159128465","properties":{"name":"Bocas del Toro","localName":"Bocas del Toro","countryCode":"PAN","country":"Panama","division":"Bocas del Toro","qid":"Q888971","rank":5,"level":1,"role":"Admin-1 capital"},"geometry":{"type":"Point","coordinates":[-82.247471,9.33535]}},{"type":"Feature","id":"capital-1-1159128473","properties":{"name":"Maykop","localName":"Maykop","countryCode":"RUS","country":"Russia","division":"Adygey","qid":"Q3752","rank":9,"level":1,"role":"Admin-1 capital"},"geometry":{"type":"Point","coordinates":[40.120021,44.609976]}},{"type":"Feature","id":"capital-1-1159129331","properties":{"name":"Tlaxcala","localName":"Tlaxcala","countryCode":"MEX","country":"Mexico","division":"Tlaxcala","qid":"Q614072","rank":11,"level":1,"role":"Admin-1 capital"},"geometry":{"type":"Point","coordinates":[-98.23001,19.319995]}},{"type":"Feature","id":"capital-1-1159129353","properties":{"name":"Chilpancingo","localName":"Chilpancingo","countryCode":"MEX","country":"Mexico","division":"Guerrero","qid":"Q207935","rank":9,"level":1,"role":"Admin-1 capital"},"geometry":{"type":"Point","coordinates":[-99.50001,17.549974]}},{"type":"Feature","id":"capital-1-1159129407","properties":{"name":"Xalapa","localName":"Xalapa","countryCode":"MEX","country":"Mexico","division":"Veracruz","qid":"Q221051","rank":10,"level":1,"role":"Admin-1 capital"},"geometry":{"type":"Point","coordinates":[-96.919986,19.529982]}},{"type":"Feature","id":"capital-1-1159129473","properties":{"name":"Tetovo","localName":"Tetovo","countryCode":"MKD","country":"North Macedonia","division":"Tetovo","qid":"Q157024","rank":9,"level":1,"role":"Admin-1 capital"},"geometry":{"type":"Point","coordinates":[20.970079,42.00923]}},{"type":"Feature","id":"capital-1-1159129477","properties":{"name":"Sidon","localName":"Saida","countryCode":"LBN","country":"Lebanon","division":"South Lebanon","qid":"Q163490","rank":9,"level":1,"role":"Admin-1 capital"},"geometry":{"type":"Point","coordinates":[35.368787,33.563028]}},{"type":"Feature","id":"capital-1-1159129483","properties":{"name":"Olsztyn","localName":"Olsztyn","countryCode":"POL","country":"Poland","division":"Warmian-Masurian","qid":"Q82765","rank":9,"level":1,"role":"Admin-1 capital"},"geometry":{"type":"Point","coordinates":[20.485564,53.772584]}},{"type":"Feature","id":"capital-1-1159129491","properties":{"name":"Elbląg","localName":"Elbląg","countryCode":"POL","country":"Poland","division":"Warmian-Masurian","qid":"Q104712","rank":9,"level":1,"role":"Admin-1 capital"},"geometry":{"type":"Point","coordinates":[19.403193,54.153919]}},{"type":"Feature","id":"capital-1-1159129511","properties":{"name":"Opole","localName":"Opole","countryCode":"POL","country":"Poland","division":"Opole","qid":"Q92212","rank":9,"level":1,"role":"Admin-1 capital"},"geometry":{"type":"Point","coordinates":[17.93135,50.68498]}},{"type":"Feature","id":"capital-1-1159129631","properties":{"name":"Kaesong","localName":"Kaesong","countryCode":"PRK","country":"North Korea","division":"Kaesong","qid":"Q109079","rank":10,"level":1,"role":"Admin-1 capital"},"geometry":{"type":"Point","coordinates":[126.564409,37.963999]}},{"type":"Feature","id":"capital-1-1159129667","properties":{"name":"Tsetserleg","localName":"Tsetserleg","countryCode":"MNG","country":"Mongolia","division":"Arhangay","qid":"Q529834","rank":6,"level":1,"role":"Admin-1 capital"},"geometry":{"type":"Point","coordinates":[101.450179,47.476881]}},{"type":"Feature","id":"capital-1-1159129693","properties":{"name":"Tralee","localName":"Tralee","countryCode":"IRL","country":"Ireland","division":"Kerry","qid":"Q213358","rank":7,"level":1,"role":"Admin-1 capital"},"geometry":{"type":"Point","coordinates":[-9.716653,52.266692]}},{"type":"Feature","id":"capital-1-1159129733","properties":{"name":"Irbid","localName":"Irbid","countryCode":"JOR","country":"Jordan","division":"Irbid","qid":"Q194165","rank":11,"level":1,"role":"Admin-1 capital"},"geometry":{"type":"Point","coordinates":[35.849998,32.549989]}},{"type":"Feature","id":"capital-1-1159129739","properties":{"name":"Salt","localName":"As Salt","countryCode":"JOR","country":"Jordan","division":"Balqa","qid":"Q867586","rank":9,"level":1,"role":"Admin-1 capital"},"geometry":{"type":"Point","coordinates":[35.727214,32.039193]}},{"type":"Feature","id":"capital-1-1159129743","properties":{"name":"Zarqa","localName":"Az Zarqa","countryCode":"JOR","country":"Jordan","division":"Zarqa","qid":"Q148062","rank":11,"level":1,"role":"Admin-1 capital"},"geometry":{"type":"Point","coordinates":[36.100008,32.069992]}},{"type":"Feature","id":"capital-1-1159129821","properties":{"name":"Puerto Baquerizo Moreno","localName":"Puerto Baquerizo Moreno","countryCode":"ECU","country":"Ecuador","division":"Galápagos","qid":"Q694109","rank":5,"level":1,"role":"Admin-1 capital"},"geometry":{"type":"Point","coordinates":[-89.599968,-0.900011]}},{"type":"Feature","id":"capital-1-1159129825","properties":{"name":"Guaranda","localName":"Guaranda","countryCode":"ECU","country":"Ecuador","division":"Bolivar","qid":"Q264464","rank":7,"level":1,"role":"Admin-1 capital"},"geometry":{"type":"Point","coordinates":[-79.01002,-1.609994]}},{"type":"Feature","id":"capital-1-1159129831","properties":{"name":"Azogues","localName":"Azogues","countryCode":"ECU","country":"Ecuador","division":"Cañar","qid":"Q786758","rank":8,"level":1,"role":"Admin-1 capital"},"geometry":{"type":"Point","coordinates":[-78.84003,-2.740002]}},{"type":"Feature","id":"capital-1-1159129861","properties":{"name":"Cartago","localName":"Cartago","countryCode":"CRI","country":"Costa Rica","division":"Cartago","qid":"Q30617","rank":9,"level":1,"role":"Admin-1 capital"},"geometry":{"type":"Point","coordinates":[-83.929978,9.869978]}},{"type":"Feature","id":"capital-1-1159129873","properties":{"name":"Alajuela","localName":"Alajuela","countryCode":"CRI","country":"Costa Rica","division":"Alajuela","qid":"Q37104","rank":10,"level":1,"role":"Admin-1 capital"},"geometry":{"type":"Point","coordinates":[-84.230037,10.02002]}},{"type":"Feature","id":"capital-1-1159129885","properties":{"name":"Sensuntepeque","localName":"Sensuntepeque","countryCode":"SLV","country":"El Salvador","division":"Cabañas","qid":"Q2335680","rank":7,"level":1,"role":"Admin-1 capital"},"geometry":{"type":"Point","coordinates":[-88.630001,13.880043]}},{"type":"Feature","id":"capital-1-1159129889","properties":{"name":"Sonsonate","localName":"Sonsonate","countryCode":"SLV","country":"El Salvador","division":"Sonsonate","qid":"Q1014248","rank":9,"level":1,"role":"Admin-1 capital"},"geometry":{"type":"Point","coordinates":[-89.729986,13.719975]}},{"type":"Feature","id":"capital-1-1159129893","properties":{"name":"San Miguel","localName":"San Miguel","countryCode":"SLV","country":"El Salvador","division":"San Miguel","qid":"Q672458","rank":10,"level":1,"role":"Admin-1 capital"},"geometry":{"type":"Point","coordinates":[-88.183336,13.483349]}},{"type":"Feature","id":"capital-1-1159129897","properties":{"name":"Ciego de Ávila","localName":"Ciego de Ávila","countryCode":"CUB","country":"Cuba","division":"Ciego de Ávila","qid":"Q115465","rank":9,"level":1,"role":"Admin-1 capital"},"geometry":{"type":"Point","coordinates":[-78.761947,21.839996]}},{"type":"Feature","id":"capital-1-1159129907","properties":{"name":"May Pen","localName":"May Pen","countryCode":"JAM","country":"Jamaica","division":"Clarendon","qid":"Q1677434","rank":9,"level":1,"role":"Admin-1 capital"},"geometry":{"type":"Point","coordinates":[-77.233281,17.966615]}},{"type":"Feature","id":"capital-1-1159129911","properties":{"name":"Spanish Town","localName":"Spanish Town","countryCode":"JAM","country":"Jamaica","division":"Saint Catherine","qid":"Q846939","rank":10,"level":1,"role":"Admin-1 capital"},"geometry":{"type":"Point","coordinates":[-76.949991,17.983332]}},{"type":"Feature","id":"capital-1-1159129929","properties":{"name":"Mocoa","localName":"Mocoa","countryCode":"COL","country":"Colombia","division":"Putumayo","qid":"Q579803","rank":7,"level":1,"role":"Admin-1 capital"},"geometry":{"type":"Point","coordinates":[-76.629984,1.149993]}},{"type":"Feature","id":"capital-1-1159129961","properties":{"name":"Valledupar","localName":"Valledupar","countryCode":"COL","country":"Colombia","division":"Cesar","qid":"Q376903","rank":10,"level":1,"role":"Admin-1 capital"},"geometry":{"type":"Point","coordinates":[-73.25001,10.479992]}},{"type":"Feature","id":"capital-1-1159129965","properties":{"name":"San José del Guaviare","localName":"San José del Guaviare","countryCode":"COL","country":"Colombia","division":"Meta","qid":"Q864675","rank":7,"level":1,"role":"Admin-1 capital"},"geometry":{"type":"Point","coordinates":[-72.639995,2.569984]}},{"type":"Feature","id":"capital-1-1159130041","properties":{"name":"Erfurt","localName":"Erfurt","countryCode":"DEU","country":"Germany","division":"Thüringen","qid":"Q1729","rank":10,"level":1,"role":"Admin-1 capital"},"geometry":{"type":"Point","coordinates":[11.029962,50.970053]}},{"type":"Feature","id":"capital-1-1159130047","properties":{"name":"Karlovac","localName":"Karlovac","countryCode":"HRV","country":"Croatia","division":"Karlovacka","qid":"Q3617","rank":8,"level":1,"role":"Admin-1 capital"},"geometry":{"type":"Point","coordinates":[15.547774,45.487209]}},{"type":"Feature","id":"capital-1-1159130051","properties":{"name":"Rijeka","localName":"Rijeka","countryCode":"HRV","country":"Croatia","division":"Primorsko-Goranska","qid":"Q1647","rank":9,"level":1,"role":"Admin-1 capital"},"geometry":{"type":"Point","coordinates":[14.450012,45.329984]}},{"type":"Feature","id":"capital-1-1159130069","properties":{"name":"České Budějovice","localName":"České Budějovice","countryCode":"CZE","country":"Czechia","division":"Jihoceský","qid":"Q16506","rank":8,"level":1,"role":"Admin-1 capital"},"geometry":{"type":"Point","coordinates":[14.460037,48.980019]}},{"type":"Feature","id":"capital-1-1159130073","properties":{"name":"Liberec","localName":"Liberec","countryCode":"CZE","country":"Czechia","division":"Liberecký","qid":"Q146351","rank":9,"level":1,"role":"Admin-1 capital"},"geometry":{"type":"Point","coordinates":[15.079999,50.79996]}},{"type":"Feature","id":"capital-1-1159130083","properties":{"name":"Slavonski Brod","localName":"Slavonski Brod","countryCode":"HRV","country":"Croatia","division":"Brodsko-Posavska","qid":"Q4686","rank":8,"level":1,"role":"Admin-1 capital"},"geometry":{"type":"Point","coordinates":[18.015582,45.160278]}},{"type":"Feature","id":"capital-1-1159130087","properties":{"name":"Olomouc","localName":"Olomouc","countryCode":"CZE","country":"Czechia","division":"Moravskoslezský","qid":"Q81137","rank":9,"level":1,"role":"Admin-1 capital"},"geometry":{"type":"Point","coordinates":[17.256796,49.586661]}},{"type":"Feature","id":"capital-1-1159130231","properties":{"name":"Okayama","localName":"Okayama","countryCode":"JPN","country":"Japan","division":"Okayama","qid":"Q200078","rank":11,"level":1,"role":"Admin-1 capital"},"geometry":{"type":"Point","coordinates":[133.917087,34.67203]}},{"type":"Feature","id":"capital-1-1159130267","properties":{"name":"Takamatsu","localName":"Takamatsu","countryCode":"JPN","country":"Japan","division":"Kagawa","qid":"Q200707","rank":10,"level":1,"role":"Admin-1 capital"},"geometry":{"type":"Point","coordinates":[134.044779,34.344737]}},{"type":"Feature","id":"capital-1-1159130271","properties":{"name":"Tokushima","localName":"Tokushima","countryCode":"JPN","country":"Japan","division":"Tokushima","qid":"Q207309","rank":10,"level":1,"role":"Admin-1 capital"},"geometry":{"type":"Point","coordinates":[134.5525,34.067389]}},{"type":"Feature","id":"capital-1-1159130341","properties":{"name":"Toyama","localName":"Toyama","countryCode":"JPN","country":"Japan","division":"Toyama","qid":"Q204266","rank":10,"level":1,"role":"Admin-1 capital"},"geometry":{"type":"Point","coordinates":[137.230011,36.699994]}},{"type":"Feature","id":"capital-1-1159130353","properties":{"name":"Ōtsu","localName":"Ōtsu","countryCode":"JPN","country":"Japan","division":"Shiga","qid":"Q202907","rank":11,"level":1,"role":"Admin-1 capital"},"geometry":{"type":"Point","coordinates":[135.867407,35.006402]}},{"type":"Feature","id":"capital-1-1159130357","properties":{"name":"Maebashi","localName":"Maebashi","countryCode":"JPN","country":"Japan","division":"Gunma","qid":"Q201613","rank":10,"level":1,"role":"Admin-1 capital"},"geometry":{"type":"Point","coordinates":[139.072689,36.3927]}},{"type":"Feature","id":"capital-1-1159130371","properties":{"name":"Utsunomiya","localName":"Utsunomiya","countryCode":"JPN","country":"Japan","division":"Tochigi","qid":"Q200589","rank":11,"level":1,"role":"Admin-1 capital"},"geometry":{"type":"Point","coordinates":[139.870005,36.549977]}},{"type":"Feature","id":"capital-1-1159130389","properties":{"name":"Cobán","localName":"Cobán","countryCode":"GTM","country":"Guatemala","division":"Alta Verapaz","qid":"Q867077","rank":8,"level":1,"role":"Admin-1 capital"},"geometry":{"type":"Point","coordinates":[-90.379998,15.469998]}},{"type":"Feature","id":"capital-1-1159130397","properties":{"name":"Jutiapa","localName":"Jutiapa","countryCode":"GTM","country":"Guatemala","division":"Jutiapa","qid":"Q1023364","rank":8,"level":1,"role":"Admin-1 capital"},"geometry":{"type":"Point","coordinates":[-89.900001,14.289992]}},{"type":"Feature","id":"capital-1-1159130401","properties":{"name":"Neiba","localName":"Neiba","countryCode":"DOM","country":"Dominican Republic","division":"Bahoruco","qid":"Q2107258","rank":7,"level":1,"role":"Admin-1 capital"},"geometry":{"type":"Point","coordinates":[-71.416633,18.466611]}},{"type":"Feature","id":"capital-1-1159130407","properties":{"name":"La Vega","localName":"La Vega","countryCode":"DOM","country":"Dominican Republic","division":"La Vega","qid":"Q538953","rank":9,"level":1,"role":"Admin-1 capital"},"geometry":{"type":"Point","coordinates":[-70.516585,19.216591]}},{"type":"Feature","id":"capital-1-1159130411","properties":{"name":"San Francisco de Macorís","localName":"San Francisco de Macorís","countryCode":"DOM","country":"Dominican Republic","division":"Duarte","qid":"Q681999","rank":9,"level":1,"role":"Admin-1 capital"},"geometry":{"type":"Point","coordinates":[-70.250012,19.299996]}},{"type":"Feature","id":"capital-1-1159130425","properties":{"name":"Shimla","localName":"Simla","countryCode":"IND","country":"India","division":"Himachal Pradesh","qid":"Q83786","rank":9,"level":1,"role":"Admin-1 capital"},"geometry":{"type":"Point","coordinates":[77.166597,31.100026]}},{"type":"Feature","id":"capital-1-1159130463","properties":{"name":"Silvassa","localName":"Silvassa","countryCode":"IND","country":"India","division":"Dadra and Nagar Haveli","qid":"Q318404","rank":7,"level":1,"role":"Admin-1 capital"},"geometry":{"type":"Point","coordinates":[73.016618,20.266578]}},{"type":"Feature","id":"capital-1-1159130485","properties":{"name":"Poitiers","localName":"Poitier","countryCode":"FRA","country":"France","division":"Poitou-Charentes","qid":"Q6616","rank":8,"level":1,"role":"Admin-1 region capital"},"geometry":{"type":"Point","coordinates":[0.333276,46.583292]}},{"type":"Feature","id":"capital-1-1159130517","properties":{"name":"Clermont-Ferrand","localName":"Clermont-Ferrand","countryCode":"FRA","country":"France","division":"Auvergne","qid":"Q42168","rank":10,"level":1,"role":"Admin-1 region capital"},"geometry":{"type":"Point","coordinates":[3.080008,45.779982]}},{"type":"Feature","id":"capital-1-1159130531","properties":{"name":"Besançon","localName":"Besançon","countryCode":"FRA","country":"France","division":"Franche-Comté","qid":"Q37776","rank":9,"level":1,"role":"Admin-1 region capital"},"geometry":{"type":"Point","coordinates":[6.030009,47.229997]}},{"type":"Feature","id":"capital-1-1159130651","properties":{"name":"San Fernando","localName":"San Fernando","countryCode":"CHL","country":"Chile","division":"Libertador General Bernardo O'Higgins","qid":"Q187807","rank":8,"level":1,"role":"Admin-1 capital"},"geometry":{"type":"Point","coordinates":[-70.989967,-34.580022]}},{"type":"Feature","id":"capital-1-1159130689","properties":{"name":"Volos","localName":"Volos","countryCode":"GRC","country":"Greece","division":"Thessalia","qid":"Q200036","rank":9,"level":1,"role":"Admin-1 capital"},"geometry":{"type":"Point","coordinates":[22.95001,39.36996]}},{"type":"Feature","id":"capital-1-1159130695","properties":{"name":"Chania","localName":"Hania","countryCode":"GRC","country":"Greece","division":"Kriti","qid":"Q182299","rank":8,"level":1,"role":"Admin-1 capital"},"geometry":{"type":"Point","coordinates":[24.015578,35.512211]}},{"type":"Feature","id":"capital-1-1159130699","properties":{"name":"Kavala","localName":"Kavala","countryCode":"GRC","country":"Greece","division":"Anatoliki Makedonia kai Thraki","qid":"Q187352","rank":8,"level":1,"role":"Admin-1 capital"},"geometry":{"type":"Point","coordinates":[24.40176,40.941211]}},{"type":"Feature","id":"capital-1-1159130703","properties":{"name":"Alexandroupoli","localName":"Alexandroupoli","countryCode":"GRC","country":"Greece","division":"Anatoliki Makedonia kai Thraki","qid":"Q190847","rank":8,"level":1,"role":"Admin-1 capital"},"geometry":{"type":"Point","coordinates":[25.87441,40.848619]}},{"type":"Feature","id":"capital-1-1159130711","properties":{"name":"Tskhinvali","localName":"Tskhinvali","countryCode":"GEO","country":"Georgia","division":"Shida Kartli","qid":"Q79863","rank":7,"level":1,"role":"Admin-1 capital"},"geometry":{"type":"Point","coordinates":[43.975031,42.232498]}},{"type":"Feature","id":"capital-1-1159130717","properties":{"name":"Beersheba","localName":"Beer Sheva","countryCode":"ISR","country":"Israel","division":"HaDarom","qid":"Q41843","rank":10,"level":1,"role":"Admin-1 capital"},"geometry":{"type":"Point","coordinates":[34.830008,31.250016]}},{"type":"Feature","id":"capital-1-1159130761","properties":{"name":"Al Diwaniyah","localName":"Ad Diwaniyah","countryCode":"IRQ","country":"Iraq","division":"Al-Qadisiyah","qid":"Q694939","rank":10,"level":1,"role":"Admin-1 capital"},"geometry":{"type":"Point","coordinates":[44.923966,31.988938]}},{"type":"Feature","id":"capital-1-1159130771","properties":{"name":"Zanjan","localName":"Zanjan","countryCode":"IRN","country":"Iran","division":"Zanjan","qid":"Q146699","rank":10,"level":1,"role":"Admin-1 capital"},"geometry":{"type":"Point","coordinates":[48.500026,36.670021]}},{"type":"Feature","id":"capital-1-1159130775","properties":{"name":"Urmia","localName":"Urmia","countryCode":"IRN","country":"Iran","division":"West Azarbaijan","qid":"Q179665","rank":11,"level":1,"role":"Admin-1 capital"},"geometry":{"type":"Point","coordinates":[44.999982,37.529995]}},{"type":"Feature","id":"capital-1-1159130783","properties":{"name":"Sanandaj","localName":"Sanandaj","countryCode":"IRN","country":"Iran","division":"Kordestan","qid":"Q272093","rank":10,"level":1,"role":"Admin-1 capital"},"geometry":{"type":"Point","coordinates":[47.020013,35.300002]}},{"type":"Feature","id":"capital-1-1159130795","properties":{"name":"Bojnord","localName":"Bojnurd","countryCode":"IRN","country":"Iran","division":"North Khorasan","qid":"Q317946","rank":10,"level":1,"role":"Admin-1 capital"},"geometry":{"type":"Point","coordinates":[57.320005,37.469998]}},{"type":"Feature","id":"capital-1-1159130849","properties":{"name":"Gangtok","localName":"Gangtok","countryCode":"IND","country":"India","division":"Sikkim","qid":"Q186141","rank":8,"level":1,"role":"Admin-1 capital"},"geometry":{"type":"Point","coordinates":[88.616647,27.33333]}},{"type":"Feature","id":"capital-1-1159130855","properties":{"name":"Viborg","localName":"Viborg","countryCode":"DNK","country":"Denmark","division":"Midtjylland","qid":"Q21176","rank":7,"level":1,"role":"Admin-1 capital"},"geometry":{"type":"Point","coordinates":[9.399984,56.433337]}},{"type":"Feature","id":"capital-1-1159130863","properties":{"name":"Ramadi","localName":"Ar Ramadi","countryCode":"IRQ","country":"Iraq","division":"Al-Anbar","qid":"Q192961","rank":10,"level":1,"role":"Admin-1 capital"},"geometry":{"type":"Point","coordinates":[43.299982,33.420013]}},{"type":"Feature","id":"capital-1-1159130903","properties":{"name":"Timon","localName":"Timon","countryCode":"BRA","country":"Brazil","division":"Maranh","qid":"Q1017101","rank":10,"level":1,"role":"Admin-1 capital"},"geometry":{"type":"Point","coordinates":[-42.844966,-5.114999]}},{"type":"Feature","id":"capital-1-1159131117","properties":{"name":"Salto del Guairá","localName":"Guaira","countryCode":"BRA","country":"Brazil","division":"Paraná","qid":"Q135983","rank":7,"level":1,"role":"Admin-1 capital"},"geometry":{"type":"Point","coordinates":[-54.26998,-24.089965]}},{"type":"Feature","id":"capital-1-1159131309","properties":{"name":"Niterói","localName":"Niterói","countryCode":"BRA","country":"Brazil","division":"Rio de Janeiro","qid":"Q178725","rank":12,"level":1,"role":"Admin-1 capital"},"geometry":{"type":"Point","coordinates":[-43.105826,-22.882534]}},{"type":"Feature","id":"capital-1-1159131953","properties":{"name":"Corrientes","localName":"Corrientes","countryCode":"ARG","country":"Argentina","division":"Corrientes","qid":"Q44211","rank":10,"level":1,"role":"Admin-1 capital"},"geometry":{"type":"Point","coordinates":[-58.809987,-27.489964]}},{"type":"Feature","id":"capital-1-1159131971","properties":{"name":"Paraná","localName":"Paraná","countryCode":"ARG","country":"Argentina","division":"Entre Ríos","qid":"Q44213","rank":10,"level":1,"role":"Admin-1 capital"},"geometry":{"type":"Point","coordinates":[-60.533344,-31.733323]}},{"type":"Feature","id":"capital-1-1159132137","properties":{"name":"Dangriga","localName":"Dangriga","countryCode":"BLZ","country":"Belize","division":"Stann Creek","qid":"Q888300","rank":6,"level":1,"role":"Admin-1 capital"},"geometry":{"type":"Point","coordinates":[-88.22,16.970035]}},{"type":"Feature","id":"capital-1-1159132141","properties":{"name":"Vlorë","localName":"Vlorë","countryCode":"ALB","country":"Albania","division":"Vlorë","qid":"Q159610","rank":8,"level":1,"role":"Admin-1 capital"},"geometry":{"type":"Point","coordinates":[19.498231,40.47736]}},{"type":"Feature","id":"capital-1-1159132145","properties":{"name":"Elbasan","localName":"Elbasan","countryCode":"ALB","country":"Albania","division":"Elbasan","qid":"Q114257","rank":9,"level":1,"role":"Admin-1 capital"},"geometry":{"type":"Point","coordinates":[20.083828,41.121507]}},{"type":"Feature","id":"capital-1-1159132151","properties":{"name":"Gyumri","localName":"Gyumri","countryCode":"ARM","country":"Armenia","division":"Shirak","qid":"Q199500","rank":9,"level":1,"role":"Admin-1 capital"},"geometry":{"type":"Point","coordinates":[43.847494,40.789434]}},{"type":"Feature","id":"capital-1-1159132155","properties":{"name":"Ghent","localName":"Gent","countryCode":"BEL","country":"Belgium","division":"East Flanders","qid":"Q1296","rank":10,"level":1,"role":"Admin-1 capital"},"geometry":{"type":"Point","coordinates":[3.700022,51.029998]}},{"type":"Feature","id":"capital-1-1159132169","properties":{"name":"Yevlakh","localName":"Yevlax","countryCode":"AZE","country":"Azerbaijan","division":"Yevlax","qid":"Q175459","rank":8,"level":1,"role":"Admin-1 capital"},"geometry":{"type":"Point","coordinates":[47.150031,40.617196]}},{"type":"Feature","id":"capital-1-1159132173","properties":{"name":"Sumqayit","localName":"Sumqayt","countryCode":"AZE","country":"Azerbaijan","division":"Sumqayit","qid":"Q179833","rank":10,"level":1,"role":"Admin-1 capital"},"geometry":{"type":"Point","coordinates":[49.629983,40.580015]}},{"type":"Feature","id":"capital-1-1159132181","properties":{"name":"Sheberghan","localName":"Sheberghan","countryCode":"AFG","country":"Afghanistan","division":"Jawzjan","qid":"Q838954","rank":8,"level":1,"role":"Admin-1 capital"},"geometry":{"type":"Point","coordinates":[65.738302,36.657981]}},{"type":"Feature","id":"capital-1-1159132273","properties":{"name":"Sliven","localName":"Sliven","countryCode":"BGR","country":"Bulgaria","division":"Sliven","qid":"Q178385","rank":8,"level":1,"role":"Admin-1 capital"},"geometry":{"type":"Point","coordinates":[26.33001,42.67937]}},{"type":"Feature","id":"capital-1-1159132279","properties":{"name":"Plovdiv","localName":"Plovdiv","countryCode":"BGR","country":"Bulgaria","division":"Plovdiv","qid":"Q459","rank":10,"level":1,"role":"Admin-1 capital"},"geometry":{"type":"Point","coordinates":[24.753982,42.153976]}},{"type":"Feature","id":"capital-1-1159132283","properties":{"name":"Pernik","localName":"Pernik","countryCode":"BGR","country":"Bulgaria","division":"Pernik","qid":"Q185289","rank":8,"level":1,"role":"Admin-1 capital"},"geometry":{"type":"Point","coordinates":[23.022718,42.609995]}},{"type":"Feature","id":"capital-1-1159132287","properties":{"name":"Vratsa","localName":"Vratsa","countryCode":"BGR","country":"Bulgaria","division":"Vratsa","qid":"Q189502","rank":8,"level":1,"role":"Admin-1 capital"},"geometry":{"type":"Point","coordinates":[23.562531,43.209984]}},{"type":"Feature","id":"capital-1-1159132291","properties":{"name":"Shumen","localName":"Shumen","countryCode":"BGR","country":"Bulgaria","division":"Shumen","qid":"Q181830","rank":8,"level":1,"role":"Admin-1 capital"},"geometry":{"type":"Point","coordinates":[26.929353,43.270006]}},{"type":"Feature","id":"capital-1-1159132315","properties":{"name":"Sylhet","localName":"Sylhet","countryCode":"BGD","country":"Bangladesh","division":"Sylhet","qid":"Q466221","rank":10,"level":1,"role":"Admin-1 capital"},"geometry":{"type":"Point","coordinates":[91.873606,24.903556]}},{"type":"Feature","id":"capital-1-1159132333","properties":{"name":"Liège","localName":"Liège","countryCode":"BEL","country":"Belgium","division":"Liege","qid":"Q3992","rank":11,"level":1,"role":"Admin-1 capital"},"geometry":{"type":"Point","coordinates":[5.580011,50.629996]}},{"type":"Feature","id":"capital-1-1159132353","properties":{"name":"Famagusta","localName":"Famagusta","countryCode":"CYN","country":"Turkish Republic of Northern Cyprus","division":null,"qid":"Q193190","rank":7,"level":1,"role":"Admin-1 capital"},"geometry":{"type":"Point","coordinates":[33.95001,35.125025]}},{"type":"Feature","id":"capital-1-1159132385","properties":{"name":"Douliu","localName":"Douliou","countryCode":"TWN","country":"Taiwan","division":"Yunlin","qid":"Q669566","rank":9,"level":1,"role":"Admin-1 capital"},"geometry":{"type":"Point","coordinates":[120.543889,23.7075]}},{"type":"Feature","id":"capital-1-1159132393","properties":{"name":"Keelung","localName":"Keelung","countryCode":"TWN","country":"Taiwan","division":"Keelung City","qid":"Q249996","rank":10,"level":1,"role":"Admin-1 capital"},"geometry":{"type":"Point","coordinates":[121.733282,25.133258]}},{"type":"Feature","id":"capital-1-1159132397","properties":{"name":"Nantou City","localName":"Nantou","countryCode":"TWN","country":"Taiwan","division":"Nantou","qid":"Q715171","rank":9,"level":1,"role":"Admin-1 capital"},"geometry":{"type":"Point","coordinates":[120.683333,23.916667]}},{"type":"Feature","id":"capital-1-1159132417","properties":{"name":"Mercedes","localName":"Mercedes","countryCode":"URY","country":"Uruguay","division":"Soriano","qid":"Q844914","rank":7,"level":1,"role":"Admin-1 capital"},"geometry":{"type":"Point","coordinates":[-58.029983,-33.259535]}},{"type":"Feature","id":"capital-1-1159132423","properties":{"name":"Melo","localName":"Melo","countryCode":"URY","country":"Uruguay","division":"Cerro Largo","qid":"Q738250","rank":8,"level":1,"role":"Admin-1 capital"},"geometry":{"type":"Point","coordinates":[-54.179985,-32.359486]}},{"type":"Feature","id":"capital-1-1159132427","properties":{"name":"Rivera","localName":"Rivera","countryCode":"URY","country":"Uruguay","division":"Rivera","qid":"Q646498","rank":9,"level":1,"role":"Admin-1 capital"},"geometry":{"type":"Point","coordinates":[-55.560004,-30.899575]}},{"type":"Feature","id":"capital-1-1159133169","properties":{"name":"Trujillo","localName":"Trujillo","countryCode":"VEN","country":"Venezuela","division":"Trujillo","qid":"Q1020535","rank":8,"level":1,"role":"Admin-1 capital"},"geometry":{"type":"Point","coordinates":[-70.44,9.380395]}},{"type":"Feature","id":"capital-1-1159133641","properties":{"name":"Nieuw Nickerie","localName":"Nieuw Nickerie","countryCode":"SUR","country":"Suriname","division":"Nickerie","qid":"Q738313","rank":6,"level":1,"role":"Admin-1 capital"},"geometry":{"type":"Point","coordinates":[-56.989995,5.950424]}},{"type":"Feature","id":"capital-1-1159133659","properties":{"name":"Barcelona","localName":"Barcelona","countryCode":"VEN","country":"Venezuela","division":"Anzoátegui","qid":"Q391221","rank":11,"level":1,"role":"Admin-1 capital"},"geometry":{"type":"Point","coordinates":[-64.720014,10.130375]}},{"type":"Feature","id":"capital-1-1159133687","properties":{"name":"Tucupita","localName":"Tucupita","countryCode":"VEN","country":"Venezuela","division":"Monagas","qid":"Q179007","rank":8,"level":1,"role":"Admin-1 capital"},"geometry":{"type":"Point","coordinates":[-62.059995,9.060492]}},{"type":"Feature","id":"capital-1-1159133695","properties":{"name":"Brokopondo","localName":"Brokopondo","countryCode":"SUR","country":"Suriname","division":"Brokopondo","qid":"Q926060","rank":5,"level":1,"role":"Admin-1 capital"},"geometry":{"type":"Point","coordinates":[-55.020011,5.040376]}},{"type":"Feature","id":"capital-1-1159133701","properties":{"name":"Totness","localName":"Totness","countryCode":"SUR","country":"Suriname","division":"Coronie","qid":"Q1357920","rank":3,"level":1,"role":"Admin-1 capital"},"geometry":{"type":"Point","coordinates":[-56.319984,5.890427]}},{"type":"Feature","id":"capital-1-1159133795","properties":{"name":"Toledo","localName":"Toledo","countryCode":"ESP","country":"Spain","division":"Castilla-La Mancha","qid":"Q5836","rank":8,"level":1,"role":"Admin-1 capital"},"geometry":{"type":"Point","coordinates":[-4.016716,39.867036]}},{"type":"Feature","id":"capital-1-1159133803","properties":{"name":"Santander","localName":"Santander","countryCode":"ESP","country":"Spain","division":"Cantabria","qid":"Q12233","rank":10,"level":1,"role":"Admin-1 capital"},"geometry":{"type":"Point","coordinates":[-3.799985,43.380465]}},{"type":"Feature","id":"capital-1-1159133817","properties":{"name":"Kpalimé","localName":"Kpalimé","countryCode":"TGO","country":"Togo","division":"Plateaux","qid":"Q995413","rank":9,"level":1,"role":"Admin-1 capital"},"geometry":{"type":"Point","coordinates":[0.630028,6.900391]}},{"type":"Feature","id":"capital-1-1159133821","properties":{"name":"Sokodé","localName":"Sokodé","countryCode":"TGO","country":"Togo","division":"Centre","qid":"Q845097","rank":9,"level":1,"role":"Admin-1 capital"},"geometry":{"type":"Point","coordinates":[1.149997,8.990471]}},{"type":"Feature","id":"capital-1-1159133849","properties":{"name":"Tozeur","localName":"Tozeur","countryCode":"TUN","country":"Tunisia","division":"Tozeur","qid":"Q504661","rank":7,"level":1,"role":"Admin-1 capital"},"geometry":{"type":"Point","coordinates":[8.129984,33.930421]}},{"type":"Feature","id":"capital-1-1159133853","properties":{"name":"Béja","localName":"Béja","countryCode":"TUN","country":"Tunisia","division":"Béja","qid":"Q814982","rank":8,"level":1,"role":"Admin-1 capital"},"geometry":{"type":"Point","coordinates":[9.190023,36.730405]}},{"type":"Feature","id":"capital-1-1159133857","properties":{"name":"Bizerte","localName":"Bizerte","countryCode":"TUN","country":"Tunisia","division":"Bizerte","qid":"Q189546","rank":9,"level":1,"role":"Admin-1 capital"},"geometry":{"type":"Point","coordinates":[9.854995,37.290423]}},{"type":"Feature","id":"capital-1-1159133863","properties":{"name":"Nabeul","localName":"Nabeul","countryCode":"TUN","country":"Tunisia","division":"Nabeul","qid":"Q867615","rank":9,"level":1,"role":"Admin-1 capital"},"geometry":{"type":"Point","coordinates":[10.730032,36.460344]}},{"type":"Feature","id":"capital-1-1159133869","properties":{"name":"El Kef","localName":"El Kef","countryCode":"TUN","country":"Tunisia","division":"Le Kef","qid":"Q27155","rank":7,"level":1,"role":"Admin-1 capital"},"geometry":{"type":"Point","coordinates":[8.714755,36.182635]}},{"type":"Feature","id":"capital-1-1159133879","properties":{"name":"Gabès","localName":"Gabès","countryCode":"TUN","country":"Tunisia","division":"Gabès","qid":"Q215661","rank":10,"level":1,"role":"Admin-1 capital"},"geometry":{"type":"Point","coordinates":[10.099993,33.900423]}},{"type":"Feature","id":"capital-1-1159133883","properties":{"name":"Gafsa","localName":"Gafsa","countryCode":"TUN","country":"Tunisia","division":"Gafsa","qid":"Q466006","rank":9,"level":1,"role":"Admin-1 capital"},"geometry":{"type":"Point","coordinates":[8.780022,34.420443]}},{"type":"Feature","id":"capital-1-1159133887","properties":{"name":"Kairouan","localName":"Qairouan","countryCode":"TUN","country":"Tunisia","division":"Kairouan","qid":"Q179570","rank":9,"level":1,"role":"Admin-1 capital"},"geometry":{"type":"Point","coordinates":[10.099993,35.680392]}},{"type":"Feature","id":"capital-1-1159133891","properties":{"name":"Tartus","localName":"Tartus","countryCode":"SYR","country":"Syria","division":"Tartus","qid":"Q174916","rank":9,"level":1,"role":"Admin-1 capital"},"geometry":{"type":"Point","coordinates":[35.886584,34.884634]}},{"type":"Feature","id":"capital-1-1159133897","properties":{"name":"Raqqa","localName":"Ar Raqqah","countryCode":"SYR","country":"Syria","division":"Ar Raqqah","qid":"Q283368","rank":9,"level":1,"role":"Admin-1 capital"},"geometry":{"type":"Point","coordinates":[39.019985,35.930377]}},{"type":"Feature","id":"capital-1-1159133901","properties":{"name":"Hama","localName":"Hamah","countryCode":"SYR","country":"Syria","division":"Hamah","qid":"Q173545","rank":10,"level":1,"role":"Admin-1 capital"},"geometry":{"type":"Point","coordinates":[36.729996,35.150347]}},{"type":"Feature","id":"capital-1-1159133915","properties":{"name":"Deir ez-Zor","localName":"Dayr az Zawr","countryCode":"SYR","country":"Syria","division":"Dayr Az Zawr","qid":"Q239097","rank":10,"level":1,"role":"Admin-1 capital"},"geometry":{"type":"Point","coordinates":[40.129995,35.330387]}},{"type":"Feature","id":"capital-1-1159133919","properties":{"name":"Al-Suwayda","localName":"As Suwayda","countryCode":"SYR","country":"Syria","division":"As Suwayda'","qid":"Q311099","rank":8,"level":1,"role":"Admin-1 capital"},"geometry":{"type":"Point","coordinates":[36.566595,32.700419]}},{"type":"Feature","id":"capital-1-1159133927","properties":{"name":"Ad-Damazin","localName":"Ad Damazīn","countryCode":"SDN","country":"Sudan","division":"Blue Nile","qid":"Q311307","rank":9,"level":1,"role":"Admin-1 capital"},"geometry":{"type":"Point","coordinates":[34.349986,11.770404]}},{"type":"Feature","id":"capital-1-1159133943","properties":{"name":"Hajjah","localName":"Hajjah","countryCode":"YEM","country":"Yemen","division":"Hajjah","qid":"Q1770704","rank":10,"level":1,"role":"Admin-1 capital"},"geometry":{"type":"Point","coordinates":[43.602134,15.691741]}},{"type":"Feature","id":"capital-1-1159133947","properties":{"name":"Lahij","localName":"Lahij","countryCode":"YEM","country":"Yemen","division":"Lahij","qid":"Q249175","rank":8,"level":1,"role":"Admin-1 capital"},"geometry":{"type":"Point","coordinates":[44.883761,13.058181]}},{"type":"Feature","id":"capital-1-1159133953","properties":{"name":"Lucerne","localName":"Luzern","countryCode":"CHE","country":"Switzerland","division":"Lucerne","qid":"Q4191","rank":10,"level":1,"role":"Admin-1 capital"},"geometry":{"type":"Point","coordinates":[8.280001,47.050421]}},{"type":"Feature","id":"capital-1-1159134099","properties":{"name":"Gävle","localName":"Gävle","countryCode":"SWE","country":"Sweden","division":"Gävleborg","qid":"Q25748","rank":8,"level":1,"role":"Admin-1 capital"},"geometry":{"type":"Point","coordinates":[17.166642,60.66698]}},{"type":"Feature","id":"capital-1-1159134103","properties":{"name":"Kalmar","localName":"Kalmar","countryCode":"SWE","country":"Sweden","division":"Kalmar","qid":"Q26345","rank":7,"level":1,"role":"Admin-1 capital"},"geometry":{"type":"Point","coordinates":[16.366587,56.667018]}},{"type":"Feature","id":"capital-1-1159134107","properties":{"name":"Växjö","localName":"Växjö","countryCode":"SWE","country":"Sweden","division":"Kronoberg","qid":"Q26152","rank":8,"level":1,"role":"Admin-1 capital"},"geometry":{"type":"Point","coordinates":[14.816708,56.883697]}},{"type":"Feature","id":"capital-1-1159134115","properties":{"name":"Örebro","localName":"Örebro","countryCode":"SWE","country":"Sweden","division":"Orebro","qid":"Q25732","rank":8,"level":1,"role":"Admin-1 capital"},"geometry":{"type":"Point","coordinates":[15.219991,59.280347]}},{"type":"Feature","id":"capital-1-1159134123","properties":{"name":"Halmstad","localName":"Halmstad","countryCode":"SWE","country":"Sweden","division":"Halland","qid":"Q26521","rank":8,"level":1,"role":"Admin-1 capital"},"geometry":{"type":"Point","coordinates":[12.855587,56.671772]}},{"type":"Feature","id":"capital-1-1159134127","properties":{"name":"Karlstad","localName":"Karlstad","countryCode":"SWE","country":"Sweden","division":"Värmland","qid":"Q25457","rank":8,"level":1,"role":"Admin-1 capital"},"geometry":{"type":"Point","coordinates":[13.499941,59.367137]}},{"type":"Feature","id":"capital-1-1159134137","properties":{"name":"Visby","localName":"Visby","countryCode":"SWE","country":"Sweden","division":"Gotland","qid":"Q54757","rank":7,"level":1,"role":"Admin-1 capital"},"geometry":{"type":"Point","coordinates":[18.300009,57.633651]}},{"type":"Feature","id":"capital-1-1159134155","properties":{"name":"Simferopol","localName":"Simferopol","countryCode":"RUS","country":"Russia","division":"Crimea","qid":"Q19566","rank":10,"level":1,"role":"Admin-1 capital"},"geometry":{"type":"Point","coordinates":[34.098735,44.949154]}},{"type":"Feature","id":"capital-1-1159134159","properties":{"name":"Kherson","localName":"Kherson","countryCode":"UKR","country":"Ukraine","division":"Crimea","qid":"Q156732","rank":10,"level":1,"role":"Admin-1 capital"},"geometry":{"type":"Point","coordinates":[32.600665,46.632537]}},{"type":"Feature","id":"capital-1-1159134173","properties":{"name":"Rivne","localName":"Rivne","countryCode":"UKR","country":"Ukraine","division":"Rivne","qid":"Q156739","rank":10,"level":1,"role":"Admin-1 capital"},"geometry":{"type":"Point","coordinates":[26.252806,50.616586]}},{"type":"Feature","id":"capital-1-1159134177","properties":{"name":"Chernivtsi","localName":"Chernivtsi","countryCode":"UKR","country":"Ukraine","division":"Chernivtsi","qid":"Q157725","rank":10,"level":1,"role":"Admin-1 capital"},"geometry":{"type":"Point","coordinates":[25.92156,48.305306]}},{"type":"Feature","id":"capital-1-1159134181","properties":{"name":"Ivano-Frankivsk","localName":"Ivano-Frankivsk","countryCode":"UKR","country":"Ukraine","division":"Ivano-Frankivs'k","qid":"Q156726","rank":10,"level":1,"role":"Admin-1 capital"},"geometry":{"type":"Point","coordinates":[24.709385,48.934751]}},{"type":"Feature","id":"capital-1-1159134187","properties":{"name":"Ternopil","localName":"Ternopil","countryCode":"UKR","country":"Ukraine","division":"Ternopil'","qid":"Q156743","rank":10,"level":1,"role":"Admin-1 capital"},"geometry":{"type":"Point","coordinates":[25.582149,49.53598]}},{"type":"Feature","id":"capital-1-1159134191","properties":{"name":"Lutsk","localName":"Lutsk","countryCode":"UKR","country":"Ukraine","division":"Volyn","qid":"Q7550","rank":10,"level":1,"role":"Admin-1 capital"},"geometry":{"type":"Point","coordinates":[25.333378,50.747198]}},{"type":"Feature","id":"capital-1-1159134199","properties":{"name":"Cherkasy","localName":"Cherkasy","countryCode":"UKR","country":"Ukraine","division":"Cherkasy","qid":"Q157055","rank":10,"level":1,"role":"Admin-1 capital"},"geometry":{"type":"Point","coordinates":[32.0709,49.43472]}},{"type":"Feature","id":"capital-1-1159134205","properties":{"name":"Kropyvnytskyi","localName":"Kirovohrad","countryCode":"UKR","country":"Ukraine","division":"Kirovohrad","qid":"Q158292","rank":10,"level":1,"role":"Admin-1 capital"},"geometry":{"type":"Point","coordinates":[32.260294,48.504054]}},{"type":"Feature","id":"capital-1-1159134213","properties":{"name":"Vinnytsia","localName":"Vinnytsya","countryCode":"UKR","country":"Ukraine","division":"Vinnytsya","qid":"Q157144","rank":10,"level":1,"role":"Admin-1 capital"},"geometry":{"type":"Point","coordinates":[28.481558,49.225379]}},{"type":"Feature","id":"capital-1-1159134241","properties":{"name":"Luhansk","localName":"Luhansk","countryCode":"UKR","country":"Ukraine","division":"Luhans'k","qid":"Q134279","rank":10,"level":1,"role":"Admin-1 capital"},"geometry":{"type":"Point","coordinates":[39.334384,48.56976]}},{"type":"Feature","id":"capital-1-1159134245","properties":{"name":"Poltava","localName":"Poltava","countryCode":"UKR","country":"Ukraine","division":"Poltava","qid":"Q156747","rank":10,"level":1,"role":"Admin-1 capital"},"geometry":{"type":"Point","coordinates":[34.570282,49.57404]}},{"type":"Feature","id":"capital-1-1159134277","properties":{"name":"Ras al-Khaimah","localName":"Ras al Khaymah","countryCode":"ARE","country":"United Arab Emirates","division":"Ras Al Khaymah","qid":"Q2126436","rank":9,"level":1,"role":"Admin-1 capital"},"geometry":{"type":"Point","coordinates":[55.942776,25.791538]}},{"type":"Feature","id":"capital-1-1159134281","properties":{"name":"Fujairah","localName":"Al Fujayrah","countryCode":"ARE","country":"United Arab Emirates","division":"Fujayrah","qid":"Q4045","rank":8,"level":1,"role":"Admin-1 capital"},"geometry":{"type":"Point","coordinates":[56.337481,25.123439]}},{"type":"Feature","id":"capital-1-1159134289","properties":{"name":"Balkanabat","localName":"Balkanabat","countryCode":"TKM","country":"Turkmenistan","division":"Balkan","qid":"Q199762","rank":9,"level":1,"role":"Admin-1 capital"},"geometry":{"type":"Point","coordinates":[54.36494,39.51238]}},{"type":"Feature","id":"capital-1-1159134321","properties":{"name":"Navoiy","localName":"Navoi","countryCode":"UZB","country":"Uzbekistan","division":"Navoi","qid":"Q763015","rank":10,"level":1,"role":"Admin-1 capital"},"geometry":{"type":"Point","coordinates":[65.354967,40.110406]}},{"type":"Feature","id":"capital-1-1159134335","properties":{"name":"Qarshi","localName":"Qarshi","countryCode":"UZB","country":"Uzbekistan","division":"Kashkadarya","qid":"Q644008","rank":10,"level":1,"role":"Admin-1 capital"},"geometry":{"type":"Point","coordinates":[65.800004,38.87043]}},{"type":"Feature","id":"capital-1-1159134349","properties":{"name":"Kulob","localName":"Kulob","countryCode":"TJK","country":"Tajikistan","division":"Khatlon","qid":"Q132043","rank":9,"level":1,"role":"Admin-1 capital"},"geometry":{"type":"Point","coordinates":[69.77573,37.92116]}},{"type":"Feature","id":"capital-1-1159134357","properties":{"name":"Jizzakh","localName":"Jizzax","countryCode":"UZB","country":"Uzbekistan","division":"Jizzakh","qid":"Q572380","rank":10,"level":1,"role":"Admin-1 capital"},"geometry":{"type":"Point","coordinates":[67.830009,40.10038]}},{"type":"Feature","id":"capital-1-1159134369","properties":{"name":"Chumphon","localName":"Chumphon","countryCode":"THA","country":"Thailand","division":"Chumphon","qid":"Q637500","rank":8,"level":1,"role":"Admin-1 capital"},"geometry":{"type":"Point","coordinates":[99.187217,10.512677]}},{"type":"Feature","id":"capital-1-1159134377","properties":{"name":"Trang","localName":"Trang","countryCode":"THA","country":"Thailand","division":"Trang","qid":"Q1014322","rank":9,"level":1,"role":"Admin-1 capital"},"geometry":{"type":"Point","coordinates":[99.608018,7.5634]}},{"type":"Feature","id":"capital-1-1159134383","properties":{"name":"Yala","localName":"Yala","countryCode":"THA","country":"Thailand","division":"Yala","qid":"Q1207083","rank":9,"level":1,"role":"Admin-1 capital"},"geometry":{"type":"Point","coordinates":[101.285073,6.55049]}},{"type":"Feature","id":"capital-1-1159134387","properties":{"name":"Chiang Rai","localName":"Chiang Rai","countryCode":"THA","country":"Thailand","division":"Chiang Rai","qid":"Q856772","rank":9,"level":1,"role":"Admin-1 capital"},"geometry":{"type":"Point","coordinates":[99.826454,19.911871]}},{"type":"Feature","id":"capital-1-1159134391","properties":{"name":"Lampang","localName":"Lampang","countryCode":"THA","country":"Thailand","division":"Lampang","qid":"Q1012610","rank":10,"level":1,"role":"Admin-1 capital"},"geometry":{"type":"Point","coordinates":[99.481256,18.291557]}},{"type":"Feature","id":"capital-1-1159134395","properties":{"name":"Nan","localName":"Nan","countryCode":"THA","country":"Thailand","division":"Nan","qid":"Q1014345","rank":8,"level":1,"role":"Admin-1 capital"},"geometry":{"type":"Point","coordinates":[100.771461,18.786849]}},{"type":"Feature","id":"capital-1-1159134401","properties":{"name":"Phayao","localName":"Phayao","countryCode":"THA","country":"Thailand","division":"Phayao","qid":"Q1207122","rank":7,"level":1,"role":"Admin-1 capital"},"geometry":{"type":"Point","coordinates":[99.90831,19.170702]}},{"type":"Feature","id":"capital-1-1159134405","properties":{"name":"Phrae","localName":"Phrae","countryCode":"THA","country":"Thailand","division":"Phrae","qid":"Q1207145","rank":7,"level":1,"role":"Admin-1 capital"},"geometry":{"type":"Point","coordinates":[100.16292,18.153296]}},{"type":"Feature","id":"capital-1-1159134409","properties":{"name":"Phitsanulok","localName":"Phitsanulok","countryCode":"THA","country":"Thailand","division":"Phitsanulok","qid":"Q867579","rank":9,"level":1,"role":"Admin-1 capital"},"geometry":{"type":"Point","coordinates":[100.272887,16.828313]}},{"type":"Feature","id":"capital-1-1159134413","properties":{"name":"Sukhothai Thani","localName":"Sukhothai","countryCode":"THA","country":"Thailand","division":"Sukhothai","qid":"Q986737","rank":6,"level":1,"role":"Admin-1 capital"},"geometry":{"type":"Point","coordinates":[99.751523,17.011867]}},{"type":"Feature","id":"capital-1-1159134419","properties":{"name":"Uttaradit","localName":"Uttaradit","countryCode":"THA","country":"Thailand","division":"Uttaradit","qid":"Q1359241","rank":8,"level":1,"role":"Admin-1 capital"},"geometry":{"type":"Point","coordinates":[100.097187,17.631623]}},{"type":"Feature","id":"capital-1-1159134423","properties":{"name":"Kanchanaburi","localName":"Kanchanaburi","countryCode":"THA","country":"Thailand","division":"Kanchanaburi","qid":"Q239121","rank":8,"level":1,"role":"Admin-1 capital"},"geometry":{"type":"Point","coordinates":[99.522028,14.017425]}},{"type":"Feature","id":"capital-1-1159134431","properties":{"name":"Tak","localName":"Tak","countryCode":"THA","country":"Thailand","division":"Tak","qid":"Q118901","rank":7,"level":1,"role":"Admin-1 capital"},"geometry":{"type":"Point","coordinates":[99.129339,16.884743]}},{"type":"Feature","id":"capital-1-1159134437","properties":{"name":"Uthai Thani","localName":"Uthai Thani","countryCode":"THA","country":"Thailand","division":"Uthai Thani","qid":"Q1332721","rank":7,"level":1,"role":"Admin-1 capital"},"geometry":{"type":"Point","coordinates":[100.026442,15.381863]}},{"type":"Feature","id":"capital-1-1159134441","properties":{"name":"Lopburi","localName":"Lop Buri","countryCode":"THA","country":"Thailand","division":"Lop Buri","qid":"Q1363891","rank":8,"level":1,"role":"Admin-1 capital"},"geometry":{"type":"Point","coordinates":[100.618602,14.804018]}},{"type":"Feature","id":"capital-1-1159134445","properties":{"name":"Prachin Buri","localName":"Prachin Buri","countryCode":"THA","country":"Thailand","division":"Prachin Buri","qid":"Q1365804","rank":8,"level":1,"role":"Admin-1 capital"},"geometry":{"type":"Point","coordinates":[101.376799,14.057216]}},{"type":"Feature","id":"capital-1-1159134449","properties":{"name":"Phra Nakhon Si Ayutthaya","localName":"Ayutthaya","countryCode":"THA","country":"Thailand","division":"Phra Nakhon Si Ayutthaya","qid":"Q203370","rank":9,"level":1,"role":"Admin-1 capital"},"geometry":{"type":"Point","coordinates":[100.568424,14.358799]}},{"type":"Feature","id":"capital-1-1159134455","properties":{"name":"Pathum Thani","localName":"Pathum Thani","countryCode":"THA","country":"Thailand","division":"Pathum Thani","qid":"Q1365723","rank":9,"level":1,"role":"Admin-1 capital"},"geometry":{"type":"Point","coordinates":[100.533336,14.017115]}},{"type":"Feature","id":"capital-1-1159134465","properties":{"name":"Saraburi","localName":"Saraburi","countryCode":"THA","country":"Thailand","division":"Saraburi","qid":"Q686387","rank":8,"level":1,"role":"Admin-1 capital"},"geometry":{"type":"Point","coordinates":[100.879982,14.530365]}},{"type":"Feature","id":"capital-1-1159134469","properties":{"name":"Nonthaburi","localName":"Nonthaburi","countryCode":"THA","country":"Thailand","division":"Nonthaburi","qid":"Q768864","rank":10,"level":1,"role":"Admin-1 capital"},"geometry":{"type":"Point","coordinates":[100.483313,13.833689]}},{"type":"Feature","id":"capital-1-1159134473","properties":{"name":"Phetchaburi","localName":"Phetchaburi","countryCode":"THA","country":"Thailand","division":"Phetchaburi","qid":"Q641383","rank":8,"level":1,"role":"Admin-1 capital"},"geometry":{"type":"Point","coordinates":[99.941176,13.113294]}},{"type":"Feature","id":"capital-1-1159134479","properties":{"name":"Ratchaburi","localName":"Ratchaburi","countryCode":"THA","country":"Thailand","division":"Ratchaburi","qid":"Q1207138","rank":9,"level":1,"role":"Admin-1 capital"},"geometry":{"type":"Point","coordinates":[99.821545,13.541898]}},{"type":"Feature","id":"capital-1-1159134483","properties":{"name":"Samut Prakan","localName":"Samut Prakan","countryCode":"THA","country":"Thailand","division":"Samut Prakan","qid":"Q13139252","rank":10,"level":1,"role":"Admin-1 capital"},"geometry":{"type":"Point","coordinates":[100.611471,13.606907]}},{"type":"Feature","id":"capital-1-1159134487","properties":{"name":"Si Sa Ket","localName":"Sisaket","countryCode":"THA","country":"Thailand","division":"Si Sa Ket","qid":"Q1207432","rank":7,"level":1,"role":"Admin-1 capital"},"geometry":{"type":"Point","coordinates":[104.329849,15.120252]}},{"type":"Feature","id":"capital-1-1159134493","properties":{"name":"Hạ Long","localName":"Hong Gai","countryCode":"VNM","country":"Vietnam","division":"Qu?ng Ninh","qid":"Q36077","rank":9,"level":1,"role":"Admin-1 capital"},"geometry":{"type":"Point","coordinates":[107.100015,20.960412]}},{"type":"Feature","id":"capital-1-1159134509","properties":{"name":"Chon Buri","localName":"Chon Buri","countryCode":"THA","country":"Thailand","division":"Chon Buri","qid":"Q138589","rank":10,"level":1,"role":"Admin-1 capital"},"geometry":{"type":"Point","coordinates":[100.999974,13.400408]}},{"type":"Feature","id":"capital-1-1159134513","properties":{"name":"Chanthaburi","localName":"Chanthaburi","countryCode":"THA","country":"Thailand","division":"Chanthaburi","qid":"Q1015899","rank":8,"level":1,"role":"Admin-1 capital"},"geometry":{"type":"Point","coordinates":[102.097892,12.613273]}},{"type":"Feature","id":"capital-1-1159134521","properties":{"name":"Rayong","localName":"Rayong","countryCode":"THA","country":"Thailand","division":"Rayong","qid":"Q1015123","rank":7,"level":1,"role":"Admin-1 capital"},"geometry":{"type":"Point","coordinates":[101.281456,12.671848]}},{"type":"Feature","id":"capital-1-1159134527","properties":{"name":"Buri Ram","localName":"Buriram","countryCode":"THA","country":"Thailand","division":"Buri Ram","qid":"Q1026460","rank":7,"level":1,"role":"Admin-1 capital"},"geometry":{"type":"Point","coordinates":[103.116641,15.00044]}},{"type":"Feature","id":"capital-1-1159134531","properties":{"name":"Chaiyaphum","localName":"Chaiyaphum","countryCode":"THA","country":"Thailand","division":"Chaiyaphum","qid":"Q997062","rank":8,"level":1,"role":"Admin-1 capital"},"geometry":{"type":"Point","coordinates":[102.038619,15.804008]}},{"type":"Feature","id":"capital-1-1159134541","properties":{"name":"Surin","localName":"Surin","countryCode":"THA","country":"Thailand","division":"Surin","qid":"Q1207067","rank":8,"level":1,"role":"Admin-1 capital"},"geometry":{"type":"Point","coordinates":[103.49145,14.886829]}},{"type":"Feature","id":"capital-1-1159134547","properties":{"name":"Loei","localName":"Loei","countryCode":"THA","country":"Thailand","division":"Loei","qid":"Q598784","rank":7,"level":1,"role":"Admin-1 capital"},"geometry":{"type":"Point","coordinates":[101.731506,17.49189]}},{"type":"Feature","id":"capital-1-1159134551","properties":{"name":"Nong Khai","localName":"Nong Khai","countryCode":"THA","country":"Thailand","division":"Nong Khai","qid":"Q1026138","rank":9,"level":1,"role":"Admin-1 capital"},"geometry":{"type":"Point","coordinates":[102.747878,17.873262]}},{"type":"Feature","id":"capital-1-1159134555","properties":{"name":"Sakon Nakhon","localName":"Sakhon Nakhon","countryCode":"THA","country":"Thailand","division":"Sakon Nakhon","qid":"Q1012639","rank":8,"level":1,"role":"Admin-1 capital"},"geometry":{"type":"Point","coordinates":[104.147896,17.167904]}},{"type":"Feature","id":"capital-1-1159134559","properties":{"name":"Udon Thani","localName":"Udon Thani","countryCode":"THA","country":"Thailand","division":"Udon Thani","qid":"Q816331","rank":10,"level":1,"role":"Admin-1 capital"},"geometry":{"type":"Point","coordinates":[102.789322,17.404763]}},{"type":"Feature","id":"capital-1-1159134565","properties":{"name":"Lào Cai","localName":"Lao Chi","countryCode":"VNM","country":"Vietnam","division":"Lào Cai","qid":"Q33373","rank":8,"level":1,"role":"Admin-1 capital"},"geometry":{"type":"Point","coordinates":[103.965995,22.501351]}},{"type":"Feature","id":"capital-1-1159134569","properties":{"name":"Hòa Bình","localName":"Hoa Binh","countryCode":"VNM","country":"Vietnam","division":"Hòa Bình","qid":"Q130324","rank":9,"level":1,"role":"Admin-1 capital"},"geometry":{"type":"Point","coordinates":[105.338314,20.813702]}},{"type":"Feature","id":"capital-1-1159134577","properties":{"name":"Ninh Bình","localName":"Ninh Bình","countryCode":"VNM","country":"Vietnam","division":"Ninh Bmnh","qid":"Q33929","rank":9,"level":1,"role":"Admin-1 capital"},"geometry":{"type":"Point","coordinates":[105.97502,20.254305]}},{"type":"Feature","id":"capital-1-1159134583","properties":{"name":"Việt Trì","localName":"Việt Trì","countryCode":"VNM","country":"Vietnam","division":"Phú Th?","qid":"Q36082","rank":10,"level":1,"role":"Admin-1 capital"},"geometry":{"type":"Point","coordinates":[105.429988,21.330415]}},{"type":"Feature","id":"capital-1-1159134587","properties":{"name":"Bắc Giang","localName":"Bắc Giang","countryCode":"VNM","country":"Vietnam","division":"B?c Giang","qid":"Q36736","rank":8,"level":1,"role":"Admin-1 capital"},"geometry":{"type":"Point","coordinates":[106.200019,21.267008]}},{"type":"Feature","id":"capital-1-1159134591","properties":{"name":"Nakhon Phanom","localName":"Nakhon Phanom","countryCode":"THA","country":"Thailand","division":"Nakhon Phanom","qid":"Q777162","rank":8,"level":1,"role":"Admin-1 capital"},"geometry":{"type":"Point","coordinates":[104.76946,17.39448]}},{"type":"Feature","id":"capital-1-1159134595","properties":{"name":"Hà Tĩnh","localName":"Hà Tĩnh","countryCode":"VNM","country":"Vietnam","division":"Ha Tinh","qid":"Q33996","rank":9,"level":1,"role":"Admin-1 capital"},"geometry":{"type":"Point","coordinates":[105.900037,18.333776]}},{"type":"Feature","id":"capital-1-1159134601","properties":{"name":"Buôn Ma Thuột","localName":"Buon Me Thuot","countryCode":"VNM","country":"Vietnam","division":"Dak Lak","qid":"Q33469","rank":10,"level":1,"role":"Admin-1 capital"},"geometry":{"type":"Point","coordinates":[108.049983,12.667042]}},{"type":"Feature","id":"capital-1-1159134607","properties":{"name":"Da Lat","localName":"Da Lat","countryCode":"VNM","country":"Vietnam","division":"Lâm Ð?ng","qid":"Q25281","rank":10,"level":1,"role":"Admin-1 capital"},"geometry":{"type":"Point","coordinates":[108.419986,11.93042]}},{"type":"Feature","id":"capital-1-1159134611","properties":{"name":"Phan Rang–Tháp Chàm","localName":"Phan Rang","countryCode":"VNM","country":"Vietnam","division":"Ninh Thu?n","qid":"Q19013","rank":9,"level":1,"role":"Admin-1 capital"},"geometry":{"type":"Point","coordinates":[108.983311,11.567032]}},{"type":"Feature","id":"capital-1-1159134621","properties":{"name":"Kon Tum","localName":"Kon Tum","countryCode":"VNM","country":"Vietnam","division":"Qu?ng Nam","qid":"Q36493","rank":9,"level":1,"role":"Admin-1 capital"},"geometry":{"type":"Point","coordinates":[107.983321,14.383759]}},{"type":"Feature","id":"capital-1-1159134625","properties":{"name":"Quảng Ngãi","localName":"Quảng Ngãi","countryCode":"VNM","country":"Vietnam","division":"Qu?ng Ngãi","qid":"Q33994","rank":10,"level":1,"role":"Admin-1 capital"},"geometry":{"type":"Point","coordinates":[108.829987,15.150431]}},{"type":"Feature","id":"capital-1-1159134629","properties":{"name":"Quảng Trị","localName":"Quảng Trị","countryCode":"VNM","country":"Vietnam","division":"Qu?ng Tr?","qid":"Q1320413","rank":8,"level":1,"role":"Admin-1 capital"},"geometry":{"type":"Point","coordinates":[107.200009,16.750359]}},{"type":"Feature","id":"capital-1-1159134635","properties":{"name":"Narathiwat","localName":"Narathiwat","countryCode":"THA","country":"Thailand","division":"Narathiwat","qid":"Q535747","rank":8,"level":1,"role":"Admin-1 capital"},"geometry":{"type":"Point","coordinates":[101.821423,6.431841]}},{"type":"Feature","id":"capital-1-1159134639","properties":{"name":"Vũng Tàu","localName":"Vung Tau","countryCode":"VNM","country":"Vietnam","division":"Bà R?a - Vung Tàu","qid":"Q21194","rank":10,"level":1,"role":"Admin-1 capital"},"geometry":{"type":"Point","coordinates":[107.084978,10.355374]}},{"type":"Feature","id":"capital-1-1159134643","properties":{"name":"Phan Thiết","localName":"Phan Thiet","countryCode":"VNM","country":"Vietnam","division":"Bình Thu?n","qid":"Q25315","rank":10,"level":1,"role":"Admin-1 capital"},"geometry":{"type":"Point","coordinates":[108.100058,10.933737]}},{"type":"Feature","id":"capital-1-1159134647","properties":{"name":"Long Xuyên","localName":"Long Xuyen","countryCode":"VNM","country":"Vietnam","division":"An Giang","qid":"Q33421","rank":10,"level":1,"role":"Admin-1 capital"},"geometry":{"type":"Point","coordinates":[105.420015,10.380386]}},{"type":"Feature","id":"capital-1-1159134653","properties":{"name":"Châu Đốc","localName":"Châu Đốc","countryCode":"VNM","country":"Vietnam","division":"An Giang","qid":"Q373214","rank":8,"level":1,"role":"Admin-1 capital"},"geometry":{"type":"Point","coordinates":[105.116674,10.700392]}},{"type":"Feature","id":"capital-1-1159134657","properties":{"name":"Rạch Giá","localName":"Rạch Giá","countryCode":"VNM","country":"Vietnam","division":"Kiên Giang","qid":"Q36093","rank":10,"level":1,"role":"Admin-1 capital"},"geometry":{"type":"Point","coordinates":[105.091352,10.015395]}},{"type":"Feature","id":"capital-1-1159134673","properties":{"name":"Tân An","localName":"Tan An","countryCode":"VNM","country":"Vietnam","division":"Long An","qid":"Q25897","rank":9,"level":1,"role":"Admin-1 capital"},"geometry":{"type":"Point","coordinates":[106.416698,10.533736]}},{"type":"Feature","id":"capital-1-1159134677","properties":{"name":"Mỹ Tho","localName":"Mỹ Tho","countryCode":"VNM","country":"Vietnam","division":"B?n Tre","qid":"Q33425","rank":9,"level":1,"role":"Admin-1 capital"},"geometry":{"type":"Point","coordinates":[106.350035,10.350413]}},{"type":"Feature","id":"capital-1-1159134681","properties":{"name":"Bạc Liêu","localName":"Bạc Liêu","countryCode":"VNM","country":"Vietnam","division":"B?c Liêu","qid":"Q36142","rank":10,"level":1,"role":"Admin-1 capital"},"geometry":{"type":"Point","coordinates":[105.719996,9.280375]}},{"type":"Feature","id":"capital-1-1159134685","properties":{"name":"Cà Mau","localName":"Cà Mau","countryCode":"VNM","country":"Vietnam","division":"Cà Mau","qid":"Q25262","rank":10,"level":1,"role":"Admin-1 capital"},"geometry":{"type":"Point","coordinates":[105.150005,9.177358]}},{"type":"Feature","id":"capital-1-1159134691","properties":{"name":"Sóc Trăng","localName":"Sóc Trăng","countryCode":"VNM","country":"Vietnam","division":"Sóc Trang","qid":"Q33418","rank":10,"level":1,"role":"Admin-1 capital"},"geometry":{"type":"Point","coordinates":[105.980032,9.603741]}},{"type":"Feature","id":"capital-1-1159134695","properties":{"name":"Hà Giang","localName":"Ha Giang","countryCode":"VNM","country":"Vietnam","division":"Hà Giang","qid":"Q36519","rank":7,"level":1,"role":"Admin-1 capital"},"geometry":{"type":"Point","coordinates":[104.983349,22.833657]}},{"type":"Feature","id":"capital-1-1159134713","properties":{"name":"Kasama","localName":"Kasama","countryCode":"ZMB","country":"Zambia","division":"Northern","qid":"Q600893","rank":9,"level":1,"role":"Admin-1 capital"},"geometry":{"type":"Point","coordinates":[31.179947,-10.199598]}},{"type":"Feature","id":"capital-1-1159134745","properties":{"name":"Chipata","localName":"Chipata","countryCode":"ZMB","country":"Zambia","division":"Eastern","qid":"Q856151","rank":8,"level":1,"role":"Admin-1 region capital"},"geometry":{"type":"Point","coordinates":[32.640013,-13.62957]}},{"type":"Feature","id":"capital-1-1159134757","properties":{"name":"Solwezi","localName":"Solwezi","countryCode":"ZMB","country":"Zambia","division":"North-Western","qid":"Q871209","rank":8,"level":1,"role":"Admin-1 capital"},"geometry":{"type":"Point","coordinates":[26.39998,-12.179581]}},{"type":"Feature","id":"capital-1-1159134767","properties":{"name":"Mongu","localName":"Mongu","countryCode":"ZMB","country":"Zambia","division":"Western","qid":"Q644799","rank":8,"level":1,"role":"Admin-1 capital"},"geometry":{"type":"Point","coordinates":[23.120025,-15.279598]}},{"type":"Feature","id":"capital-1-1159134825","properties":{"name":"Gwanda","localName":"Gwanda","countryCode":"ZWE","country":"Zimbabwe","division":"Matabeleland South","qid":"Q1557796","rank":6,"level":1,"role":"Admin-1 capital"},"geometry":{"type":"Point","coordinates":[29.010002,-20.939615]}},{"type":"Feature","id":"capital-1-1159134835","properties":{"name":"Masvingo","localName":"Masvingo","countryCode":"ZWE","country":"Zimbabwe","division":"Masvingo","qid":"Q601142","rank":8,"level":1,"role":"Admin-1 capital"},"geometry":{"type":"Point","coordinates":[30.82002,-20.059617]}},{"type":"Feature","id":"capital-1-1159134845","properties":{"name":"Chinhoyi","localName":"Chinhoyi","countryCode":"ZWE","country":"Zimbabwe","division":"Mashonaland West","qid":"Q782743","rank":8,"level":1,"role":"Admin-1 capital"},"geometry":{"type":"Point","coordinates":[30.180008,-17.359626]}},{"type":"Feature","id":"capital-1-1159134851","properties":{"name":"Kariba","localName":"Kariba","countryCode":"ZWE","country":"Zimbabwe","division":"Mashonaland West","qid":"Q1025799","rank":7,"level":1,"role":"Admin-1 capital"},"geometry":{"type":"Point","coordinates":[28.80004,-16.5296]}},{"type":"Feature","id":"capital-1-1159134863","properties":{"name":"Trujillo","localName":"Trujillo","countryCode":"HND","country":"Honduras","division":"Colón","qid":"Q992173","rank":5,"level":1,"role":"Admin-1 capital"},"geometry":{"type":"Point","coordinates":[-85.960009,15.910358]}},{"type":"Feature","id":"capital-1-1159134873","properties":{"name":"Puerto Lempira","localName":"Puerto Lempira","countryCode":"HND","country":"Honduras","division":"Gracias a Dios","qid":"Q2075665","rank":4,"level":1,"role":"Admin-1 capital"},"geometry":{"type":"Point","coordinates":[-83.771642,15.262026]}},{"type":"Feature","id":"capital-1-1159134877","properties":{"name":"Juticalpa","localName":"Juticalpa","countryCode":"HND","country":"Honduras","division":"Olancho","qid":"Q773764","rank":7,"level":1,"role":"Admin-1 capital"},"geometry":{"type":"Point","coordinates":[-86.229967,14.670408]}},{"type":"Feature","id":"capital-1-1159134881","properties":{"name":"Comayagua","localName":"Comayagua","countryCode":"HND","country":"Honduras","division":"Comayagua","qid":"Q679169","rank":8,"level":1,"role":"Admin-1 capital"},"geometry":{"type":"Point","coordinates":[-87.649984,14.460395]}},{"type":"Feature","id":"capital-1-1159134887","properties":{"name":"Choluteca","localName":"Choluteca","countryCode":"HND","country":"Honduras","division":"Choluteca","qid":"Q1773148","rank":8,"level":1,"role":"Admin-1 capital"},"geometry":{"type":"Point","coordinates":[-87.190813,13.300673]}},{"type":"Feature","id":"capital-1-1159134905","properties":{"name":"Egilsstaðir","localName":"Egilsstaðir","countryCode":"ISL","country":"Iceland","division":"Austur-Hérað","qid":"Q14453","rank":4,"level":1,"role":"Admin-1 capital"},"geometry":{"type":"Point","coordinates":[-14.394998,65.267423]}},{"type":"Feature","id":"capital-1-1159134909","properties":{"name":"Sauðárkrókur","localName":"Sauðárkrókur","countryCode":"ISL","country":"Iceland","division":"Akrahreppur","qid":"Q831718","rank":4,"level":1,"role":"Admin-1 capital"},"geometry":{"type":"Point","coordinates":[-19.638993,65.746412]}},{"type":"Feature","id":"capital-1-1159134913","properties":{"name":"Selfoss","localName":"Selfoss","countryCode":"ISL","country":"Iceland","division":"Biskupstungnahreppur","qid":"Q192898","rank":5,"level":1,"role":"Admin-1 capital"},"geometry":{"type":"Point","coordinates":[-20.996946,63.933422]}},{"type":"Feature","id":"capital-1-1159134927","properties":{"name":"Oviedo","localName":"Oviedo","countryCode":"ESP","country":"Spain","division":"Principado de Asturias","qid":"Q14317","rank":10,"level":1,"role":"Admin-1 capital"},"geometry":{"type":"Point","coordinates":[-5.829991,43.350492]}},{"type":"Feature","id":"capital-1-1159134933","properties":{"name":"Santiago de Compostela","localName":"Santiago de Compostela","countryCode":"ESP","country":"Spain","division":"Galicia","qid":"Q14314","rank":8,"level":1,"role":"Admin-1 capital"},"geometry":{"type":"Point","coordinates":[-8.541091,42.882898]}},{"type":"Feature","id":"capital-1-1159134943","properties":{"name":"Logroño","localName":"Logroño","countryCode":"ESP","country":"Spain","division":"La Rioja","qid":"Q14325","rank":9,"level":1,"role":"Admin-1 capital"},"geometry":{"type":"Point","coordinates":[-2.429991,42.470365]}},{"type":"Feature","id":"capital-1-1159134955","properties":{"name":"Yei","localName":"Yei","countryCode":"SDS","country":"South Sudan","division":"Central Equatoria","qid":"Q1561403","rank":9,"level":1,"role":"Admin-1 capital"},"geometry":{"type":"Point","coordinates":[30.680029,4.090382]}},{"type":"Feature","id":"capital-1-1159134973","properties":{"name":"El Manaqil","localName":"El Manaqil","countryCode":"SDN","country":"Sudan","division":"Gezira","qid":"Q4119840","rank":9,"level":1,"role":"Admin-1 capital"},"geometry":{"type":"Point","coordinates":[32.979992,14.250382]}},{"type":"Feature","id":"capital-1-1159135027","properties":{"name":"Kapoeta","localName":"Kapoeta","countryCode":"SDS","country":"South Sudan","division":"East Equatoria","qid":"Q1018945","rank":5,"level":1,"role":"Admin-1 capital"},"geometry":{"type":"Point","coordinates":[33.590239,4.772123]}},{"type":"Feature","id":"capital-1-1159135033","properties":{"name":"Les Cayes","localName":"Les Cayes","countryCode":"HTI","country":"Haiti","division":"Sud","qid":"Q984786","rank":9,"level":1,"role":"Admin-1 capital"},"geometry":{"type":"Point","coordinates":[-73.749979,18.200374]}},{"type":"Feature","id":"capital-1-1159135037","properties":{"name":"Gonaïves","localName":"Gonaïves","countryCode":"HTI","country":"Haiti","division":"L'Artibonite","qid":"Q852550","rank":9,"level":1,"role":"Admin-1 capital"},"geometry":{"type":"Point","coordinates":[-72.683249,19.450426]}},{"type":"Feature","id":"capital-1-1159135129","properties":{"name":"Balıkesir","localName":"Balıkesir","countryCode":"TUR","country":"Türkiye","division":"Balikesir","qid":"Q199723","rank":10,"level":1,"role":"Admin-1 capital"},"geometry":{"type":"Point","coordinates":[27.890018,39.650382]}},{"type":"Feature","id":"capital-1-1159135133","properties":{"name":"Çanakkale","localName":"Çanakkale","countryCode":"TUR","country":"Türkiye","division":"Çanakkale","qid":"Q199712","rank":8,"level":1,"role":"Admin-1 capital"},"geometry":{"type":"Point","coordinates":[26.406388,40.145933]}},{"type":"Feature","id":"capital-1-1159135139","properties":{"name":"Edirne","localName":"Edirne","countryCode":"TUR","country":"Türkiye","division":"Edirne","qid":"Q43387","rank":9,"level":1,"role":"Admin-1 capital"},"geometry":{"type":"Point","coordinates":[26.569996,41.67044]}},{"type":"Feature","id":"capital-1-1159135143","properties":{"name":"Tekirdağ","localName":"Tekirdağ","countryCode":"TUR","country":"Türkiye","division":"Tekirdag","qid":"Q182009","rank":9,"level":1,"role":"Admin-1 capital"},"geometry":{"type":"Point","coordinates":[27.50999,40.990869]}},{"type":"Feature","id":"capital-1-1159135147","properties":{"name":"İzmit","localName":"İzmit","countryCode":"TUR","country":"Türkiye","division":"Kocaeli","qid":"Q129649","rank":10,"level":1,"role":"Admin-1 capital"},"geometry":{"type":"Point","coordinates":[29.930617,40.776024]}},{"type":"Feature","id":"capital-1-1159135151","properties":{"name":"Bolu","localName":"Bolu","countryCode":"TUR","country":"Türkiye","division":"Bolu","qid":"Q200951","rank":8,"level":1,"role":"Admin-1 capital"},"geometry":{"type":"Point","coordinates":[31.606122,40.736259]}},{"type":"Feature","id":"capital-1-1159135157","properties":{"name":"Afyonkarahisar","localName":"Afyon","countryCode":"TUR","country":"Türkiye","division":"Afyon","qid":"Q166824","rank":9,"level":1,"role":"Admin-1 capital"},"geometry":{"type":"Point","coordinates":[30.550011,38.750385]}},{"type":"Feature","id":"capital-1-1159135161","properties":{"name":"Denizli","localName":"Denizli","countryCode":"TUR","country":"Türkiye","division":"Denizli","qid":"Q170967","rank":10,"level":1,"role":"Admin-1 capital"},"geometry":{"type":"Point","coordinates":[29.080023,37.770393]}},{"type":"Feature","id":"capital-1-1159135165","properties":{"name":"Manisa","localName":"Manisa","countryCode":"TUR","country":"Türkiye","division":"Manisa","qid":"Q147089","rank":10,"level":1,"role":"Admin-1 capital"},"geometry":{"type":"Point","coordinates":[27.439968,38.630393]}},{"type":"Feature","id":"capital-1-1159135169","properties":{"name":"Adıyaman","localName":"Adıyaman","countryCode":"TUR","country":"Türkiye","division":"Adiyaman","qid":"Q168197","rank":10,"level":1,"role":"Admin-1 capital"},"geometry":{"type":"Point","coordinates":[38.279927,37.770393]}},{"type":"Feature","id":"capital-1-1159135175","properties":{"name":"Malatya","localName":"Malatya","countryCode":"TUR","country":"Türkiye","division":"Malatya","qid":"Q165995","rank":10,"level":1,"role":"Admin-1 capital"},"geometry":{"type":"Point","coordinates":[38.300029,38.370434]}},{"type":"Feature","id":"capital-1-1159135197","properties":{"name":"Amasya","localName":"Amasya","countryCode":"TUR","country":"Türkiye","division":"Amasya","qid":"Q170532","rank":8,"level":1,"role":"Admin-1 capital"},"geometry":{"type":"Point","coordinates":[35.833048,40.65368]}},{"type":"Feature","id":"capital-1-1159135201","properties":{"name":"Ordu","localName":"Ordu","countryCode":"TUR","country":"Türkiye","division":"Ordu","qid":"Q184539","rank":9,"level":1,"role":"Admin-1 capital"},"geometry":{"type":"Point","coordinates":[37.869926,41.000429]}},{"type":"Feature","id":"capital-1-1159135205","properties":{"name":"Sivas","localName":"Sivas","countryCode":"TUR","country":"Türkiye","division":"Sivas","qid":"Q107401","rank":10,"level":1,"role":"Admin-1 capital"},"geometry":{"type":"Point","coordinates":[37.03499,39.745415]}},{"type":"Feature","id":"capital-1-1159135215","properties":{"name":"Erzurum","localName":"Erzurum","countryCode":"TUR","country":"Türkiye","division":"Erzurum","qid":"Q122803","rank":10,"level":1,"role":"Admin-1 capital"},"geometry":{"type":"Point","coordinates":[41.290027,39.920392]}},{"type":"Feature","id":"capital-1-1159135219","properties":{"name":"Erzincan","localName":"Erzincan","countryCode":"TUR","country":"Türkiye","division":"Erzincan","qid":"Q136217","rank":9,"level":1,"role":"Admin-1 capital"},"geometry":{"type":"Point","coordinates":[39.492773,39.75265]}},{"type":"Feature","id":"capital-1-1159135223","properties":{"name":"Ağrı","localName":"Ağrı","countryCode":"TUR","country":"Türkiye","division":"Agri","qid":"Q199575","rank":8,"level":1,"role":"Admin-1 capital"},"geometry":{"type":"Point","coordinates":[43.051315,39.719835]}},{"type":"Feature","id":"capital-1-1159135229","properties":{"name":"Diyarbakır","localName":"Diyarbakır","countryCode":"TUR","country":"Türkiye","division":"Diyarbakir","qid":"Q83387","rank":11,"level":1,"role":"Admin-1 capital"},"geometry":{"type":"Point","coordinates":[40.23004,37.920436]}},{"type":"Feature","id":"capital-1-1159135233","properties":{"name":"Muş","localName":"Muş","countryCode":"TUR","country":"Türkiye","division":"Mus","qid":"Q118995","rank":8,"level":1,"role":"Admin-1 capital"},"geometry":{"type":"Point","coordinates":[41.49694,38.749016]}},{"type":"Feature","id":"capital-1-1159135259","properties":{"name":"Badulla","localName":"Badulla","countryCode":"LKA","country":"Sri Lanka","division":"Badulla","qid":"Q390096","rank":7,"level":1,"role":"Admin-1 capital"},"geometry":{"type":"Point","coordinates":[81.049926,6.983694]}},{"type":"Feature","id":"capital-1-1159135293","properties":{"name":"Jeju","localName":"Jeju","countryCode":"KOR","country":"South Korea","division":"Jeju","qid":"Q42142","rank":10,"level":1,"role":"Admin-1 capital"},"geometry":{"type":"Point","coordinates":[126.521931,33.510137]}},{"type":"Feature","id":"capital-1-1159135327","properties":{"name":"Zonguldak","localName":"Zonguldak","countryCode":"TUR","country":"Türkiye","division":"Zinguldak","qid":"Q187895","rank":9,"level":1,"role":"Admin-1 capital"},"geometry":{"type":"Point","coordinates":[31.780013,41.430377]}},{"type":"Feature","id":"capital-1-1159135337","properties":{"name":"Karaman","localName":"Karaman","countryCode":"TUR","country":"Türkiye","division":"Karaman","qid":"Q262579","rank":9,"level":1,"role":"Admin-1 capital"},"geometry":{"type":"Point","coordinates":[33.215016,37.18154]}},{"type":"Feature","id":"capital-1-1159135341","properties":{"name":"Uşak","localName":"Uşak","countryCode":"TUR","country":"Türkiye","division":"Usak","qid":"Q189134","rank":9,"level":1,"role":"Admin-1 capital"},"geometry":{"type":"Point","coordinates":[29.420002,38.680364]}},{"type":"Feature","id":"capital-1-1159135345","properties":{"name":"Kilis","localName":"Kilis","countryCode":"TUR","country":"Türkiye","division":"Gaziantep","qid":"Q206881","rank":8,"level":1,"role":"Admin-1 capital"},"geometry":{"type":"Point","coordinates":[37.119997,36.720406]}},{"type":"Feature","id":"capital-1-1159135355","properties":{"name":"Kars","localName":"Kars","countryCode":"TUR","country":"Türkiye","division":"Kars","qid":"Q127063","rank":8,"level":1,"role":"Admin-1 capital"},"geometry":{"type":"Point","coordinates":[43.097462,40.608463]}},{"type":"Feature","id":"capital-1-1159135359","properties":{"name":"Mardin","localName":"Mardin","countryCode":"TUR","country":"Türkiye","division":"Mardin","qid":"Q188022","rank":8,"level":1,"role":"Admin-1 capital"},"geometry":{"type":"Point","coordinates":[40.742722,37.311507]}},{"type":"Feature","id":"capital-1-1159135363","properties":{"name":"Batman","localName":"Batman","countryCode":"TUR","country":"Türkiye","division":"Batman","qid":"Q159835","rank":10,"level":1,"role":"Admin-1 capital"},"geometry":{"type":"Point","coordinates":[41.140011,37.890412]}},{"type":"Feature","id":"capital-1-1159135367","properties":{"name":"Van","localName":"Van","countryCode":"TUR","country":"Türkiye","division":"Van","qid":"Q83061","rank":10,"level":1,"role":"Admin-1 capital"},"geometry":{"type":"Point","coordinates":[43.399976,38.49544]}},{"type":"Feature","id":"capital-1-1159135375","properties":{"name":"Quneitra","localName":"Al Qunaytirah","countryCode":"SYR","country":"Syria","division":"Golan","qid":"Q576368","rank":4,"level":1,"role":"Admin-1 capital"},"geometry":{"type":"Point","coordinates":[35.823591,33.125664]}},{"type":"Feature","id":"capital-1-1159135379","properties":{"name":"Jinja","localName":"Jinja","countryCode":"UGA","country":"Uganda","division":"Jinja","qid":"Q501709","rank":10,"level":1,"role":"Admin-1 region capital"},"geometry":{"type":"Point","coordinates":[33.199927,0.440424]}},{"type":"Feature","id":"capital-1-1159135383","properties":{"name":"Soroti","localName":"Soroti","countryCode":"UGA","country":"Uganda","division":"Soroti","qid":"Q2141024","rank":3,"level":1,"role":"Admin-1 capital"},"geometry":{"type":"Point","coordinates":[33.600006,1.710398]}},{"type":"Feature","id":"capital-1-1159135385","properties":{"name":"Arua","localName":"Arua","countryCode":"UGA","country":"Uganda","division":"Arua Municipality","qid":"Q500111","rank":10,"level":1,"role":"Admin-1 region capital"},"geometry":{"type":"Point","coordinates":[30.900015,3.02037]}},{"type":"Feature","id":"capital-1-1159135395","properties":{"name":"Moyo Town","localName":"Moyo","countryCode":"UGA","country":"Uganda","division":"Moyo","qid":"Q992016","rank":7,"level":1,"role":"Admin-1 capital"},"geometry":{"type":"Point","coordinates":[31.720017,3.650409]}},{"type":"Feature","id":"capital-1-1159135399","properties":{"name":"Entebbe","localName":"Entebbe","countryCode":"UGA","country":"Uganda","division":"Wakiso","qid":"Q211970","rank":9,"level":1,"role":"Admin-1 capital"},"geometry":{"type":"Point","coordinates":[32.460024,0.060395]}},{"type":"Feature","id":"capital-1-1159135403","properties":{"name":"Mubende","localName":"Mubende","countryCode":"UGA","country":"Uganda","division":"Mubende","qid":"Q3528929","rank":6,"level":1,"role":"Admin-1 capital"},"geometry":{"type":"Point","coordinates":[31.370013,0.590441]}},{"type":"Feature","id":"capital-1-1159135409","properties":{"name":"Mityana","localName":"Mityana","countryCode":"UGA","country":"Uganda","division":"Busujju","qid":"Q2267729","rank":7,"level":1,"role":"Admin-1 capital"},"geometry":{"type":"Point","coordinates":[32.050023,0.400427]}},{"type":"Feature","id":"capital-1-1159135413","properties":{"name":"Kitgum","localName":"Kitgum","countryCode":"UGA","country":"Uganda","division":"Kitgum","qid":"Q544320","rank":8,"level":1,"role":"Admin-1 capital"},"geometry":{"type":"Point","coordinates":[32.870024,3.300404]}},{"type":"Feature","id":"capital-1-1159135417","properties":{"name":"Lira","localName":"Lira","countryCode":"UGA","country":"Uganda","division":"Lira","qid":"Q1015699","rank":9,"level":1,"role":"Admin-1 capital"},"geometry":{"type":"Point","coordinates":[32.890023,2.26039]}},{"type":"Feature","id":"capital-1-1159135421","properties":{"name":"Masindi Port","localName":"Masindi-Port","countryCode":"UGA","country":"Uganda","division":"Masindi","qid":"Q6783287","rank":5,"level":1,"role":"Admin-1 capital"},"geometry":{"type":"Point","coordinates":[32.069918,1.700399]}},{"type":"Feature","id":"capital-1-1159135427","properties":{"name":"Mbale","localName":"Mbale","countryCode":"UGA","country":"Uganda","division":"Bungokho","qid":"Q1015727","rank":10,"level":1,"role":"Admin-1 region capital"},"geometry":{"type":"Point","coordinates":[34.169997,1.09041]}},{"type":"Feature","id":"capital-1-1159135431","properties":{"name":"Tororo","localName":"Tororo","countryCode":"UGA","country":"Uganda","division":"Tororo","qid":"Q1207825","rank":9,"level":1,"role":"Admin-1 capital"},"geometry":{"type":"Point","coordinates":[34.169997,0.710382]}},{"type":"Feature","id":"capital-1-1159135439","properties":{"name":"Moroto Town","localName":"Moroto","countryCode":"UGA","country":"Uganda","division":"Moroto","qid":"Q2193389","rank":2,"level":1,"role":"Admin-1 region capital"},"geometry":{"type":"Point","coordinates":[34.639994,2.540348]}},{"type":"Feature","id":"capital-1-1159135445","properties":{"name":"Pécs","localName":"Pécs","countryCode":"HUN","country":"Hungary","division":"Baranya","qid":"Q45779","rank":9,"level":1,"role":"Admin-1 capital"},"geometry":{"type":"Point","coordinates":[18.220014,46.080429]}},{"type":"Feature","id":"capital-1-1159135449","properties":{"name":"Győr","localName":"Győr","countryCode":"HUN","country":"Hungary","division":"Gyor-Moson-Sopron","qid":"Q134494","rank":9,"level":1,"role":"Admin-1 capital"},"geometry":{"type":"Point","coordinates":[17.630024,47.700356]}},{"type":"Feature","id":"capital-1-1159135453","properties":{"name":"Kaposvár","localName":"Kaposvár","countryCode":"HUN","country":"Hungary","division":"Somogy","qid":"Q184998","rank":9,"level":1,"role":"Admin-1 capital"},"geometry":{"type":"Point","coordinates":[17.799988,46.367026]}},{"type":"Feature","id":"capital-1-1159135463","properties":{"name":"Miskolc","localName":"Miskolc","countryCode":"HUN","country":"Hungary","division":"Borsod-Abaúj-Zemplén","qid":"Q102397","rank":10,"level":1,"role":"Admin-1 capital"},"geometry":{"type":"Point","coordinates":[20.780013,48.100409]}},{"type":"Feature","id":"capital-1-1159135467","properties":{"name":"Szeged","localName":"Szeged","countryCode":"HUN","country":"Hungary","division":"Csongrád","qid":"Q81581","rank":9,"level":1,"role":"Admin-1 capital"},"geometry":{"type":"Point","coordinates":[20.150026,46.250393]}},{"type":"Feature","id":"capital-1-1159135471","properties":{"name":"Debrecen","localName":"Debrecen","countryCode":"HUN","country":"Hungary","division":"Hajdú-Bihar","qid":"Q79880","rank":10,"level":1,"role":"Admin-1 capital"},"geometry":{"type":"Point","coordinates":[21.630039,47.53047]}},{"type":"Feature","id":"capital-1-1159135475","properties":{"name":"Szolnok","localName":"Szolnok","countryCode":"HUN","country":"Hungary","division":"Jász-Nagykun-Szolnok","qid":"Q181276","rank":9,"level":1,"role":"Admin-1 capital"},"geometry":{"type":"Point","coordinates":[20.179378,47.186356]}},{"type":"Feature","id":"capital-1-1159135489","properties":{"name":"Sumbawanga","localName":"Sumbawanga","countryCode":"TZA","country":"Tanzania","division":"Rukwa","qid":"Q115323","rank":8,"level":1,"role":"Admin-1 capital"},"geometry":{"type":"Point","coordinates":[31.620023,-7.95958]}},{"type":"Feature","id":"capital-1-1159135499","properties":{"name":"Kipili","localName":"Kipili","countryCode":"TZA","country":"Tanzania","division":"Rukwa","qid":null,"rank":3,"level":1,"role":"Admin-1 capital"},"geometry":{"type":"Point","coordinates":[30.599982,-7.432894]}},{"type":"Feature","id":"capital-1-1159135521","properties":{"name":"Shinyanga","localName":"Shinyanga","countryCode":"TZA","country":"Tanzania","division":"Shinyanga","qid":"Q818765","rank":9,"level":1,"role":"Admin-1 capital"},"geometry":{"type":"Point","coordinates":[33.420017,-3.659584]}},{"type":"Feature","id":"capital-1-1159135539","properties":{"name":"Bukoba","localName":"Bukoba","countryCode":"TZA","country":"Tanzania","division":"Kagera","qid":"Q654259","rank":9,"level":1,"role":"Admin-1 capital"},"geometry":{"type":"Point","coordinates":[31.799961,-1.319624]}},{"type":"Feature","id":"capital-1-1159135547","properties":{"name":"Masaka","localName":"Masaka","countryCode":"UGA","country":"Uganda","division":"Masaka","qid":"Q956659","rank":8,"level":1,"role":"Admin-1 region capital"},"geometry":{"type":"Point","coordinates":[31.729991,-0.329607]}},{"type":"Feature","id":"capital-1-1159135571","properties":{"name":"Kigoma","localName":"Kigoma","countryCode":"TZA","country":"Tanzania","division":"Kigoma","qid":"Q244509","rank":9,"level":1,"role":"Admin-1 capital"},"geometry":{"type":"Point","coordinates":[29.610017,-4.879613]}},{"type":"Feature","id":"capital-1-1159135579","properties":{"name":"Mbarara","localName":"Mbarara","countryCode":"UGA","country":"Uganda","division":"Kashari","qid":"Q731039","rank":8,"level":1,"role":"Admin-1 region capital"},"geometry":{"type":"Point","coordinates":[30.650005,-0.599616]}},{"type":"Feature","id":"capital-1-1159135583","properties":{"name":"Kabale","localName":"Kabale","countryCode":"UGA","country":"Uganda","division":"Kabale","qid":"Q588930","rank":7,"level":1,"role":"Admin-1 capital"},"geometry":{"type":"Point","coordinates":[29.979968,-1.249602]}},{"type":"Feature","id":"capital-1-1159135601","properties":{"name":"Chake-Chake","localName":"Chake Chake","countryCode":"TZA","country":"Tanzania","division":"Kusini-Pemba","qid":"Q993159","rank":7,"level":1,"role":"Admin-1 capital"},"geometry":{"type":"Point","coordinates":[39.770017,-5.239539]}},{"type":"Feature","id":"capital-1-1159135629","properties":{"name":"Iringa","localName":"Iringa","countryCode":"TZA","country":"Tanzania","division":"Iringa","qid":"Q735609","rank":9,"level":1,"role":"Admin-1 capital"},"geometry":{"type":"Point","coordinates":[35.690007,-7.769617]}},{"type":"Feature","id":"capital-1-1159135637","properties":{"name":"Mtwara","localName":"Mtwara","countryCode":"TZA","country":"Tanzania","division":"Mtwara","qid":"Q646684","rank":8,"level":1,"role":"Admin-1 capital"},"geometry":{"type":"Point","coordinates":[40.189991,-10.26962]}},{"type":"Feature","id":"capital-1-1159135661","properties":{"name":"Singida","localName":"Singida","countryCode":"TZA","country":"Tanzania","division":"Singida","qid":"Q153331","rank":8,"level":1,"role":"Admin-1 capital"},"geometry":{"type":"Point","coordinates":[34.740039,-4.819617]}},{"type":"Feature","id":"capital-1-1159135679","properties":{"name":"Babati","localName":"Babati","countryCode":"TZA","country":"Tanzania","division":"Arusha","qid":"Q276746","rank":7,"level":1,"role":"Admin-1 capital"},"geometry":{"type":"Point","coordinates":[35.750004,-4.21955]}},{"type":"Feature","id":"capital-1-1159135687","properties":{"name":"Moshi","localName":"Moshi","countryCode":"TZA","country":"Tanzania","division":"Kilimanjaro","qid":"Q271733","rank":11,"level":1,"role":"Admin-1 capital"},"geometry":{"type":"Point","coordinates":[37.339984,-3.339604]}},{"type":"Feature","id":"capital-1-1159135691","properties":{"name":"Musoma","localName":"Musoma","countryCode":"TZA","country":"Tanzania","division":"Mara","qid":"Q847315","rank":9,"level":1,"role":"Admin-1 capital"},"geometry":{"type":"Point","coordinates":[33.799993,-1.489587]}},{"type":"Feature","id":"capital-1-1159135705","properties":{"name":"Lausanne","localName":"Lausanne","countryCode":"CHE","country":"Switzerland","division":"Vaud","qid":"Q807","rank":10,"level":1,"role":"Admin-1 capital"},"geometry":{"type":"Point","coordinates":[6.650023,46.530427]}},{"type":"Feature","id":"capital-1-1159135709","properties":{"name":"Basel","localName":"Basel","countryCode":"CHE","country":"Switzerland","division":"Basel-Stadt","qid":"Q78","rank":11,"level":1,"role":"Admin-1 capital"},"geometry":{"type":"Point","coordinates":[7.590017,47.580389]}},{"type":"Feature","id":"capital-1-1159135723","properties":{"name":"Kristianstad","localName":"Kristianstad","countryCode":"SWE","country":"Sweden","division":"Skåne","qid":"Q26937","rank":7,"level":1,"role":"Admin-1 capital"},"geometry":{"type":"Point","coordinates":[14.133287,56.033671]}},{"type":"Feature","id":"capital-1-1159135755","properties":{"name":"Muhanga","localName":"Gitarama","countryCode":"RWA","country":"Rwanda","division":"Southern","qid":"Q668180","rank":8,"level":1,"role":"Admin-1 capital"},"geometry":{"type":"Point","coordinates":[29.759982,-2.069604]}},{"type":"Feature","id":"capital-1-1159135759","properties":{"name":"Butare","localName":"Butare","countryCode":"RWA","country":"Rwanda","division":"Southern","qid":"Q509739","rank":8,"level":1,"role":"Admin-1 capital"},"geometry":{"type":"Point","coordinates":[29.730009,-2.589624]}},{"type":"Feature","id":"capital-1-1159135763","properties":{"name":"Gisenyi","localName":"Gisenyi","countryCode":"RWA","country":"Rwanda","division":"Western","qid":"Q830631","rank":8,"level":1,"role":"Admin-1 capital"},"geometry":{"type":"Point","coordinates":[29.262906,-1.684666]}},{"type":"Feature","id":"capital-1-1159135769","properties":{"name":"Cyangugu","localName":"Cyangugu","countryCode":"RWA","country":"Rwanda","division":"Western","qid":"Q782857","rank":6,"level":1,"role":"Admin-1 capital"},"geometry":{"type":"Point","coordinates":[28.899983,-2.479605]}},{"type":"Feature","id":"capital-1-1159135773","properties":{"name":"Byumba","localName":"Byumba","countryCode":"RWA","country":"Rwanda","division":"Northern","qid":"Q391747","rank":8,"level":1,"role":"Admin-1 capital"},"geometry":{"type":"Point","coordinates":[30.060015,-1.579556]}},{"type":"Feature","id":"capital-1-1159135777","properties":{"name":"Ruhengeri","localName":"Ruhengeri","countryCode":"RWA","country":"Rwanda","division":"Northern","qid":"Q246145","rank":8,"level":1,"role":"Admin-1 capital"},"geometry":{"type":"Point","coordinates":[29.630015,-1.499613]}},{"type":"Feature","id":"capital-1-1159135781","properties":{"name":"Rivas","localName":"Rivas","countryCode":"NIC","country":"Nicaragua","division":"Nicaragua","qid":"Q1757609","rank":7,"level":1,"role":"Admin-1 capital"},"geometry":{"type":"Point","coordinates":[-85.819992,11.440373]}},{"type":"Feature","id":"capital-1-1159135799","properties":{"name":"Tillabéri","localName":"Tillabéri","countryCode":"NER","country":"Niger","division":"Niamey","qid":"Q1011866","rank":6,"level":1,"role":"Admin-1 capital"},"geometry":{"type":"Point","coordinates":[1.453079,14.212038]}},{"type":"Feature","id":"capital-1-1159135817","properties":{"name":"Craiova","localName":"Craiova","countryCode":"ROU","country":"Romania","division":"Dolj","qid":"Q168057","rank":10,"level":1,"role":"Admin-1 capital"},"geometry":{"type":"Point","coordinates":[23.825874,44.326272]}},{"type":"Feature","id":"capital-1-1159135823","properties":{"name":"Călărași","localName":"Călărași","countryCode":"ROU","country":"Romania","division":"Calarasi","qid":"Q212561","rank":8,"level":1,"role":"Admin-1 capital"},"geometry":{"type":"Point","coordinates":[27.325918,44.20628]}},{"type":"Feature","id":"capital-1-1159135831","properties":{"name":"Reșița","localName":"Reșița","countryCode":"ROU","country":"Romania","division":"Caras-Severin","qid":"Q75634","rank":8,"level":1,"role":"Admin-1 capital"},"geometry":{"type":"Point","coordinates":[21.886509,45.296962]}},{"type":"Feature","id":"capital-1-1159135835","properties":{"name":"Timișoara","localName":"Timișoara","countryCode":"ROU","country":"Romania","division":"Timis","qid":"Q83404","rank":10,"level":1,"role":"Admin-1 capital"},"geometry":{"type":"Point","coordinates":[21.223448,45.758821]}},{"type":"Feature","id":"capital-1-1159135841","properties":{"name":"Botoșani","localName":"Botoșani","countryCode":"ROU","country":"Romania","division":"Botosani","qid":"Q178855","rank":9,"level":1,"role":"Admin-1 capital"},"geometry":{"type":"Point","coordinates":[26.659654,47.748415]}},{"type":"Feature","id":"capital-1-1159135847","properties":{"name":"Baia Mare","localName":"Baia Mare","countryCode":"ROU","country":"Romania","division":"Maramures","qid":"Q185280","rank":9,"level":1,"role":"Admin-1 capital"},"geometry":{"type":"Point","coordinates":[23.579067,47.659454]}},{"type":"Feature","id":"capital-1-1159135849","properties":{"name":"Târgu Mureș","localName":"Tirgu Mures","countryCode":"ROU","country":"Romania","division":"Mures","qid":"Q186349","rank":9,"level":1,"role":"Admin-1 capital"},"geometry":{"type":"Point","coordinates":[24.557819,46.558203]}},{"type":"Feature","id":"capital-1-1159135853","properties":{"name":"Pitești","localName":"Pitești","countryCode":"ROU","country":"Romania","division":"Arges","qid":"Q187938","rank":9,"level":1,"role":"Admin-1 capital"},"geometry":{"type":"Point","coordinates":[24.875835,44.856318]}},{"type":"Feature","id":"capital-1-1159135859","properties":{"name":"Brașov","localName":"Brașov","countryCode":"ROU","country":"Romania","division":"Brasov","qid":"Q82174","rank":10,"level":1,"role":"Admin-1 capital"},"geometry":{"type":"Point","coordinates":[25.60716,45.647535]}},{"type":"Feature","id":"capital-1-1159135863","properties":{"name":"Ploiești","localName":"Ploiești","countryCode":"ROU","country":"Romania","division":"Prahova","qid":"Q179585","rank":10,"level":1,"role":"Admin-1 capital"},"geometry":{"type":"Point","coordinates":[26.036488,44.946906]}},{"type":"Feature","id":"capital-1-1159135867","properties":{"name":"Bacău","localName":"Bacău","countryCode":"ROU","country":"Romania","division":"Bacau","qid":"Q10737004","rank":9,"level":1,"role":"Admin-1 capital"},"geometry":{"type":"Point","coordinates":[26.919638,46.578435]}},{"type":"Feature","id":"capital-1-1159135897","properties":{"name":"Abancay","localName":"Abancay","countryCode":"PER","country":"Peru","division":"Apurímac","qid":"Q215238","rank":8,"level":1,"role":"Admin-1 capital"},"geometry":{"type":"Point","coordinates":[-72.890006,-13.639595]}},{"type":"Feature","id":"capital-1-1159135909","properties":{"name":"Puno","localName":"Puno","countryCode":"PER","country":"Peru","division":"Callao","qid":"Q232842","rank":9,"level":1,"role":"Admin-1 capital"},"geometry":{"type":"Point","coordinates":[-70.033307,-15.83295]}},{"type":"Feature","id":"capital-1-1159135951","properties":{"name":"Moyobamba","localName":"Moyobamba","countryCode":"PER","country":"Peru","division":"San Martín","qid":"Q285672","rank":7,"level":1,"role":"Admin-1 capital"},"geometry":{"type":"Point","coordinates":[-76.966656,-6.049619]}},{"type":"Feature","id":"capital-1-1159135969","properties":{"name":"Chachapoyas","localName":"Chachapoyas","countryCode":"PER","country":"Peru","division":"Amazonas","qid":"Q757133","rank":7,"level":1,"role":"Admin-1 capital"},"geometry":{"type":"Point","coordinates":[-77.870012,-6.229608]}},{"type":"Feature","id":"capital-1-1159136045","properties":{"name":"Fuerte Olimpo","localName":"Fuerte Olimpo","countryCode":"PRY","country":"Paraguay","division":"Alto Paraguay","qid":"Q136498","rank":4,"level":1,"role":"Admin-1 capital"},"geometry":{"type":"Point","coordinates":[-57.899991,-21.069581]}},{"type":"Feature","id":"capital-1-1159136049","properties":{"name":"Mayor Pablo Lagerenza","localName":"Capitan Pablo Lagerenza","countryCode":"PRY","country":"Paraguay","division":"Alto Paraguay","qid":"Q302441","rank":3,"level":1,"role":"Admin-1 capital"},"geometry":{"type":"Point","coordinates":[-60.783277,-19.916111]}},{"type":"Feature","id":"capital-1-1159136077","properties":{"name":"Pilar","localName":"Pilar","countryCode":"PRY","country":"Paraguay","division":"Peembucy","qid":"Q135970","rank":7,"level":1,"role":"Admin-1 capital"},"geometry":{"type":"Point","coordinates":[-58.299992,-26.869485]}},{"type":"Feature","id":"capital-1-1159136083","properties":{"name":"Pedro Juan Caballero","localName":"Pedro Juan Caballero","countryCode":"PRY","country":"Paraguay","division":"Amambay","qid":"Q849292","rank":9,"level":1,"role":"Admin-1 capital"},"geometry":{"type":"Point","coordinates":[-55.759992,-22.544581]}},{"type":"Feature","id":"capital-1-1159136105","properties":{"name":"Granada","localName":"Granada‎","countryCode":"NIC","country":"Nicaragua","division":"Granada","qid":"Q205648","rank":9,"level":1,"role":"Admin-1 capital"},"geometry":{"type":"Point","coordinates":[-85.949984,11.933728]}},{"type":"Feature","id":"capital-1-1159136111","properties":{"name":"Chinandega","localName":"Chinandega","countryCode":"NIC","country":"Nicaragua","division":"Chinandega","qid":"Q974354","rank":9,"level":1,"role":"Admin-1 capital"},"geometry":{"type":"Point","coordinates":[-87.130041,12.630378]}},{"type":"Feature","id":"capital-1-1159136115","properties":{"name":"Matagalpa","localName":"Matagalpa","countryCode":"NIC","country":"Nicaragua","division":"Matagalpa","qid":"Q596688","rank":9,"level":1,"role":"Admin-1 capital"},"geometry":{"type":"Point","coordinates":[-85.916653,12.917079]}},{"type":"Feature","id":"capital-1-1159136133","properties":{"name":"Faro","localName":"Faro","countryCode":"PRT","country":"Portugal","division":"Faro","qid":"Q159457","rank":7,"level":1,"role":"Admin-1 capital"},"geometry":{"type":"Point","coordinates":[-7.933273,37.01708]}},{"type":"Feature","id":"capital-1-1159136139","properties":{"name":"Coimbra","localName":"Coimbra","countryCode":"PRT","country":"Portugal","division":"Coimbra","qid":"Q45412","rank":9,"level":1,"role":"Admin-1 capital"},"geometry":{"type":"Point","coordinates":[-8.41668,40.200374]}},{"type":"Feature","id":"capital-1-1159136141","properties":{"name":"Makeni","localName":"Makeni","countryCode":"SLE","country":"Sierra Leone","division":"Northern","qid":"Q42678","rank":8,"level":1,"role":"Admin-1 capital"},"geometry":{"type":"Point","coordinates":[-12.049973,8.880426]}},{"type":"Feature","id":"capital-1-1159136149","properties":{"name":"Diourbel","localName":"Diourbel","countryCode":"SEN","country":"Senegal","division":"Diourbel","qid":"Q910973","rank":9,"level":1,"role":"Admin-1 capital"},"geometry":{"type":"Point","coordinates":[-16.240001,14.660383]}},{"type":"Feature","id":"capital-1-1159136153","properties":{"name":"Louga","localName":"Louga","countryCode":"SEN","country":"Senegal","division":"Louga","qid":"Q280243","rank":8,"level":1,"role":"Admin-1 capital"},"geometry":{"type":"Point","coordinates":[-16.250001,15.610377]}},{"type":"Feature","id":"capital-1-1159136157","properties":{"name":"Thiès","localName":"Thiès","countryCode":"SEN","country":"Senegal","division":"Thiès","qid":"Q600693","rank":10,"level":1,"role":"Admin-1 capital"},"geometry":{"type":"Point","coordinates":[-16.930011,14.8104]}},{"type":"Feature","id":"capital-1-1159136161","properties":{"name":"Kolda","localName":"Kolda","countryCode":"SEN","country":"Senegal","division":"Kolda","qid":"Q1011890","rank":8,"level":1,"role":"Admin-1 capital"},"geometry":{"type":"Point","coordinates":[-14.950028,12.910438]}},{"type":"Feature","id":"capital-1-1159136167","properties":{"name":"Tambacounda","localName":"Tambacounda","countryCode":"SEN","country":"Senegal","division":"Tambacounda","qid":"Q977305","rank":8,"level":1,"role":"Admin-1 capital"},"geometry":{"type":"Point","coordinates":[-13.680028,13.780359]}},{"type":"Feature","id":"capital-1-1159136175","properties":{"name":"Harper","localName":"Harper","countryCode":"LBR","country":"Liberia","division":"Maryland","qid":"Q1019486","rank":7,"level":1,"role":"Admin-1 capital"},"geometry":{"type":"Point","coordinates":[-7.716981,4.375378]}},{"type":"Feature","id":"capital-1-1159136179","properties":{"name":"Gbarnga","localName":"Gbarnga","countryCode":"LBR","country":"Liberia","division":"Bong","qid":"Q985291","rank":7,"level":1,"role":"Admin-1 capital"},"geometry":{"type":"Point","coordinates":[-9.49,7.010411]}},{"type":"Feature","id":"capital-1-1159136189","properties":{"name":"Kenema","localName":"Kenema","countryCode":"SLE","country":"Sierra Leone","division":"Eastern","qid":"Q634698","rank":9,"level":1,"role":"Admin-1 capital"},"geometry":{"type":"Point","coordinates":[-11.189974,7.880409]}},{"type":"Feature","id":"capital-1-1159136193","properties":{"name":"Zwedru","localName":"Zwedru","countryCode":"LBR","country":"Liberia","division":"GrandGedeh","qid":"Q231884","rank":7,"level":1,"role":"Admin-1 capital"},"geometry":{"type":"Point","coordinates":[-8.130005,6.07039]}},{"type":"Feature","id":"capital-1-1159136197","properties":{"name":"Diffa","localName":"Diffa","countryCode":"NER","country":"Niger","division":"Diffa","qid":"Q990527","rank":7,"level":1,"role":"Admin-1 capital"},"geometry":{"type":"Point","coordinates":[12.608884,13.317054]}},{"type":"Feature","id":"capital-1-1159136211","properties":{"name":"Buraidah","localName":"Buraydah","countryCode":"SAU","country":"Saudi Arabia","division":"Al Quassim","qid":"Q259253","rank":10,"level":1,"role":"Admin-1 capital"},"geometry":{"type":"Point","coordinates":[43.962836,26.366387]}},{"type":"Feature","id":"capital-1-1159136215","properties":{"name":"Saudi Arabia","localName":"Hail","countryCode":"SAU","country":"Saudi Arabia","division":"Ha'il","qid":"Q675568","rank":10,"level":1,"role":"Admin-1 capital"},"geometry":{"type":"Point","coordinates":[41.70008,27.523577]}},{"type":"Feature","id":"capital-1-1159136221","properties":{"name":"Arar","localName":"Arar","countryCode":"SAU","country":"Saudi Arabia","division":"Al Hudud ash Shamaliyah","qid":"Q626199","rank":10,"level":1,"role":"Admin-1 capital"},"geometry":{"type":"Point","coordinates":[41.02069,30.990006]}},{"type":"Feature","id":"capital-1-1159136233","properties":{"name":"Embu","localName":"Embu","countryCode":"KEN","country":"Kenya","division":"Eastern","qid":"Q186362","rank":8,"level":1,"role":"Admin-1 capital"},"geometry":{"type":"Point","coordinates":[37.450003,-0.519569]}},{"type":"Feature","id":"capital-1-1159136293","properties":{"name":"Kakamega","localName":"Kakamega","countryCode":"KEN","country":"Kenya","division":"Western","qid":"Q302912","rank":8,"level":1,"role":"Admin-1 capital"},"geometry":{"type":"Point","coordinates":[34.730014,0.290407]}},{"type":"Feature","id":"capital-1-1159136301","properties":{"name":"Garissa","localName":"Garissa","countryCode":"KEN","country":"Kenya","division":"North-Eastern","qid":"Q845717","rank":8,"level":1,"role":"Admin-1 capital"},"geometry":{"type":"Point","coordinates":[39.670023,-0.439626]}},{"type":"Feature","id":"capital-1-1159136305","properties":{"name":"Leeuwarden","localName":"Leeuwarden","countryCode":"NLD","country":"Netherlands","division":"Friesland","qid":"Q25390","rank":9,"level":1,"role":"Admin-1 capital"},"geometry":{"type":"Point","coordinates":[5.783357,53.250379]}},{"type":"Feature","id":"capital-1-1159136311","properties":{"name":"Groningen","localName":"Groningen","countryCode":"NLD","country":"Netherlands","division":"Groningen","qid":"Q749","rank":10,"level":1,"role":"Admin-1 capital"},"geometry":{"type":"Point","coordinates":[6.580001,53.220407]}},{"type":"Feature","id":"capital-1-1159136319","properties":{"name":"Utrecht","localName":"Utrecht","countryCode":"NLD","country":"Netherlands","division":"Utrecht","qid":"Q803","rank":11,"level":1,"role":"Admin-1 capital"},"geometry":{"type":"Point","coordinates":[5.120039,52.100346]}},{"type":"Feature","id":"capital-1-1159136333","properties":{"name":"Drammen","localName":"Drammen","countryCode":"NOR","country":"Norway","division":"Buskerud","qid":"Q26525","rank":8,"level":1,"role":"Admin-1 capital"},"geometry":{"type":"Point","coordinates":[10.199232,59.738481]}},{"type":"Feature","id":"capital-1-1159136337","properties":{"name":"Moss","localName":"Moss","countryCode":"NOR","country":"Norway","division":"Ãstfold","qid":"Q109021","rank":7,"level":1,"role":"Admin-1 capital"},"geometry":{"type":"Point","coordinates":[10.669157,59.436978]}},{"type":"Feature","id":"capital-1-1159136341","properties":{"name":"Steinkjer","localName":"Steinkjer","countryCode":"NOR","country":"Norway","division":"Nord-Trøndelag","qid":"Q110431","rank":6,"level":1,"role":"Admin-1 capital"},"geometry":{"type":"Point","coordinates":[11.500011,64.01706]}},{"type":"Feature","id":"capital-1-1159136347","properties":{"name":"Ventspils","localName":"Ventspils","countryCode":"LVA","country":"Latvia","division":"Ventspils","qid":"Q104036","rank":7,"level":1,"role":"Admin-1 capital"},"geometry":{"type":"Point","coordinates":[21.560585,57.389868]}},{"type":"Feature","id":"capital-1-1159136351","properties":{"name":"Klaipėda","localName":"Klaipėda","countryCode":"LTU","country":"Lithuania","division":"Klaipedos","qid":"Q776965","rank":9,"level":1,"role":"Admin-1 capital"},"geometry":{"type":"Point","coordinates":[21.119941,55.720409]}},{"type":"Feature","id":"capital-1-1159136359","properties":{"name":"Žilina","localName":"Žilina","countryCode":"SVK","country":"Slovakia","division":"Žilinský","qid":"Q25797","rank":8,"level":1,"role":"Admin-1 capital"},"geometry":{"type":"Point","coordinates":[18.749388,49.219824]}},{"type":"Feature","id":"capital-1-1159136365","properties":{"name":"Košice","localName":"Košice","countryCode":"SVK","country":"Slovakia","division":"Košický","qid":"Q25409","rank":10,"level":1,"role":"Admin-1 capital"},"geometry":{"type":"Point","coordinates":[21.25001,48.730448]}},{"type":"Feature","id":"capital-1-1159136371","properties":{"name":"Prešov","localName":"Prešov","countryCode":"SVK","country":"Slovakia","division":"Prešov","qid":"Q26119","rank":8,"level":1,"role":"Admin-1 capital"},"geometry":{"type":"Point","coordinates":[21.239365,48.999734]}},{"type":"Feature","id":"capital-1-1159136375","properties":{"name":"Kaunas","localName":"Kaunas","countryCode":"LTU","country":"Lithuania","division":"Kauno","qid":"Q4115712","rank":10,"level":1,"role":"Admin-1 capital"},"geometry":{"type":"Point","coordinates":[23.880031,54.950404]}},{"type":"Feature","id":"capital-1-1159136389","properties":{"name":"Dammam","localName":"Dammam","countryCode":"SAU","country":"Saudi Arabia","division":"Ash Sharqiyah","qid":"Q160320","rank":12,"level":1,"role":"Admin-1 capital"},"geometry":{"type":"Point","coordinates":[50.097724,26.430138]}},{"type":"Feature","id":"capital-1-1159136409","properties":{"name":"Gilgit","localName":"Gilgit","countryCode":"PAK","country":"Pakistan","division":"Northern Areas","qid":"Q609024","rank":10,"level":1,"role":"Admin-1 capital"},"geometry":{"type":"Point","coordinates":[74.300002,35.917096]}},{"type":"Feature","id":"capital-1-1159136459","properties":{"name":"Jalal-Abad","localName":"Jalal Abad","countryCode":"KGZ","country":"Kyrgyzstan","division":"Jalal-Abad","qid":"Q487689","rank":10,"level":1,"role":"Admin-1 capital"},"geometry":{"type":"Point","coordinates":[73.00251,40.942887]}},{"type":"Feature","id":"capital-1-1159136473","properties":{"name":"Talas","localName":"Talas","countryCode":"KGZ","country":"Kyrgyzstan","division":"Talas","qid":"Q643955","rank":7,"level":1,"role":"Admin-1 capital"},"geometry":{"type":"Point","coordinates":[72.242918,42.518372]}},{"type":"Feature","id":"capital-1-1159136477","properties":{"name":"Osh","localName":"Osh","countryCode":"KGZ","country":"Kyrgyzstan","division":"Osh","qid":"Q47282","rank":10,"level":1,"role":"Admin-1 capital"},"geometry":{"type":"Point","coordinates":[72.790017,40.540405]}},{"type":"Feature","id":"capital-1-1159136491","properties":{"name":"Nepalgunj","localName":"Nepalganj","countryCode":"NPL","country":"Nepal","division":"Banke","qid":"Q1025462","rank":8,"level":1,"role":"Admin-1 capital"},"geometry":{"type":"Point","coordinates":[81.616661,28.050341]}},{"type":"Feature","id":"capital-1-1159136499","properties":{"name":"Biratnagar","localName":"Biratnagar","countryCode":"NPL","country":"Nepal","division":"Bhojpur","qid":"Q8247","rank":9,"level":1,"role":"Admin-1 capital"},"geometry":{"type":"Point","coordinates":[87.283344,26.483744]}},{"type":"Feature","id":"capital-1-1159136519","properties":{"name":"Alor Setar","localName":"Alor Setar","countryCode":"MYS","country":"Malaysia","division":"Kedah","qid":"Q474868","rank":10,"level":1,"role":"Admin-1 capital"},"geometry":{"type":"Point","coordinates":[100.372933,6.113308]}},{"type":"Feature","id":"capital-1-1159136537","properties":{"name":"Seremban","localName":"Seremban","countryCode":"MYS","country":"Malaysia","division":"Negeri Sembilan","qid":"Q847610","rank":10,"level":1,"role":"Admin-1 capital"},"geometry":{"type":"Point","coordinates":[101.94002,2.710492]}},{"type":"Feature","id":"capital-1-1159136553","properties":{"name":"Kuala Terengganu","localName":"Kuala Terengganu","countryCode":"MYS","country":"Malaysia","division":"Trengganu","qid":"Q846502","rank":10,"level":1,"role":"Admin-1 capital"},"geometry":{"type":"Point","coordinates":[103.12,5.33041]}},{"type":"Feature","id":"capital-1-1159136647","properties":{"name":"Karonga","localName":"Karonga","countryCode":"MWI","country":"Malawi","division":"Chitipa","qid":"Q1022512","rank":7,"level":1,"role":"Admin-1 capital"},"geometry":{"type":"Point","coordinates":[33.933319,-9.932896]}},{"type":"Feature","id":"capital-1-1159136731","properties":{"name":"Mbombela","localName":"Mbombela","countryCode":"ZAF","country":"South Africa","division":"Mpumalanga","qid":"Q170313","rank":10,"level":1,"role":"Admin-1 capital"},"geometry":{"type":"Point","coordinates":[30.98001,-25.469622]}},{"type":"Feature","id":"capital-1-1159136845","properties":{"name":"Mendi","localName":"Mendi","countryCode":"PNG","country":"Papua New Guinea","division":"Southern Highlands","qid":"Q1017120","rank":7,"level":1,"role":"Admin-1 capital"},"geometry":{"type":"Point","coordinates":[143.645227,-6.144394]}},{"type":"Feature","id":"capital-1-1159136857","properties":{"name":"Alotau","localName":"Alotau","countryCode":"PNG","country":"Papua New Guinea","division":"Milne Bay","qid":"Q568137","rank":6,"level":1,"role":"Admin-1 capital"},"geometry":{"type":"Point","coordinates":[150.459074,-10.302073]}},{"type":"Feature","id":"capital-1-1159136861","properties":{"name":"Popondetta","localName":"Popondetta","countryCode":"PNG","country":"Papua New Guinea","division":"Northern","qid":"Q1017376","rank":7,"level":1,"role":"Admin-1 capital"},"geometry":{"type":"Point","coordinates":[148.248408,-8.769195]}},{"type":"Feature","id":"capital-1-1159136871","properties":{"name":"Haarlem","localName":"Haarlem","countryCode":"NLD","country":"Netherlands","division":"Noord-Holland","qid":"Q9920","rank":10,"level":1,"role":"Admin-1 capital"},"geometry":{"type":"Point","coordinates":[4.629991,52.380432]}},{"type":"Feature","id":"capital-1-1159136875","properties":{"name":"Las Tablas","localName":"Las Tablas","countryCode":"PAN","country":"Panama","division":"Los Santos","qid":"Q2712890","rank":6,"level":1,"role":"Admin-1 capital"},"geometry":{"type":"Point","coordinates":[-80.28002,7.760391]}},{"type":"Feature","id":"capital-1-1159136879","properties":{"name":"Santiago de Veraguas","localName":"Santiago","countryCode":"PAN","country":"Panama","division":"Veraguas","qid":"Q685509","rank":7,"level":1,"role":"Admin-1 capital"},"geometry":{"type":"Point","coordinates":[-80.983336,8.10037]}},{"type":"Feature","id":"capital-1-1159136885","properties":{"name":"La Palma","localName":"La Palma","countryCode":"PAN","country":"Panama","division":"Darién","qid":"Q1798993","rank":3,"level":1,"role":"Admin-1 capital"},"geometry":{"type":"Point","coordinates":[-78.140228,8.398181]}},{"type":"Feature","id":"capital-1-1159136897","properties":{"name":"Taza","localName":"Taza","countryCode":"MAR","country":"Morocco","division":"Taza - Al Hoceima - Taounate","qid":"Q574469","rank":9,"level":1,"role":"Admin-1 capital"},"geometry":{"type":"Point","coordinates":[-4.019972,34.220378]}},{"type":"Feature","id":"capital-1-1159136905","properties":{"name":"Kenitra","localName":"Kenitra","countryCode":"MAR","country":"Morocco","division":"Gharb - Chrarda - Béni Hssen","qid":"Q478207","rank":11,"level":1,"role":"Admin-1 capital"},"geometry":{"type":"Point","coordinates":[-6.579997,34.2704]}},{"type":"Feature","id":"capital-1-1159136909","properties":{"name":"Settat","localName":"Settat","countryCode":"MAR","country":"Morocco","division":"Chaouia - Ouardigha","qid":"Q818019","rank":9,"level":1,"role":"Admin-1 capital"},"geometry":{"type":"Point","coordinates":[-7.620011,33.010426]}},{"type":"Feature","id":"capital-1-1159136917","properties":{"name":"Meknes","localName":"Meknes","countryCode":"MAR","country":"Morocco","division":"Meknès - Tafilalet","qid":"Q178663","rank":11,"level":1,"role":"Admin-1 capital"},"geometry":{"type":"Point","coordinates":[-5.559981,33.900423]}},{"type":"Feature","id":"capital-1-1159136931","properties":{"name":"Bălți","localName":"Bălți","countryCode":"MDA","country":"Moldova","division":"Balti","qid":"Q37801","rank":9,"level":1,"role":"Admin-1 capital"},"geometry":{"type":"Point","coordinates":[27.905314,47.759086]}},{"type":"Feature","id":"capital-1-1159136935","properties":{"name":"Cahul","localName":"Cahul","countryCode":"MDA","country":"Moldova","division":"Cahul","qid":"Q503469","rank":8,"level":1,"role":"Admin-1 capital"},"geometry":{"type":"Point","coordinates":[28.194444,45.907881]}},{"type":"Feature","id":"capital-1-1159136941","properties":{"name":"Tiraspol","localName":"Tiraspol","countryCode":"MDA","country":"Moldova","division":"Bender","qid":"Q132572","rank":9,"level":1,"role":"Admin-1 capital"},"geometry":{"type":"Point","coordinates":[29.639989,46.853095]}},{"type":"Feature","id":"capital-1-1159136945","properties":{"name":"Chitipa","localName":"Chitipa","countryCode":"MWI","country":"Malawi","division":"Chitipa","qid":"Q1074915","rank":6,"level":1,"role":"Admin-1 capital"},"geometry":{"type":"Point","coordinates":[33.266641,-9.716217]}},{"type":"Feature","id":"capital-1-1159136949","properties":{"name":"Nkhata Bay","localName":"Nkhata Bay","countryCode":"MWI","country":"Malawi","division":"Nkhata Bay","qid":"Q1370650","rank":7,"level":1,"role":"Admin-1 capital"},"geometry":{"type":"Point","coordinates":[34.300015,-11.599616]}},{"type":"Feature","id":"capital-1-1159136953","properties":{"name":"Nkhotakota","localName":"Nkhotakota","countryCode":"MWI","country":"Malawi","division":"Nkhotakota","qid":"Q1022510","rank":8,"level":1,"role":"Admin-1 capital"},"geometry":{"type":"Point","coordinates":[34.300015,-12.91628]}},{"type":"Feature","id":"capital-1-1159136977","properties":{"name":"Mangochi","localName":"Mangochi","countryCode":"MWI","country":"Malawi","division":"Mangochi","qid":"Q1890257","rank":8,"level":1,"role":"Admin-1 capital"},"geometry":{"type":"Point","coordinates":[35.269981,-14.459597]}},{"type":"Feature","id":"capital-1-1159136981","properties":{"name":"Salima","localName":"Salima","countryCode":"MWI","country":"Malawi","division":"Salima","qid":"Q979028","rank":8,"level":1,"role":"Admin-1 capital"},"geometry":{"type":"Point","coordinates":[34.433288,-13.782946]}},{"type":"Feature","id":"capital-1-1159136985","properties":{"name":"Maxixe","localName":"Maxixe","countryCode":"MOZ","country":"Mozambique","division":"Inhambane","qid":"Q525118","rank":9,"level":1,"role":"Admin-1 capital"},"geometry":{"type":"Point","coordinates":[35.388551,-23.866023]}},{"type":"Feature","id":"capital-1-1159137059","properties":{"name":"Cherkessk","localName":"Cherkessk","countryCode":"RUS","country":"Russia","division":"Karachay-Cherkess","qid":"Q5326","rank":9,"level":1,"role":"Admin-1 capital"},"geometry":{"type":"Point","coordinates":[42.060006,44.290409]}},{"type":"Feature","id":"capital-1-1159137065","properties":{"name":"Vladikavkaz","localName":"Vladikavkaz","countryCode":"RUS","country":"Russia","division":"North Ossetia","qid":"Q5239","rank":10,"level":1,"role":"Admin-1 capital"},"geometry":{"type":"Point","coordinates":[44.669976,43.050381]}},{"type":"Feature","id":"capital-1-1159137249","properties":{"name":"Kaluga","localName":"Kaluga","countryCode":"RUS","country":"Russia","division":"Kaluga","qid":"Q2837","rank":10,"level":1,"role":"Admin-1 capital"},"geometry":{"type":"Point","coordinates":[36.270024,54.520379]}},{"type":"Feature","id":"capital-1-1159137403","properties":{"name":"Saransk","localName":"Saransk","countryCode":"RUS","country":"Russia","division":"Mordovia","qid":"Q5343","rank":10,"level":1,"role":"Admin-1 capital"},"geometry":{"type":"Point","coordinates":[45.180022,54.170374]}},{"type":"Feature","id":"capital-1-1159137563","properties":{"name":"Yoshkar-Ola","localName":"Yoshkar Ola","countryCode":"RUS","country":"Russia","division":"Mariy-El","qid":"Q5449","rank":10,"level":1,"role":"Admin-1 capital"},"geometry":{"type":"Point","coordinates":[47.874948,56.635392]}},{"type":"Feature","id":"capital-1-1159137877","properties":{"name":"Jowhar","localName":"Jawhar","countryCode":"SOM","country":"Somalia","division":"Shabeellaha Dhexe","qid":"Q646574","rank":9,"level":1,"role":"Admin-1 capital"},"geometry":{"type":"Point","coordinates":[45.516591,2.767]}},{"type":"Feature","id":"capital-1-1159137925","properties":{"name":"Jeonju","localName":"Jeonju","countryCode":"KOR","country":"South Korea","division":"Jeollabuk-do","qid":"Q42140","rank":11,"level":1,"role":"Admin-1 capital"},"geometry":{"type":"Point","coordinates":[127.140394,35.831416]}},{"type":"Feature","id":"capital-1-1159138103","properties":{"name":"Aginskoye","localName":"Aginskoye","countryCode":"RUS","country":"Russia","division":"Aga Buryat","qid":"Q393898","rank":6,"level":1,"role":"Admin-1 capital"},"geometry":{"type":"Point","coordinates":[114.522818,51.103068]}},{"type":"Feature","id":"capital-1-1159138385","properties":{"name":"Zacatecas","localName":"Zacatecas","countryCode":"MEX","country":"Mexico","division":"Zacatecas","qid":"Q139242","rank":10,"level":1,"role":"Admin-1 capital"},"geometry":{"type":"Point","coordinates":[-102.580003,22.77043]}},{"type":"Feature","id":"capital-1-1159138451","properties":{"name":"Morelia","localName":"Morelia","countryCode":"MEX","country":"Mexico","division":"Michoacán","qid":"Q200252","rank":11,"level":1,"role":"Admin-1 capital"},"geometry":{"type":"Point","coordinates":[-101.189493,19.733381]}},{"type":"Feature","id":"capital-1-1159138477","properties":{"name":"Tepic","localName":"Tepic","countryCode":"MEX","country":"Mexico","division":"Nayarit","qid":"Q207972","rank":10,"level":1,"role":"Admin-1 capital"},"geometry":{"type":"Point","coordinates":[-104.879991,21.505392]}},{"type":"Feature","id":"capital-1-1159138549","properties":{"name":"Guanajuato City","localName":"Guanajuato","countryCode":"MEX","country":"Mexico","division":"Guanajuato","qid":"Q61306","rank":9,"level":1,"role":"Admin-1 capital"},"geometry":{"type":"Point","coordinates":[-101.279978,21.020408]}},{"type":"Feature","id":"capital-1-1159138571","properties":{"name":"Pachuca","localName":"Pachuca","countryCode":"MEX","country":"Mexico","division":"Hidalgo","qid":"Q160750","rank":10,"level":1,"role":"Admin-1 capital"},"geometry":{"type":"Point","coordinates":[-98.735589,20.106424]}},{"type":"Feature","id":"capital-1-1159138577","properties":{"name":"Toluca","localName":"Toluca","countryCode":"MEX","country":"Mexico","division":"México","qid":"Q209034","rank":12,"level":1,"role":"Admin-1 capital"},"geometry":{"type":"Point","coordinates":[-99.653179,19.289308]}},{"type":"Feature","id":"capital-1-1159138673","properties":{"name":"Sélibaby","localName":"Sélibaby","countryCode":"MRT","country":"Mauritania","division":"Guidimaka","qid":"Q1010137","rank":2,"level":1,"role":"Admin-1 capital"},"geometry":{"type":"Point","coordinates":[-12.183324,15.167019]}},{"type":"Feature","id":"capital-1-1159138687","properties":{"name":"Kangaba","localName":"Kangaba","countryCode":"MLI","country":"Mali","division":"Bamako","qid":"Q1031919","rank":6,"level":1,"role":"Admin-1 capital"},"geometry":{"type":"Point","coordinates":[-8.440012,11.94042]}},{"type":"Feature","id":"capital-1-1159138717","properties":{"name":"Sikasso","localName":"Sikasso","countryCode":"MLI","country":"Mali","division":"Sikasso","qid":"Q722827","rank":10,"level":1,"role":"Admin-1 capital"},"geometry":{"type":"Point","coordinates":[-5.68,11.320406]}},{"type":"Feature","id":"capital-1-1159138731","properties":{"name":"Néma","localName":"Nema","countryCode":"MRT","country":"Mauritania","division":"Hodh ech Chargui","qid":"Q752257","rank":9,"level":1,"role":"Admin-1 capital"},"geometry":{"type":"Point","coordinates":[-7.250007,16.617059]}},{"type":"Feature","id":"capital-1-1159138745","properties":{"name":"San","localName":"San","countryCode":"MLI","country":"Mali","division":"Ségou","qid":"Q950460","rank":7,"level":1,"role":"Admin-1 capital"},"geometry":{"type":"Point","coordinates":[-4.900047,13.300414]}},{"type":"Feature","id":"capital-1-1159138777","properties":{"name":"Calabar","localName":"Calabar","countryCode":"NGA","country":"Nigeria","division":"Cross River","qid":"Q844091","rank":10,"level":1,"role":"Admin-1 capital"},"geometry":{"type":"Point","coordinates":[8.330024,4.960407]}},{"type":"Feature","id":"capital-1-1159138785","properties":{"name":"Jalingo","localName":"Jalingo","countryCode":"NGA","country":"Nigeria","division":"Taraba","qid":"Q1023720","rank":9,"level":1,"role":"Admin-1 capital"},"geometry":{"type":"Point","coordinates":[11.360019,8.900373]}},{"type":"Feature","id":"capital-1-1159138799","properties":{"name":"Abeokuta","localName":"Abeokuta","countryCode":"NGA","country":"Nigeria","division":"Ogun","qid":"Q206484","rank":11,"level":1,"role":"Admin-1 capital"},"geometry":{"type":"Point","coordinates":[3.350017,7.160427]}},{"type":"Feature","id":"capital-1-1159138807","properties":{"name":"Akure","localName":"Akure","countryCode":"NGA","country":"Nigeria","division":"Ondo","qid":"Q423831","rank":10,"level":1,"role":"Admin-1 capital"},"geometry":{"type":"Point","coordinates":[5.199982,7.250396]}},{"type":"Feature","id":"capital-1-1159138825","properties":{"name":"Ado Ekiti","localName":"Ado Ekiti","countryCode":"NGA","country":"Nigeria","division":"Ekiti","qid":"Q359955","rank":10,"level":1,"role":"Admin-1 capital"},"geometry":{"type":"Point","coordinates":[5.219981,7.630373]}},{"type":"Feature","id":"capital-1-1159138835","properties":{"name":"Osogbo","localName":"Oshogbo","countryCode":"NGA","country":"Nigeria","division":"Osun","qid":"Q868203","rank":10,"level":1,"role":"Admin-1 capital"},"geometry":{"type":"Point","coordinates":[4.560021,7.770364]}},{"type":"Feature","id":"capital-1-1159138843","properties":{"name":"Awka","localName":"Awka","countryCode":"NGA","country":"Nigeria","division":"Anambra","qid":"Q791766","rank":10,"level":1,"role":"Admin-1 capital"},"geometry":{"type":"Point","coordinates":[7.069997,6.210434]}},{"type":"Feature","id":"capital-1-1159138849","properties":{"name":"Onitsha","localName":"Onitsha","countryCode":"NGA","country":"Nigeria","division":"Anambra","qid":"Q852238","rank":8,"level":1,"role":"Admin-1 capital"},"geometry":{"type":"Point","coordinates":[6.779989,6.140412]}},{"type":"Feature","id":"capital-1-1159138857","properties":{"name":"Bauchi","localName":"Bauchi","countryCode":"NGA","country":"Nigeria","division":"Bauchi","qid":"Q811144","rank":10,"level":1,"role":"Admin-1 capital"},"geometry":{"type":"Point","coordinates":[9.840009,10.310364]}},{"type":"Feature","id":"capital-1-1159138861","properties":{"name":"Gombe","localName":"Gombe","countryCode":"NGA","country":"Nigeria","division":"Gombe","qid":"Q591598","rank":10,"level":1,"role":"Admin-1 capital"},"geometry":{"type":"Point","coordinates":[11.169954,10.290443]}},{"type":"Feature","id":"capital-1-1159138883","properties":{"name":"Lokoja","localName":"Lokoja","countryCode":"NGA","country":"Nigeria","division":"Kogi","qid":"Q994085","rank":8,"level":1,"role":"Admin-1 capital"},"geometry":{"type":"Point","coordinates":[6.73994,7.800388]}},{"type":"Feature","id":"capital-1-1159138891","properties":{"name":"Lafia","localName":"Lafia","countryCode":"NGA","country":"Nigeria","division":"Nassarawa","qid":"Q1023721","rank":9,"level":1,"role":"Admin-1 capital"},"geometry":{"type":"Point","coordinates":[8.520038,8.490424]}},{"type":"Feature","id":"capital-1-1159138905","properties":{"name":"Katsina","localName":"Katsina","countryCode":"NGA","country":"Nigeria","division":"Katsina","qid":"Q937487","rank":10,"level":1,"role":"Admin-1 capital"},"geometry":{"type":"Point","coordinates":[7.599991,12.990407]}},{"type":"Feature","id":"capital-1-1159138909","properties":{"name":"Gusau","localName":"Gusau","countryCode":"NGA","country":"Nigeria","division":"Zamfara","qid":"Q600405","rank":10,"level":1,"role":"Admin-1 capital"},"geometry":{"type":"Point","coordinates":[6.659996,12.170406]}},{"type":"Feature","id":"capital-1-1159138919","properties":{"name":"Gashua","localName":"Gashua","countryCode":"NGA","country":"Nigeria","division":"Yobe","qid":"Q5526456","rank":9,"level":1,"role":"Admin-1 capital"},"geometry":{"type":"Point","coordinates":[11.039987,12.870492]}},{"type":"Feature","id":"capital-1-1159138927","properties":{"name":"Birnin Kebbi","localName":"Birnin Kebbi","countryCode":"NGA","country":"Nigeria","division":"Kebbi","qid":"Q865828","rank":9,"level":1,"role":"Admin-1 capital"},"geometry":{"type":"Point","coordinates":[4.19994,12.450414]}},{"type":"Feature","id":"capital-1-1159138957","properties":{"name":"Bitola","localName":"Bitola","countryCode":"MKD","country":"North Macedonia","division":"Bitola","qid":"Q157246","rank":8,"level":1,"role":"Admin-1 capital"},"geometry":{"type":"Point","coordinates":[21.339514,41.039057]}},{"type":"Feature","id":"capital-1-1159138965","properties":{"name":"Khoms","localName":"Al Khums","countryCode":"LBY","country":"Libya","division":"Al Marqab","qid":"Q310381","rank":10,"level":1,"role":"Admin-1 capital"},"geometry":{"type":"Point","coordinates":[14.259998,32.660421]}},{"type":"Feature","id":"capital-1-1159138981","properties":{"name":"Zawiya","localName":"Az Zawiyah","countryCode":"LBY","country":"Libya","division":"Az Zawiyah","qid":"Q221503","rank":9,"level":1,"role":"Admin-1 capital"},"geometry":{"type":"Point","coordinates":[12.719988,32.760415]}},{"type":"Feature","id":"capital-1-1159138985","properties":{"name":"Gharyan","localName":"Gharyan","countryCode":"LBY","country":"Libya","division":"Mizdah","qid":"Q867102","rank":9,"level":1,"role":"Admin-1 capital"},"geometry":{"type":"Point","coordinates":[13.01997,32.170374]}},{"type":"Feature","id":"capital-1-1159139037","properties":{"name":"Zahlé","localName":"Zahlé","countryCode":"LBN","country":"Lebanon","division":"Mount Lebanon","qid":"Q26569","rank":8,"level":1,"role":"Admin-1 capital"},"geometry":{"type":"Point","coordinates":[35.904154,33.850116]}},{"type":"Feature","id":"capital-1-1159139051","properties":{"name":"Wrocław","localName":"Wrocław","countryCode":"POL","country":"Poland","division":"Lower Silesian","qid":"Q1799","rank":11,"level":1,"role":"Admin-1 capital"},"geometry":{"type":"Point","coordinates":[17.030009,51.110432]}},{"type":"Feature","id":"capital-1-1159139055","properties":{"name":"Szczecin","localName":"Szczecin","countryCode":"POL","country":"Poland","division":"West Pomeranian","qid":"Q393","rank":10,"level":1,"role":"Admin-1 capital"},"geometry":{"type":"Point","coordinates":[14.530007,53.420394]}},{"type":"Feature","id":"capital-1-1159139059","properties":{"name":"Zielona Góra","localName":"Zielona Góra","countryCode":"POL","country":"Poland","division":"Lubusz","qid":"Q104720","rank":9,"level":1,"role":"Admin-1 capital"},"geometry":{"type":"Point","coordinates":[15.500025,51.950406]}},{"type":"Feature","id":"capital-1-1159139065","properties":{"name":"Poznań","localName":"Poznań","countryCode":"POL","country":"Poland","division":"Greater Poland","qid":"Q268","rank":11,"level":1,"role":"Admin-1 capital"},"geometry":{"type":"Point","coordinates":[16.89994,52.405753]}},{"type":"Feature","id":"capital-1-1159139073","properties":{"name":"Bydgoszcz","localName":"Bydgoszcz","countryCode":"POL","country":"Poland","division":"Kuyavian-Pomeranian","qid":"Q41252","rank":10,"level":1,"role":"Admin-1 capital"},"geometry":{"type":"Point","coordinates":[18.010001,53.120413]}},{"type":"Feature","id":"capital-1-1159139075","properties":{"name":"Katowice","localName":"Katowice","countryCode":"POL","country":"Poland","division":"Silesian","qid":"Q588","rank":12,"level":1,"role":"Admin-1 capital"},"geometry":{"type":"Point","coordinates":[19.020017,50.26038]}},{"type":"Feature","id":"capital-1-1159139087","properties":{"name":"Kielce","localName":"Kielce","countryCode":"POL","country":"Poland","division":"Swietokrzyskie","qid":"Q102317","rank":10,"level":1,"role":"Admin-1 capital"},"geometry":{"type":"Point","coordinates":[20.66002,50.890394]}},{"type":"Feature","id":"capital-1-1159139091","properties":{"name":"Białystok","localName":"Białystok","countryCode":"POL","country":"Poland","division":"Podlachian","qid":"Q761","rank":10,"level":1,"role":"Admin-1 capital"},"geometry":{"type":"Point","coordinates":[23.182319,53.131696]}},{"type":"Feature","id":"capital-1-1159139095","properties":{"name":"Lublin","localName":"Lublin","countryCode":"POL","country":"Poland","division":"Lublin","qid":"Q37333","rank":10,"level":1,"role":"Admin-1 capital"},"geometry":{"type":"Point","coordinates":[22.57272,51.250398]}},{"type":"Feature","id":"capital-1-1159139101","properties":{"name":"Rzeszów","localName":"Rzeszów","countryCode":"POL","country":"Poland","division":"Subcarpathian","qid":"Q598","rank":10,"level":1,"role":"Admin-1 capital"},"geometry":{"type":"Point","coordinates":[21.995992,50.028655]}},{"type":"Feature","id":"capital-1-1159139105","properties":{"name":"Kudymkar","localName":"Kudymkar","countryCode":"RUS","country":"Russia","division":"Komi-Permyak","qid":"Q155936","rank":7,"level":1,"role":"Admin-1 capital"},"geometry":{"type":"Point","coordinates":[54.633037,59.016177]}},{"type":"Feature","id":"capital-1-1159139129","properties":{"name":"Ölgii","localName":"Olgiy","countryCode":"MNG","country":"Mongolia","division":"Bayan-Ölgiy","qid":"Q297060","rank":7,"level":1,"role":"Admin-1 capital"},"geometry":{"type":"Point","coordinates":[89.950003,48.933691]}},{"type":"Feature","id":"capital-1-1159139135","properties":{"name":"Sainyabuli","localName":"Xaignabouri","countryCode":"LAO","country":"Laos","division":"Xaignabouri","qid":"Q2344474","rank":6,"level":1,"role":"Admin-1 capital"},"geometry":{"type":"Point","coordinates":[101.750058,19.250464]}},{"type":"Feature","id":"capital-1-1159139139","properties":{"name":"Pakse","localName":"Pakxe","countryCode":"LAO","country":"Laos","division":"Champasak","qid":"Q383622","rank":9,"level":1,"role":"Admin-1 capital"},"geometry":{"type":"Point","coordinates":[105.818337,15.12206]}},{"type":"Feature","id":"capital-1-1159139147","properties":{"name":"Luang Prabang","localName":"Louangphrabang","countryCode":"LAO","country":"Laos","division":"Louangphrabang","qid":"Q190165","rank":9,"level":1,"role":"Admin-1 capital"},"geometry":{"type":"Point","coordinates":[102.14161,19.884534]}},{"type":"Feature","id":"capital-1-1159139153","properties":{"name":"Thakhek","localName":"Thakhek","countryCode":"LAO","country":"Laos","division":"Khammouan","qid":"Q1018701","rank":8,"level":1,"role":"Admin-1 capital"},"geometry":{"type":"Point","coordinates":[104.836123,17.411197]}},{"type":"Feature","id":"capital-1-1159139171","properties":{"name":"Haeju","localName":"Haeju","countryCode":"PRK","country":"North Korea","division":"Hwanghae-namdo","qid":"Q714865","rank":10,"level":1,"role":"Admin-1 capital"},"geometry":{"type":"Point","coordinates":[125.714383,38.039421]}},{"type":"Feature","id":"capital-1-1159139189","properties":{"name":"Kanggye","localName":"Kanggye","countryCode":"PRK","country":"North Korea","division":"Chagang-do","qid":"Q489825","rank":10,"level":1,"role":"Admin-1 capital"},"geometry":{"type":"Point","coordinates":[126.603218,40.973221]}},{"type":"Feature","id":"capital-1-1159139209","properties":{"name":"Hyesan","localName":"Hyeson","countryCode":"PRK","country":"North Korea","division":"Ryanggang","qid":"Q489829","rank":10,"level":1,"role":"Admin-1 capital"},"geometry":{"type":"Point","coordinates":[128.192733,41.39273]}},{"type":"Feature","id":"capital-1-1159139217","properties":{"name":"Karasburg","localName":"Karasburg","countryCode":"NAM","country":"Namibia","division":"Karas","qid":"Q1003328","rank":5,"level":1,"role":"Admin-1 capital"},"geometry":{"type":"Point","coordinates":[18.739982,-28.019596]}},{"type":"Feature","id":"capital-1-1159139221","properties":{"name":"Bethanie","localName":"Bethanie","countryCode":"NAM","country":"Namibia","division":"Karas","qid":"Q251677","rank":6,"level":1,"role":"Admin-1 capital"},"geometry":{"type":"Point","coordinates":[17.150002,-26.499534]}},{"type":"Feature","id":"capital-1-1159139231","properties":{"name":"Mariental","localName":"Mariental","countryCode":"NAM","country":"Namibia","division":"Hardap","qid":"Q876166","rank":6,"level":1,"role":"Admin-1 capital"},"geometry":{"type":"Point","coordinates":[17.959927,-24.619597]}},{"type":"Feature","id":"capital-1-1159139235","properties":{"name":"Rehoboth","localName":"Rehoboth","countryCode":"NAM","country":"Namibia","division":"Hardap","qid":"Q700050","rank":7,"level":1,"role":"Admin-1 capital"},"geometry":{"type":"Point","coordinates":[17.080032,-23.319573]}},{"type":"Feature","id":"capital-1-1159139239","properties":{"name":"Outjo","localName":"Outjo","countryCode":"NAM","country":"Namibia","division":"Kunene","qid":"Q1704346","rank":5,"level":1,"role":"Admin-1 capital"},"geometry":{"type":"Point","coordinates":[16.140038,-20.109536]}},{"type":"Feature","id":"capital-1-1159139253","properties":{"name":"Okahandja","localName":"Okahandja","countryCode":"NAM","country":"Namibia","division":"Otjozondjupa","qid":"Q597491","rank":7,"level":1,"role":"Admin-1 capital"},"geometry":{"type":"Point","coordinates":[16.910017,-21.979603]}},{"type":"Feature","id":"capital-1-1159139257","properties":{"name":"Otjiwarongo","localName":"Otjiwarongo","countryCode":"NAM","country":"Namibia","division":"Otjozondjupa","qid":"Q993149","rank":7,"level":1,"role":"Admin-1 region capital"},"geometry":{"type":"Point","coordinates":[16.640007,-20.459541]}},{"type":"Feature","id":"capital-1-1159139355","properties":{"name":"Mataram","localName":"Mataram","countryCode":"IDN","country":"Indonesia","division":"Nusa Tenggara Barat","qid":"Q14126","rank":10,"level":1,"role":"Admin-1 capital"},"geometry":{"type":"Point","coordinates":[116.135019,-8.579542]}},{"type":"Feature","id":"capital-1-1159139395","properties":{"name":"Dundalk","localName":"Dundalk","countryCode":"IRL","country":"Ireland","division":"Louth","qid":"Q204956","rank":7,"level":1,"role":"Admin-1 capital"},"geometry":{"type":"Point","coordinates":[-6.395592,53.999796]}},{"type":"Feature","id":"capital-1-1159139399","properties":{"name":"Galway","localName":"Galway","countryCode":"IRL","country":"Ireland","division":"Galway","qid":"Q129610","rank":8,"level":1,"role":"Admin-1 capital"},"geometry":{"type":"Point","coordinates":[-9.048812,53.272393]}},{"type":"Feature","id":"capital-1-1159139407","properties":{"name":"Kilkenny","localName":"Kilkenny","countryCode":"IRL","country":"Ireland","division":"Kilkenny","qid":"Q109092","rank":7,"level":1,"role":"Admin-1 capital"},"geometry":{"type":"Point","coordinates":[-7.252255,52.65455]}},{"type":"Feature","id":"capital-1-1159139415","properties":{"name":"Sligo","localName":"Sligo","countryCode":"IRL","country":"Ireland","division":"Sligo","qid":"Q190002","rank":7,"level":1,"role":"Admin-1 capital"},"geometry":{"type":"Point","coordinates":[-8.483317,54.267061]}},{"type":"Feature","id":"capital-1-1159139419","properties":{"name":"Bolama","localName":"Bolama","countryCode":"GNB","country":"Guinea-Bissau","division":"Bolama","qid":"Q681802","rank":6,"level":1,"role":"Admin-1 capital"},"geometry":{"type":"Point","coordinates":[-15.482804,11.582953]}},{"type":"Feature","id":"capital-1-1159139425","properties":{"name":"Bafatá","localName":"Bafatá","countryCode":"GNB","country":"Guinea-Bissau","division":"Bafatá","qid":"Q799788","rank":7,"level":1,"role":"Admin-1 capital"},"geometry":{"type":"Point","coordinates":[-14.666015,12.166995]}},{"type":"Feature","id":"capital-1-1159139429","properties":{"name":"Mbaïki","localName":"Mbaïki","countryCode":"CAF","country":"Central African Republic","division":"Lobaye","qid":"Q593435","rank":8,"level":1,"role":"Admin-1 capital"},"geometry":{"type":"Point","coordinates":[17.999976,3.870421]}},{"type":"Feature","id":"capital-1-1159139437","properties":{"name":"Bozoum","localName":"Bozoum","countryCode":"CAF","country":"Central African Republic","division":"Ouham-Pendé","qid":"Q896185","rank":7,"level":1,"role":"Admin-1 capital"},"geometry":{"type":"Point","coordinates":[16.38333,6.31699]}},{"type":"Feature","id":"capital-1-1159139443","properties":{"name":"Kaga-Bandoro","localName":"Kaga Bandoro","countryCode":"CAF","country":"Central African Republic","division":"Nana-Grébizi","qid":"Q1210015","rank":8,"level":1,"role":"Admin-1 capital"},"geometry":{"type":"Point","coordinates":[19.180007,6.980387]}},{"type":"Feature","id":"capital-1-1159139461","properties":{"name":"Bologna","localName":"Bologna","countryCode":"ITA","country":"Italy","division":"Emilia-Romagna","qid":"Q1891","rank":10,"level":1,"role":"Admin-1 region capital"},"geometry":{"type":"Point","coordinates":[11.340021,44.500422]}},{"type":"Feature","id":"capital-1-1159139469","properties":{"name":"Cagliari","localName":"Cagliari","countryCode":"ITA","country":"Italy","division":"Sardegna","qid":"Q1897","rank":10,"level":1,"role":"Admin-1 region capital"},"geometry":{"type":"Point","coordinates":[9.103981,39.222398]}},{"type":"Feature","id":"capital-1-1159139491","properties":{"name":"Catanzaro","localName":"Catanzaro","countryCode":"ITA","country":"Italy","division":"Calabria","qid":"Q3883","rank":8,"level":1,"role":"Admin-1 region capital"},"geometry":{"type":"Point","coordinates":[16.60001,38.900376]}},{"type":"Feature","id":"capital-1-1159139505","properties":{"name":"Bari","localName":"Bari","countryCode":"ITA","country":"Italy","division":"Apulia","qid":"Q3519","rank":11,"level":1,"role":"Admin-1 region capital"},"geometry":{"type":"Point","coordinates":[16.872758,41.11422]}},{"type":"Feature","id":"capital-1-1159139545","properties":{"name":"L’Aquila","localName":"L'Aquila","countryCode":"ITA","country":"Italy","division":"Abruzzo","qid":"Q3476","rank":8,"level":1,"role":"Admin-1 region capital"},"geometry":{"type":"Point","coordinates":[13.390025,42.350398]}},{"type":"Feature","id":"capital-1-1159139555","properties":{"name":"Ancona","localName":"Ancona","countryCode":"ITA","country":"Italy","division":"Marche","qid":"Q3415","rank":9,"level":1,"role":"Admin-1 region capital"},"geometry":{"type":"Point","coordinates":[13.499941,43.600374]}},{"type":"Feature","id":"capital-1-1159139559","properties":{"name":"Perugia","localName":"Perugia","countryCode":"ITA","country":"Italy","division":"Umbria","qid":"Q3437","rank":9,"level":1,"role":"Admin-1 region capital"},"geometry":{"type":"Point","coordinates":[12.389983,43.110378]}},{"type":"Feature","id":"capital-1-1159139563","properties":{"name":"Aqaba","localName":"Al Aqabah","countryCode":"JOR","country":"Jordan","division":"Aqaba","qid":"Q180522","rank":8,"level":1,"role":"Admin-1 capital"},"geometry":{"type":"Point","coordinates":[35.077693,29.526995]}},{"type":"Feature","id":"capital-1-1159139569","properties":{"name":"Al Karak","localName":"Al Karak","countryCode":"JOR","country":"Jordan","division":"Karak","qid":"Q31572","rank":8,"level":1,"role":"Admin-1 capital"},"geometry":{"type":"Point","coordinates":[35.704735,31.185111]}},{"type":"Feature","id":"capital-1-1159139587","properties":{"name":"Trieste","localName":"Trieste","countryCode":"ITA","country":"Italy","division":"Friuli-Venezia Giulia","qid":"Q546","rank":10,"level":1,"role":"Admin-1 region capital"},"geometry":{"type":"Point","coordinates":[13.800026,45.650378]}},{"type":"Feature","id":"capital-1-1159139597","properties":{"name":"Trento","localName":"Trento","countryCode":"ITA","country":"Italy","division":"Trentino-Alto Adige","qid":"Q3376","rank":9,"level":1,"role":"Admin-1 region capital"},"geometry":{"type":"Point","coordinates":[11.119983,46.080429]}},{"type":"Feature","id":"capital-1-1159139819","properties":{"name":"Bandar Lampung","localName":"Bandar Lampung","countryCode":"IDN","country":"Indonesia","division":"Lampung","qid":"Q8156","rank":11,"level":1,"role":"Admin-1 capital"},"geometry":{"type":"Point","coordinates":[105.300022,-5.449604]}},{"type":"Feature","id":"capital-1-1159139837","properties":{"name":"Sumenep","localName":"Sumenep","countryCode":"IDN","country":"Indonesia","division":"Jawa Timur","qid":"Q11137","rank":8,"level":1,"role":"Admin-1 capital"},"geometry":{"type":"Point","coordinates":[113.849629,-7.00491]}},{"type":"Feature","id":"capital-1-1159139845","properties":{"name":"Tuban","localName":"Tuban","countryCode":"IDN","country":"Indonesia","division":"Jawa Timur","qid":"Q17058459","rank":8,"level":1,"role":"Admin-1 capital"},"geometry":{"type":"Point","coordinates":[112.049998,-6.899541]}},{"type":"Feature","id":"capital-1-1159139927","properties":{"name":"Zamora","localName":"Zamora","countryCode":"ECU","country":"Ecuador","division":"Zamora Chinchipe","qid":"Q2283736","rank":6,"level":1,"role":"Admin-1 capital"},"geometry":{"type":"Point","coordinates":[-78.969997,-4.069585]}},{"type":"Feature","id":"capital-1-1159139931","properties":{"name":"Latacunga","localName":"Latacunga","countryCode":"ECU","country":"Ecuador","division":"Cotopaxi","qid":"Q379338","rank":8,"level":1,"role":"Admin-1 capital"},"geometry":{"type":"Point","coordinates":[-78.609967,-0.92957]}},{"type":"Feature","id":"capital-1-1159139939","properties":{"name":"Babahoyo","localName":"Babahoyo","countryCode":"ECU","country":"Ecuador","division":"Los Rios","qid":"Q797568","rank":8,"level":1,"role":"Admin-1 capital"},"geometry":{"type":"Point","coordinates":[-79.540014,-1.799594]}},{"type":"Feature","id":"capital-1-1159139957","properties":{"name":"Macas","localName":"Macas","countryCode":"ECU","country":"Ecuador","division":"Morona Santiago","qid":"Q1014554","rank":7,"level":1,"role":"Admin-1 capital"},"geometry":{"type":"Point","coordinates":[-78.119997,-2.309589]}},{"type":"Feature","id":"capital-1-1159139967","properties":{"name":"Ambato","localName":"Ambato","countryCode":"ECU","country":"Ecuador","division":"Napo","qid":"Q210161","rank":10,"level":1,"role":"Admin-1 capital"},"geometry":{"type":"Point","coordinates":[-78.619992,-1.269601]}},{"type":"Feature","id":"capital-1-1159139971","properties":{"name":"Tena","localName":"Tena","countryCode":"ECU","country":"Ecuador","division":"Tungurahua","qid":"Q994312","rank":7,"level":1,"role":"Admin-1 capital"},"geometry":{"type":"Point","coordinates":[-77.80999,-0.979593]}},{"type":"Feature","id":"capital-1-1159139989","properties":{"name":"Tunja","localName":"Tunja","countryCode":"COL","country":"Colombia","division":"Boyacá","qid":"Q236744","rank":9,"level":1,"role":"Admin-1 capital"},"geometry":{"type":"Point","coordinates":[-73.370028,5.550448]}},{"type":"Feature","id":"capital-1-1159140019","properties":{"name":"Riohacha","localName":"Riohacha","countryCode":"COL","country":"Colombia","division":"La Guajira","qid":"Q826566","rank":9,"level":1,"role":"Admin-1 capital"},"geometry":{"type":"Point","coordinates":[-72.909979,11.540341]}},{"type":"Feature","id":"capital-1-1159140023","properties":{"name":"Cienfuegos","localName":"Cienfuegos","countryCode":"CUB","country":"Cuba","division":"Cienfuegos","qid":"Q190005","rank":9,"level":1,"role":"Admin-1 capital"},"geometry":{"type":"Point","coordinates":[-80.440294,22.144448]}},{"type":"Feature","id":"capital-1-1159140027","properties":{"name":"Nueva Gerona","localName":"Nueva Gerona","countryCode":"CUB","country":"Cuba","division":"Isla de la Juventud","qid":"Q833946","rank":7,"level":1,"role":"Admin-1 capital"},"geometry":{"type":"Point","coordinates":[-82.799995,21.883715]}},{"type":"Feature","id":"capital-1-1159140031","properties":{"name":"Sancti Spíritus","localName":"Sancti Spíritus","countryCode":"CUB","country":"Cuba","division":"Sancti Spíritus","qid":"Q845720","rank":9,"level":1,"role":"Admin-1 capital"},"geometry":{"type":"Point","coordinates":[-79.4425,21.930146]}},{"type":"Feature","id":"capital-1-1159140041","properties":{"name":"Puntarenas","localName":"Puntarenas","countryCode":"CRI","country":"Costa Rica","division":"Puntarenas","qid":"Q30687","rank":8,"level":1,"role":"Admin-1 capital"},"geometry":{"type":"Point","coordinates":[-84.83359,9.970164]}},{"type":"Feature","id":"capital-1-1159140055","properties":{"name":"Liberia","localName":"Liberia","countryCode":"CRI","country":"Costa Rica","division":"Guanacaste","qid":"Q1387526","rank":7,"level":1,"role":"Admin-1 capital"},"geometry":{"type":"Point","coordinates":[-85.433323,10.633755]}},{"type":"Feature","id":"capital-1-1159140073","properties":{"name":"Esmeraldas","localName":"Esmeraldas","countryCode":"ECU","country":"Ecuador","division":"Esmeraldas","qid":"Q149955","rank":9,"level":1,"role":"Admin-1 capital"},"geometry":{"type":"Point","coordinates":[-79.66998,0.93042]}},{"type":"Feature","id":"capital-1-1159140077","properties":{"name":"Santa Ana","localName":"Santa Ana","countryCode":"SLV","country":"El Salvador","division":"Santa Ana","qid":"Q739664","rank":10,"level":1,"role":"Admin-1 capital"},"geometry":{"type":"Point","coordinates":[-89.559764,13.99461]}},{"type":"Feature","id":"capital-1-1159140091","properties":{"name":"Manzanillo","localName":"Manzanillo","countryCode":"CUB","country":"Cuba","division":"Granma","qid":"Q115403","rank":9,"level":1,"role":"Admin-1 capital"},"geometry":{"type":"Point","coordinates":[-77.116647,20.343757]}},{"type":"Feature","id":"capital-1-1159140103","properties":{"name":"Las Tunas","localName":"Las Tunas","countryCode":"CUB","country":"Cuba","division":"Las Tunas","qid":"Q115527","rank":10,"level":1,"role":"Admin-1 capital"},"geometry":{"type":"Point","coordinates":[-76.954383,20.960128]}},{"type":"Feature","id":"capital-1-1159140109","properties":{"name":"San Pedro de Macorís","localName":"San Pedro de Macorís","countryCode":"DOM","country":"Dominican Republic","division":"San Pedro de Macorís","qid":"Q680596","rank":10,"level":1,"role":"Admin-1 capital"},"geometry":{"type":"Point","coordinates":[-69.299967,18.450358]}},{"type":"Feature","id":"capital-1-1159140113","properties":{"name":"Armenia","localName":"Armenia","countryCode":"COL","country":"Colombia","division":"Quindío","qid":"Q328518","rank":10,"level":1,"role":"Admin-1 capital"},"geometry":{"type":"Point","coordinates":[-75.681128,4.534283]}},{"type":"Feature","id":"capital-1-1159140117","properties":{"name":"Pereira","localName":"Pereira","countryCode":"COL","country":"Colombia","division":"Risaralda","qid":"Q51111","rank":11,"level":1,"role":"Admin-1 capital"},"geometry":{"type":"Point","coordinates":[-75.679991,4.81039]}},{"type":"Feature","id":"capital-1-1159140131","properties":{"name":"Florencia","localName":"Florencia","countryCode":"COL","country":"Colombia","division":"Caquetá","qid":"Q849859","rank":9,"level":1,"role":"Admin-1 capital"},"geometry":{"type":"Point","coordinates":[-75.619994,1.610404]}},{"type":"Feature","id":"capital-1-1159140139","properties":{"name":"Neiva","localName":"Neiva","countryCode":"COL","country":"Colombia","division":"Huila","qid":"Q638260","rank":10,"level":1,"role":"Admin-1 capital"},"geometry":{"type":"Point","coordinates":[-75.330245,2.931047]}},{"type":"Feature","id":"capital-1-1159140163","properties":{"name":"Ibarra","localName":"Ibarra","countryCode":"ECU","country":"Ecuador","division":"Imbabura","qid":"Q946384","rank":9,"level":1,"role":"Admin-1 capital"},"geometry":{"type":"Point","coordinates":[-78.129996,0.360377]}},{"type":"Feature","id":"capital-1-1159140181","properties":{"name":"Quibdó","localName":"Quibdó","countryCode":"COL","country":"Colombia","division":"Chocó","qid":"Q816420","rank":8,"level":1,"role":"Admin-1 capital"},"geometry":{"type":"Point","coordinates":[-76.660008,5.690414]}},{"type":"Feature","id":"capital-1-1159140193","properties":{"name":"Sincelejo","localName":"Sincelejo","countryCode":"COL","country":"Colombia","division":"Sucre","qid":"Q1043513","rank":10,"level":1,"role":"Admin-1 capital"},"geometry":{"type":"Point","coordinates":[-75.379957,9.290427]}},{"type":"Feature","id":"capital-1-1159140203","properties":{"name":"Arauca","localName":"Arauca","countryCode":"COL","country":"Colombia","division":"Arauca","qid":"Q626543","rank":8,"level":1,"role":"Admin-1 capital"},"geometry":{"type":"Point","coordinates":[-70.761635,7.090664]}},{"type":"Feature","id":"capital-1-1159140225","properties":{"name":"Inírida","localName":"Inírida","countryCode":"COL","country":"Colombia","division":"Guainía","qid":"Q130281","rank":5,"level":1,"role":"Admin-1 capital"},"geometry":{"type":"Point","coordinates":[-67.906098,3.85404]}},{"type":"Feature","id":"capital-1-1159140235","properties":{"name":"Puerto Carreño","localName":"Puerto Carreño","countryCode":"COL","country":"Colombia","division":"Vichada","qid":"Q130304","rank":6,"level":1,"role":"Admin-1 capital"},"geometry":{"type":"Point","coordinates":[-67.493023,6.185035]}},{"type":"Feature","id":"capital-1-1159140243","properties":{"name":"Matanzas","localName":"Matanzas","countryCode":"CUB","country":"Cuba","division":"Matanzas","qid":"Q272471","rank":9,"level":1,"role":"Admin-1 capital"},"geometry":{"type":"Point","coordinates":[-81.577486,23.041525]}},{"type":"Feature","id":"capital-1-1159140257","properties":{"name":"Fort-de-France","localName":"Fort-de-France","countryCode":"FRA","country":"France","division":"Martinique","qid":"Q81621","rank":10,"level":1,"role":"Admin-1 region capital"},"geometry":{"type":"Point","coordinates":[-61.080029,14.610412]}},{"type":"Feature","id":"capital-1-1159140313","properties":{"name":"Bol","localName":"Bol","countryCode":"TCD","country":"Chad","division":"Lac","qid":"Q891241","rank":4,"level":1,"role":"Admin-1 capital"},"geometry":{"type":"Point","coordinates":[14.714698,13.458958]}},{"type":"Feature","id":"capital-1-1159140323","properties":{"name":"Mongomo","localName":"Mongomo","countryCode":"GNQ","country":"Equatorial Guinea","division":"Wele-Nzás","qid":"Q526539","rank":5,"level":1,"role":"Admin-1 capital"},"geometry":{"type":"Point","coordinates":[11.31656,1.633684]}},{"type":"Feature","id":"capital-1-1159140327","properties":{"name":"Ati","localName":"Ati","countryCode":"TCD","country":"Chad","division":"Batha","qid":"Q755791","rank":7,"level":1,"role":"Admin-1 capital"},"geometry":{"type":"Point","coordinates":[18.333289,13.21706]}},{"type":"Feature","id":"capital-1-1159140335","properties":{"name":"Mongo","localName":"Mongo","countryCode":"TCD","country":"Chad","division":"Guéra","qid":"Q540895","rank":7,"level":1,"role":"Admin-1 capital"},"geometry":{"type":"Point","coordinates":[18.699985,12.183738]}},{"type":"Feature","id":"capital-1-1159140341","properties":{"name":"Doba","localName":"Doba","countryCode":"TCD","country":"Chad","division":"Logone Oriental","qid":"Q985618","rank":7,"level":1,"role":"Admin-1 capital"},"geometry":{"type":"Point","coordinates":[16.85002,8.65044]}},{"type":"Feature","id":"capital-1-1159140349","properties":{"name":"Bongor","localName":"Bongor","countryCode":"TCD","country":"Chad","division":"Mayo-Kebbi Est","qid":"Q892441","rank":9,"level":1,"role":"Admin-1 capital"},"geometry":{"type":"Point","coordinates":[15.387164,10.285947]}},{"type":"Feature","id":"capital-1-1159140359","properties":{"name":"Dubrovnik","localName":"Dubrovnik","countryCode":"HRV","country":"Croatia","division":"Dubrovacko-Neretvanska","qid":"Q1722","rank":7,"level":1,"role":"Admin-1 capital"},"geometry":{"type":"Point","coordinates":[18.091392,42.660948]}},{"type":"Feature","id":"capital-1-1159140363","properties":{"name":"Split","localName":"Split","countryCode":"HRV","country":"Croatia","division":"Splitsko-Dalmatinska","qid":"Q1663","rank":10,"level":1,"role":"Admin-1 capital"},"geometry":{"type":"Point","coordinates":[16.469992,43.520404]}},{"type":"Feature","id":"capital-1-1159140367","properties":{"name":"Zadar","localName":"Zadar","countryCode":"HRV","country":"Croatia","division":"Zadarska","qid":"Q3370","rank":8,"level":1,"role":"Admin-1 capital"},"geometry":{"type":"Point","coordinates":[15.262262,44.120135]}},{"type":"Feature","id":"capital-1-1159140371","properties":{"name":"Tanta","localName":"Tanta","countryCode":"EGY","country":"Egypt","division":"Al Gharbiyah","qid":"Q271771","rank":10,"level":1,"role":"Admin-1 capital"},"geometry":{"type":"Point","coordinates":[31.000009,30.790432]}},{"type":"Feature","id":"capital-1-1159140377","properties":{"name":"Ismailia","localName":"Ismaïlia","countryCode":"EGY","country":"Egypt","division":"Al Isma`iliyah","qid":"Q217156","rank":11,"level":1,"role":"Admin-1 capital"},"geometry":{"type":"Point","coordinates":[32.259984,30.590341]}},{"type":"Feature","id":"capital-1-1159140381","properties":{"name":"sharkia","localName":"El Mansura","countryCode":"EGY","country":"Egypt","division":"Ad Daqahliyah","qid":"Q223587","rank":11,"level":1,"role":"Admin-1 capital"},"geometry":{"type":"Point","coordinates":[31.380038,31.050442]}},{"type":"Feature","id":"capital-1-1159140385","properties":{"name":"Damietta","localName":"Dumyat","countryCode":"EGY","country":"Egypt","division":"Dumyat","qid":"Q189383","rank":10,"level":1,"role":"Admin-1 capital"},"geometry":{"type":"Point","coordinates":[31.820011,31.420393]}},{"type":"Feature","id":"capital-1-1159140389","properties":{"name":"Mersa Matruh","localName":"Matruh","countryCode":"EGY","country":"Egypt","division":"Matruh","qid":"Q393829","rank":9,"level":1,"role":"Admin-1 capital"},"geometry":{"type":"Point","coordinates":[27.230007,31.350424]}},{"type":"Feature","id":"capital-1-1159140407","properties":{"name":"Damanhur","localName":"Damanhûr","countryCode":"EGY","country":"Egypt","division":"Al Buhayrah","qid":"Q328153","rank":10,"level":1,"role":"Admin-1 capital"},"geometry":{"type":"Point","coordinates":[30.470016,31.050442]}},{"type":"Feature","id":"capital-1-1159140425","properties":{"name":"Beni Suef","localName":"Beni Suef","countryCode":"EGY","country":"Egypt","division":"Bani Suwayf","qid":"Q394080","rank":10,"level":1,"role":"Admin-1 capital"},"geometry":{"type":"Point","coordinates":[31.09003,29.080381]}},{"type":"Feature","id":"capital-1-1159140451","properties":{"name":"Qena","localName":"Qena","countryCode":"EGY","country":"Egypt","division":"Qina","qid":"Q336661","rank":10,"level":1,"role":"Admin-1 capital"},"geometry":{"type":"Point","coordinates":[32.720008,26.150457]}},{"type":"Feature","id":"capital-1-1159140459","properties":{"name":"Sohag","localName":"Sohag","countryCode":"EGY","country":"Egypt","division":"Suhaj","qid":"Q388108","rank":11,"level":1,"role":"Admin-1 capital"},"geometry":{"type":"Point","coordinates":[31.700018,26.550407]}},{"type":"Feature","id":"capital-1-1159140481","properties":{"name":"El-Tor","localName":"El Tur","countryCode":"EGY","country":"Egypt","division":"Janub Sina'","qid":"Q867603","rank":7,"level":1,"role":"Admin-1 capital"},"geometry":{"type":"Point","coordinates":[33.614797,28.239389]}},{"type":"Feature","id":"capital-1-1159140485","properties":{"name":"Arish","localName":"El Arish","countryCode":"EGY","country":"Egypt","division":"Shamal Sina'","qid":"Q238452","rank":9,"level":1,"role":"Admin-1 capital"},"geometry":{"type":"Point","coordinates":[33.800562,31.124882]}},{"type":"Feature","id":"capital-1-1159140529","properties":{"name":"Massawa","localName":"Massawa","countryCode":"ERI","country":"Eritrea","division":"Debub","qid":"Q275635","rank":9,"level":1,"role":"Admin-1 capital"},"geometry":{"type":"Point","coordinates":[39.450036,15.610118]}},{"type":"Feature","id":"capital-1-1159140531","properties":{"name":"Keren","localName":"Keren","countryCode":"ERI","country":"Eritrea","division":"Semenawi Keyih Bahri","qid":"Q534409","rank":9,"level":1,"role":"Admin-1 capital"},"geometry":{"type":"Point","coordinates":[38.454351,15.781441]}},{"type":"Feature","id":"capital-1-1159140533","properties":{"name":"Mendefera","localName":"Mendefera","countryCode":"ERI","country":"Eritrea","division":"Maekel","qid":"Q1019356","rank":10,"level":1,"role":"Admin-1 capital"},"geometry":{"type":"Point","coordinates":[38.816328,14.885976]}},{"type":"Feature","id":"capital-1-1159140535","properties":{"name":"Ali Sabieh","localName":"Ali Sabih","countryCode":"DJI","country":"Djibouti","division":"Ali Sabieh","qid":"Q842854","rank":7,"level":1,"role":"Admin-1 capital"},"geometry":{"type":"Point","coordinates":[42.712524,11.15623]}},{"type":"Feature","id":"capital-1-1159140539","properties":{"name":"Obock","localName":"Obock","countryCode":"DJI","country":"Djibouti","division":"Obock","qid":"Q860179","rank":6,"level":1,"role":"Admin-1 capital"},"geometry":{"type":"Point","coordinates":[43.285564,11.973441]}},{"type":"Feature","id":"capital-1-1159140545","properties":{"name":"Düsseldorf","localName":"Düsseldorf","countryCode":"DEU","country":"Germany","division":"Nordrhein-Westfalen","qid":"Q1718","rank":12,"level":1,"role":"Admin-1 capital"},"geometry":{"type":"Point","coordinates":[6.779989,51.220374]}},{"type":"Feature","id":"capital-1-1159140563","properties":{"name":"Wiesbaden","localName":"Wiesbaden","countryCode":"DEU","country":"Germany","division":"Hessen","qid":"Q1721","rank":11,"level":1,"role":"Admin-1 capital"},"geometry":{"type":"Point","coordinates":[8.250028,50.080391]}},{"type":"Feature","id":"capital-1-1159140577","properties":{"name":"Hanover","localName":"Hanover","countryCode":"DEU","country":"Germany","division":"Niedersachsen","qid":"Q1715","rank":11,"level":1,"role":"Admin-1 capital"},"geometry":{"type":"Point","coordinates":[9.716657,52.36697]}},{"type":"Feature","id":"capital-1-1159140603","properties":{"name":"Kiel","localName":"Kiel","countryCode":"DEU","country":"Germany","division":"Schleswig-Holstein","qid":"Q1707","rank":10,"level":1,"role":"Admin-1 capital"},"geometry":{"type":"Point","coordinates":[10.130017,54.33039]}},{"type":"Feature","id":"capital-1-1159140613","properties":{"name":"Saarbrücken","localName":"Saarbrücken","countryCode":"DEU","country":"Germany","division":"Saarland","qid":"Q1724","rank":11,"level":1,"role":"Admin-1 capital"},"geometry":{"type":"Point","coordinates":[6.970003,49.25039]}},{"type":"Feature","id":"capital-1-1159140617","properties":{"name":"Plzeň","localName":"Pizen","countryCode":"CZE","country":"Czechia","division":"Karlovarský","qid":"Q43453","rank":9,"level":1,"role":"Admin-1 capital"},"geometry":{"type":"Point","coordinates":[13.360001,49.740438]}},{"type":"Feature","id":"capital-1-1159140653","properties":{"name":"Jihlava","localName":"Jihlava","countryCode":"CZE","country":"Czechia","division":"Kraj Vysocina","qid":"Q183111","rank":8,"level":1,"role":"Admin-1 capital"},"geometry":{"type":"Point","coordinates":[15.583328,49.400381]}},{"type":"Feature","id":"capital-1-1159140661","properties":{"name":"Brno","localName":"Brno","countryCode":"CZE","country":"Czechia","division":"Kraj Vysocina","qid":"Q14960","rank":10,"level":1,"role":"Admin-1 capital"},"geometry":{"type":"Point","coordinates":[16.609983,49.200393]}},{"type":"Feature","id":"capital-1-1159140667","properties":{"name":"Pardubice","localName":"Pardubice","countryCode":"CZE","country":"Czechia","division":"Královéhradecký","qid":"Q36989","rank":9,"level":1,"role":"Admin-1 capital"},"geometry":{"type":"Point","coordinates":[15.760009,50.04042]}},{"type":"Feature","id":"capital-1-1159140675","properties":{"name":"Potsdam","localName":"Potsdam","countryCode":"DEU","country":"Germany","division":"Brandenburg","qid":"Q1711","rank":10,"level":1,"role":"Admin-1 capital"},"geometry":{"type":"Point","coordinates":[13.069993,52.400405]}},{"type":"Feature","id":"capital-1-1159140679","properties":{"name":"Magdeburg","localName":"Magdeburg","countryCode":"DEU","country":"Germany","division":"Sachsen-Anhalt","qid":"Q1733","rank":10,"level":1,"role":"Admin-1 capital"},"geometry":{"type":"Point","coordinates":[11.620004,52.130421]}},{"type":"Feature","id":"capital-1-1159140689","properties":{"name":"Osijek","localName":"Osijek","countryCode":"HRV","country":"Croatia","division":"Osjecko-Baranjska","qid":"Q1640","rank":8,"level":1,"role":"Admin-1 capital"},"geometry":{"type":"Point","coordinates":[18.680038,45.550384]}},{"type":"Feature","id":"capital-1-1159140693","properties":{"name":"Ostrava","localName":"Ostrava","countryCode":"CZE","country":"Czechia","division":"Moravskoslezský","qid":"Q8385","rank":10,"level":1,"role":"Admin-1 capital"},"geometry":{"type":"Point","coordinates":[18.249986,49.830355]}},{"type":"Feature","id":"capital-1-1159141025","properties":{"name":"Matsue","localName":"Matsue","countryCode":"JPN","country":"Japan","division":"Shimane","qid":"Q207321","rank":9,"level":1,"role":"Admin-1 capital"},"geometry":{"type":"Point","coordinates":[133.066647,35.466994]}},{"type":"Feature","id":"capital-1-1159141097","properties":{"name":"Kitakyūshū","localName":"Kitakyūshū","countryCode":"JPN","country":"Japan","division":"Fukuoka","qid":"Q188806","rank":11,"level":1,"role":"Admin-1 capital"},"geometry":{"type":"Point","coordinates":[130.820015,33.870399]}},{"type":"Feature","id":"capital-1-1159141101","properties":{"name":"Kumamoto","localName":"Kumamoto","countryCode":"JPN","country":"Japan","division":"Kumamoto","qid":"Q199889","rank":11,"level":1,"role":"Admin-1 capital"},"geometry":{"type":"Point","coordinates":[130.700642,32.800929]}},{"type":"Feature","id":"capital-1-1159141105","properties":{"name":"Ōita","localName":"Ōita","countryCode":"JPN","country":"Japan","division":"Oita","qid":"Q199609","rank":10,"level":1,"role":"Admin-1 capital"},"geometry":{"type":"Point","coordinates":[131.5979,33.243228]}},{"type":"Feature","id":"capital-1-1159141255","properties":{"name":"Gifu","localName":"Gifu","countryCode":"JPN","country":"Japan","division":"Gifu","qid":"Q45798","rank":10,"level":1,"role":"Admin-1 region capital"},"geometry":{"type":"Point","coordinates":[136.762753,35.423095]}},{"type":"Feature","id":"capital-1-1159141259","properties":{"name":"Tsu","localName":"Tsu","countryCode":"JPN","country":"Japan","division":"Mie","qid":"Q203027","rank":10,"level":1,"role":"Admin-1 capital"},"geometry":{"type":"Point","coordinates":[136.51667,34.717066]}},{"type":"Feature","id":"capital-1-1159141267","properties":{"name":"Shizuoka","localName":"Shizuoka","countryCode":"JPN","country":"Japan","division":"Shizuoka","qid":"Q174691","rank":11,"level":1,"role":"Admin-1 capital"},"geometry":{"type":"Point","coordinates":[138.385393,34.985835]}},{"type":"Feature","id":"capital-1-1159141281","properties":{"name":"Tomakomai","localName":"Tomakomai","countryCode":"JPN","country":"Japan","division":"Hokkaido","qid":"Q390413","rank":9,"level":1,"role":"Admin-1 capital"},"geometry":{"type":"Point","coordinates":[141.550006,42.650406]}},{"type":"Feature","id":"capital-1-1159141295","properties":{"name":"Fukui","localName":"Fukui","countryCode":"JPN","country":"Japan","division":"Fukui","qid":"Q201618","rank":10,"level":1,"role":"Admin-1 capital"},"geometry":{"type":"Point","coordinates":[136.220047,36.07042]}},{"type":"Feature","id":"capital-1-1159141303","properties":{"name":"Wakayama","localName":"Wakayama","countryCode":"JPN","country":"Japan","division":"Wakayama","qid":"Q200747","rank":10,"level":1,"role":"Admin-1 capital"},"geometry":{"type":"Point","coordinates":[135.167708,34.223117]}},{"type":"Feature","id":"capital-1-1159141307","properties":{"name":"Mito","localName":"Mito","countryCode":"JPN","country":"Japan","division":"Ibaraki","qid":"Q204249","rank":10,"level":1,"role":"Admin-1 capital"},"geometry":{"type":"Point","coordinates":[140.480045,36.370427]}},{"type":"Feature","id":"capital-1-1159141313","properties":{"name":"Kōfu","localName":"Kōfu","countryCode":"JPN","country":"Japan","division":"Yamanashi","qid":"Q201932","rank":9,"level":1,"role":"Admin-1 capital"},"geometry":{"type":"Point","coordinates":[138.583313,35.650394]}},{"type":"Feature","id":"capital-1-1159141325","properties":{"name":"Yamagata","localName":"Yamagata","countryCode":"JPN","country":"Japan","division":"Yamagata","qid":"Q205526","rank":10,"level":1,"role":"Admin-1 capital"},"geometry":{"type":"Point","coordinates":[140.320003,38.270492]}},{"type":"Feature","id":"capital-1-1159141501","properties":{"name":"Kaniama","localName":"Kaniama","countryCode":"COD","country":"DR Congo","division":"Katanga","qid":"Q3192765","rank":7,"level":1,"role":"Admin-1 capital"},"geometry":{"type":"Point","coordinates":[24.170039,-7.56963]}},{"type":"Feature","id":"capital-1-1159141541","properties":{"name":"Palangkaraya","localName":"Palangkaraya","countryCode":"IDN","country":"Indonesia","division":"Kalimantan Tengah","qid":"Q14409","rank":9,"level":1,"role":"Admin-1 capital"},"geometry":{"type":"Point","coordinates":[113.909987,-2.209595]}},{"type":"Feature","id":"capital-1-1159141547","properties":{"name":"Huehuetenango","localName":"Huehuetenango","countryCode":"GTM","country":"Guatemala","division":"Huehuetenango","qid":"Q984863","rank":8,"level":1,"role":"Admin-1 capital"},"geometry":{"type":"Point","coordinates":[-91.469983,15.320394]}},{"type":"Feature","id":"capital-1-1159141551","properties":{"name":"Flores","localName":"Flores","countryCode":"GTM","country":"Guatemala","division":"Petén","qid":"Q679383","rank":7,"level":1,"role":"Admin-1 capital"},"geometry":{"type":"Point","coordinates":[-89.883284,16.933681]}},{"type":"Feature","id":"capital-1-1159141565","properties":{"name":"Escuintla","localName":"Escuintla","countryCode":"GTM","country":"Guatemala","division":"Escuintla","qid":"Q780771","rank":9,"level":1,"role":"Admin-1 capital"},"geometry":{"type":"Point","coordinates":[-90.779999,14.300405]}},{"type":"Feature","id":"capital-1-1159141569","properties":{"name":"Mazatenango","localName":"Mazatenango","countryCode":"GTM","country":"Guatemala","division":"Suchitepéquez","qid":"Q1023983","rank":8,"level":1,"role":"Admin-1 capital"},"geometry":{"type":"Point","coordinates":[-91.50998,14.530365]}},{"type":"Feature","id":"capital-1-1159141573","properties":{"name":"Monte Cristi","localName":"Monte Cristi","countryCode":"DOM","country":"Dominican Republic","division":"Monte Cristi","qid":"Q2130701","rank":6,"level":1,"role":"Admin-1 capital"},"geometry":{"type":"Point","coordinates":[-71.65003,19.86699]}},{"type":"Feature","id":"capital-1-1159141577","properties":{"name":"Santa Cruz de Barahona","localName":"Barahona","countryCode":"DOM","country":"Dominican Republic","division":"Barahona","qid":"Q958586","rank":8,"level":1,"role":"Admin-1 capital"},"geometry":{"type":"Point","coordinates":[-71.099986,18.200374]}},{"type":"Feature","id":"capital-1-1159141589","properties":{"name":"Saint-Laurent-du-Maroni","localName":"Saint-Laurent-du-Maroni","countryCode":"FRA","country":"France","division":"Guinaa","qid":"Q319959","rank":7,"level":1,"role":"Admin-1 region capital"},"geometry":{"type":"Point","coordinates":[-54.032535,5.497624]}},{"type":"Feature","id":"capital-1-1159141603","properties":{"name":"Brikama","localName":"Brikama","countryCode":"GMB","country":"Gambia","division":"Banjul","qid":"Q916988","rank":9,"level":1,"role":"Admin-1 capital"},"geometry":{"type":"Point","coordinates":[-16.65995,13.280364]}},{"type":"Feature","id":"capital-1-1159141609","properties":{"name":"Tamale","localName":"Tamale","countryCode":"GHA","country":"Ghana","division":"Northern","qid":"Q217040","rank":10,"level":1,"role":"Admin-1 capital"},"geometry":{"type":"Point","coordinates":[-0.839985,9.40042]}},{"type":"Feature","id":"capital-1-1159141619","properties":{"name":"Bolgatanga","localName":"Bolgatanga","countryCode":"GHA","country":"Ghana","division":"Upper East","qid":"Q166513","rank":8,"level":1,"role":"Admin-1 capital"},"geometry":{"type":"Point","coordinates":[-0.849985,10.790387]}},{"type":"Feature","id":"capital-1-1159141627","properties":{"name":"Wa","localName":"Wa","countryCode":"GHA","country":"Ghana","division":"Upper West","qid":"Q250733","rank":8,"level":1,"role":"Admin-1 capital"},"geometry":{"type":"Point","coordinates":[-2.500013,10.060405]}},{"type":"Feature","id":"capital-1-1159141645","properties":{"name":"Cape Coast","localName":"Cape Coast","countryCode":"GHA","country":"Ghana","division":"Central","qid":"Q221283","rank":9,"level":1,"role":"Admin-1 capital"},"geometry":{"type":"Point","coordinates":[-1.249986,5.110372]}},{"type":"Feature","id":"capital-1-1159141655","properties":{"name":"Koforidua","localName":"Koforidua","countryCode":"GHA","country":"Ghana","division":"Eastern","qid":"Q406358","rank":9,"level":1,"role":"Admin-1 capital"},"geometry":{"type":"Point","coordinates":[-0.260021,6.090415]}},{"type":"Feature","id":"capital-1-1159141663","properties":{"name":"Ho","localName":"Ho","countryCode":"GHA","country":"Ghana","division":"Volta","qid":"Q615006","rank":8,"level":1,"role":"Admin-1 capital"},"geometry":{"type":"Point","coordinates":[0.469986,6.60041]}},{"type":"Feature","id":"capital-1-1159141667","properties":{"name":"Ewo","localName":"Ewo","countryCode":"COG","country":"Congo","division":"Cuvette-Ouest","qid":"Q2362433","rank":6,"level":1,"role":"Admin-1 capital"},"geometry":{"type":"Point","coordinates":[14.820015,-0.879599]}},{"type":"Feature","id":"capital-1-1159141677","properties":{"name":"Makokou","localName":"Makokou","countryCode":"GAB","country":"Gabon","division":"Ogooué-Ivindo","qid":"Q1002583","rank":6,"level":1,"role":"Admin-1 capital"},"geometry":{"type":"Point","coordinates":[12.866594,0.567083]}},{"type":"Feature","id":"capital-1-1159141813","properties":{"name":"Kavaratti","localName":"Kavaratti","countryCode":"IND","country":"India","division":"Lakshadweep","qid":"Q271287","rank":6,"level":1,"role":"Admin-1 capital"},"geometry":{"type":"Point","coordinates":[72.636867,10.562573]}},{"type":"Feature","id":"capital-1-1159141859","properties":{"name":"Port Blair","localName":"Port Blair","countryCode":"IND","country":"India","division":"Andaman and Nicobar","qid":"Q203476","rank":9,"level":1,"role":"Admin-1 capital"},"geometry":{"type":"Point","coordinates":[92.735983,11.667026]}},{"type":"Feature","id":"capital-1-1159141873","properties":{"name":"Kohima","localName":"Kohima","countryCode":"IND","country":"India","division":"Nagaland","qid":"Q234056","rank":8,"level":1,"role":"Admin-1 capital"},"geometry":{"type":"Point","coordinates":[94.11657,25.666998]}},{"type":"Feature","id":"capital-1-1159141877","properties":{"name":"Shillong","localName":"Shillong","countryCode":"IND","country":"India","division":"Meghalaya","qid":"Q207752","rank":10,"level":1,"role":"Admin-1 capital"},"geometry":{"type":"Point","coordinates":[91.880014,25.570492]}},{"type":"Feature","id":"capital-1-1159141891","properties":{"name":"Lambaréné","localName":"Lambaréné","countryCode":"GAB","country":"Gabon","division":"Moyen-Ogooué","qid":"Q874197","rank":7,"level":1,"role":"Admin-1 capital"},"geometry":{"type":"Point","coordinates":[10.216627,-0.69961]}},{"type":"Feature","id":"capital-1-1159141903","properties":{"name":"Mouila","localName":"Mouila","countryCode":"GAB","country":"Gabon","division":"Ngounié","qid":"Q746670","rank":7,"level":1,"role":"Admin-1 capital"},"geometry":{"type":"Point","coordinates":[11.016681,-1.866154]}},{"type":"Feature","id":"capital-1-1159141921","properties":{"name":"Koulamoutou","localName":"Koulamoutou","countryCode":"GAB","country":"Gabon","division":"Ogooué-Lolo","qid":"Q985614","rank":6,"level":1,"role":"Admin-1 capital"},"geometry":{"type":"Point","coordinates":[12.48331,-1.132917]}},{"type":"Feature","id":"capital-1-1159141931","properties":{"name":"Caen","localName":"Caen","countryCode":"FRA","country":"France","division":"Basse-Normandie","qid":"Q41185","rank":9,"level":1,"role":"Admin-1 region capital"},"geometry":{"type":"Point","coordinates":[-0.349989,49.183754]}},{"type":"Feature","id":"capital-1-1159141951","properties":{"name":"Nantes","localName":"Nantes","countryCode":"FRA","country":"France","division":"Pays de la Loire","qid":"Q12191","rank":10,"level":1,"role":"Admin-1 region capital"},"geometry":{"type":"Point","coordinates":[-1.590017,47.210386]}},{"type":"Feature","id":"capital-1-1159141961","properties":{"name":"Ajaccio","localName":"Ajaccio","countryCode":"FRA","country":"France","division":"Corse","qid":"Q40104","rank":8,"level":1,"role":"Admin-1 region capital"},"geometry":{"type":"Point","coordinates":[8.728294,41.927065]}},{"type":"Feature","id":"capital-1-1159141979","properties":{"name":"Montpellier","localName":"Montpellier","countryCode":"FRA","country":"France","division":"Languedoc-Roussillon","qid":"Q6441","rank":10,"level":1,"role":"Admin-1 region capital"},"geometry":{"type":"Point","coordinates":[3.869986,43.610399]}},{"type":"Feature","id":"capital-1-1159142001","properties":{"name":"Dijon","localName":"Dijon","countryCode":"FRA","country":"France","division":"Bourgogne","qid":"Q7003","rank":9,"level":1,"role":"Admin-1 region capital"},"geometry":{"type":"Point","coordinates":[5.030018,47.330404]}},{"type":"Feature","id":"capital-1-1159142017","properties":{"name":"Orléans","localName":"Orléans","countryCode":"FRA","country":"France","division":"Centre","qid":"Q6548","rank":10,"level":1,"role":"Admin-1 region capital"},"geometry":{"type":"Point","coordinates":[1.900028,47.900421]}},{"type":"Feature","id":"capital-1-1159142025","properties":{"name":"Rouen","localName":"Rouen","countryCode":"FRA","country":"France","division":"Haute-Normandie","qid":"Q30974","rank":11,"level":1,"role":"Admin-1 region capital"},"geometry":{"type":"Point","coordinates":[1.079975,49.430405]}},{"type":"Feature","id":"capital-1-1159142043","properties":{"name":"Reims","localName":"Reims","countryCode":"FRA","country":"France","division":"Champagne-Ardenne","qid":"Q41876","rank":9,"level":1,"role":"Admin-1 region capital"},"geometry":{"type":"Point","coordinates":[4.029976,49.25039]}},{"type":"Feature","id":"capital-1-1159142053","properties":{"name":"Amiens","localName":"Amiens","countryCode":"FRA","country":"France","division":"Picardie","qid":"Q41604","rank":9,"level":1,"role":"Admin-1 region capital"},"geometry":{"type":"Point","coordinates":[2.300004,49.900377]}},{"type":"Feature","id":"capital-1-1159142061","properties":{"name":"Nancy","localName":"Nancy","countryCode":"FRA","country":"France","division":"Lorraine","qid":"Q40898","rank":10,"level":1,"role":"Admin-1 region capital"},"geometry":{"type":"Point","coordinates":[6.200024,48.683681]}},{"type":"Feature","id":"capital-1-1159142065","properties":{"name":"Metz","localName":"Metz","countryCode":"FRA","country":"France","division":"Lorraine","qid":"Q22690","rank":10,"level":1,"role":"Admin-1 capital"},"geometry":{"type":"Point","coordinates":[6.180026,49.120347]}},{"type":"Feature","id":"capital-1-1159142165","properties":{"name":"Impfondo","localName":"Impfondo","countryCode":"COG","country":"Congo","division":"Likouala","qid":"Q1142926","rank":7,"level":1,"role":"Admin-1 capital"},"geometry":{"type":"Point","coordinates":[18.040025,1.640377]}},{"type":"Feature","id":"capital-1-1159142179","properties":{"name":"Corfu","localName":"Kerkira","countryCode":"GRC","country":"Greece","division":"Ionioi Nisoi","qid":"Q205832","rank":7,"level":1,"role":"Admin-1 capital"},"geometry":{"type":"Point","coordinates":[19.914743,39.615423]}},{"type":"Feature","id":"capital-1-1159142183","properties":{"name":"Tripoli","localName":"Tripoli","countryCode":"GRC","country":"Greece","division":"Peloponnisos","qid":"Q193409","rank":7,"level":1,"role":"Admin-1 capital"},"geometry":{"type":"Point","coordinates":[22.379399,37.509143]}},{"type":"Feature","id":"capital-1-1159142187","properties":{"name":"Sparti","localName":"Sparti","countryCode":"GRC","country":"Greece","division":"Peloponnisos","qid":"Q2308046","rank":6,"level":1,"role":"Admin-1 capital"},"geometry":{"type":"Point","coordinates":[22.42968,37.073718]}},{"type":"Feature","id":"capital-1-1159142197","properties":{"name":"Pyrgos","localName":"Pirgos","countryCode":"GRC","country":"Greece","division":"Dytiki Ellada","qid":"Q216307","rank":7,"level":1,"role":"Admin-1 capital"},"geometry":{"type":"Point","coordinates":[21.449998,37.683732]}},{"type":"Feature","id":"capital-1-1159142201","properties":{"name":"Larissa","localName":"Larissa","countryCode":"GRC","country":"Greece","division":"Thessalia","qid":"Q178405","rank":9,"level":1,"role":"Admin-1 capital"},"geometry":{"type":"Point","coordinates":[22.420016,39.630409]}},{"type":"Feature","id":"capital-1-1159142205","properties":{"name":"Ioannina","localName":"Ioanina","countryCode":"GRC","country":"Greece","division":"Ipeiros","qid":"Q183199","rank":8,"level":1,"role":"Admin-1 capital"},"geometry":{"type":"Point","coordinates":[20.850861,39.6679]}},{"type":"Feature","id":"capital-1-1159142209","properties":{"name":"Mytilene","localName":"Mitilini","countryCode":"GRC","country":"Greece","division":"Voreio Aigaio","qid":"Q189059","rank":7,"level":1,"role":"Admin-1 capital"},"geometry":{"type":"Point","coordinates":[26.554648,39.110415]}},{"type":"Feature","id":"capital-1-1159142215","properties":{"name":"Chios","localName":"Hios","countryCode":"GRC","country":"Greece","division":"Voreio Aigaio","qid":"Q748832","rank":7,"level":1,"role":"Admin-1 capital"},"geometry":{"type":"Point","coordinates":[26.13581,38.368109]}},{"type":"Feature","id":"capital-1-1159142221","properties":{"name":"Chalkida","localName":"Chalkida","countryCode":"GRC","country":"Greece","division":"Stereá Elláda","qid":"Q200133","rank":8,"level":1,"role":"Admin-1 capital"},"geometry":{"type":"Point","coordinates":[23.612398,38.463995]}},{"type":"Feature","id":"capital-1-1159142231","properties":{"name":"Katerini","localName":"Katerini","countryCode":"GRC","country":"Greece","division":"Kentriki Makedonia","qid":"Q210470","rank":8,"level":1,"role":"Admin-1 capital"},"geometry":{"type":"Point","coordinates":[22.502492,40.272334]}},{"type":"Feature","id":"capital-1-1159142235","properties":{"name":"Serres","localName":"Seres","countryCode":"GRC","country":"Greece","division":"Kentriki Makedonia","qid":"Q206957","rank":8,"level":1,"role":"Admin-1 capital"},"geometry":{"type":"Point","coordinates":[23.549715,41.085979]}},{"type":"Feature","id":"capital-1-1159142239","properties":{"name":"Xanthi","localName":"Xanthi","countryCode":"GRC","country":"Greece","division":"Anatoliki Makedonia kai Thraki","qid":"Q210296","rank":8,"level":1,"role":"Admin-1 capital"},"geometry":{"type":"Point","coordinates":[24.883587,41.14179]}},{"type":"Feature","id":"capital-1-1159142253","properties":{"name":"Rhodes","localName":"Rodos","countryCode":"GRC","country":"Greece","division":"Notio Aigaio","qid":"Q188731","rank":8,"level":1,"role":"Admin-1 capital"},"geometry":{"type":"Point","coordinates":[28.222504,36.441224]}},{"type":"Feature","id":"capital-1-1159142281","properties":{"name":"Haifa","localName":"Haifa","countryCode":"ISR","country":"Israel","division":"Haifa","qid":"Q41621","rank":12,"level":1,"role":"Admin-1 capital"},"geometry":{"type":"Point","coordinates":[34.978079,32.822357]}},{"type":"Feature","id":"capital-1-1159142287","properties":{"name":"Nazareth","localName":"Nazareth","countryCode":"ISR","country":"Israel","division":"HaZafon","qid":"Q430776","rank":9,"level":1,"role":"Admin-1 capital"},"geometry":{"type":"Point","coordinates":[35.295509,32.703984]}},{"type":"Feature","id":"capital-1-1159142291","properties":{"name":"Karbala","localName":"Karbala","countryCode":"IRQ","country":"Iraq","division":"Karbala'","qid":"Q199909","rank":11,"level":1,"role":"Admin-1 capital"},"geometry":{"type":"Point","coordinates":[44.024486,32.61492]}},{"type":"Feature","id":"capital-1-1159142335","properties":{"name":"Nekemte","localName":"Nekemte","countryCode":"ETH","country":"Ethiopia","division":"Addis Ababa","qid":"Q376295","rank":8,"level":1,"role":"Admin-1 capital"},"geometry":{"type":"Point","coordinates":[36.530008,9.090464]}},{"type":"Feature","id":"capital-1-1159142341","properties":{"name":"Asella","localName":"Asela","countryCode":"ETH","country":"Ethiopia","division":"Addis Ababa","qid":"Q740236","rank":8,"level":1,"role":"Admin-1 capital"},"geometry":{"type":"Point","coordinates":[39.139926,7.950405]}},{"type":"Feature","id":"capital-1-1159142363","properties":{"name":"Jijiga","localName":"Jijiga","countryCode":"ETH","country":"Ethiopia","division":"Somali","qid":"Q755763","rank":8,"level":1,"role":"Admin-1 capital"},"geometry":{"type":"Point","coordinates":[42.789987,9.350423]}},{"type":"Feature","id":"capital-1-1159142383","properties":{"name":"Jyväskylä","localName":"Jyväskylä","countryCode":"FIN","country":"Finland","division":"Central Finland","qid":"Q134620","rank":8,"level":1,"role":"Admin-1 capital"},"geometry":{"type":"Point","coordinates":[25.749994,62.260346]}},{"type":"Feature","id":"capital-1-1159142387","properties":{"name":"Kuopio","localName":"Kuopio","countryCode":"FIN","country":"Finland","division":"Eastern Finland","qid":"Q162279","rank":8,"level":1,"role":"Admin-1 capital"},"geometry":{"type":"Point","coordinates":[27.69494,62.894286]}},{"type":"Feature","id":"capital-1-1159142599","properties":{"name":"Gorgan","localName":"Gorgan","countryCode":"IRN","country":"Iran","division":"Golestan","qid":"Q188155","rank":10,"level":1,"role":"Admin-1 capital"},"geometry":{"type":"Point","coordinates":[54.480023,36.830348]}},{"type":"Feature","id":"capital-1-1159142609","properties":{"name":"Sari","localName":"Sari","countryCode":"IRN","country":"Iran","division":"Mazandaran","qid":"Q168843","rank":10,"level":1,"role":"Admin-1 capital"},"geometry":{"type":"Point","coordinates":[53.100004,36.55039]}},{"type":"Feature","id":"capital-1-1159142613","properties":{"name":"Semnan","localName":"Semnan","countryCode":"IRN","country":"Iran","division":"Semnan","qid":"Q203045","rank":9,"level":1,"role":"Admin-1 capital"},"geometry":{"type":"Point","coordinates":[53.374302,35.554792]}},{"type":"Feature","id":"capital-1-1159142631","properties":{"name":"Khorramabad","localName":"Khorramabad","countryCode":"IRN","country":"Iran","division":"Lorestan","qid":"Q502212","rank":10,"level":1,"role":"Admin-1 capital"},"geometry":{"type":"Point","coordinates":[48.35001,33.480423]}},{"type":"Feature","id":"capital-1-1159142635","properties":{"name":"Ilam","localName":"Ilam","countryCode":"IRN","country":"Iran","division":"Ilam","qid":"Q499470","rank":9,"level":1,"role":"Admin-1 capital"},"geometry":{"type":"Point","coordinates":[46.430024,33.630414]}},{"type":"Feature","id":"capital-1-1159142639","properties":{"name":"Samawah","localName":"As Samawah","countryCode":"IRQ","country":"Iraq","division":"Al-Muthannia","qid":"Q750679","rank":9,"level":1,"role":"Admin-1 capital"},"geometry":{"type":"Point","coordinates":[45.280275,31.309858]}},{"type":"Feature","id":"capital-1-1159142645","properties":{"name":"Nasiriya","localName":"An Nasiriyah","countryCode":"IRQ","country":"Iraq","division":"Dhi-Qar","qid":"Q38811","rank":10,"level":1,"role":"Admin-1 capital"},"geometry":{"type":"Point","coordinates":[46.267553,31.042949]}},{"type":"Feature","id":"capital-1-1159142649","properties":{"name":"Thi Qar","localName":"Al Amarah","countryCode":"IRQ","country":"Iraq","division":"Maysan","qid":"Q366010","rank":10,"level":1,"role":"Admin-1 capital"},"geometry":{"type":"Point","coordinates":[47.151168,31.841608]}},{"type":"Feature","id":"capital-1-1159142653","properties":{"name":"Kut","localName":"Al Kut","countryCode":"IRQ","country":"Iraq","division":"Wasit","qid":"Q328030","rank":10,"level":1,"role":"Admin-1 capital"},"geometry":{"type":"Point","coordinates":[45.83037,32.490716]}},{"type":"Feature","id":"capital-1-1159142663","properties":{"name":"Arak","localName":"Arak","countryCode":"IRN","country":"Iran","division":"Markazi","qid":"Q212628","rank":11,"level":1,"role":"Admin-1 capital"},"geometry":{"type":"Point","coordinates":[49.700005,34.080412]}},{"type":"Feature","id":"capital-1-1159142699","properties":{"name":"Sulaymaniyah","localName":"As Sulaymaniyah","countryCode":"IRQ","country":"Iraq","division":"As-Sulaymaniyah","qid":"Q191204","rank":11,"level":1,"role":"Admin-1 capital"},"geometry":{"type":"Point","coordinates":[45.43086,35.561278]}},{"type":"Feature","id":"capital-1-1159142703","properties":{"name":"Baqubah","localName":"Baqubah","countryCode":"IRQ","country":"Iraq","division":"Diyala","qid":"Q270821","rank":10,"level":1,"role":"Admin-1 capital"},"geometry":{"type":"Point","coordinates":[44.657263,33.747642]}},{"type":"Feature","id":"capital-1-1159142837","properties":{"name":"Dehradun","localName":"Dehra Dun","countryCode":"IND","country":"India","division":"Uttaranchal","qid":"Q199528","rank":11,"level":1,"role":"Admin-1 capital"},"geometry":{"type":"Point","coordinates":[78.050006,30.320409]}},{"type":"Feature","id":"capital-1-1159142961","properties":{"name":"Daman","localName":"Daman","countryCode":"IND","country":"India","division":"Dadra and Nagar Haveli","qid":"Q463252","rank":7,"level":1,"role":"Admin-1 capital"},"geometry":{"type":"Point","coordinates":[72.850013,20.417008]}},{"type":"Feature","id":"capital-1-1159142979","properties":{"name":"Gandhinagar","localName":"Gandhinagar","countryCode":"IND","country":"India","division":"Dadra and Nagar Haveli","qid":"Q11910","rank":9,"level":1,"role":"Admin-1 capital"},"geometry":{"type":"Point","coordinates":[72.643556,23.218994]}},{"type":"Feature","id":"capital-1-1159142983","properties":{"name":"Itanagar","localName":"Itanagar","countryCode":"IND","country":"India","division":"Arunachal Pradesh","qid":"Q41128","rank":7,"level":1,"role":"Admin-1 capital"},"geometry":{"type":"Point","coordinates":[93.616601,27.100399]}},{"type":"Feature","id":"capital-1-1159142991","properties":{"name":"Aizawl","localName":"Aizawl","countryCode":"IND","country":"India","division":"Mizoram","qid":"Q192379","rank":10,"level":1,"role":"Admin-1 capital"},"geometry":{"type":"Point","coordinates":[92.720015,23.710399]}},{"type":"Feature","id":"capital-1-1159142995","properties":{"name":"Agartala","localName":"Agartala","countryCode":"IND","country":"India","division":"Tripura","qid":"Q170454","rank":10,"level":1,"role":"Admin-1 capital"},"geometry":{"type":"Point","coordinates":[91.279999,23.835404]}},{"type":"Feature","id":"capital-1-1159142999","properties":{"name":"Owando","localName":"Owando","countryCode":"COG","country":"Congo","division":"Cuvette","qid":"Q1201732","rank":7,"level":1,"role":"Admin-1 capital"},"geometry":{"type":"Point","coordinates":[15.92,-0.479623]}},{"type":"Feature","id":"capital-1-1159143009","properties":{"name":"Sibiti","localName":"Sibiti","countryCode":"COG","country":"Congo","division":"Lékoumou","qid":"Q739308","rank":7,"level":1,"role":"Admin-1 capital"},"geometry":{"type":"Point","coordinates":[13.350027,-3.689608]}},{"type":"Feature","id":"capital-1-1159143017","properties":{"name":"Dolisie","localName":"Loubomo","countryCode":"COG","country":"Congo","division":"Niari","qid":"Q246554","rank":9,"level":1,"role":"Admin-1 capital"},"geometry":{"type":"Point","coordinates":[12.670017,-4.179604]}},{"type":"Feature","id":"capital-1-1159143027","properties":{"name":"Djambala","localName":"Djambala","countryCode":"COG","country":"Congo","division":"Plateaux","qid":"Q2490824","rank":5,"level":1,"role":"Admin-1 capital"},"geometry":{"type":"Point","coordinates":[14.749993,-2.539601]}},{"type":"Feature","id":"capital-1-1159143049","properties":{"name":"Aalborg","localName":"Aalborg","countryCode":"DNK","country":"Denmark","division":"Nordjylland","qid":"Q25410","rank":9,"level":1,"role":"Admin-1 capital"},"geometry":{"type":"Point","coordinates":[9.916593,57.033714]}},{"type":"Feature","id":"capital-1-1159143059","properties":{"name":"Kérouané","localName":"Kérouané","countryCode":"GIN","country":"Guinea","division":"Kankan","qid":"Q1152900","rank":6,"level":1,"role":"Admin-1 capital"},"geometry":{"type":"Point","coordinates":[-9.019977,9.270376]}},{"type":"Feature","id":"capital-1-1159143063","properties":{"name":"Siguiri","localName":"Siguiri","countryCode":"GIN","country":"Guinea","division":"Kankan","qid":"Q1100303","rank":8,"level":1,"role":"Admin-1 capital"},"geometry":{"type":"Point","coordinates":[-9.166635,11.417093]}},{"type":"Feature","id":"capital-1-1159143067","properties":{"name":"Mamou","localName":"Mamou","countryCode":"GIN","country":"Guinea","division":"Mamou","qid":"Q644131","rank":8,"level":1,"role":"Admin-1 capital"},"geometry":{"type":"Point","coordinates":[-12.100021,10.380386]}},{"type":"Feature","id":"capital-1-1159143077","properties":{"name":"Fria","localName":"Fria","countryCode":"GIN","country":"Guinea","division":"Boke","qid":"Q1456064","rank":7,"level":1,"role":"Admin-1 capital"},"geometry":{"type":"Point","coordinates":[-13.549985,10.380386]}},{"type":"Feature","id":"capital-1-1159143081","properties":{"name":"Odienné","localName":"Odienné","countryCode":"CIV","country":"Ivory Coast","division":"Denguélé","qid":"Q506811","rank":7,"level":1,"role":"Admin-1 capital"},"geometry":{"type":"Point","coordinates":[-7.580013,9.510413]}},{"type":"Feature","id":"capital-1-1159143085","properties":{"name":"Macenta","localName":"Macenta","countryCode":"GIN","country":"Guinea","division":"Nzerekore","qid":"Q1032064","rank":7,"level":1,"role":"Admin-1 capital"},"geometry":{"type":"Point","coordinates":[-9.48,8.550368]}},{"type":"Feature","id":"capital-1-1159143089","properties":{"name":"Yomou","localName":"Yomou","countryCode":"GIN","country":"Guinea","division":"Nzerekore","qid":"Q784157","rank":4,"level":1,"role":"Admin-1 capital"},"geometry":{"type":"Point","coordinates":[-9.269987,7.570428]}},{"type":"Feature","id":"capital-1-1159143095","properties":{"name":"Faranah","localName":"Faranah","countryCode":"GIN","country":"Guinea","division":"Faranah","qid":"Q597843","rank":6,"level":1,"role":"Admin-1 capital"},"geometry":{"type":"Point","coordinates":[-10.75,10.040406]}},{"type":"Feature","id":"capital-1-1159143099","properties":{"name":"Kissidougou","localName":"Kissidougou","countryCode":"GIN","country":"Guinea","division":"Faranah","qid":"Q1358885","rank":8,"level":1,"role":"Admin-1 capital"},"geometry":{"type":"Point","coordinates":[-10.120013,9.190458]}},{"type":"Feature","id":"capital-1-1159143103","properties":{"name":"Man","localName":"Man","countryCode":"CIV","country":"Ivory Coast","division":"Dix-Huit Montagnes","qid":"Q1191011","rank":9,"level":1,"role":"Admin-1 capital"},"geometry":{"type":"Point","coordinates":[-7.549989,7.400413]}},{"type":"Feature","id":"capital-1-1159143107","properties":{"name":"Séguéla","localName":"Séguéla","countryCode":"CIV","country":"Ivory Coast","division":"Worodougou","qid":"Q952665","rank":8,"level":1,"role":"Admin-1 capital"},"geometry":{"type":"Point","coordinates":[-6.670017,7.950405]}},{"type":"Feature","id":"capital-1-1159143115","properties":{"name":"Gagnoa","localName":"Gagnoa","countryCode":"CIV","country":"Ivory Coast","division":"Fromager","qid":"Q18592055","rank":9,"level":1,"role":"Admin-1 capital"},"geometry":{"type":"Point","coordinates":[-5.879988,6.150411]}},{"type":"Feature","id":"capital-1-1159143117","properties":{"name":"Soubré","localName":"Soubré","countryCode":"CIV","country":"Ivory Coast","division":"Bas-Sassandra","qid":"Q1587131","rank":9,"level":1,"role":"Admin-1 capital"},"geometry":{"type":"Point","coordinates":[-6.610021,5.790407]}},{"type":"Feature","id":"capital-1-1159143121","properties":{"name":"San Pédro","localName":"San-Pedro","countryCode":"CIV","country":"Ivory Coast","division":"Bas-Sassandra","qid":"Q609831","rank":10,"level":1,"role":"Admin-1 capital"},"geometry":{"type":"Point","coordinates":[-6.639967,4.770418]}},{"type":"Feature","id":"capital-1-1159143133","properties":{"name":"Bondoukou","localName":"Bondoukou","countryCode":"CIV","country":"Ivory Coast","division":"Zanzan","qid":"Q892276","rank":8,"level":1,"role":"Admin-1 capital"},"geometry":{"type":"Point","coordinates":[-2.800021,8.030426]}},{"type":"Feature","id":"capital-1-1159143137","properties":{"name":"Agboville","localName":"Agboville","countryCode":"CIV","country":"Ivory Coast","division":"Agnéby","qid":"Q2080938","rank":8,"level":1,"role":"Admin-1 capital"},"geometry":{"type":"Point","coordinates":[-4.280034,5.940347]}},{"type":"Feature","id":"capital-1-1159143141","properties":{"name":"Dimbokro","localName":"Dimbokro","countryCode":"CIV","country":"Ivory Coast","division":"N'zi-Comoé","qid":"Q678980","rank":8,"level":1,"role":"Admin-1 capital"},"geometry":{"type":"Point","coordinates":[-4.710007,6.650458]}},{"type":"Feature","id":"capital-1-1159143155","properties":{"name":"Guiglo","localName":"Guiglo","countryCode":"CIV","country":"Ivory Coast","division":"Moyen-Cavally","qid":"Q1553776","rank":7,"level":1,"role":"Admin-1 capital"},"geometry":{"type":"Point","coordinates":[-7.489967,6.550465]}},{"type":"Feature","id":"capital-1-1159143159","properties":{"name":"Abengourou","localName":"Abengourou","countryCode":"CIV","country":"Ivory Coast","division":"Moyen-Comoe","qid":"Q1044225","rank":9,"level":1,"role":"Admin-1 capital"},"geometry":{"type":"Point","coordinates":[-3.490004,6.730376]}},{"type":"Feature","id":"capital-1-1159143173","properties":{"name":"Hillah","localName":"Al Hillah","countryCode":"IRQ","country":"Iraq","division":"Babil","qid":"Q243846","rank":11,"level":1,"role":"Admin-1 capital"},"geometry":{"type":"Point","coordinates":[44.421722,32.472138]}},{"type":"Feature","id":"capital-1-1159143181","properties":{"name":"Basse-Terre","localName":"Basse-terre","countryCode":"FRA","country":"France","division":"Guadeloupe","qid":"Q167024","rank":2,"level":1,"role":"Admin-1 region capital"},"geometry":{"type":"Point","coordinates":[-61.705484,16.01041]}},{"type":"Feature","id":"capital-1-1159144001","properties":{"name":"Bafoussam","localName":"Bafoussam","countryCode":"CMR","country":"Cameroon","division":"Ouest","qid":"Q799808","rank":10,"level":1,"role":"Admin-1 capital"},"geometry":{"type":"Point","coordinates":[10.409948,5.490426]}},{"type":"Feature","id":"capital-1-1159144019","properties":{"name":"Nola","localName":"Nola","countryCode":"CAF","country":"Central African Republic","division":"Sangha-Mbaéré","qid":"Q522912","rank":7,"level":1,"role":"Admin-1 capital"},"geometry":{"type":"Point","coordinates":[16.066606,3.533698]}},{"type":"Feature","id":"capital-1-1159144027","properties":{"name":"Sibut","localName":"Sibut","countryCode":"CAF","country":"Central African Republic","division":"Kémo","qid":"Q1757279","rank":7,"level":1,"role":"Admin-1 capital"},"geometry":{"type":"Point","coordinates":[19.083321,5.73377]}},{"type":"Feature","id":"capital-1-1159144033","properties":{"name":"Bossangoa","localName":"Bossangoa","countryCode":"CAF","country":"Central African Republic","division":"Ouham","qid":"Q894513","rank":8,"level":1,"role":"Admin-1 capital"},"geometry":{"type":"Point","coordinates":[17.449984,6.483724]}},{"type":"Feature","id":"capital-1-1159144037","properties":{"name":"Birao","localName":"Birao","countryCode":"CAF","country":"Central African Republic","division":"Vakaga","qid":"Q864999","rank":6,"level":1,"role":"Admin-1 capital"},"geometry":{"type":"Point","coordinates":[22.783302,10.283699]}},{"type":"Feature","id":"capital-1-1159144055","properties":{"name":"Bangassou","localName":"Bangassou","countryCode":"CAF","country":"Central African Republic","division":"Mbomou","qid":"Q806478","rank":7,"level":1,"role":"Admin-1 capital"},"geometry":{"type":"Point","coordinates":[22.816633,4.733754]}},{"type":"Feature","id":"capital-1-1159144063","properties":{"name":"Ghanzi","localName":"Ghanzi","countryCode":"BWA","country":"Botswana","division":"Ghanzi","qid":"Q859319","rank":5,"level":1,"role":"Admin-1 capital"},"geometry":{"type":"Point","coordinates":[21.639961,-21.69962]}},{"type":"Feature","id":"capital-1-1159144229","properties":{"name":"La Plata","localName":"La Plata","countryCode":"ARG","country":"Argentina","division":"Ciudad de Buenos Aires","qid":"Q44059","rank":11,"level":1,"role":"Admin-1 capital"},"geometry":{"type":"Point","coordinates":[-57.954436,-34.923321]}},{"type":"Feature","id":"capital-1-1159144449","properties":{"name":"Belize City","localName":"Belize City","countryCode":"BLZ","country":"Belize","division":"Belize","qid":"Q108223","rank":8,"level":1,"role":"Admin-1 capital"},"geometry":{"type":"Point","coordinates":[-88.188374,17.498711]}},{"type":"Feature","id":"capital-1-1159144451","properties":{"name":"Orange Walk Town","localName":"Orange Walk","countryCode":"BLZ","country":"Belize","division":"Orange Walk","qid":"Q882964","rank":7,"level":1,"role":"Admin-1 capital"},"geometry":{"type":"Point","coordinates":[-88.55998,18.090432]}},{"type":"Feature","id":"capital-1-1159144457","properties":{"name":"Punta Gorda","localName":"Punta Gorda","countryCode":"BLZ","country":"Belize","division":"Toledo","qid":"Q883362","rank":5,"level":1,"role":"Admin-1 capital"},"geometry":{"type":"Point","coordinates":[-88.810016,16.100347]}},{"type":"Feature","id":"capital-1-1159144499","properties":{"name":"Bertoua","localName":"Bertoua","countryCode":"CMR","country":"Cameroon","division":"Est","qid":"Q657734","rank":10,"level":1,"role":"Admin-1 capital"},"geometry":{"type":"Point","coordinates":[13.679981,4.58043]}},{"type":"Feature","id":"capital-1-1159144521","properties":{"name":"Ngaoundéré","localName":"Ngaoundéré","countryCode":"CMR","country":"Cameroon","division":"Adamaoua","qid":"Q745906","rank":10,"level":1,"role":"Admin-1 capital"},"geometry":{"type":"Point","coordinates":[13.579987,7.320366]}},{"type":"Feature","id":"capital-1-1159144543","properties":{"name":"Durrës","localName":"Durrës","countryCode":"ALB","country":"Albania","division":"Durrës","qid":"Q83285","rank":9,"level":1,"role":"Admin-1 capital"},"geometry":{"type":"Point","coordinates":[19.448208,41.3178]}},{"type":"Feature","id":"capital-1-1159144547","properties":{"name":"Shkodër","localName":"Shkodër","countryCode":"ALB","country":"Albania","division":"Shkodër","qid":"Q131638","rank":9,"level":1,"role":"Admin-1 capital"},"geometry":{"type":"Point","coordinates":[19.51885,42.068452]}},{"type":"Feature","id":"capital-1-1159144553","properties":{"name":"Bruges","localName":"Brugge","countryCode":"BEL","country":"Belgium","division":"Brugge","qid":"Q12994","rank":9,"level":1,"role":"Admin-1 capital"},"geometry":{"type":"Point","coordinates":[3.230025,51.220374]}},{"type":"Feature","id":"capital-1-1159144557","properties":{"name":"Namur","localName":"Namur","countryCode":"BEL","country":"Belgium","division":"Namur","qid":"Q134121","rank":9,"level":1,"role":"Admin-1 capital"},"geometry":{"type":"Point","coordinates":[4.870028,50.470394]}},{"type":"Feature","id":"capital-1-1159144577","properties":{"name":"Goychay","localName":"Goycay","countryCode":"AZE","country":"Azerbaijan","division":"Göyçay","qid":"Q1822209","rank":7,"level":1,"role":"Admin-1 capital"},"geometry":{"type":"Point","coordinates":[47.74059,40.653422]}},{"type":"Feature","id":"capital-1-1159144585","properties":{"name":"Shaki","localName":"Saki","countryCode":"AZE","country":"Azerbaijan","division":"S?ki","qid":"Q234783","rank":8,"level":1,"role":"Admin-1 capital"},"geometry":{"type":"Point","coordinates":[47.170547,41.192329]}},{"type":"Feature","id":"capital-1-1159144595","properties":{"name":"Kapan","localName":"Kapan","countryCode":"AZE","country":"Azerbaijan","division":"Z?ngilan","qid":"Q31583","rank":7,"level":1,"role":"Admin-1 capital"},"geometry":{"type":"Point","coordinates":[46.414986,39.201521]}},{"type":"Feature","id":"capital-1-1159144603","properties":{"name":"Maymana","localName":"Meymaneh","countryCode":"AFG","country":"Afghanistan","division":"Faryab","qid":"Q309345","rank":9,"level":1,"role":"Admin-1 capital"},"geometry":{"type":"Point","coordinates":[64.770093,35.930222]}},{"type":"Feature","id":"capital-1-1159144613","properties":{"name":"Qalat","localName":"Qalat","countryCode":"AFG","country":"Afghanistan","division":"Zabul","qid":"Q527318","rank":6,"level":1,"role":"Admin-1 capital"},"geometry":{"type":"Point","coordinates":[66.886759,32.112263]}},{"type":"Feature","id":"capital-1-1159144617","properties":{"name":"Ghazni","localName":"Ghazni","countryCode":"AFG","country":"Afghanistan","division":"Ghazni","qid":"Q173731","rank":9,"level":1,"role":"Admin-1 capital"},"geometry":{"type":"Point","coordinates":[68.417829,33.563312]}},{"type":"Feature","id":"capital-1-1159144621","properties":{"name":"Fayzabad","localName":"Feyzabad","countryCode":"AFG","country":"Afghanistan","division":"Badakhshan","qid":"Q156558","rank":8,"level":1,"role":"Admin-1 capital"},"geometry":{"type":"Point","coordinates":[70.579247,37.129761]}},{"type":"Feature","id":"capital-1-1159144627","properties":{"name":"Kunduz","localName":"Kondoz","countryCode":"AFG","country":"Afghanistan","division":"Kunduz","qid":"Q108155","rank":10,"level":1,"role":"Admin-1 capital"},"geometry":{"type":"Point","coordinates":[68.87253,36.727951]}},{"type":"Feature","id":"capital-1-1159144633","properties":{"name":"Jalalabad","localName":"Jalalabad","countryCode":"AFG","country":"Afghanistan","division":"Nangarhar","qid":"Q183303","rank":11,"level":1,"role":"Admin-1 capital"},"geometry":{"type":"Point","coordinates":[70.436104,34.441527]}},{"type":"Feature","id":"capital-1-1159144637","properties":{"name":"Charikar","localName":"Charikar","countryCode":"AFG","country":"Afghanistan","division":"Parwan","qid":"Q944395","rank":8,"level":1,"role":"Admin-1 capital"},"geometry":{"type":"Point","coordinates":[69.167912,35.018262]}},{"type":"Feature","id":"capital-1-1159144647","properties":{"name":"Koh Kong","localName":"Krong Koh Kong","countryCode":"KHM","country":"Cambodia","division":"Kaôh Kong","qid":"Q1375645","rank":7,"level":1,"role":"Admin-1 capital"},"geometry":{"type":"Point","coordinates":[102.984933,11.617539]}},{"type":"Feature","id":"capital-1-1159144651","properties":{"name":"Pursat","localName":"Pursat","countryCode":"KHM","country":"Cambodia","division":"Pouthisat","qid":"Q655547","rank":8,"level":1,"role":"Admin-1 capital"},"geometry":{"type":"Point","coordinates":[103.916696,12.533691]}},{"type":"Feature","id":"capital-1-1159144655","properties":{"name":"Kampong Cham","localName":"Kampong Cham","countryCode":"KHM","country":"Cambodia","division":"Kâmpóng Cham","qid":"Q855724","rank":8,"level":1,"role":"Admin-1 capital"},"geometry":{"type":"Point","coordinates":[105.450039,12.000442]}},{"type":"Feature","id":"capital-1-1159144661","properties":{"name":"Kampong Chhnang","localName":"Kompong Chhnang","countryCode":"KHM","country":"Cambodia","division":"Kâmpóng Chhnang","qid":"Q1048147","rank":8,"level":1,"role":"Admin-1 capital"},"geometry":{"type":"Point","coordinates":[104.666624,12.250478]}},{"type":"Feature","id":"capital-1-1159144665","properties":{"name":"Kampot","localName":"Kampot","countryCode":"KHM","country":"Cambodia","division":"Kâmpôt","qid":"Q876549","rank":8,"level":1,"role":"Admin-1 capital"},"geometry":{"type":"Point","coordinates":[104.183346,10.61709]}},{"type":"Feature","id":"capital-1-1159144669","properties":{"name":"Takéo","localName":"Takéo","countryCode":"KHM","country":"Cambodia","division":"Tak","qid":"Q1195207","rank":6,"level":1,"role":"Admin-1 capital"},"geometry":{"type":"Point","coordinates":[104.783309,10.98376]}},{"type":"Feature","id":"capital-1-1159144679","properties":{"name":"Jamalpur","localName":"Jamalpur","countryCode":"BGD","country":"Bangladesh","division":"Dhaka","qid":"Q2039306","rank":9,"level":1,"role":"Admin-1 capital"},"geometry":{"type":"Point","coordinates":[89.950003,24.90043]}},{"type":"Feature","id":"capital-1-1159144685","properties":{"name":"Lucapa","localName":"Lucapa","countryCode":"AGO","country":"Angola","division":"Lunda Norte","qid":"Q620866","rank":7,"level":1,"role":"Admin-1 capital"},"geometry":{"type":"Point","coordinates":[20.740015,-8.419604]}},{"type":"Feature","id":"capital-1-1159144689","properties":{"name":"Saurimo","localName":"Saurimo","countryCode":"AGO","country":"Angola","division":"Lunda Sul","qid":"Q635017","rank":7,"level":1,"role":"Admin-1 capital"},"geometry":{"type":"Point","coordinates":[20.390011,-9.65958]}},{"type":"Feature","id":"capital-1-1159144697","properties":{"name":"Caxito","localName":"Caxito","countryCode":"AGO","country":"Angola","division":"Bengo","qid":"Q956745","rank":7,"level":1,"role":"Admin-1 capital"},"geometry":{"type":"Point","coordinates":[13.659982,-8.579542]}},{"type":"Feature","id":"capital-1-1159144701","properties":{"name":"N'dalatando","localName":"Ndalatando","countryCode":"AGO","country":"Angola","division":"Cuanza Norte","qid":"Q985803","rank":5,"level":1,"role":"Admin-1 capital"},"geometry":{"type":"Point","coordinates":[14.909984,-9.29955]}},{"type":"Feature","id":"capital-1-1159144711","properties":{"name":"M'banza-Kongo","localName":"Mbanza-Congo","countryCode":"AGO","country":"Angola","division":"Zaire","qid":"Q500189","rank":8,"level":1,"role":"Admin-1 capital"},"geometry":{"type":"Point","coordinates":[14.239999,-6.269606]}},{"type":"Feature","id":"capital-1-1159144723","properties":{"name":"Cabinda","localName":"Cabinda","countryCode":"AGO","country":"Angola","division":"Cabinda","qid":"Q459360","rank":8,"level":1,"role":"Admin-1 capital"},"geometry":{"type":"Point","coordinates":[12.189995,-5.559623]}},{"type":"Feature","id":"capital-1-1159144755","properties":{"name":"Ondjiva","localName":"Ondjiva","countryCode":"AGO","country":"Angola","division":"Cunene","qid":"Q635045","rank":6,"level":1,"role":"Admin-1 capital"},"geometry":{"type":"Point","coordinates":[15.730037,-17.069618]}},{"type":"Feature","id":"capital-1-1159144841","properties":{"name":"Potosí","localName":"Potosí","countryCode":"BOL","country":"Bolivia","division":"Potosí","qid":"Q35045","rank":9,"level":1,"role":"Admin-1 capital"},"geometry":{"type":"Point","coordinates":[-65.750028,-19.569569]}},{"type":"Feature","id":"capital-1-1159144917","properties":{"name":"Sidi Bel Abbès","localName":"Sidi bel Abbes","countryCode":"DZA","country":"Algeria","division":"Sidi Bel Abbès","qid":"Q852276","rank":10,"level":1,"role":"Admin-1 capital"},"geometry":{"type":"Point","coordinates":[-0.639972,35.190344]}},{"type":"Feature","id":"capital-1-1159144921","properties":{"name":"Tlemcen","localName":"Tlimcen","countryCode":"DZA","country":"Algeria","division":"Tlemcen","qid":"Q185134","rank":10,"level":1,"role":"Admin-1 capital"},"geometry":{"type":"Point","coordinates":[-1.320008,34.890414]}},{"type":"Feature","id":"capital-1-1159144939","properties":{"name":"Skikda","localName":"Skikda","countryCode":"DZA","country":"Algeria","division":"Skikda","qid":"Q2292517","rank":10,"level":1,"role":"Admin-1 capital"},"geometry":{"type":"Point","coordinates":[6.899982,36.880422]}},{"type":"Feature","id":"capital-1-1159144943","properties":{"name":"Kandi","localName":"Kandi","countryCode":"BEN","country":"Benin","division":"Alibori","qid":"Q845666","rank":9,"level":1,"role":"Admin-1 capital"},"geometry":{"type":"Point","coordinates":[2.940017,11.130366]}},{"type":"Feature","id":"capital-1-1159144949","properties":{"name":"Ouidah","localName":"Ouidah","countryCode":"BEN","country":"Benin","division":"Atlantique","qid":"Q850031","rank":8,"level":1,"role":"Admin-1 capital"},"geometry":{"type":"Point","coordinates":[2.089991,6.360373]}},{"type":"Feature","id":"capital-1-1159144953","properties":{"name":"Abomey","localName":"Abomey","countryCode":"BEN","country":"Benin","division":"Zou","qid":"Q189685","rank":8,"level":1,"role":"Admin-1 capital"},"geometry":{"type":"Point","coordinates":[1.989997,7.1904]}},{"type":"Feature","id":"capital-1-1159144957","properties":{"name":"Natitingou","localName":"Natitingou","countryCode":"BEN","country":"Benin","division":"Atakora","qid":"Q994125","rank":8,"level":1,"role":"Admin-1 capital"},"geometry":{"type":"Point","coordinates":[1.389982,10.320415]}},{"type":"Feature","id":"capital-1-1159144961","properties":{"name":"Djougou","localName":"Djougou","countryCode":"BEN","country":"Benin","division":"Donga","qid":"Q868198","rank":10,"level":1,"role":"Admin-1 capital"},"geometry":{"type":"Point","coordinates":[1.680042,9.700427]}},{"type":"Feature","id":"capital-1-1159144997","properties":{"name":"Mascara","localName":"Mascara","countryCode":"DZA","country":"Algeria","division":"Mascara","qid":"Q545707","rank":9,"level":1,"role":"Admin-1 capital"},"geometry":{"type":"Point","coordinates":[0.140033,35.400409]}},{"type":"Feature","id":"capital-1-1159145003","properties":{"name":"Mostaganem","localName":"Mostaganem","countryCode":"DZA","country":"Algeria","division":"Mostaganem","qid":"Q849524","rank":9,"level":1,"role":"Admin-1 capital"},"geometry":{"type":"Point","coordinates":[0.089984,35.940376]}},{"type":"Feature","id":"capital-1-1159145007","properties":{"name":"Saida","localName":"Saïda","countryCode":"DZA","country":"Algeria","division":"Saïda","qid":"Q401452","rank":9,"level":1,"role":"Admin-1 capital"},"geometry":{"type":"Point","coordinates":[0.140033,34.840392]}},{"type":"Feature","id":"capital-1-1159145011","properties":{"name":"Tiaret","localName":"Tiarat","countryCode":"DZA","country":"Algeria","division":"Tiaret","qid":"Q565568","rank":9,"level":1,"role":"Admin-1 capital"},"geometry":{"type":"Point","coordinates":[1.319961,35.380436]}},{"type":"Feature","id":"capital-1-1159145015","properties":{"name":"Bejaïa","localName":"Béjaïa","countryCode":"DZA","country":"Algeria","division":"Béjaïa","qid":"Q59975","rank":10,"level":1,"role":"Admin-1 capital"},"geometry":{"type":"Point","coordinates":[5.070016,36.760378]}},{"type":"Feature","id":"capital-1-1159145021","properties":{"name":"Blida","localName":"Blida","countryCode":"DZA","country":"Algeria","division":"Blida","qid":"Q216990","rank":11,"level":1,"role":"Admin-1 capital"},"geometry":{"type":"Point","coordinates":[2.829998,36.420347]}},{"type":"Feature","id":"capital-1-1159145025","properties":{"name":"Bouïra","localName":"Bouïra","countryCode":"DZA","country":"Algeria","division":"Bouira","qid":"Q722522","rank":9,"level":1,"role":"Admin-1 capital"},"geometry":{"type":"Point","coordinates":[3.90001,36.380478]}},{"type":"Feature","id":"capital-1-1159145029","properties":{"name":"Médéa","localName":"Médéa","countryCode":"DZA","country":"Algeria","division":"Médéa","qid":"Q1982137","rank":9,"level":1,"role":"Admin-1 capital"},"geometry":{"type":"Point","coordinates":[2.770001,36.270407]}},{"type":"Feature","id":"capital-1-1159145039","properties":{"name":"Tébessa","localName":"Tébessa","countryCode":"DZA","country":"Algeria","division":"TZbessa","qid":"Q984575","rank":9,"level":1,"role":"Admin-1 capital"},"geometry":{"type":"Point","coordinates":[8.12001,35.410434]}},{"type":"Feature","id":"capital-1-1159145047","properties":{"name":"Haskovo","localName":"Khaskovo","countryCode":"BGR","country":"Bulgaria","division":"Haskovo","qid":"Q186254","rank":8,"level":1,"role":"Admin-1 capital"},"geometry":{"type":"Point","coordinates":[25.563287,41.943782]}},{"type":"Feature","id":"capital-1-1159145051","properties":{"name":"Stara Zagora","localName":"Stara Zagora","countryCode":"BGR","country":"Bulgaria","division":"Stara Zagora","qid":"Q170415","rank":9,"level":1,"role":"Admin-1 capital"},"geometry":{"type":"Point","coordinates":[25.622715,42.423133]}},{"type":"Feature","id":"capital-1-1159145057","properties":{"name":"Pleven","localName":"Pleven","countryCode":"BGR","country":"Bulgaria","division":"Pleven","qid":"Q165420","rank":9,"level":1,"role":"Admin-1 capital"},"geometry":{"type":"Point","coordinates":[24.613371,43.423769]}},{"type":"Feature","id":"capital-1-1159145065","properties":{"name":"Kyustendil","localName":"Kyustendil","countryCode":"BGR","country":"Bulgaria","division":"Kyustendil","qid":"Q189305","rank":8,"level":1,"role":"Admin-1 capital"},"geometry":{"type":"Point","coordinates":[22.691111,42.284278]}},{"type":"Feature","id":"capital-1-1159145069","properties":{"name":"Dobrich","localName":"Dobrich","countryCode":"BGR","country":"Bulgaria","division":"Dobrich","qid":"Q168668","rank":8,"level":1,"role":"Admin-1 capital"},"geometry":{"type":"Point","coordinates":[27.839996,43.585051]}},{"type":"Feature","id":"capital-1-1159145075","properties":{"name":"Varna","localName":"Varna","countryCode":"BGR","country":"Bulgaria","division":"Varna","qid":"Q6506","rank":10,"level":1,"role":"Admin-1 capital"},"geometry":{"type":"Point","coordinates":[27.895289,43.215643]}},{"type":"Feature","id":"capital-1-1159145079","properties":{"name":"Ruse","localName":"Ruse","countryCode":"BGR","country":"Bulgaria","division":"Ruse","qid":"Q160173","rank":9,"level":1,"role":"Admin-1 capital"},"geometry":{"type":"Point","coordinates":[25.973339,43.853691]}},{"type":"Feature","id":"capital-1-1159145083","properties":{"name":"Graz","localName":"Graz","countryCode":"AUT","country":"Austria","division":"Steiermark","qid":"Q13298","rank":10,"level":1,"role":"Admin-1 capital"},"geometry":{"type":"Point","coordinates":[15.410005,47.077758]}},{"type":"Feature","id":"capital-1-1159145087","properties":{"name":"Klagenfurt","localName":"Klagenfurt","countryCode":"AUT","country":"Austria","division":"Kärnten","qid":"Q41753","rank":8,"level":1,"role":"Admin-1 capital"},"geometry":{"type":"Point","coordinates":[14.31002,46.620344]}},{"type":"Feature","id":"capital-1-1159145093","properties":{"name":"Linz","localName":"Linz","countryCode":"AUT","country":"Austria","division":"Oberösterreich","qid":"Q41329","rank":10,"level":1,"role":"Admin-1 capital"},"geometry":{"type":"Point","coordinates":[14.288781,48.319233]}},{"type":"Feature","id":"capital-1-1159145101","properties":{"name":"Salzburg","localName":"Salzburg","countryCode":"AUT","country":"Austria","division":"Salzburg","qid":"Q34713","rank":10,"level":1,"role":"Admin-1 capital"},"geometry":{"type":"Point","coordinates":[13.04002,47.810478]}},{"type":"Feature","id":"capital-1-1159145105","properties":{"name":"Innsbruck","localName":"Innsbruck","countryCode":"AUT","country":"Austria","division":"Tirol","qid":"Q1735","rank":9,"level":1,"role":"Admin-1 capital"},"geometry":{"type":"Point","coordinates":[11.409991,47.280407]}},{"type":"Feature","id":"capital-1-1159145119","properties":{"name":"Mogilev","localName":"Mahilyow","countryCode":"BLR","country":"Belarus","division":"Mahilyow","qid":"Q154835","rank":10,"level":1,"role":"Admin-1 capital"},"geometry":{"type":"Point","coordinates":[30.32465,53.898505]}},{"type":"Feature","id":"capital-1-1159145137","properties":{"name":"Grodno","localName":"Hrodna","countryCode":"BLR","country":"Belarus","division":"Hrodna","qid":"Q181376","rank":10,"level":1,"role":"Admin-1 capital"},"geometry":{"type":"Point","coordinates":[23.83409,53.677872]}},{"type":"Feature","id":"capital-1-1159145147","properties":{"name":"Nakhchivan","localName":"Naxcivan","countryCode":"AZE","country":"Azerbaijan","division":"Naxçivan","qid":"Q230104","rank":8,"level":1,"role":"Admin-1 capital"},"geometry":{"type":"Point","coordinates":[45.412205,39.20922]}},{"type":"Feature","id":"capital-1-1159145155","properties":{"name":"Barisal","localName":"Barishal","countryCode":"BGD","country":"Bangladesh","division":"Barisal","qid":"Q747840","rank":10,"level":1,"role":"Admin-1 capital"},"geometry":{"type":"Point","coordinates":[90.37499,22.700409]}},{"type":"Feature","id":"capital-1-1159145173","properties":{"name":"Tshabong","localName":"Tshabong","countryCode":"BWA","country":"Botswana","division":"Kgalagadi","qid":"Q170727","rank":5,"level":1,"role":"Admin-1 capital"},"geometry":{"type":"Point","coordinates":[22.400018,-26.009486]}},{"type":"Feature","id":"capital-1-1159145193","properties":{"name":"Maun","localName":"Maun","countryCode":"BWA","country":"Botswana","division":"North-West","qid":"Q170732","rank":7,"level":1,"role":"Admin-1 capital"},"geometry":{"type":"Point","coordinates":[23.420007,-19.989595]}},{"type":"Feature","id":"capital-1-1159145197","properties":{"name":"Kasane","localName":"Kasane","countryCode":"BWA","country":"Botswana","division":"North-West","qid":"Q170715","rank":5,"level":1,"role":"Admin-1 capital"},"geometry":{"type":"Point","coordinates":[25.15003,-17.809573]}},{"type":"Feature","id":"capital-1-1159145215","properties":{"name":"Bururi","localName":"Bururi","countryCode":"BDI","country":"Burundi","division":"Bururi","qid":"Q992247","rank":7,"level":1,"role":"Admin-1 capital"},"geometry":{"type":"Point","coordinates":[29.61658,-3.950729]}},{"type":"Feature","id":"capital-1-1159145221","properties":{"name":"Muyinga","localName":"Muyinga","countryCode":"BDI","country":"Burundi","division":"Muyinga","qid":"Q2006076","rank":8,"level":1,"role":"Admin-1 capital"},"geometry":{"type":"Point","coordinates":[30.31726,-2.852347]}},{"type":"Feature","id":"capital-1-1159145225","properties":{"name":"Lobatse","localName":"Lobatse","countryCode":"BWA","country":"Botswana","division":"South-East","qid":"Q165768","rank":8,"level":1,"role":"Admin-1 capital"},"geometry":{"type":"Point","coordinates":[25.680024,-25.219612]}},{"type":"Feature","id":"capital-1-1159145229","properties":{"name":"Kanye","localName":"Kanye","countryCode":"BWA","country":"Botswana","division":"Southern","qid":"Q170730","rank":7,"level":1,"role":"Admin-1 capital"},"geometry":{"type":"Point","coordinates":[25.339993,-24.969601]}},{"type":"Feature","id":"capital-1-1159145857","properties":{"name":"Koudougou","localName":"Koudougou","countryCode":"BFA","country":"Burkina Faso","division":"Boulkiemdé","qid":"Q460697","rank":8,"level":1,"role":"Admin-1 capital"},"geometry":{"type":"Point","coordinates":[-2.369995,12.250478]}},{"type":"Feature","id":"capital-1-1159145863","properties":{"name":"Ouahigouya","localName":"Ouahigouya","countryCode":"BFA","country":"Burkina Faso","division":"Yatenga","qid":"Q569904","rank":8,"level":1,"role":"Admin-1 capital"},"geometry":{"type":"Point","coordinates":[-2.419992,13.570424]}},{"type":"Feature","id":"capital-1-1159145869","properties":{"name":"Kaya","localName":"Kaya","countryCode":"BFA","country":"Burkina Faso","division":"Sanmatenga","qid":"Q766464","rank":7,"level":1,"role":"Admin-1 capital"},"geometry":{"type":"Point","coordinates":[-1.090047,13.090375]}},{"type":"Feature","id":"capital-1-1159145871","properties":{"name":"Tenkodogo","localName":"Tenkodogo","countryCode":"BFA","country":"Burkina Faso","division":"Boulgou","qid":"Q621925","rank":7,"level":1,"role":"Admin-1 capital"},"geometry":{"type":"Point","coordinates":[-0.369704,11.780404]}},{"type":"Feature","id":"capital-1-1159145875","properties":{"name":"Banfora","localName":"Banfora","countryCode":"BFA","country":"Burkina Faso","division":"Komoé","qid":"Q639674","rank":8,"level":1,"role":"Admin-1 capital"},"geometry":{"type":"Point","coordinates":[-4.760004,10.630448]}},{"type":"Feature","id":"capital-1-1159145933","properties":{"name":"Mawlamyine","localName":"Mawlamyine","countryCode":"MMR","country":"Myanmar","division":"Mon","qid":"Q685941","rank":10,"level":1,"role":"Admin-1 capital"},"geometry":{"type":"Point","coordinates":[97.670048,16.500426]}},{"type":"Feature","id":"capital-1-1159145967","properties":{"name":"Pathein","localName":"Pathein","countryCode":"MMR","country":"Myanmar","division":"Ayeyarwady","qid":"Q870103","rank":10,"level":1,"role":"Admin-1 capital"},"geometry":{"type":"Point","coordinates":[94.749968,16.770409]}},{"type":"Feature","id":"capital-1-1159145993","properties":{"name":"Dawei","localName":"Dawei","countryCode":"MMR","country":"Myanmar","division":"Tanintharyi","qid":"Q1018167","rank":9,"level":1,"role":"Admin-1 capital"},"geometry":{"type":"Point","coordinates":[98.194978,14.097962]}},{"type":"Feature","id":"capital-1-1159146005","properties":{"name":"Gardēz","localName":"Gardiz","countryCode":"AFG","country":"Afghanistan","division":"Paktya","qid":"Q467632","rank":9,"level":1,"role":"Admin-1 capital"},"geometry":{"type":"Point","coordinates":[69.214628,33.600054]}},{"type":"Feature","id":"capital-1-1159146007","properties":{"name":"Limassol","localName":"Lemosos","countryCode":"CYP","country":"Cyprus","division":"Limassol","qid":"Q185632","rank":9,"level":1,"role":"Admin-1 capital"},"geometry":{"type":"Point","coordinates":[33.033322,34.675414]}},{"type":"Feature","id":"capital-1-1159146011","properties":{"name":"Pokhara","localName":"Pokhara","countryCode":"NPL","country":"Nepal","division":"Gorkha","qid":"Q6640","rank":9,"level":1,"role":"Admin-1 capital"},"geometry":{"type":"Point","coordinates":[84.00558,28.204201]}},{"type":"Feature","id":"capital-1-1159146019","properties":{"name":"Capitol Hill","localName":"Capitol Hill","countryCode":"MNP","country":"Northern Mariana Islands","division":null,"qid":"Q3273113","rank":4,"level":1,"role":"Admin-1 capital"},"geometry":{"type":"Point","coordinates":[145.750576,15.211254]}},{"type":"Feature","id":"capital-1-1159146029","properties":{"name":"Grytviken","localName":"Grytviken","countryCode":"SGS","country":"South Georgia","division":null,"qid":"Q185672","rank":1,"level":1,"role":"Admin-1 capital"},"geometry":{"type":"Point","coordinates":[-36.507989,-54.280577]}},{"type":"Feature","id":"capital-1-1159146047","properties":{"name":"Burao","localName":"Burco","countryCode":"SOL","country":"Somaliland","division":null,"qid":"Q948448","rank":9,"level":1,"role":"Admin-1 capital"},"geometry":{"type":"Point","coordinates":[45.54,9.520387]}},{"type":"Feature","id":"capital-1-1159146053","properties":{"name":"Koror","localName":"Koror","countryCode":"PLW","country":"Palau","division":null,"qid":"Q527748","rank":6,"level":1,"role":"Admin-1 capital"},"geometry":{"type":"Point","coordinates":[134.469501,7.345226]}},{"type":"Feature","id":"capital-1-1159146069","properties":{"name":"La Romana","localName":"La Romana","countryCode":"DOM","country":"Dominican Republic","division":"La Romana","qid":"Q40508","rank":10,"level":1,"role":"Admin-1 capital"},"geometry":{"type":"Point","coordinates":[-68.966602,18.417001]}},{"type":"Feature","id":"capital-1-1159146169","properties":{"name":"Changhua","localName":"Changhua","countryCode":"TWN","country":"Taiwan","division":"Changhua","qid":"Q195215","rank":11,"level":1,"role":"Admin-1 capital"},"geometry":{"type":"Point","coordinates":[120.513409,24.0734]}},{"type":"Feature","id":"capital-1-1159146173","properties":{"name":"Chiayi City","localName":"Chiayi","countryCode":"TWN","country":"Taiwan","division":"Chiayi City","qid":"Q249995","rank":10,"level":1,"role":"Admin-1 capital"},"geometry":{"type":"Point","coordinates":[120.435067,23.475452]}},{"type":"Feature","id":"capital-1-1159146175","properties":{"name":"Hsinchu","localName":"Hsinchu","countryCode":"TWN","country":"Taiwan","division":"Hsinchu City","qid":"Q249994","rank":11,"level":1,"role":"Admin-1 capital"},"geometry":{"type":"Point","coordinates":[120.976739,24.816791]}},{"type":"Feature","id":"capital-1-1159146177","properties":{"name":"Miaoli City","localName":"Miaoli","countryCode":"TWN","country":"Taiwan","division":"Miaoli","qid":"Q701651","rank":9,"level":1,"role":"Admin-1 capital"},"geometry":{"type":"Point","coordinates":[120.82,24.57]}},{"type":"Feature","id":"capital-1-1159146179","properties":{"name":"Pingtung City","localName":"Pingtung","countryCode":"TWN","country":"Taiwan","division":"Pingtung","qid":"Q713377","rank":11,"level":1,"role":"Admin-1 capital"},"geometry":{"type":"Point","coordinates":[120.481679,22.681702]}},{"type":"Feature","id":"capital-1-1159146181","properties":{"name":"San José de Mayo","localName":"San José de Mayo","countryCode":"URY","country":"Uruguay","division":"San José","qid":"Q983435","rank":7,"level":1,"role":"Admin-1 capital"},"geometry":{"type":"Point","coordinates":[-56.709986,-34.349959]}},{"type":"Feature","id":"capital-1-1159146183","properties":{"name":"Rocha","localName":"Rocha","countryCode":"URY","country":"Uruguay","division":"Rocha","qid":"Q1017387","rank":7,"level":1,"role":"Admin-1 capital"},"geometry":{"type":"Point","coordinates":[-54.333025,-34.482974]}},{"type":"Feature","id":"capital-1-1159146205","properties":{"name":"Carson City","localName":"Carson City","countryCode":"USA","country":"United States","division":"Nevada","qid":"Q40881","rank":8,"level":1,"role":"Admin-1 capital"},"geometry":{"type":"Point","coordinates":[-119.766395,39.163849]}},{"type":"Feature","id":"capital-1-1159146223","properties":{"name":"Little Rock","localName":"Little Rock","countryCode":"USA","country":"United States","division":"Arkansas","qid":"Q33405","rank":10,"level":1,"role":"Admin-1 capital"},"geometry":{"type":"Point","coordinates":[-92.331093,34.736083]}},{"type":"Feature","id":"capital-1-1159146229","properties":{"name":"Jefferson City","localName":"Jefferson City","countryCode":"USA","country":"United States","division":"Missouri","qid":"Q28180","rank":8,"level":1,"role":"Admin-1 capital"},"geometry":{"type":"Point","coordinates":[-92.173325,38.576623]}},{"type":"Feature","id":"capital-1-1159146251","properties":{"name":"San Fernando de Apure","localName":"San Fernando de Apure","countryCode":"VEN","country":"Venezuela","division":"Apure","qid":"Q990764","rank":9,"level":1,"role":"Admin-1 capital"},"geometry":{"type":"Point","coordinates":[-67.469949,7.899995]}},{"type":"Feature","id":"capital-1-1159146253","properties":{"name":"Barquisimeto","localName":"Barquisimeto","countryCode":"VEN","country":"Venezuela","division":"Lara","qid":"Q4709","rank":12,"level":1,"role":"Admin-1 capital"},"geometry":{"type":"Point","coordinates":[-69.301913,10.051938]}},{"type":"Feature","id":"capital-1-1159146255","properties":{"name":"Hartford","localName":"Hartford","countryCode":"USA","country":"United States","division":"Connecticut","qid":"Q33486","rank":11,"level":1,"role":"Admin-1 capital"},"geometry":{"type":"Point","coordinates":[-72.681913,41.771966]}},{"type":"Feature","id":"capital-1-1159146257","properties":{"name":"Providence","localName":"Providence","countryCode":"USA","country":"United States","division":"Rhode Island","qid":"Q18383","rank":12,"level":1,"role":"Admin-1 capital"},"geometry":{"type":"Point","coordinates":[-71.416926,41.823048]}},{"type":"Feature","id":"capital-1-1159146271","properties":{"name":"Springfield","localName":"Springfield","countryCode":"USA","country":"United States","division":"Illinois","qid":"Q28515","rank":9,"level":1,"role":"Admin-1 capital"},"geometry":{"type":"Point","coordinates":[-89.637126,39.788247]}},{"type":"Feature","id":"capital-1-1159146273","properties":{"name":"Frankfort","localName":"Frankfort","countryCode":"USA","country":"United States","division":"Kentucky","qid":"Q28603","rank":7,"level":1,"role":"Admin-1 capital"},"geometry":{"type":"Point","coordinates":[-84.873357,38.200806]}},{"type":"Feature","id":"capital-1-1159146283","properties":{"name":"Madison","localName":"Madison","countryCode":"USA","country":"United States","division":"Wisconsin","qid":"Q43788","rank":10,"level":1,"role":"Admin-1 capital"},"geometry":{"type":"Point","coordinates":[-89.401117,43.073016]}},{"type":"Feature","id":"capital-1-1159146287","properties":{"name":"Trenton","localName":"Trenton","countryCode":"USA","country":"United States","division":"New Jersey","qid":"Q25330","rank":10,"level":1,"role":"Admin-1 capital"},"geometry":{"type":"Point","coordinates":[-74.743355,40.216963]}},{"type":"Feature","id":"capital-1-1159146289","properties":{"name":"Maturín","localName":"Maturín","countryCode":"VEN","country":"Venezuela","division":"Monagas","qid":"Q842779","rank":10,"level":1,"role":"Admin-1 capital"},"geometry":{"type":"Point","coordinates":[-63.170031,9.749959]}},{"type":"Feature","id":"capital-1-1159146291","properties":{"name":"Cumaná","localName":"Cumaná","countryCode":"VEN","country":"Venezuela","division":"Sucre","qid":"Q319476","rank":10,"level":1,"role":"Admin-1 capital"},"geometry":{"type":"Point","coordinates":[-64.180021,10.449994]}},{"type":"Feature","id":"capital-1-1159146293","properties":{"name":"Lansing","localName":"Lansing","countryCode":"USA","country":"United States","division":"Michigan","qid":"Q28237","rank":10,"level":1,"role":"Admin-1 capital"},"geometry":{"type":"Point","coordinates":[-84.546736,42.733527]}},{"type":"Feature","id":"capital-1-1159146309","properties":{"name":"Jönköping","localName":"Jönköping","countryCode":"SWE","country":"Sweden","division":"Jönköping","qid":"Q25415","rank":8,"level":1,"role":"Admin-1 capital"},"geometry":{"type":"Point","coordinates":[14.165016,57.771343]}},{"type":"Feature","id":"capital-1-1159146313","properties":{"name":"Zaporizhzhia","localName":"Zaporizhzhya","countryCode":"UKR","country":"Ukraine","division":"Zaporizhzhya","qid":"Q157835","rank":11,"level":1,"role":"Admin-1 capital"},"geometry":{"type":"Point","coordinates":[35.174863,47.859243]}},{"type":"Feature","id":"capital-1-1159146319","properties":{"name":"Termez","localName":"Termiz","countryCode":"UZB","country":"Uzbekistan","division":"Surkhandarya","qid":"Q491879","rank":9,"level":1,"role":"Admin-1 capital"},"geometry":{"type":"Point","coordinates":[67.272937,37.232933]}},{"type":"Feature","id":"capital-1-1159146321","properties":{"name":"Fergana","localName":"Fargona","countryCode":"UZB","country":"Uzbekistan","division":"Ferghana","qid":"Q486329","rank":11,"level":1,"role":"Admin-1 capital"},"geometry":{"type":"Point","coordinates":[71.780001,40.389975]}},{"type":"Feature","id":"capital-1-1159146323","properties":{"name":"Namangan","localName":"Namangan","countryCode":"UZB","country":"Uzbekistan","division":"Namangan","qid":"Q492552","rank":11,"level":1,"role":"Admin-1 capital"},"geometry":{"type":"Point","coordinates":[71.669982,41.000016]}},{"type":"Feature","id":"capital-1-1159146325","properties":{"name":"Khorugh","localName":"Khorugh","countryCode":"TJK","country":"Tajikistan","division":"Gorno-Badakhshan","qid":"Q467501","rank":7,"level":1,"role":"Admin-1 capital"},"geometry":{"type":"Point","coordinates":[71.54756,37.487517]}},{"type":"Feature","id":"capital-1-1159146327","properties":{"name":"Khujand","localName":"Khujand","countryCode":"TJK","country":"Tajikistan","division":"Leninabad","qid":"Q373808","rank":10,"level":1,"role":"Admin-1 capital"},"geometry":{"type":"Point","coordinates":[69.619926,40.289981]}},{"type":"Feature","id":"capital-1-1159146329","properties":{"name":"Khon Kaen","localName":"Khon Kaen","countryCode":"THA","country":"Thailand","division":"Khon Kaen","qid":"Q876526","rank":10,"level":1,"role":"Admin-1 capital"},"geometry":{"type":"Point","coordinates":[102.830044,16.420043]}},{"type":"Feature","id":"capital-1-1159146331","properties":{"name":"Thái Nguyên","localName":"Thái Nguyên","countryCode":"VNM","country":"Vietnam","division":"Thái Nguyên","qid":"Q26581","rank":10,"level":1,"role":"Admin-1 capital"},"geometry":{"type":"Point","coordinates":[105.830015,21.599959]}},{"type":"Feature","id":"capital-1-1159146335","properties":{"name":"Thanh Hóa","localName":"Thanh Hóa","countryCode":"VNM","country":"Vietnam","division":"Thanh H","qid":"Q36175","rank":9,"level":1,"role":"Admin-1 capital"},"geometry":{"type":"Point","coordinates":[105.799991,19.820016]}},{"type":"Feature","id":"capital-1-1159146339","properties":{"name":"Vinh","localName":"Vinh","countryCode":"VNM","country":"Vietnam","division":"Ngh? An","qid":"Q33428","rank":11,"level":1,"role":"Admin-1 capital"},"geometry":{"type":"Point","coordinates":[105.679999,18.699981]}},{"type":"Feature","id":"capital-1-1159146341","properties":{"name":"Đồng Hới","localName":"Đồng Hới","countryCode":"VNM","country":"Vietnam","division":"Qu?ng Bình","qid":"Q1877","rank":9,"level":1,"role":"Admin-1 capital"},"geometry":{"type":"Point","coordinates":[106.600046,17.483337]}},{"type":"Feature","id":"capital-1-1159146345","properties":{"name":"La Ceiba","localName":"La Ceiba","countryCode":"HND","country":"Honduras","division":"Atlántida","qid":"Q916536","rank":9,"level":1,"role":"Admin-1 capital"},"geometry":{"type":"Point","coordinates":[-86.796987,15.763106]}},{"type":"Feature","id":"capital-1-1159146347","properties":{"name":"San Pedro Sula","localName":"San Pedro Sula","countryCode":"HND","country":"Honduras","division":"Cortés","qid":"Q274584","rank":11,"level":1,"role":"Admin-1 capital"},"geometry":{"type":"Point","coordinates":[-88.029986,15.500022]}},{"type":"Feature","id":"capital-1-1159146355","properties":{"name":"Murcia","localName":"Murcia","countryCode":"ESP","country":"Spain","division":"Región de Murcia","qid":"Q12225","rank":10,"level":1,"role":"Admin-1 capital"},"geometry":{"type":"Point","coordinates":[-1.129968,37.979993]}},{"type":"Feature","id":"capital-1-1159146357","properties":{"name":"Ceuta","localName":"Ceuta","countryCode":"ESP","country":"Spain","division":"Ceuta","qid":"Q5823","rank":8,"level":1,"role":"Admin-1 capital"},"geometry":{"type":"Point","coordinates":[-5.306999,35.888984]}},{"type":"Feature","id":"capital-1-1159146363","properties":{"name":"Cap-Haïtien","localName":"Cap-Haïtien","countryCode":"HTI","country":"Haiti","division":"Nord","qid":"Q216835","rank":10,"level":1,"role":"Admin-1 capital"},"geometry":{"type":"Point","coordinates":[-72.212516,19.759222]}},{"type":"Feature","id":"capital-1-1159146377","properties":{"name":"Trabzon","localName":"Trabzon","countryCode":"TUR","country":"Türkiye","division":"Trabzon","qid":"Q45301","rank":11,"level":1,"role":"Admin-1 capital"},"geometry":{"type":"Point","coordinates":[39.719994,40.979991]}},{"type":"Feature","id":"capital-1-1159146379","properties":{"name":"Galle","localName":"Galle","countryCode":"LKA","country":"Sri Lanka","division":"Galle","qid":"Q319366","rank":8,"level":1,"role":"Admin-1 capital"},"geometry":{"type":"Point","coordinates":[80.240001,6.030005]}},{"type":"Feature","id":"capital-1-1159146381","properties":{"name":"Suwon","localName":"Suwon","countryCode":"KOR","country":"South Korea","division":"Gyeonggi-do","qid":"Q20714","rank":12,"level":1,"role":"Admin-1 capital"},"geometry":{"type":"Point","coordinates":[127.008947,37.259735]}},{"type":"Feature","id":"capital-1-1159146389","properties":{"name":"Şanlıurfa","localName":"Şanlıurfa","countryCode":"TUR","country":"Türkiye","division":"Sanliurfa","qid":"Q133118","rank":10,"level":1,"role":"Admin-1 capital"},"geometry":{"type":"Point","coordinates":[38.794986,37.169991]}},{"type":"Feature","id":"capital-1-1159146391","properties":{"name":"Kasese","localName":"Kasese","countryCode":"UGA","country":"Uganda","division":"Kasese","qid":"Q1232016","rank":8,"level":1,"role":"Admin-1 capital"},"geometry":{"type":"Point","coordinates":[30.081379,0.171078]}},{"type":"Feature","id":"capital-1-1159146393","properties":{"name":"Pamplona","localName":"Pamplona","countryCode":"ESP","country":"Spain","division":"Comunidad Foral de Navarra","qid":"Q10282","rank":10,"level":1,"role":"Admin-1 capital"},"geometry":{"type":"Point","coordinates":[-1.649987,42.820008]}},{"type":"Feature","id":"capital-1-1159146401","properties":{"name":"Bodø","localName":"Bodø","countryCode":"NOR","country":"Norway","division":"Nordland","qid":"Q39383","rank":7,"level":1,"role":"Admin-1 capital"},"geometry":{"type":"Point","coordinates":[14.429285,67.276435]}},{"type":"Feature","id":"capital-1-1159146403","properties":{"name":"Chiclayo","localName":"Chiclayo","countryCode":"PER","country":"Peru","division":"Lambayeque","qid":"Q260911","rank":11,"level":1,"role":"Admin-1 capital"},"geometry":{"type":"Point","coordinates":[-79.836585,-6.762909]}},{"type":"Feature","id":"capital-1-1159146409","properties":{"name":"Cerro de Pasco","localName":"Cerro de Pasco","countryCode":"PER","country":"Peru","division":"Pasco","qid":"Q674320","rank":9,"level":1,"role":"Admin-1 capital"},"geometry":{"type":"Point","coordinates":[-76.269981,-10.690008]}},{"type":"Feature","id":"capital-1-1159146413","properties":{"name":"Ayacucho","localName":"Ayacucho","countryCode":"PER","country":"Peru","division":"Ayacucho","qid":"Q504215","rank":9,"level":1,"role":"Admin-1 capital"},"geometry":{"type":"Point","coordinates":[-74.219951,-13.175024]}},{"type":"Feature","id":"capital-1-1159146415","properties":{"name":"Callao","localName":"Callao","countryCode":"PER","country":"Peru","division":"Lima","qid":"Q105037","rank":11,"level":1,"role":"Admin-1 capital"},"geometry":{"type":"Point","coordinates":[-77.134967,-12.070027]}},{"type":"Feature","id":"capital-1-1159146417","properties":{"name":"Concepción","localName":"Concepción","countryCode":"PRY","country":"Paraguay","division":"Concepción","qid":"Q840962","rank":8,"level":1,"role":"Admin-1 capital"},"geometry":{"type":"Point","coordinates":[-57.434412,-23.406389]}},{"type":"Feature","id":"capital-1-1159146419","properties":{"name":"Villarrica","localName":"Villarrica","countryCode":"PRY","country":"Paraguay","division":"Guairá","qid":"Q288685","rank":7,"level":1,"role":"Admin-1 capital"},"geometry":{"type":"Point","coordinates":[-56.43331,-25.750019]}},{"type":"Feature","id":"capital-1-1159146421","properties":{"name":"Bilwi","localName":"Bilwi","countryCode":"NIC","country":"Nicaragua","division":"Atlántico Norte","qid":"Q1008456","rank":7,"level":1,"role":"Admin-1 capital"},"geometry":{"type":"Point","coordinates":[-83.383371,14.033341]}},{"type":"Feature","id":"capital-1-1159146425","properties":{"name":"León","localName":"León","countryCode":"NIC","country":"Nicaragua","division":"León","qid":"Q208151","rank":9,"level":1,"role":"Admin-1 capital"},"geometry":{"type":"Point","coordinates":[-86.879436,12.435557]}},{"type":"Feature","id":"capital-1-1159146427","properties":{"name":"Setúbal","localName":"Setúbal","countryCode":"PRT","country":"Portugal","division":"Lisboa","qid":"Q173699","rank":9,"level":1,"role":"Admin-1 capital"},"geometry":{"type":"Point","coordinates":[-8.90001,38.529959]}},{"type":"Feature","id":"capital-1-1159146429","properties":{"name":"Porto","localName":"Porto","countryCode":"PRT","country":"Portugal","division":"Porto","qid":"Q36433","rank":12,"level":1,"role":"Admin-1 capital"},"geometry":{"type":"Point","coordinates":[-8.621947,41.151952]}},{"type":"Feature","id":"capital-1-1159146443","properties":{"name":"Stavanger","localName":"Stavanger","countryCode":"NOR","country":"Norway","division":"Rogaland","qid":"Q25416","rank":9,"level":1,"role":"Admin-1 capital"},"geometry":{"type":"Point","coordinates":[5.680004,58.970004]}},{"type":"Feature","id":"capital-1-1159146445","properties":{"name":"Skien","localName":"Skien","countryCode":"NOR","country":"Norway","division":"Telemark","qid":"Q2272","rank":8,"level":1,"role":"Admin-1 capital"},"geometry":{"type":"Point","coordinates":[9.600024,59.19999]}},{"type":"Feature","id":"capital-1-1159146453","properties":{"name":"Vadsø","localName":"Vadsø","countryCode":"NOR","country":"Norway","division":"Finnmark","qid":"Q104379","rank":5,"level":1,"role":"Admin-1 capital"},"geometry":{"type":"Point","coordinates":[29.765749,70.096597]}},{"type":"Feature","id":"capital-1-1159146473","properties":{"name":"Karakol","localName":"Karakol","countryCode":"KGZ","country":"Kyrgyzstan","division":"Ysyk-Köl","qid":"Q194452","rank":8,"level":1,"role":"Admin-1 capital"},"geometry":{"type":"Point","coordinates":[78.38182,42.492043]}},{"type":"Feature","id":"capital-1-1159146479","properties":{"name":"Johor Bahru","localName":"Johor Bahru","countryCode":"MYS","country":"Malaysia","division":"Johor","qid":"Q231318","rank":11,"level":1,"role":"Admin-1 capital"},"geometry":{"type":"Point","coordinates":[103.728094,1.481971]}},{"type":"Feature","id":"capital-1-1159146481","properties":{"name":"Klang","localName":"Kelang","countryCode":"MYS","country":"Malaysia","division":"Selangor","qid":"Q856003","rank":11,"level":1,"role":"Admin-1 capital"},"geometry":{"type":"Point","coordinates":[101.447059,3.043281]}},{"type":"Feature","id":"capital-1-1159146487","properties":{"name":"Bucaramanga","localName":"Colón","countryCode":"PAN","country":"Panama","division":"Colón","qid":"Q12825018","rank":10,"level":1,"role":"Admin-1 capital"},"geometry":{"type":"Point","coordinates":[-79.87498,9.365021]}},{"type":"Feature","id":"capital-1-1159146503","properties":{"name":"Veliky Novgorod","localName":"Velikiy Novgorod","countryCode":"RUS","country":"Russia","division":"Novgorod","qid":"Q2235","rank":10,"level":1,"role":"Admin-1 capital"},"geometry":{"type":"Point","coordinates":[31.330015,58.499981]}},{"type":"Feature","id":"capital-1-1159146519","properties":{"name":"Kursk","localName":"Kursk","countryCode":"RUS","country":"Russia","division":"Kursk","qid":"Q3159","rank":10,"level":1,"role":"Admin-1 capital"},"geometry":{"type":"Point","coordinates":[36.190028,51.73998]}},{"type":"Feature","id":"capital-1-1159146521","properties":{"name":"Tula","localName":"Tula","countryCode":"RUS","country":"Russia","division":"Tula","qid":"Q2770","rank":10,"level":1,"role":"Admin-1 capital"},"geometry":{"type":"Point","coordinates":[37.629941,54.199959]}},{"type":"Feature","id":"capital-1-1159146523","properties":{"name":"Tambov","localName":"Tambov","countryCode":"RUS","country":"Russia","division":"Tambov","qid":"Q3544","rank":10,"level":1,"role":"Admin-1 capital"},"geometry":{"type":"Point","coordinates":[41.430019,52.730023]}},{"type":"Feature","id":"capital-1-1159146527","properties":{"name":"Kurgan","localName":"Kurgan","countryCode":"RUS","country":"Russia","division":"Kurgan","qid":"Q13379","rank":10,"level":1,"role":"Admin-1 capital"},"geometry":{"type":"Point","coordinates":[65.344993,55.45996]}},{"type":"Feature","id":"capital-1-1159146537","properties":{"name":"Salekhard","localName":"Salekhard","countryCode":"RUS","country":"Russia","division":"Yamal-Nenets","qid":"Q6494","rank":7,"level":1,"role":"Admin-1 capital"},"geometry":{"type":"Point","coordinates":[66.60998,66.53502]}},{"type":"Feature","id":"capital-1-1159146551","properties":{"name":"Syktyvkar","localName":"Syktyvkar","countryCode":"RUS","country":"Russia","division":"Komi","qid":"Q2143","rank":10,"level":1,"role":"Admin-1 capital"},"geometry":{"type":"Point","coordinates":[50.819988,61.659995]}},{"type":"Feature","id":"capital-1-1159146557","properties":{"name":"Cheboksary","localName":"Cheboksary","countryCode":"RUS","country":"Russia","division":"Chuvash","qid":"Q5470","rank":10,"level":1,"role":"Admin-1 capital"},"geometry":{"type":"Point","coordinates":[47.250025,56.12997]}},{"type":"Feature","id":"capital-1-1159146569","properties":{"name":"Khanty-Mansiysk","localName":"Khanty Mansiysk","countryCode":"RUS","country":"Russia","division":"Khanty-Mansiy","qid":"Q6329","rank":8,"level":1,"role":"Admin-1 capital"},"geometry":{"type":"Point","coordinates":[69.001514,61.001534]}},{"type":"Feature","id":"capital-1-1159146581","properties":{"name":"Gorno-Altaysk","localName":"Gorno Altaysk","countryCode":"RUS","country":"Russia","division":"Gorno-Altay","qid":"Q6025","rank":8,"level":1,"role":"Admin-1 capital"},"geometry":{"type":"Point","coordinates":[85.957688,51.961336]}},{"type":"Feature","id":"capital-1-1159146589","properties":{"name":"Makhachkala","localName":"Makhachkala","countryCode":"RUS","country":"Russia","division":"Dagestan","qid":"Q5168","rank":11,"level":1,"role":"Admin-1 capital"},"geometry":{"type":"Point","coordinates":[47.499984,42.980024]}},{"type":"Feature","id":"capital-1-1159146597","properties":{"name":"Ulsan","localName":"Ulsan","countryCode":"KOR","country":"South Korea","division":"Ulsan","qid":"Q41278","rank":12,"level":1,"role":"Admin-1 capital"},"geometry":{"type":"Point","coordinates":[129.315008,35.548677]}},{"type":"Feature","id":"capital-1-1159146599","properties":{"name":"Daegu","localName":"Daegu","countryCode":"KOR","country":"South Korea","division":"Taegu-gwangyoksi","qid":"Q20927","rank":12,"level":1,"role":"Admin-1 capital"},"geometry":{"type":"Point","coordinates":[128.605026,35.868735]}},{"type":"Feature","id":"capital-1-1159146609","properties":{"name":"Tura","localName":"Tura","countryCode":"RUS","country":"Russia","division":"Evenk","qid":"Q997040","rank":5,"level":1,"role":"Admin-1 capital"},"geometry":{"type":"Point","coordinates":[100.250046,64.283297]}},{"type":"Feature","id":"capital-1-1159146655","properties":{"name":"Dudinka","localName":"Dudinka","countryCode":"RUS","country":"Russia","division":"Taymyr","qid":"Q135482","rank":7,"level":1,"role":"Admin-1 capital"},"geometry":{"type":"Point","coordinates":[86.22501,69.418203]}},{"type":"Feature","id":"capital-1-1159146751","properties":{"name":"Birobidzhan","localName":"Birobidzhan","countryCode":"RUS","country":"Russia","division":"Yevrey","qid":"Q7769","rank":8,"level":1,"role":"Admin-1 capital"},"geometry":{"type":"Point","coordinates":[132.950789,48.797421]}},{"type":"Feature","id":"capital-1-1159146759","properties":{"name":"Komsomolsk-on-Amur","localName":"Komsomolsk na Amure","countryCode":"RUS","country":"Russia","division":"Khabarovsk","qid":"Q154801","rank":10,"level":1,"role":"Admin-1 capital"},"geometry":{"type":"Point","coordinates":[137.019998,50.554988]}},{"type":"Feature","id":"capital-1-1159146787","properties":{"name":"Saltillo","localName":"Saltillo","countryCode":"MEX","country":"Mexico","division":"Coahuila","qid":"Q53077","rank":11,"level":1,"role":"Admin-1 capital"},"geometry":{"type":"Point","coordinates":[-101.006928,25.421905]}},{"type":"Feature","id":"capital-1-1159146793","properties":{"name":"Durango","localName":"Durango","countryCode":"MEX","country":"Mexico","division":"Durango","qid":"Q112813","rank":10,"level":1,"role":"Admin-1 capital"},"geometry":{"type":"Point","coordinates":[-104.67003,24.031103]}},{"type":"Feature","id":"capital-1-1159146797","properties":{"name":"Ciudad Victoria","localName":"Ciudad Victoria","countryCode":"MEX","country":"Mexico","division":"Tamaulipas","qid":"Q331661","rank":10,"level":1,"role":"Admin-1 capital"},"geometry":{"type":"Point","coordinates":[-99.129981,23.719959]}},{"type":"Feature","id":"capital-1-1159146799","properties":{"name":"Aguascalientes City","localName":"Aguascalientes","countryCode":"MEX","country":"Mexico","division":"Aguascalientes","qid":"Q200805","rank":11,"level":1,"role":"Admin-1 capital"},"geometry":{"type":"Point","coordinates":[-102.292359,21.881406]}},{"type":"Feature","id":"capital-1-1159146807","properties":{"name":"Villahermosa","localName":"Villahermosa","countryCode":"MEX","country":"Mexico","division":"Tabasco","qid":"Q210886","rank":10,"level":1,"role":"Admin-1 capital"},"geometry":{"type":"Point","coordinates":[-92.899973,17.999972]}},{"type":"Feature","id":"capital-1-1159146809","properties":{"name":"Cuernavaca","localName":"Cuernavaca","countryCode":"MEX","country":"Mexico","division":"Morelos","qid":"Q204245","rank":11,"level":1,"role":"Admin-1 capital"},"geometry":{"type":"Point","coordinates":[-99.24,18.921105]}},{"type":"Feature","id":"capital-1-1159146811","properties":{"name":"Santiago de Querétaro","localName":"Querétaro","countryCode":"MEX","country":"Mexico","division":"Querétaro","qid":"Q173121","rank":11,"level":1,"role":"Admin-1 capital"},"geometry":{"type":"Point","coordinates":[-100.386667,20.577704]}},{"type":"Feature","id":"capital-1-1159146815","properties":{"name":"Chetumal","localName":"Chetumal","countryCode":"MEX","country":"Mexico","division":"Quintana Roo","qid":"Q459553","rank":9,"level":1,"role":"Admin-1 capital"},"geometry":{"type":"Point","coordinates":[-88.299996,18.500019]}},{"type":"Feature","id":"capital-1-1159146821","properties":{"name":"Savannakhet","localName":"Savannakhet","countryCode":"LAO","country":"Laos","division":"Savannakhét","qid":"Q750443","rank":8,"level":1,"role":"Admin-1 capital"},"geometry":{"type":"Point","coordinates":[104.772974,16.537581]}},{"type":"Feature","id":"capital-1-1159146823","properties":{"name":"Sainshand","localName":"Buyant-Uhaa","countryCode":"MNG","country":"Mongolia","division":"Dornogovi","qid":"Q943290","rank":5,"level":1,"role":"Admin-1 capital"},"geometry":{"type":"Point","coordinates":[110.15001,44.866601]}},{"type":"Feature","id":"capital-1-1159146825","properties":{"name":"Nampho","localName":"Nampo","countryCode":"PRK","country":"North Korea","division":"Namp'o-si","qid":"Q109386","rank":12,"level":1,"role":"Admin-1 capital"},"geometry":{"type":"Point","coordinates":[125.450488,38.768867]}},{"type":"Feature","id":"capital-1-1159146827","properties":{"name":"Chongjin","localName":"Chongjin","countryCode":"PRK","country":"North Korea","division":"Hamgyong-bukto","qid":"Q109336","rank":11,"level":1,"role":"Admin-1 capital"},"geometry":{"type":"Point","coordinates":[129.79,41.784619]}},{"type":"Feature","id":"capital-1-1159146831","properties":{"name":"Hamhung","localName":"Hamhung","countryCode":"PRK","country":"North Korea","division":"Hamgyong-namdo","qid":"Q109356","rank":11,"level":1,"role":"Admin-1 capital"},"geometry":{"type":"Point","coordinates":[127.543488,39.912002]}},{"type":"Feature","id":"capital-1-1159146833","properties":{"name":"Öndörkhaan","localName":"Öndörkhaan","countryCode":"MNG","country":"Mongolia","division":"Hentiy","qid":"Q297632","rank":6,"level":1,"role":"Admin-1 capital"},"geometry":{"type":"Point","coordinates":[110.650031,47.316684]}},{"type":"Feature","id":"capital-1-1159146835","properties":{"name":"Bayankhongor","localName":"Bayankhongor","countryCode":"MNG","country":"Mongolia","division":"Bayanhongor","qid":"Q804117","rank":7,"level":1,"role":"Admin-1 capital"},"geometry":{"type":"Point","coordinates":[100.983334,46.300002]}},{"type":"Feature","id":"capital-1-1159146839","properties":{"name":"Uliastai","localName":"Uliastay","countryCode":"MNG","country":"Mongolia","division":"Dzavhan","qid":"Q943374","rank":5,"level":1,"role":"Admin-1 capital"},"geometry":{"type":"Point","coordinates":[96.816716,47.750017]}},{"type":"Feature","id":"capital-1-1159146841","properties":{"name":"Altai","localName":"Altai","countryCode":"MNG","country":"Mongolia","division":"Govi-Altay","qid":"Q433861","rank":7,"level":1,"role":"Admin-1 capital"},"geometry":{"type":"Point","coordinates":[96.25585,46.361858]}},{"type":"Feature","id":"capital-1-1159146843","properties":{"name":"Mörön","localName":"Mörön","countryCode":"MNG","country":"Mongolia","division":"Hövsgöl","qid":"Q572951","rank":7,"level":1,"role":"Admin-1 capital"},"geometry":{"type":"Point","coordinates":[100.154444,49.645276]}},{"type":"Feature","id":"capital-1-1159146845","properties":{"name":"Ulaangom","localName":"Ulaangom","countryCode":"MNG","country":"Mongolia","division":"Uvs","qid":"Q822815","rank":7,"level":1,"role":"Admin-1 capital"},"geometry":{"type":"Point","coordinates":[92.066618,49.983317]}},{"type":"Feature","id":"capital-1-1159146847","properties":{"name":"Bulgan","localName":"Bulgan","countryCode":"MNG","country":"Mongolia","division":"Bulgan","qid":"Q945055","rank":6,"level":1,"role":"Admin-1 capital"},"geometry":{"type":"Point","coordinates":[103.531706,48.810598]}},{"type":"Feature","id":"capital-1-1159146849","properties":{"name":"Mandalgovi","localName":"Mandalgovi","countryCode":"MNG","country":"Mongolia","division":"Dundgovi","qid":"Q1000373","rank":4,"level":1,"role":"Admin-1 capital"},"geometry":{"type":"Point","coordinates":[106.266009,45.749984]}},{"type":"Feature","id":"capital-1-1159146857","properties":{"name":"Arvaikheer","localName":"Arvaikheer","countryCode":"MNG","country":"Mongolia","division":"Övörhangay","qid":"Q717684","rank":7,"level":1,"role":"Admin-1 capital"},"geometry":{"type":"Point","coordinates":[102.766585,46.249979]}},{"type":"Feature","id":"capital-1-1159146859","properties":{"name":"Baruun-Urt","localName":"Baruun-Urt","countryCode":"MNG","country":"Mongolia","division":"Sühbaatar","qid":"Q809657","rank":6,"level":1,"role":"Admin-1 capital"},"geometry":{"type":"Point","coordinates":[113.283307,46.699978]}},{"type":"Feature","id":"capital-1-1159146869","properties":{"name":"Cork","localName":"Cork","countryCode":"IRL","country":"Ireland","division":"Cork","qid":"Q36647","rank":9,"level":1,"role":"Admin-1 capital"},"geometry":{"type":"Point","coordinates":[-8.46511,51.892838]}},{"type":"Feature","id":"capital-1-1159146875","properties":{"name":"Turin","localName":"Turin","countryCode":"ITA","country":"Italy","division":"Piemonte","qid":"Q495","rank":12,"level":1,"role":"Admin-1 region capital"},"geometry":{"type":"Point","coordinates":[7.668015,45.072333]}},{"type":"Feature","id":"capital-1-1159146905","properties":{"name":"Denpasar","localName":"Denpasar","countryCode":"IDN","country":"Indonesia","division":"Bali","qid":"Q11506","rank":11,"level":1,"role":"Admin-1 capital"},"geometry":{"type":"Point","coordinates":[115.219985,-8.650029]}},{"type":"Feature","id":"capital-1-1159146911","properties":{"name":"Portoviejo","localName":"Portoviejo","countryCode":"ECU","country":"Ecuador","division":"Manabi","qid":"Q990716","rank":10,"level":1,"role":"Admin-1 capital"},"geometry":{"type":"Point","coordinates":[-80.459983,-1.060001]}},{"type":"Feature","id":"capital-1-1159146915","properties":{"name":"Montería","localName":"Montería","countryCode":"COL","country":"Colombia","division":"Córdoba","qid":"Q852725","rank":10,"level":1,"role":"Admin-1 capital"},"geometry":{"type":"Point","coordinates":[-75.890004,8.757539]}},{"type":"Feature","id":"capital-1-1159146917","properties":{"name":"Bucaramanga","localName":"Bucaramanga","countryCode":"COL","country":"Colombia","division":"Santander","qid":"Q243766","rank":12,"level":1,"role":"Admin-1 capital"},"geometry":{"type":"Point","coordinates":[-73.127829,7.132039]}},{"type":"Feature","id":"capital-1-1159146919","properties":{"name":"Pinar del Rio","localName":"Pinar del Rio","countryCode":"CUB","country":"Cuba","division":"Pinar del Río","qid":"Q244139","rank":9,"level":1,"role":"Admin-1 capital"},"geometry":{"type":"Point","coordinates":[-83.69808,22.417506]}},{"type":"Feature","id":"capital-1-1159146921","properties":{"name":"Camagüey","localName":"Camagüey","countryCode":"CUB","country":"Cuba","division":"Camagüey","qid":"Q115329","rank":10,"level":1,"role":"Admin-1 capital"},"geometry":{"type":"Point","coordinates":[-77.916934,21.380825]}},{"type":"Feature","id":"capital-1-1159146923","properties":{"name":"Guantánamo","localName":"Guantánamo","countryCode":"CUB","country":"Cuba","division":"Guantánamo","qid":"Q185156","rank":10,"level":1,"role":"Admin-1 capital"},"geometry":{"type":"Point","coordinates":[-75.206144,20.145294]}},{"type":"Feature","id":"capital-1-1159146925","properties":{"name":"Holguín","localName":"Holguín","countryCode":"CUB","country":"Cuba","division":"Holguín","qid":"Q244154","rank":10,"level":1,"role":"Admin-1 capital"},"geometry":{"type":"Point","coordinates":[-76.263056,20.887238]}},{"type":"Feature","id":"capital-1-1159146929","properties":{"name":"Montego Bay","localName":"Montego Bay","countryCode":"JAM","country":"Jamaica","division":"Saint James","qid":"Q637555","rank":9,"level":1,"role":"Admin-1 capital"},"geometry":{"type":"Point","coordinates":[-77.916676,18.466688]}},{"type":"Feature","id":"capital-1-1159146931","properties":{"name":"Ibagué","localName":"Ibagué","countryCode":"COL","country":"Colombia","division":"Tolima","qid":"Q222755","rank":10,"level":1,"role":"Admin-1 capital"},"geometry":{"type":"Point","coordinates":[-75.232214,4.438914]}},{"type":"Feature","id":"capital-1-1159146933","properties":{"name":"Popayán","localName":"Popayán","countryCode":"COL","country":"Colombia","division":"Cauca","qid":"Q335135","rank":10,"level":1,"role":"Admin-1 capital"},"geometry":{"type":"Point","coordinates":[-76.610011,2.419993]}},{"type":"Feature","id":"capital-1-1159146935","properties":{"name":"Santa Marta","localName":"Santa Marta","countryCode":"COL","country":"Colombia","division":"Magdalena","qid":"Q209016","rank":10,"level":1,"role":"Admin-1 capital"},"geometry":{"type":"Point","coordinates":[-74.201657,11.247206]}},{"type":"Feature","id":"capital-1-1159146937","properties":{"name":"Cúcuta","localName":"Cúcuta","countryCode":"COL","country":"Colombia","division":"Norte de Santander","qid":"Q216847","rank":11,"level":1,"role":"Admin-1 capital"},"geometry":{"type":"Point","coordinates":[-72.519977,7.920019]}},{"type":"Feature","id":"capital-1-1159146939","properties":{"name":"Villavicencio","localName":"Villavicencio","countryCode":"COL","country":"Colombia","division":"Meta","qid":"Q749224","rank":10,"level":1,"role":"Admin-1 capital"},"geometry":{"type":"Point","coordinates":[-73.634999,4.153324]}},{"type":"Feature","id":"capital-1-1159146941","properties":{"name":"Santa Clara","localName":"Santa Clara","countryCode":"CUB","country":"Cuba","division":"Villa Clara","qid":"Q211590","rank":10,"level":1,"role":"Admin-1 capital"},"geometry":{"type":"Point","coordinates":[-79.966654,22.400014]}},{"type":"Feature","id":"capital-1-1159146949","properties":{"name":"Stuttgart","localName":"Stuttgart","countryCode":"DEU","country":"Germany","division":"Baden-Württemberg","qid":"Q1022","rank":12,"level":1,"role":"Admin-1 capital"},"geometry":{"type":"Point","coordinates":[9.199996,48.77998]}},{"type":"Feature","id":"capital-1-1159146951","properties":{"name":"Bremen","localName":"Bremen","countryCode":"DEU","country":"Germany","division":"Bremen","qid":"Q24879","rank":11,"level":1,"role":"Admin-1 capital"},"geometry":{"type":"Point","coordinates":[8.800021,53.080002]}},{"type":"Feature","id":"capital-1-1159146977","properties":{"name":"Haikou","localName":"Haikou","countryCode":"CHN","country":"China","division":"Hainan","qid":"Q189823","rank":12,"level":1,"role":"Admin-1 capital"},"geometry":{"type":"Point","coordinates":[110.320026,20.050002]}},{"type":"Feature","id":"capital-1-1159147029","properties":{"name":"Zhaotong","localName":"Zhaotang","countryCode":"CHN","country":"China","division":"Yunnan","qid":"Q197519","rank":11,"level":1,"role":"Admin-1 capital"},"geometry":{"type":"Point","coordinates":[103.718069,27.322331]}},{"type":"Feature","id":"capital-1-1159147079","properties":{"name":"Fushun","localName":"Fushun","countryCode":"CHN","country":"China","division":"Liaoning","qid":"Q75026","rank":12,"level":1,"role":"Admin-1 capital"},"geometry":{"type":"Point","coordinates":[123.868054,41.867335]}},{"type":"Feature","id":"capital-1-1159147123","properties":{"name":"Kagoshima","localName":"Kagoshima","countryCode":"JPN","country":"Japan","division":"Kagoshima","qid":"Q15674","rank":11,"level":1,"role":"Admin-1 capital"},"geometry":{"type":"Point","coordinates":[130.561064,31.585965]}},{"type":"Feature","id":"capital-1-1159147127","properties":{"name":"Matsuyama","localName":"Matsuyama","countryCode":"JPN","country":"Japan","division":"Ehime","qid":"Q200022","rank":11,"level":1,"role":"Admin-1 region capital"},"geometry":{"type":"Point","coordinates":[132.765839,33.845543]}},{"type":"Feature","id":"capital-1-1159147157","properties":{"name":"Kanazawa","localName":"Kanazawa","countryCode":"JPN","country":"Japan","division":"Ishikawa","qid":"Q191130","rank":11,"level":1,"role":"Admin-1 capital"},"geometry":{"type":"Point","coordinates":[136.640021,36.560002]}},{"type":"Feature","id":"capital-1-1159147165","properties":{"name":"Kōbe","localName":"Kōbe","countryCode":"JPN","country":"Japan","division":"Hyogo","qid":"Q48320","rank":12,"level":1,"role":"Admin-1 capital"},"geometry":{"type":"Point","coordinates":[135.169982,34.679988]}},{"type":"Feature","id":"capital-1-1159147167","properties":{"name":"Yokohama","localName":"Yokohama","countryCode":"JPN","country":"Japan","division":"Kanagawa","qid":"Q38283","rank":12,"level":1,"role":"Admin-1 capital"},"geometry":{"type":"Point","coordinates":[139.602021,35.430656]}},{"type":"Feature","id":"capital-1-1159147171","properties":{"name":"Aomori","localName":"Aomori","countryCode":"JPN","country":"Japan","division":"Aomori","qid":"Q146790","rank":10,"level":1,"role":"Admin-1 capital"},"geometry":{"type":"Point","coordinates":[140.710005,40.825039]}},{"type":"Feature","id":"capital-1-1159147177","properties":{"name":"Fukushima","localName":"Fukushima","countryCode":"JPN","country":"Japan","division":"Fukushima","qid":"Q161176","rank":10,"level":1,"role":"Admin-1 capital"},"geometry":{"type":"Point","coordinates":[140.47002,37.740008]}},{"type":"Feature","id":"capital-1-1159147181","properties":{"name":"Morioka","localName":"Morioka","countryCode":"JPN","country":"Japan","division":"Iwate","qid":"Q200077","rank":10,"level":1,"role":"Admin-1 capital"},"geometry":{"type":"Point","coordinates":[141.130031,39.720016]}},{"type":"Feature","id":"capital-1-1159147183","properties":{"name":"Niigata","localName":"Niigata","countryCode":"JPN","country":"Japan","division":"Niigata","qid":"Q179691","rank":11,"level":1,"role":"Admin-1 capital"},"geometry":{"type":"Point","coordinates":[139.04003,37.919997]}},{"type":"Feature","id":"capital-1-1159147187","properties":{"name":"Puerto Barrios","localName":"Puerto Barrios","countryCode":"GTM","country":"Guatemala","division":"Izabal","qid":"Q991400","rank":8,"level":1,"role":"Admin-1 capital"},"geometry":{"type":"Point","coordinates":[-88.592652,15.717495]}},{"type":"Feature","id":"capital-1-1159147213","properties":{"name":"Imphal","localName":"Imphal","countryCode":"IND","country":"India","division":"Manipur","qid":"Q208097","rank":10,"level":1,"role":"Admin-1 capital"},"geometry":{"type":"Point","coordinates":[93.950017,24.799971]}},{"type":"Feature","id":"capital-1-1159147219","properties":{"name":"Rennes","localName":"Rennes","countryCode":"FRA","country":"France","division":"Bretagne","qid":"Q647","rank":10,"level":1,"role":"Admin-1 region capital"},"geometry":{"type":"Point","coordinates":[-1.670012,48.100021]}},{"type":"Feature","id":"capital-1-1159147223","properties":{"name":"Toulouse","localName":"Toulouse","countryCode":"FRA","country":"France","division":"Midi-Pyrénées","qid":"Q7880","rank":11,"level":1,"role":"Admin-1 region capital"},"geometry":{"type":"Point","coordinates":[1.447981,43.621905]}},{"type":"Feature","id":"capital-1-1159147225","properties":{"name":"Limoges","localName":"Limoges","countryCode":"FRA","country":"France","division":"Limousin","qid":"Q45656","rank":9,"level":1,"role":"Admin-1 region capital"},"geometry":{"type":"Point","coordinates":[1.249991,45.829979]}},{"type":"Feature","id":"capital-1-1159147227","properties":{"name":"Lille","localName":"Lille","countryCode":"FRA","country":"France","division":"Nord-Pas-de-Calais","qid":"Q648","rank":12,"level":1,"role":"Admin-1 region capital"},"geometry":{"type":"Point","coordinates":[3.078062,50.651915]}},{"type":"Feature","id":"capital-1-1159147229","properties":{"name":"Strasbourg","localName":"Strasbourg","countryCode":"FRA","country":"France","division":"Alsace","qid":"Q6602","rank":10,"level":1,"role":"Admin-1 region capital"},"geometry":{"type":"Point","coordinates":[7.750007,48.579966]}},{"type":"Feature","id":"capital-1-1159147231","properties":{"name":"Puerto Aisén","localName":"Puerto Aisén","countryCode":"CHL","country":"Chile","division":"Ais","qid":"Q1909281","rank":5,"level":1,"role":"Admin-1 capital"},"geometry":{"type":"Point","coordinates":[-72.700018,-45.39993]}},{"type":"Feature","id":"capital-1-1159147239","properties":{"name":"Temuco","localName":"Temuco","countryCode":"CHL","country":"Chile","division":"La Araucanía","qid":"Q82128","rank":10,"level":1,"role":"Admin-1 capital"},"geometry":{"type":"Point","coordinates":[-72.579999,-38.730002]}},{"type":"Feature","id":"capital-1-1159147263","properties":{"name":"Patras","localName":"Patra","countryCode":"GRC","country":"Greece","division":"Dytiki Ellada","qid":"Q133123","rank":9,"level":1,"role":"Admin-1 capital"},"geometry":{"type":"Point","coordinates":[21.729981,38.230004]}},{"type":"Feature","id":"capital-1-1159147267","properties":{"name":"Erbil","localName":"Irbil","countryCode":"IRQ","country":"Iraq","division":"Arbil","qid":"Q132754","rank":11,"level":1,"role":"Admin-1 capital"},"geometry":{"type":"Point","coordinates":[44.006675,36.18099]}},{"type":"Feature","id":"capital-1-1159147279","properties":{"name":"Turku","localName":"Turku","countryCode":"FIN","country":"Finland","division":"Finland Proper","qid":"Q38511","rank":9,"level":1,"role":"Admin-1 capital"},"geometry":{"type":"Point","coordinates":[22.254962,60.453867]}},{"type":"Feature","id":"capital-1-1159147285","properties":{"name":"Kostanay","localName":"Oostanay","countryCode":"KAZ","country":"Kazakhstan","division":"Qostanay","qid":"Q488990","rank":10,"level":1,"role":"Admin-1 capital"},"geometry":{"type":"Point","coordinates":[63.628302,53.220897]}},{"type":"Feature","id":"capital-1-1159147295","properties":{"name":"Kokshetau","localName":"Kokshetau","countryCode":"KAZ","country":"Kazakhstan","division":"Aqmola","qid":"Q490643","rank":9,"level":1,"role":"Admin-1 capital"},"geometry":{"type":"Point","coordinates":[69.41999,53.299988]}},{"type":"Feature","id":"capital-1-1159147299","properties":{"name":"Jezkazgan","localName":"Zhezqazghan","countryCode":"KAZ","country":"Kazakhstan","division":"Qaraghandy","qid":"Q740832","rank":9,"level":1,"role":"Admin-1 capital"},"geometry":{"type":"Point","coordinates":[67.770013,47.779989]}},{"type":"Feature","id":"capital-1-1159147307","properties":{"name":"Petropavl","localName":"Petropavlovsk","countryCode":"KAZ","country":"Kazakhstan","division":"North Kazakhstan","qid":"Q488379","rank":10,"level":1,"role":"Admin-1 capital"},"geometry":{"type":"Point","coordinates":[69.220002,54.879995]}},{"type":"Feature","id":"capital-1-1159147311","properties":{"name":"Taldykorgan","localName":"Taldyqorghan","countryCode":"KAZ","country":"Kazakhstan","division":"Almaty","qid":"Q491102","rank":8,"level":1,"role":"Admin-1 capital"},"geometry":{"type":"Point","coordinates":[78.40001,45.000004]}},{"type":"Feature","id":"capital-1-1159147317","properties":{"name":"Kerman","localName":"Kerman","countryCode":"IRN","country":"Iran","division":"Kerman","qid":"Q171714","rank":11,"level":1,"role":"Admin-1 capital"},"geometry":{"type":"Point","coordinates":[57.080019,30.299997]}},{"type":"Feature","id":"capital-1-1159147335","properties":{"name":"Paysandú","localName":"Paysandú","countryCode":"URY","country":"Uruguay","division":"Paysandú","qid":"Q309442","rank":8,"level":1,"role":"Admin-1 capital"},"geometry":{"type":"Point","coordinates":[-58.07998,-32.329979]}},{"type":"Feature","id":"capital-1-1159147337","properties":{"name":"Salto","localName":"Salto","countryCode":"URY","country":"Uruguay","division":"Salto","qid":"Q335506","rank":9,"level":1,"role":"Admin-1 capital"},"geometry":{"type":"Point","coordinates":[-57.968694,-31.390346]}},{"type":"Feature","id":"capital-1-1159147389","properties":{"name":"Lincoln","localName":"Lincoln","countryCode":"USA","country":"United States","division":"Nebraska","qid":"Q28260","rank":10,"level":1,"role":"Admin-1 capital"},"geometry":{"type":"Point","coordinates":[-96.680001,40.819975]}},{"type":"Feature","id":"capital-1-1159147401","properties":{"name":"Coro","localName":"Coro","countryCode":"VEN","country":"Venezuela","division":"Falcón","qid":"Q1134454","rank":9,"level":1,"role":"Admin-1 capital"},"geometry":{"type":"Point","coordinates":[-69.679995,11.420012]}},{"type":"Feature","id":"capital-1-1159147405","properties":{"name":"Concord","localName":"Concord","countryCode":"USA","country":"United States","division":"New Hampshire","qid":"Q28249","rank":7,"level":1,"role":"Admin-1 capital"},"geometry":{"type":"Point","coordinates":[-71.538047,43.208072]}},{"type":"Feature","id":"capital-1-1159147453","properties":{"name":"Columbus","localName":"Columbus","countryCode":"USA","country":"United States","division":"Ohio","qid":"Q16567","rank":12,"level":1,"role":"Admin-1 capital"},"geometry":{"type":"Point","coordinates":[-82.991956,39.98192]}},{"type":"Feature","id":"capital-1-1159147463","properties":{"name":"Albany","localName":"Albany","countryCode":"USA","country":"United States","division":"New York","qid":"Q24861","rank":11,"level":1,"role":"Admin-1 capital"},"geometry":{"type":"Point","coordinates":[-73.757553,42.653744]}},{"type":"Feature","id":"capital-1-1159147469","properties":{"name":"Harrisburg","localName":"Harrisburg","countryCode":"USA","country":"United States","division":"Pennsylvania","qid":"Q25280","rank":11,"level":1,"role":"Admin-1 capital"},"geometry":{"type":"Point","coordinates":[-76.884749,40.2736]}},{"type":"Feature","id":"capital-1-1159147473","properties":{"name":"Ciudad Bolívar","localName":"Ciudad Bolívar","countryCode":"VEN","country":"Venezuela","division":"Bolívar","qid":"Q26906","rank":10,"level":1,"role":"Admin-1 capital"},"geometry":{"type":"Point","coordinates":[-63.600004,8.099982]}},{"type":"Feature","id":"capital-1-1159147489","properties":{"name":"Sa'dah","localName":"Sadah","countryCode":"YEM","country":"Yemen","division":"Sa`dah","qid":"Q991395","rank":9,"level":1,"role":"Admin-1 capital"},"geometry":{"type":"Point","coordinates":[43.849768,16.939779]}},{"type":"Feature","id":"capital-1-1159147491","properties":{"name":"Al Hudaydah","localName":"Al Hudaydah","countryCode":"YEM","country":"Yemen","division":"Al Hudaydah","qid":"Q270041","rank":11,"level":1,"role":"Admin-1 capital"},"geometry":{"type":"Point","coordinates":[42.951029,14.799891]}},{"type":"Feature","id":"capital-1-1159147525","properties":{"name":"Sumy","localName":"Sumy","countryCode":"UKR","country":"Ukraine","division":"Sumy","qid":"Q156752","rank":10,"level":1,"role":"Admin-1 capital"},"geometry":{"type":"Point","coordinates":[34.780864,50.924293]}},{"type":"Feature","id":"capital-1-1159147531","properties":{"name":"Mukalla","localName":"Al Mukalla","countryCode":"YEM","country":"Yemen","division":"Hadramawt","qid":"Q310772","rank":10,"level":1,"role":"Admin-1 capital"},"geometry":{"type":"Point","coordinates":[49.125931,14.541165]}},{"type":"Feature","id":"capital-1-1159147533","properties":{"name":"Daşoguz","localName":"Daşoguz","countryCode":"TKM","country":"Turkmenistan","division":"Tashauz","qid":"Q487672","rank":10,"level":1,"role":"Admin-1 capital"},"geometry":{"type":"Point","coordinates":[59.96496,41.83999]}},{"type":"Feature","id":"capital-1-1159147535","properties":{"name":"Urgench","localName":"Urgentch","countryCode":"UZB","country":"Uzbekistan","division":"Khorezm","qid":"Q472925","rank":9,"level":1,"role":"Admin-1 capital"},"geometry":{"type":"Point","coordinates":[60.640009,41.559981]}},{"type":"Feature","id":"capital-1-1159147537","properties":{"name":"Phuket","localName":"Phuket","countryCode":"THA","country":"Thailand","division":"Phuket","qid":"Q844430","rank":9,"level":1,"role":"Admin-1 capital"},"geometry":{"type":"Point","coordinates":[98.381529,7.876533]}},{"type":"Feature","id":"capital-1-1159147541","properties":{"name":"Pleiku","localName":"Play Ku","countryCode":"VNM","country":"Vietnam","division":"Gia Lai","qid":"Q30599","rank":9,"level":1,"role":"Admin-1 capital"},"geometry":{"type":"Point","coordinates":[108.000012,13.983292]}},{"type":"Feature","id":"capital-1-1159147543","properties":{"name":"Nha Trang","localName":"Nha Trang","countryCode":"VNM","country":"Vietnam","division":"Khánh Hòa","qid":"Q19491","rank":10,"level":1,"role":"Admin-1 capital"},"geometry":{"type":"Point","coordinates":[109.170018,12.250039]}},{"type":"Feature","id":"capital-1-1159147547","properties":{"name":"Qui Nhơn","localName":"Qui Nhon","countryCode":"VNM","country":"Vietnam","division":"Bình Ð?nh","qid":"Q36081","rank":11,"level":1,"role":"Admin-1 capital"},"geometry":{"type":"Point","coordinates":[109.180043,13.779972]}},{"type":"Feature","id":"capital-1-1159147549","properties":{"name":"Huế","localName":"Hue","countryCode":"VNM","country":"Vietnam","division":"Th?a Thiên - Hu?","qid":"Q36167","rank":11,"level":1,"role":"Admin-1 capital"},"geometry":{"type":"Point","coordinates":[107.580038,16.469988]}},{"type":"Feature","id":"capital-1-1159147551","properties":{"name":"Biên Hòa","localName":"Biên Hòa","countryCode":"VNM","country":"Vietnam","division":"Ðông Nam B?","qid":"Q19316","rank":11,"level":1,"role":"Admin-1 capital"},"geometry":{"type":"Point","coordinates":[106.830058,10.970014]}},{"type":"Feature","id":"capital-1-1159147553","properties":{"name":"Cần Thơ","localName":"Can Tho","countryCode":"VNM","country":"Vietnam","division":"d?ng b?ng sông C?u Long","qid":"Q216075","rank":12,"level":1,"role":"Admin-1 capital"},"geometry":{"type":"Point","coordinates":[105.770019,10.049993]}},{"type":"Feature","id":"capital-1-1159147555","properties":{"name":"Mansa","localName":"Mansa","countryCode":"ZMB","country":"Zambia","division":"Luapula","qid":"Q997069","rank":7,"level":1,"role":"Admin-1 capital"},"geometry":{"type":"Point","coordinates":[28.890009,-11.200002]}},{"type":"Feature","id":"capital-1-1159147565","properties":{"name":"Ndola","localName":"Ndola","countryCode":"ZMB","country":"Zambia","division":"Copperbelt","qid":"Q219671","rank":10,"level":1,"role":"Admin-1 capital"},"geometry":{"type":"Point","coordinates":[28.650024,-12.999944]}},{"type":"Feature","id":"capital-1-1159147577","properties":{"name":"Gweru","localName":"Gweru","countryCode":"ZWE","country":"Zimbabwe","division":"Midlands","qid":"Q399316","rank":9,"level":1,"role":"Admin-1 capital"},"geometry":{"type":"Point","coordinates":[29.82003,-19.450042]}},{"type":"Feature","id":"capital-1-1159147579","properties":{"name":"Mutare","localName":"Mutare","countryCode":"ZWE","country":"Zimbabwe","division":"Manicaland","qid":"Q399322","rank":10,"level":1,"role":"Admin-1 capital"},"geometry":{"type":"Point","coordinates":[32.650038,-18.970019]}},{"type":"Feature","id":"capital-1-1159147621","properties":{"name":"Vitoria","localName":"Vitória","countryCode":"BRA","country":"Brazil","division":"Espírito Santo","qid":"Q168376","rank":12,"level":1,"role":"Admin-1 capital"},"geometry":{"type":"Point","coordinates":[-40.353943,-20.332042]}},{"type":"Feature","id":"capital-1-1159147623","properties":{"name":"João Pessoa","localName":"João Pessoa","countryCode":"BRA","country":"Brazil","division":"Paraíba","qid":"Q167436","rank":11,"level":1,"role":"Admin-1 capital"},"geometry":{"type":"Point","coordinates":[-34.878017,-7.099189]}},{"type":"Feature","id":"capital-1-1159147671","properties":{"name":"Ísafjörður","localName":"Ísafjörður","countryCode":"ISL","country":"Iceland","division":"Vestfirðir","qid":"Q106896","rank":4,"level":1,"role":"Admin-1 capital"},"geometry":{"type":"Point","coordinates":[-23.149967,66.083316]}},{"type":"Feature","id":"capital-1-1159147673","properties":{"name":"Akureyri","localName":"Akureyri","countryCode":"ISL","country":"Iceland","division":"Akureyri","qid":"Q29042","rank":6,"level":1,"role":"Admin-1 capital"},"geometry":{"type":"Point","coordinates":[-18.100017,65.666572]}},{"type":"Feature","id":"capital-1-1159147675","properties":{"name":"Keflavík","localName":"Keflavík","countryCode":"ISL","country":"Iceland","division":"Suðurnes","qid":"Q170693","rank":5,"level":1,"role":"Admin-1 capital"},"geometry":{"type":"Point","coordinates":[-22.566592,64.016647]}},{"type":"Feature","id":"capital-1-1159147681","properties":{"name":"Cochabamba","localName":"Cochabamba","countryCode":"BOL","country":"Bolivia","division":"Cochabamba","qid":"Q183124","rank":11,"level":1,"role":"Admin-1 capital"},"geometry":{"type":"Point","coordinates":[-66.169977,-17.410011]}},{"type":"Feature","id":"capital-1-1159147689","properties":{"name":"Viedma","localName":"Viedma","countryCode":"ARG","country":"Argentina","division":"Ciudad de Buenos Aires","qid":"Q44240","rank":8,"level":1,"role":"Admin-1 capital"},"geometry":{"type":"Point","coordinates":[-62.997545,-40.813197]}},{"type":"Feature","id":"capital-1-1159147691","properties":{"name":"San Luis","localName":"San Luis","countryCode":"ARG","country":"Argentina","division":"San Luis","qid":"Q44243","rank":10,"level":1,"role":"Admin-1 capital"},"geometry":{"type":"Point","coordinates":[-66.350018,-33.299997]}},{"type":"Feature","id":"capital-1-1159147695","properties":{"name":"San Salvador de Jujuy","localName":"San Salvador de Jujuy","countryCode":"ARG","country":"Argentina","division":"Jujuy","qid":"Q44217","rank":10,"level":1,"role":"Admin-1 capital"},"geometry":{"type":"Point","coordinates":[-65.30003,-24.183344]}},{"type":"Feature","id":"capital-1-1159147705","properties":{"name":"Antwerp","localName":"Antwerpen","countryCode":"BEL","country":"Belgium","division":"Antwerp","qid":"Q12892","rank":11,"level":1,"role":"Admin-1 capital"},"geometry":{"type":"Point","coordinates":[4.413071,51.222319]}},{"type":"Feature","id":"capital-1-1159147707","properties":{"name":"Bamyan","localName":"Bamian","countryCode":"AFG","country":"Afghanistan","division":"Bamyan","qid":"Q214495","rank":8,"level":1,"role":"Admin-1 capital"},"geometry":{"type":"Point","coordinates":[67.822732,34.813337]}},{"type":"Feature","id":"capital-1-1159147709","properties":{"name":"Baghlan","localName":"Baghlan","countryCode":"AFG","country":"Afghanistan","division":"Baghlan","qid":"Q732879","rank":10,"level":1,"role":"Admin-1 capital"},"geometry":{"type":"Point","coordinates":[68.699259,36.13933]}},{"type":"Feature","id":"capital-1-1159147711","properties":{"name":"Oruro","localName":"Oruro","countryCode":"BOL","country":"Bolivia","division":"Oruro","qid":"Q35246","rank":10,"level":1,"role":"Admin-1 capital"},"geometry":{"type":"Point","coordinates":[-67.129996,-17.97995]}},{"type":"Feature","id":"capital-1-1159147715","properties":{"name":"Eskişehir","localName":"Eskişehir","countryCode":"TUR","country":"Türkiye","division":"Eskisehir","qid":"Q168866","rank":11,"level":1,"role":"Admin-1 capital"},"geometry":{"type":"Point","coordinates":[30.529961,39.794999]}},{"type":"Feature","id":"capital-1-1159147717","properties":{"name":"Antalya","localName":"Antalya","countryCode":"TUR","country":"Türkiye","division":"Antalya","qid":"Q6487","rank":11,"level":1,"role":"Admin-1 capital"},"geometry":{"type":"Point","coordinates":[30.69803,36.891928]}},{"type":"Feature","id":"capital-1-1159147721","properties":{"name":"Kayseri","localName":"Kayseri","countryCode":"TUR","country":"Türkiye","division":"Kayseri","qid":"Q48338","rank":11,"level":1,"role":"Admin-1 capital"},"geometry":{"type":"Point","coordinates":[35.49002,38.73496]}},{"type":"Feature","id":"capital-1-1159147723","properties":{"name":"Gomel","localName":"Homyel","countryCode":"BLR","country":"Belarus","division":"Homyel'","qid":"Q2678","rank":10,"level":1,"role":"Admin-1 capital"},"geometry":{"type":"Point","coordinates":[31.000009,52.430016]}},{"type":"Feature","id":"capital-1-1159147849","properties":{"name":"Gaziantep","localName":"Gaziantep","countryCode":"TUR","country":"Türkiye","division":"Gaziantep","qid":"Q93338","rank":12,"level":1,"role":"Admin-1 capital"},"geometry":{"type":"Point","coordinates":[37.383048,37.07693]}},{"type":"Feature","id":"capital-1-1159147853","properties":{"name":"Bago","localName":"Bago","countryCode":"MMR","country":"Myanmar","division":"Bago","qid":"Q800122","rank":10,"level":1,"role":"Admin-1 capital"},"geometry":{"type":"Point","coordinates":[96.514977,17.320014]}},{"type":"Feature","id":"capital-1-1159147859","properties":{"name":"Magway","localName":"Magway","countryCode":"MMR","country":"Myanmar","division":"Magway","qid":"Q957326","rank":9,"level":1,"role":"Admin-1 capital"},"geometry":{"type":"Point","coordinates":[94.91957,20.144544]}},{"type":"Feature","id":"capital-1-1159147861","properties":{"name":"Myitkyina","localName":"Myitkyina","countryCode":"MMR","country":"Myanmar","division":"Kachin","qid":"Q1062370","rank":9,"level":1,"role":"Admin-1 capital"},"geometry":{"type":"Point","coordinates":[97.392753,25.359627]}},{"type":"Feature","id":"capital-1-1159147867","properties":{"name":"Valladolid","localName":"Valladolid","countryCode":"ESP","country":"Spain","division":"Castilla y León","qid":"Q8356","rank":10,"level":1,"role":"Admin-1 capital"},"geometry":{"type":"Point","coordinates":[-4.750031,41.650002]}},{"type":"Feature","id":"capital-1-1159147869","properties":{"name":"Dosso","localName":"Dosso","countryCode":"NER","country":"Niger","division":"Dosso","qid":"Q985620","rank":7,"level":1,"role":"Admin-1 capital"},"geometry":{"type":"Point","coordinates":[3.200001,13.050016]}},{"type":"Feature","id":"capital-1-1159147873","properties":{"name":"Aweil","localName":"Aweil","countryCode":"SDS","country":"South Sudan","division":"North Bahr-al-Ghazal","qid":"Q791685","rank":7,"level":1,"role":"Admin-1 capital"},"geometry":{"type":"Point","coordinates":[27.400022,8.766557]}},{"type":"Feature","id":"capital-1-1159147877","properties":{"name":"Linköping","localName":"Linköping","countryCode":"SWE","country":"Sweden","division":"Östergötland","qid":"Q25413","rank":8,"level":1,"role":"Admin-1 capital"},"geometry":{"type":"Point","coordinates":[15.62994,58.410012]}},{"type":"Feature","id":"capital-1-1159147879","properties":{"name":"Östersund","localName":"Östersund","countryCode":"SWE","country":"Sweden","division":"Jämtland","qid":"Q26515","rank":7,"level":1,"role":"Admin-1 capital"},"geometry":{"type":"Point","coordinates":[14.65,63.183313]}},{"type":"Feature","id":"capital-1-1159147885","properties":{"name":"Umeå","localName":"Umeå","countryCode":"SWE","country":"Sweden","division":"Västerbotten","qid":"Q25579","rank":8,"level":1,"role":"Admin-1 capital"},"geometry":{"type":"Point","coordinates":[20.239994,63.829991]}},{"type":"Feature","id":"capital-1-1159147887","properties":{"name":"Uppsala","localName":"Uppsala","countryCode":"SWE","country":"Sweden","division":"Uppsala","qid":"Q25286","rank":9,"level":1,"role":"Admin-1 capital"},"geometry":{"type":"Point","coordinates":[17.639998,59.860053]}},{"type":"Feature","id":"capital-1-1159147889","properties":{"name":"Cluj-Napoca","localName":"Cluj-Napoca","countryCode":"ROU","country":"Romania","division":"Cluj","qid":"Q100188","rank":10,"level":1,"role":"Admin-1 capital"},"geometry":{"type":"Point","coordinates":[23.598446,46.788422]}},{"type":"Feature","id":"capital-1-1159147891","properties":{"name":"Nakhon Si Thammarat","localName":"Nakhon Si Thammarat","countryCode":"THA","country":"Thailand","division":"Nakhon Si Thammarat","qid":"Q1012424","rank":10,"level":1,"role":"Admin-1 capital"},"geometry":{"type":"Point","coordinates":[99.970011,8.39999]}},{"type":"Feature","id":"capital-1-1159147893","properties":{"name":"Songkhla","localName":"Songkhla","countryCode":"THA","country":"Thailand","division":"Songkhla (Songkhla Lake)","qid":"Q795595","rank":7,"level":1,"role":"Admin-1 capital"},"geometry":{"type":"Point","coordinates":[100.560001,7.209959]}},{"type":"Feature","id":"capital-1-1159147897","properties":{"name":"Nakhon Sawan","localName":"Nakhon Sawan","countryCode":"THA","country":"Thailand","division":"Nakhon Sawan","qid":"Q1012434","rank":9,"level":1,"role":"Admin-1 capital"},"geometry":{"type":"Point","coordinates":[100.070005,15.700035]}},{"type":"Feature","id":"capital-1-1159147901","properties":{"name":"Ubon Ratchathani","localName":"Ubon Ratchathani","countryCode":"THA","country":"Thailand","division":"Ubon Ratchathani","qid":"Q132179","rank":10,"level":1,"role":"Admin-1 capital"},"geometry":{"type":"Point","coordinates":[104.830025,15.249959]}},{"type":"Feature","id":"capital-1-1159147907","properties":{"name":"Tumbes","localName":"Tumbes","countryCode":"PER","country":"Peru","division":"Tumbes","qid":"Q827640","rank":9,"level":1,"role":"Admin-1 capital"},"geometry":{"type":"Point","coordinates":[-80.459983,-3.570029]}},{"type":"Feature","id":"capital-1-1159147909","properties":{"name":"Puerto Maldonado","localName":"Puerto Maldonado","countryCode":"PER","country":"Peru","division":"Madre de Dios","qid":"Q541435","rank":8,"level":1,"role":"Admin-1 capital"},"geometry":{"type":"Point","coordinates":[-69.183333,-12.60002]}},{"type":"Feature","id":"capital-1-1159147913","properties":{"name":"Moquegua","localName":"Moquegua","countryCode":"PER","country":"Peru","division":"Moquegua","qid":"Q1000346","rank":8,"level":1,"role":"Admin-1 capital"},"geometry":{"type":"Point","coordinates":[-70.939996,-17.189973]}},{"type":"Feature","id":"capital-1-1159147915","properties":{"name":"Huaraz","localName":"Huaraz","countryCode":"PER","country":"Peru","division":"Ancash","qid":"Q793809","rank":8,"level":1,"role":"Admin-1 capital"},"geometry":{"type":"Point","coordinates":[-77.530007,-9.530027]}},{"type":"Feature","id":"capital-1-1159147919","properties":{"name":"Cajamarca","localName":"Cajamarca","countryCode":"PER","country":"Peru","division":"Cajamarca","qid":"Q205119","rank":9,"level":1,"role":"Admin-1 capital"},"geometry":{"type":"Point","coordinates":[-78.530023,-7.150017]}},{"type":"Feature","id":"capital-1-1159147921","properties":{"name":"Huánuco","localName":"Huánuco","countryCode":"PER","country":"Peru","division":"Huánuco","qid":"Q504394","rank":9,"level":1,"role":"Admin-1 capital"},"geometry":{"type":"Point","coordinates":[-76.240008,-9.920029]}},{"type":"Feature","id":"capital-1-1159147931","properties":{"name":"Huancavelica","localName":"Huancavelica","countryCode":"PER","country":"Peru","division":"Huancavelica","qid":"Q1000333","rank":7,"level":1,"role":"Admin-1 capital"},"geometry":{"type":"Point","coordinates":[-74.990007,-12.790035]}},{"type":"Feature","id":"capital-1-1159147941","properties":{"name":"Bluefields","localName":"Bluefields","countryCode":"NIC","country":"Nicaragua","division":"Atlántico Sur","qid":"Q885996","rank":7,"level":1,"role":"Admin-1 capital"},"geometry":{"type":"Point","coordinates":[-83.764949,11.999977]}},{"type":"Feature","id":"capital-1-1159147943","properties":{"name":"Melilla","localName":"Melilla","countryCode":"ESP","country":"Spain","division":"Melilla","qid":"Q5831","rank":9,"level":1,"role":"Admin-1 capital"},"geometry":{"type":"Point","coordinates":[-2.950011,35.300002]}},{"type":"Feature","id":"capital-1-1159147947","properties":{"name":"Bo","localName":"Bo","countryCode":"SLE","country":"Sierra Leone","division":"Southern","qid":"Q844878","rank":9,"level":1,"role":"Admin-1 capital"},"geometry":{"type":"Point","coordinates":[-11.740018,7.970016]}},{"type":"Feature","id":"capital-1-1159147949","properties":{"name":"Ziguinchor","localName":"Ziguinchor","countryCode":"SEN","country":"Senegal","division":"Ziguinchor","qid":"Q202776","rank":9,"level":1,"role":"Admin-1 capital"},"geometry":{"type":"Point","coordinates":[-16.289998,12.589992]}},{"type":"Feature","id":"capital-1-1159147957","properties":{"name":"Palma de Mallorca","localName":"Palma","countryCode":"ESP","country":"Spain","division":"Islas Baleares","qid":"Q8826","rank":10,"level":1,"role":"Admin-1 capital"},"geometry":{"type":"Point","coordinates":[2.654246,39.574263]}},{"type":"Feature","id":"capital-1-1159147961","properties":{"name":"Rumbek","localName":"Rumbek","countryCode":"SDS","country":"South Sudan","division":"Lakes","qid":"Q607336","rank":7,"level":1,"role":"Admin-1 capital"},"geometry":{"type":"Point","coordinates":[29.683294,6.80001]}},{"type":"Feature","id":"capital-1-1159147963","properties":{"name":"Yambio","localName":"Yambio","countryCode":"SDS","country":"South Sudan","division":"West Equatoria","qid":"Q986355","rank":7,"level":1,"role":"Admin-1 capital"},"geometry":{"type":"Point","coordinates":[28.416343,4.570534]}},{"type":"Feature","id":"capital-1-1159147965","properties":{"name":"Bor","localName":"Bor","countryCode":"SDS","country":"South Sudan","division":"Jungoli","qid":"Q893274","rank":7,"level":1,"role":"Admin-1 capital"},"geometry":{"type":"Point","coordinates":[31.559148,6.207204]}},{"type":"Feature","id":"capital-1-1159147967","properties":{"name":"Wad Madani","localName":"Medani","countryCode":"SDN","country":"Sudan","division":"Gezira","qid":"Q852528","rank":10,"level":1,"role":"Admin-1 capital"},"geometry":{"type":"Point","coordinates":[33.52001,14.399959]}},{"type":"Feature","id":"capital-1-1159147969","properties":{"name":"Al Qadarif","localName":"Gedaref","countryCode":"SDN","country":"Sudan","division":"Gedarif","qid":"Q311199","rank":10,"level":1,"role":"Admin-1 capital"},"geometry":{"type":"Point","coordinates":[35.38,14.039981]}},{"type":"Feature","id":"capital-1-1159147973","properties":{"name":"Ad-Damir","localName":"Ad-Damir","countryCode":"SDN","country":"Sudan","division":"River Nile","qid":"Q311312","rank":9,"level":1,"role":"Admin-1 capital"},"geometry":{"type":"Point","coordinates":[33.959984,17.589972]}},{"type":"Feature","id":"capital-1-1159147981","properties":{"name":"Kosti","localName":"Kosti","countryCode":"SDN","country":"Sudan","division":"White Nile","qid":"Q587715","rank":10,"level":1,"role":"Admin-1 capital"},"geometry":{"type":"Point","coordinates":[32.660011,13.169983]}},{"type":"Feature","id":"capital-1-1159147985","properties":{"name":"Al-Fashir","localName":"El Fasher","countryCode":"SDN","country":"Sudan","division":"Northern Darfur","qid":"Q311204","rank":10,"level":1,"role":"Admin-1 region capital"},"geometry":{"type":"Point","coordinates":[25.350018,13.629981]}},{"type":"Feature","id":"capital-1-1159147987","properties":{"name":"Kaduqli","localName":"Kadugli","countryCode":"SDN","country":"Sudan","division":"South Kordufan","qid":"Q1011819","rank":9,"level":1,"role":"Admin-1 capital"},"geometry":{"type":"Point","coordinates":[29.700037,11.00996]}},{"type":"Feature","id":"capital-1-1159147991","properties":{"name":"Abha","localName":"Abha","countryCode":"SAU","country":"Saudi Arabia","division":"`Asir","qid":"Q190948","rank":10,"level":1,"role":"Admin-1 capital"},"geometry":{"type":"Point","coordinates":[42.500134,18.230087]}},{"type":"Feature","id":"capital-1-1159147993","properties":{"name":"Jizan","localName":"Jizan","countryCode":"SAU","country":"Saudi Arabia","division":"Jizan","qid":"Q27660","rank":9,"level":1,"role":"Admin-1 capital"},"geometry":{"type":"Point","coordinates":[42.556565,16.906551]}},{"type":"Feature","id":"capital-1-1159147997","properties":{"name":"Molde","localName":"Molde","countryCode":"NOR","country":"Norway","division":"Møre og Romsdal","qid":"Q104095","rank":6,"level":1,"role":"Admin-1 capital"},"geometry":{"type":"Point","coordinates":[7.183324,62.7483]}},{"type":"Feature","id":"capital-1-1159147999","properties":{"name":"Lillehammer","localName":"Lillehammer","countryCode":"NOR","country":"Norway","division":"Oppland","qid":"Q101341","rank":6,"level":1,"role":"Admin-1 capital"},"geometry":{"type":"Point","coordinates":[10.50002,61.133283]}},{"type":"Feature","id":"capital-1-1159148011","properties":{"name":"Kimberley","localName":"Kimberley","countryCode":"ZAF","country":"South Africa","division":"Northern Cape","qid":"Q125905","rank":9,"level":1,"role":"Admin-1 capital"},"geometry":{"type":"Point","coordinates":[24.770002,-28.746838]}},{"type":"Feature","id":"capital-1-1159148021","properties":{"name":"Chimoio","localName":"Chimoio","countryCode":"MOZ","country":"Mozambique","division":"Manica","qid":"Q638509","rank":10,"level":1,"role":"Admin-1 capital"},"geometry":{"type":"Point","coordinates":[33.470039,-19.120036]}},{"type":"Feature","id":"capital-1-1159148023","properties":{"name":"Lichinga","localName":"Lichinga","countryCode":"MOZ","country":"Mozambique","division":"Nassa","qid":"Q667650","rank":9,"level":1,"role":"Admin-1 capital"},"geometry":{"type":"Point","coordinates":[35.240009,-13.300029]}},{"type":"Feature","id":"capital-1-1159148035","properties":{"name":"Mmabatho","localName":"Mmabatho","countryCode":"ZAF","country":"South Africa","division":"North West","qid":"Q358762","rank":9,"level":1,"role":"Admin-1 capital"},"geometry":{"type":"Point","coordinates":[25.610002,-25.830014]}},{"type":"Feature","id":"capital-1-1159148041","properties":{"name":"Polokwane","localName":"Polokwane","countryCode":"ZAF","country":"South Africa","division":"Limpopo","qid":"Q131662","rank":10,"level":1,"role":"Admin-1 capital"},"geometry":{"type":"Point","coordinates":[29.450026,-23.890029]}},{"type":"Feature","id":"capital-1-1159148051","properties":{"name":"Pietermaritzburg","localName":"Pietermaritzburg","countryCode":"ZAF","country":"South Africa","division":"KwaZulu-Natal","qid":"Q185591","rank":11,"level":1,"role":"Admin-1 capital"},"geometry":{"type":"Point","coordinates":[30.390021,-29.610042]}},{"type":"Feature","id":"capital-1-1159148053","properties":{"name":"Wewak","localName":"Wewak","countryCode":"PNG","country":"Papua New Guinea","division":"East Sepik","qid":"Q1017763","rank":7,"level":1,"role":"Admin-1 capital"},"geometry":{"type":"Point","coordinates":[143.6367,-3.553492]}},{"type":"Feature","id":"capital-1-1159148055","properties":{"name":"Madang","localName":"Madang","countryCode":"PNG","country":"Papua New Guinea","division":"Madang","qid":"Q586673","rank":8,"level":1,"role":"Admin-1 capital"},"geometry":{"type":"Point","coordinates":[145.785251,-5.224812]}},{"type":"Feature","id":"capital-1-1159148057","properties":{"name":"Kavieng","localName":"Kavieng","countryCode":"PNG","country":"Papua New Guinea","division":"New Ireland","qid":"Q1017358","rank":6,"level":1,"role":"Admin-1 capital"},"geometry":{"type":"Point","coordinates":[150.812976,-2.581284]}},{"type":"Feature","id":"capital-1-1159148063","properties":{"name":"Tangier","localName":"Tangier","countryCode":"MAR","country":"Morocco","division":"Tanger - Tétouan","qid":"Q126148","rank":11,"level":1,"role":"Admin-1 capital"},"geometry":{"type":"Point","coordinates":[-5.806198,35.775925]}},{"type":"Feature","id":"capital-1-1159148065","properties":{"name":"Agadir","localName":"Agadir","countryCode":"MAR","country":"Morocco","division":"Souss - Massa - Draâ","qid":"Q170525","rank":11,"level":1,"role":"Admin-1 capital"},"geometry":{"type":"Point","coordinates":[-9.620044,30.439988]}},{"type":"Feature","id":"capital-1-1159148067","properties":{"name":"Inhambane","localName":"Inhambane","countryCode":"MOZ","country":"Mozambique","division":"Inhambane","qid":"Q456577","rank":9,"level":1,"role":"Admin-1 capital"},"geometry":{"type":"Point","coordinates":[35.339818,-23.85804]}},{"type":"Feature","id":"capital-1-1159148073","properties":{"name":"Bhisho","localName":"Bhisho","countryCode":"ZAF","country":"South Africa","division":"Eastern Cape","qid":"Q209533","rank":9,"level":1,"role":"Admin-1 capital"},"geometry":{"type":"Point","coordinates":[27.389997,-32.869997]}},{"type":"Feature","id":"capital-1-1159148075","properties":{"name":"Baidoa","localName":"Baydhabo","countryCode":"SOM","country":"Somalia","division":"Bay","qid":"Q506578","rank":9,"level":1,"role":"Admin-1 capital"},"geometry":{"type":"Point","coordinates":[43.649986,3.119976]}},{"type":"Feature","id":"capital-1-1159148077","properties":{"name":"Merca","localName":"Marka","countryCode":"SOM","country":"Somalia","division":"Shabeellaha Hoose","qid":"Q657428","rank":3,"level":1,"role":"Admin-1 capital"},"geometry":{"type":"Point","coordinates":[44.768896,1.719949]}},{"type":"Feature","id":"capital-1-1159148103","properties":{"name":"Ivanovo","localName":"Ivanovo","countryCode":"RUS","country":"Russia","division":"Ivanovo","qid":"Q2630","rank":10,"level":1,"role":"Admin-1 capital"},"geometry":{"type":"Point","coordinates":[41.009993,57.01002]}},{"type":"Feature","id":"capital-1-1159148105","properties":{"name":"Kostroma","localName":"Kostroma","countryCode":"RUS","country":"Russia","division":"Kostroma","qid":"Q2592","rank":10,"level":1,"role":"Admin-1 capital"},"geometry":{"type":"Point","coordinates":[40.940023,57.770026]}},{"type":"Feature","id":"capital-1-1159148109","properties":{"name":"Lipetsk","localName":"Lipetsk","countryCode":"RUS","country":"Russia","division":"Lipetsk","qid":"Q3490","rank":11,"level":1,"role":"Admin-1 capital"},"geometry":{"type":"Point","coordinates":[39.639999,52.620004]}},{"type":"Feature","id":"capital-1-1159148111","properties":{"name":"Oryol","localName":"Orel","countryCode":"RUS","country":"Russia","division":"Orel","qid":"Q3118","rank":10,"level":1,"role":"Admin-1 capital"},"geometry":{"type":"Point","coordinates":[36.069984,52.969957]}},{"type":"Feature","id":"capital-1-1159148117","properties":{"name":"Belgorod","localName":"Belgorod","countryCode":"RUS","country":"Russia","division":"Belgorod","qid":"Q3323","rank":10,"level":1,"role":"Admin-1 capital"},"geometry":{"type":"Point","coordinates":[36.599926,50.629996]}},{"type":"Feature","id":"capital-1-1159148121","properties":{"name":"Vladimir","localName":"Vladimir","countryCode":"RUS","country":"Russia","division":"Vladimir","qid":"Q2684","rank":10,"level":1,"role":"Admin-1 capital"},"geometry":{"type":"Point","coordinates":[40.409926,56.12997]}},{"type":"Feature","id":"capital-1-1159148129","properties":{"name":"Naryan-Mar","localName":"Naryan Mar","countryCode":"RUS","country":"Russia","division":"Nenets","qid":"Q2174","rank":7,"level":1,"role":"Admin-1 capital"},"geometry":{"type":"Point","coordinates":[53.057423,67.647407]}},{"type":"Feature","id":"capital-1-1159148141","properties":{"name":"Izhevsk","localName":"Izhevsk","countryCode":"RUS","country":"Russia","division":"Udmurt","qid":"Q5426","rank":11,"level":1,"role":"Admin-1 capital"},"geometry":{"type":"Point","coordinates":[53.230022,56.85003]}},{"type":"Feature","id":"capital-1-1159148145","properties":{"name":"Elista","localName":"Elista","countryCode":"RUS","country":"Russia","division":"Kalmyk","qid":"Q3977","rank":9,"level":1,"role":"Admin-1 capital"},"geometry":{"type":"Point","coordinates":[44.208712,46.328657]}},{"type":"Feature","id":"capital-1-1159148157","properties":{"name":"Beledweyne","localName":"Beledweyne","countryCode":"SOM","country":"Somalia","division":"Hiiraan","qid":"Q815370","rank":8,"level":1,"role":"Admin-1 capital"},"geometry":{"type":"Point","coordinates":[45.200021,4.739981]}},{"type":"Feature","id":"capital-1-1159148159","properties":{"name":"Bosaso","localName":"Boosaaso","countryCode":"SOM","country":"Somalia","division":"Bari","qid":"Q331556","rank":7,"level":1,"role":"Admin-1 capital"},"geometry":{"type":"Point","coordinates":[49.179985,11.280021]}},{"type":"Feature","id":"capital-1-1159148163","properties":{"name":"Galkayo","localName":"Gaalkacyo","countryCode":"SOM","country":"Somalia","division":"Mudug","qid":"Q865586","rank":8,"level":1,"role":"Admin-1 capital"},"geometry":{"type":"Point","coordinates":[47.430014,6.76996]}},{"type":"Feature","id":"capital-1-1159148167","properties":{"name":"Garoowe","localName":"Garoowe","countryCode":"SOM","country":"Somalia","division":"Nugaal","qid":"Q822679","rank":4,"level":1,"role":"Admin-1 capital"},"geometry":{"type":"Point","coordinates":[48.500026,8.39999]}},{"type":"Feature","id":"capital-1-1159148171","properties":{"name":"Anuradhapura","localName":"Anuradhapura","countryCode":"LKA","country":"Sri Lanka","division":"Anuradhapura","qid":"Q5724","rank":9,"level":1,"role":"Admin-1 capital"},"geometry":{"type":"Point","coordinates":[80.3833,8.349993]}},{"type":"Feature","id":"capital-1-1159148197","properties":{"name":"Kismayo","localName":"Kismaayo","countryCode":"SOM","country":"Somalia","division":"Jubbada Hoose","qid":"Q270787","rank":10,"level":1,"role":"Admin-1 capital"},"geometry":{"type":"Point","coordinates":[42.518324,-0.356633]}},{"type":"Feature","id":"capital-1-1159148209","properties":{"name":"Saint-Louis","localName":"Saint-Louis","countryCode":"MRT","country":"Mauritania","division":"Trarza","qid":"Q273779","rank":10,"level":1,"role":"Admin-1 capital"},"geometry":{"type":"Point","coordinates":[-16.510011,16.01999]}},{"type":"Feature","id":"capital-1-1159148211","properties":{"name":"Tidjikja","localName":"Tidjikdja","countryCode":"MRT","country":"Mauritania","division":"Tagant","qid":"Q757041","rank":6,"level":1,"role":"Admin-1 capital"},"geometry":{"type":"Point","coordinates":[-11.416601,18.550016]}},{"type":"Feature","id":"capital-1-1159148213","properties":{"name":"Ilorin","localName":"Ilorin","countryCode":"NGA","country":"Nigeria","division":"Kwara","qid":"Q587085","rank":11,"level":1,"role":"Admin-1 capital"},"geometry":{"type":"Point","coordinates":[4.54805,8.491956]}},{"type":"Feature","id":"capital-1-1159148215","properties":{"name":"Minna","localName":"Minna","countryCode":"NGA","country":"Nigeria","division":"Niger","qid":"Q994105","rank":10,"level":1,"role":"Admin-1 capital"},"geometry":{"type":"Point","coordinates":[6.550029,9.619993]}},{"type":"Feature","id":"capital-1-1159148219","properties":{"name":"Jos","localName":"Jos","countryCode":"NGA","country":"Nigeria","division":"Plateau","qid":"Q321079","rank":11,"level":1,"role":"Admin-1 capital"},"geometry":{"type":"Point","coordinates":[8.890041,9.929974]}},{"type":"Feature","id":"capital-1-1159148221","properties":{"name":"Yola","localName":"Yola","countryCode":"NGA","country":"Nigeria","division":"Adamawa","qid":"Q994114","rank":8,"level":1,"role":"Admin-1 capital"},"geometry":{"type":"Point","coordinates":[12.480003,9.209992]}},{"type":"Feature","id":"capital-1-1159148225","properties":{"name":"Łódź","localName":"Łódź","countryCode":"POL","country":"Poland","division":"Lódz","qid":"Q580","rank":11,"level":1,"role":"Admin-1 capital"},"geometry":{"type":"Point","coordinates":[19.458229,51.767797]}},{"type":"Feature","id":"capital-1-1159148229","properties":{"name":"Keetmanshoop","localName":"Keetmanshoop","countryCode":"NAM","country":"Namibia","division":"Karas","qid":"Q160884","rank":6,"level":1,"role":"Admin-1 region capital"},"geometry":{"type":"Point","coordinates":[18.129994,-26.573896]}},{"type":"Feature","id":"capital-1-1159148231","properties":{"name":"Maltahöhe","localName":"Maltahöhe","countryCode":"NAM","country":"Namibia","division":"Hardap","qid":"Q666079","rank":4,"level":1,"role":"Admin-1 capital"},"geometry":{"type":"Point","coordinates":[16.939989,-24.839997]}},{"type":"Feature","id":"capital-1-1159148233","properties":{"name":"Swakopmund","localName":"Swakopmund","countryCode":"NAM","country":"Namibia","division":"Erongo","qid":"Q59698","rank":7,"level":1,"role":"Admin-1 region capital"},"geometry":{"type":"Point","coordinates":[14.53502,-22.668863]}},{"type":"Feature","id":"capital-1-1159148239","properties":{"name":"Tsumeb","localName":"Tsumeb","countryCode":"NAM","country":"Namibia","division":"Oshikoto","qid":"Q639467","rank":6,"level":1,"role":"Admin-1 capital"},"geometry":{"type":"Point","coordinates":[17.71002,-19.240029]}},{"type":"Feature","id":"capital-1-1159148243","properties":{"name":"Tabora","localName":"Tabora","countryCode":"TZA","country":"Tanzania","division":"Tabora","qid":"Q643112","rank":9,"level":1,"role":"Admin-1 capital"},"geometry":{"type":"Point","coordinates":[32.800003,-5.020018]}},{"type":"Feature","id":"capital-1-1159148245","properties":{"name":"Lindi","localName":"Lindi","countryCode":"TZA","country":"Tanzania","division":"Lindi","qid":"Q829886","rank":7,"level":1,"role":"Admin-1 capital"},"geometry":{"type":"Point","coordinates":[39.699995,-10.000024]}},{"type":"Feature","id":"capital-1-1159148247","properties":{"name":"Songea","localName":"Songea","countryCode":"TZA","country":"Tanzania","division":"Ruvuma","qid":"Q794813","rank":9,"level":1,"role":"Admin-1 capital"},"geometry":{"type":"Point","coordinates":[35.65001,-10.680034]}},{"type":"Feature","id":"capital-1-1159148249","properties":{"name":"Tanga","localName":"Tanga","countryCode":"TZA","country":"Tanzania","division":"Tanga","qid":"Q152902","rank":10,"level":1,"role":"Admin-1 capital"},"geometry":{"type":"Point","coordinates":[39.090007,-5.070041]}},{"type":"Feature","id":"capital-1-1159148251","properties":{"name":"Zaragoza","localName":"Zaragoza","countryCode":"ESP","country":"Spain","division":"Aragón","qid":"Q10305","rank":11,"level":1,"role":"Admin-1 capital"},"geometry":{"type":"Point","coordinates":[-0.889982,41.650002]}},{"type":"Feature","id":"capital-1-1159148253","properties":{"name":"Gothenburg","localName":"Göteborg","countryCode":"SWE","country":"Sweden","division":"Västra Götaland","qid":"Q25287","rank":11,"level":1,"role":"Admin-1 capital"},"geometry":{"type":"Point","coordinates":[11.97863,57.709147]}},{"type":"Feature","id":"capital-1-1159148255","properties":{"name":"Guelmim","localName":"Goulimine","countryCode":"MAR","country":"Morocco","division":"Guelmim - Es-Semara","qid":"Q842806","rank":9,"level":1,"role":"Admin-1 capital"},"geometry":{"type":"Point","coordinates":[-10.070016,28.979974]}},{"type":"Feature","id":"capital-1-1159148261","properties":{"name":"Dakhla","localName":"Ad Dakhla","countryCode":"MAR","country":"Morocco","division":"Oued el Dahab","qid":"Q345204","rank":8,"level":1,"role":"Admin-1 capital"},"geometry":{"type":"Point","coordinates":[-15.936811,23.714056]}},{"type":"Feature","id":"capital-1-1159148269","properties":{"name":"Pekanbaru","localName":"Pekanbaru","countryCode":"IDN","country":"Indonesia","division":"Riau","qid":"Q7786","rank":11,"level":1,"role":"Admin-1 capital"},"geometry":{"type":"Point","coordinates":[101.423067,0.56691]}},{"type":"Feature","id":"capital-1-1159148271","properties":{"name":"Manado","localName":"Manado","countryCode":"IDN","country":"Indonesia","division":"Sulawesi Utara","qid":"Q15847","rank":10,"level":1,"role":"Admin-1 capital"},"geometry":{"type":"Point","coordinates":[124.849991,1.480025]}},{"type":"Feature","id":"capital-1-1159148273","properties":{"name":"Yogyakarta City","localName":"Yogyakarta","countryCode":"IDN","country":"Indonesia","division":"Yogyakarta","qid":"Q7568","rank":11,"level":1,"role":"Admin-1 capital"},"geometry":{"type":"Point","coordinates":[110.375009,-7.779953]}},{"type":"Feature","id":"capital-1-1159148275","properties":{"name":"Kendari","localName":"Kendari","countryCode":"IDN","country":"Indonesia","division":"Sulawesi Tenggara","qid":"Q15379","rank":9,"level":1,"role":"Admin-1 capital"},"geometry":{"type":"Point","coordinates":[122.597312,-3.955328]}},{"type":"Feature","id":"capital-1-1159148279","properties":{"name":"Palu","localName":"Palu","countryCode":"IDN","country":"Indonesia","division":"Sulawesi Tengah","qid":"Q15826","rank":11,"level":1,"role":"Admin-1 capital"},"geometry":{"type":"Point","coordinates":[119.833037,-0.907039]}},{"type":"Feature","id":"capital-1-1159148285","properties":{"name":"Limerick","localName":"Limerick","countryCode":"IRL","country":"Ireland","division":"Limerick","qid":"Q133315","rank":8,"level":1,"role":"Admin-1 capital"},"geometry":{"type":"Point","coordinates":[-8.62305,52.664704]}},{"type":"Feature","id":"capital-1-1159148287","properties":{"name":"Greenville","localName":"Greenville","countryCode":"LBR","country":"Liberia","division":"Sinoe","qid":"Q1022899","rank":6,"level":1,"role":"Admin-1 capital"},"geometry":{"type":"Point","coordinates":[-9.038813,5.011127]}},{"type":"Feature","id":"capital-1-1159148289","properties":{"name":"Buchanan","localName":"Buchanan","countryCode":"LBR","country":"Liberia","division":"Grand Bassa","qid":"Q269222","rank":7,"level":1,"role":"Admin-1 capital"},"geometry":{"type":"Point","coordinates":[-10.052472,5.916085]}},{"type":"Feature","id":"capital-1-1159148291","properties":{"name":"Robertsport","localName":"Robertsport","countryCode":"LBR","country":"Liberia","division":"Grand Cape Mount","qid":"Q1024892","rank":6,"level":1,"role":"Admin-1 capital"},"geometry":{"type":"Point","coordinates":[-11.368593,6.75332]}},{"type":"Feature","id":"capital-1-1159148293","properties":{"name":"Berbérati","localName":"Berbérati","countryCode":"CAF","country":"Central African Republic","division":"Mambéré-Kadéï","qid":"Q544701","rank":8,"level":1,"role":"Admin-1 capital"},"geometry":{"type":"Point","coordinates":[15.780008,4.249959]}},{"type":"Feature","id":"capital-1-1159148297","properties":{"name":"Genoa","localName":"Genoa","countryCode":"ITA","country":"Italy","division":"Liguria","qid":"Q1449","rank":11,"level":1,"role":"Admin-1 region capital"},"geometry":{"type":"Point","coordinates":[8.930039,44.409988]}},{"type":"Feature","id":"capital-1-1159148299","properties":{"name":"Bria","localName":"Bria","countryCode":"CAF","country":"Central African Republic","division":"Haute-Kotto","qid":"Q598667","rank":7,"level":1,"role":"Admin-1 capital"},"geometry":{"type":"Point","coordinates":[21.983299,6.533308]}},{"type":"Feature","id":"capital-1-1159148305","properties":{"name":"Nakuru","localName":"Nakuru","countryCode":"KEN","country":"Kenya","division":"Rift Valley","qid":"Q239421","rank":10,"level":1,"role":"Admin-1 capital"},"geometry":{"type":"Point","coordinates":[36.069984,-0.279997]}},{"type":"Feature","id":"capital-1-1159148315","properties":{"name":"Ipoh","localName":"Ipoh","countryCode":"MYS","country":"Malaysia","division":"Perak","qid":"Q271619","rank":11,"level":1,"role":"Admin-1 capital"},"geometry":{"type":"Point","coordinates":[101.064983,4.599989]}},{"type":"Feature","id":"capital-1-1159148317","properties":{"name":"Kota Bharu","localName":"Kota Baharu","countryCode":"MYS","country":"Malaysia","division":"Kelantan","qid":"Q651131","rank":11,"level":1,"role":"Admin-1 capital"},"geometry":{"type":"Point","coordinates":[102.229977,6.119974]}},{"type":"Feature","id":"capital-1-1159148319","properties":{"name":"Melaka City","localName":"Malacca","countryCode":"MYS","country":"Malaysia","division":"Melaka","qid":"Q61089","rank":11,"level":1,"role":"Admin-1 capital"},"geometry":{"type":"Point","coordinates":[102.246461,2.206414]}},{"type":"Feature","id":"capital-1-1159148321","properties":{"name":"Kuantan","localName":"Kuantan","countryCode":"MYS","country":"Malaysia","division":"Pahang","qid":"Q817578","rank":10,"level":1,"role":"Admin-1 capital"},"geometry":{"type":"Point","coordinates":[103.320039,3.829959]}},{"type":"Feature","id":"capital-1-1159148327","properties":{"name":"Samarinda","localName":"Samarinda","countryCode":"IDN","country":"Indonesia","division":"Kalimantan Timur","qid":"Q14499","rank":11,"level":1,"role":"Admin-1 capital"},"geometry":{"type":"Point","coordinates":[117.149996,-0.500035]}},{"type":"Feature","id":"capital-1-1159148335","properties":{"name":"Kota Kinabalu","localName":"Kota Kinabalu","countryCode":"MYS","country":"Malaysia","division":"Sabah","qid":"Q137271","rank":11,"level":1,"role":"Admin-1 capital"},"geometry":{"type":"Point","coordinates":[116.110008,5.979983]}},{"type":"Feature","id":"capital-1-1159148343","properties":{"name":"Kisumu","localName":"Kisumu","countryCode":"KEN","country":"Kenya","division":"Nyanza","qid":"Q214485","rank":10,"level":1,"role":"Admin-1 capital"},"geometry":{"type":"Point","coordinates":[34.750013,-0.090035]}},{"type":"Feature","id":"capital-1-1159148359","properties":{"name":"Toamasina","localName":"Toamasina","countryCode":"MDG","country":"Madagascar","division":"Toamasina","qid":"Q178067","rank":10,"level":1,"role":"Admin-1 capital"},"geometry":{"type":"Point","coordinates":[49.404984,-18.181798]}},{"type":"Feature","id":"capital-1-1159148379","properties":{"name":"Bengkulu","localName":"Bengkulu","countryCode":"IDN","country":"Indonesia","division":"Bengkulu","qid":"Q8042","rank":10,"level":1,"role":"Admin-1 capital"},"geometry":{"type":"Point","coordinates":[102.269974,-3.800041]}},{"type":"Feature","id":"capital-1-1159148381","properties":{"name":"Pontianak","localName":"Pontianak","countryCode":"IDN","country":"Indonesia","division":"Kalimantan Barat","qid":"Q14168","rank":11,"level":1,"role":"Admin-1 capital"},"geometry":{"type":"Point","coordinates":[109.319983,-0.029987]}},{"type":"Feature","id":"capital-1-1159148397","properties":{"name":"Machala","localName":"Machala","countryCode":"ECU","country":"Ecuador","division":"El Oro","qid":"Q215080","rank":10,"level":1,"role":"Admin-1 capital"},"geometry":{"type":"Point","coordinates":[-79.959988,-3.260022]}},{"type":"Feature","id":"capital-1-1159148399","properties":{"name":"Loja","localName":"Loja","countryCode":"ECU","country":"Ecuador","division":"Loja","qid":"Q944697","rank":9,"level":1,"role":"Admin-1 capital"},"geometry":{"type":"Point","coordinates":[-79.210008,-3.990003]}},{"type":"Feature","id":"capital-1-1159148405","properties":{"name":"Riobamba","localName":"Riobamba","countryCode":"ECU","country":"Ecuador","division":"Chimborazo","qid":"Q478675","rank":9,"level":1,"role":"Admin-1 capital"},"geometry":{"type":"Point","coordinates":[-78.650042,-1.670041]}},{"type":"Feature","id":"capital-1-1159148407","properties":{"name":"San Juan de la Maguana","localName":"San Juan","countryCode":"DOM","country":"Dominican Republic","division":"San Juan","qid":"Q2430320","rank":8,"level":1,"role":"Admin-1 capital"},"geometry":{"type":"Point","coordinates":[-71.230942,18.808949]}},{"type":"Feature","id":"capital-1-1159148417","properties":{"name":"Faya-Largeau","localName":"Faya Largeau","countryCode":"TCD","country":"Chad","division":"Bet","qid":"Q516769","rank":6,"level":1,"role":"Admin-1 capital"},"geometry":{"type":"Point","coordinates":[19.116704,17.91667]}},{"type":"Feature","id":"capital-1-1159148419","properties":{"name":"Mao","localName":"Mao","countryCode":"TCD","country":"Chad","division":"Kanem","qid":"Q1786045","rank":6,"level":1,"role":"Admin-1 capital"},"geometry":{"type":"Point","coordinates":[15.313318,14.119434]}},{"type":"Feature","id":"capital-1-1159148423","properties":{"name":"Bata","localName":"Bata","countryCode":"GNQ","country":"Equatorial Guinea","division":"Litoral","qid":"Q320792","rank":9,"level":1,"role":"Admin-1 capital"},"geometry":{"type":"Point","coordinates":[9.769987,1.870001]}},{"type":"Feature","id":"capital-1-1159148425","properties":{"name":"Biltine","localName":"Biltine","countryCode":"TCD","country":"Chad","division":"Wadi Fira","qid":"Q1809024","rank":6,"level":1,"role":"Admin-1 capital"},"geometry":{"type":"Point","coordinates":[20.916697,14.533259]}},{"type":"Feature","id":"capital-1-1159148427","properties":{"name":"Sarh","localName":"Sarh","countryCode":"TCD","country":"Chad","division":"Mandoul","qid":"Q337530","rank":9,"level":1,"role":"Admin-1 capital"},"geometry":{"type":"Point","coordinates":[18.39003,9.14997]}},{"type":"Feature","id":"capital-1-1159148429","properties":{"name":"Am Timan","localName":"Am Timan","countryCode":"TCD","country":"Chad","division":"Salamat","qid":"Q451529","rank":7,"level":1,"role":"Admin-1 capital"},"geometry":{"type":"Point","coordinates":[20.283299,11.033292]}},{"type":"Feature","id":"capital-1-1159148433","properties":{"name":"Minya","localName":"El Minya","countryCode":"EGY","country":"Egypt","division":"Al Minya","qid":"Q310117","rank":10,"level":1,"role":"Admin-1 capital"},"geometry":{"type":"Point","coordinates":[30.749999,28.090003]}},{"type":"Feature","id":"capital-1-1159148437","properties":{"name":"el-Kharga Town","localName":"El Kharga","countryCode":"EGY","country":"Egypt","division":"Al Wadi at Jadid","qid":"Q4063326","rank":7,"level":1,"role":"Admin-1 capital"},"geometry":{"type":"Point","coordinates":[30.550011,25.440009]}},{"type":"Feature","id":"capital-1-1159148441","properties":{"name":"Hurghada","localName":"Hurghada","countryCode":"EGY","country":"Egypt","division":"Al Bahr al Ahmar","qid":"Q187284","rank":9,"level":1,"role":"Admin-1 capital"},"geometry":{"type":"Point","coordinates":[33.830017,27.230003]}},{"type":"Feature","id":"capital-1-1159148453","properties":{"name":"Tartu","localName":"Tartu","countryCode":"EST","country":"Estonia","division":"Tartu","qid":"Q13972","rank":9,"level":1,"role":"Admin-1 capital"},"geometry":{"type":"Point","coordinates":[26.709884,58.383941]}},{"type":"Feature","id":"capital-1-1159148481","properties":{"name":"Bukavu","localName":"Bukavu","countryCode":"COD","country":"DR Congo","division":"Sud-Kivu","qid":"Q222279","rank":10,"level":1,"role":"Admin-1 capital"},"geometry":{"type":"Point","coordinates":[28.840038,-2.50999]}},{"type":"Feature","id":"capital-1-1159148483","properties":{"name":"Uvira","localName":"Uvira","countryCode":"COD","country":"DR Congo","division":"Sud-Kivu","qid":"Q923687","rank":9,"level":1,"role":"Admin-1 capital"},"geometry":{"type":"Point","coordinates":[29.14002,-3.369989]}},{"type":"Feature","id":"capital-1-1159148485","properties":{"name":"Kindu","localName":"Kindu","countryCode":"COD","country":"DR Congo","division":"Maniema","qid":"Q270225","rank":10,"level":1,"role":"Admin-1 capital"},"geometry":{"type":"Point","coordinates":[25.909984,-2.963916]}},{"type":"Feature","id":"capital-1-1159148487","properties":{"name":"Mwene-Ditu","localName":"Mwene-Ditu","countryCode":"COD","country":"DR Congo","division":"Kasaï-Oriental","qid":"Q969880","rank":9,"level":1,"role":"Admin-1 capital"},"geometry":{"type":"Point","coordinates":[23.440006,-7]}},{"type":"Feature","id":"capital-1-1159148499","properties":{"name":"Zomba","localName":"Zomba","countryCode":"MWI","country":"Malawi","division":"Zomba","qid":"Q219117","rank":8,"level":1,"role":"Admin-1 capital"},"geometry":{"type":"Point","coordinates":[35.310031,-15.390031]}},{"type":"Feature","id":"capital-1-1159148501","properties":{"name":"Jambi","localName":"Jambi","countryCode":"IDN","country":"Indonesia","division":"Jambi","qid":"Q7578","rank":10,"level":1,"role":"Admin-1 capital"},"geometry":{"type":"Point","coordinates":[103.610048,-1.589995]}},{"type":"Feature","id":"capital-1-1159148507","properties":{"name":"Kumasi","localName":"Kumasi","countryCode":"GHA","country":"Ghana","division":"Ashanti","qid":"Q182059","rank":12,"level":1,"role":"Admin-1 capital"},"geometry":{"type":"Point","coordinates":[-1.63196,6.691937]}},{"type":"Feature","id":"capital-1-1159148509","properties":{"name":"Sekondi-Takoradi","localName":"Sekondi","countryCode":"GHA","country":"Ghana","division":"Western","qid":"Q243293","rank":10,"level":1,"role":"Admin-1 capital"},"geometry":{"type":"Point","coordinates":[-1.704015,4.943276]}},{"type":"Feature","id":"capital-1-1159148513","properties":{"name":"Oyem","localName":"Oyem","countryCode":"GAB","country":"Gabon","division":"Wouleu-Ntem","qid":"Q983886","rank":7,"level":1,"role":"Admin-1 capital"},"geometry":{"type":"Point","coordinates":[11.583313,1.616631]}},{"type":"Feature","id":"capital-1-1159148515","properties":{"name":"Pärnu","localName":"Pärnu","countryCode":"EST","country":"Estonia","division":"Pärnu","qid":"Q102365","rank":7,"level":1,"role":"Admin-1 capital"},"geometry":{"type":"Point","coordinates":[24.513583,58.374743]}},{"type":"Feature","id":"capital-1-1159148567","properties":{"name":"Rancagua","localName":"Rancagua","countryCode":"CHL","country":"Chile","division":"Libertador General Bernardo O'Higgins","qid":"Q4582","rank":10,"level":1,"role":"Admin-1 capital"},"geometry":{"type":"Point","coordinates":[-70.739982,-34.170021]}},{"type":"Feature","id":"capital-1-1159148573","properties":{"name":"Talca","localName":"Talca","countryCode":"CHL","country":"Chile","division":"Maule","qid":"Q4469","rank":9,"level":1,"role":"Admin-1 capital"},"geometry":{"type":"Point","coordinates":[-71.665637,-35.43021]}},{"type":"Feature","id":"capital-1-1159148579","properties":{"name":"Rosso","localName":"Rosso","countryCode":"MRT","country":"Mauritania","division":"Trarza","qid":"Q861580","rank":7,"level":1,"role":"Admin-1 capital"},"geometry":{"type":"Point","coordinates":[-15.812663,16.524016]}},{"type":"Feature","id":"capital-1-1159148581","properties":{"name":"Kiffa","localName":"Kiffa","countryCode":"MRT","country":"Mauritania","division":"Assaba","qid":"Q492778","rank":8,"level":1,"role":"Admin-1 capital"},"geometry":{"type":"Point","coordinates":[-11.399987,16.619979]}},{"type":"Feature","id":"capital-1-1159148587","properties":{"name":"Koulikoro","localName":"Koulikoro","countryCode":"MLI","country":"Mali","division":"Bamako","qid":"Q740974","rank":7,"level":1,"role":"Admin-1 capital"},"geometry":{"type":"Point","coordinates":[-7.549989,12.883308]}},{"type":"Feature","id":"capital-1-1159148589","properties":{"name":"Mopti","localName":"Mopti","countryCode":"MLI","country":"Mali","division":"Mopti","qid":"Q211227","rank":9,"level":1,"role":"Admin-1 capital"},"geometry":{"type":"Point","coordinates":[-4.18004,14.48998]}},{"type":"Feature","id":"capital-1-1159148591","properties":{"name":"Ouésso","localName":"Ouésso","countryCode":"COG","country":"Congo","division":"Sangha","qid":"Q627885","rank":7,"level":1,"role":"Admin-1 capital"},"geometry":{"type":"Point","coordinates":[16.050017,1.609991]}},{"type":"Feature","id":"capital-1-1159148595","properties":{"name":"Kalamata","localName":"Kalamata","countryCode":"GRC","country":"Greece","division":"Peloponnisos","qid":"Q167895","rank":8,"level":1,"role":"Admin-1 capital"},"geometry":{"type":"Point","coordinates":[22.114195,37.038914]}},{"type":"Feature","id":"capital-1-1159148597","properties":{"name":"Hun","localName":"Hun","countryCode":"LBY","country":"Libya","division":"Al Jufrah","qid":"Q1991249","rank":6,"level":1,"role":"Admin-1 capital"},"geometry":{"type":"Point","coordinates":[15.933332,29.116658]}},{"type":"Feature","id":"capital-1-1159148605","properties":{"name":"Murzuk","localName":"Marzuq","countryCode":"LBY","country":"Libya","division":"Murzuq","qid":"Q526822","rank":8,"level":1,"role":"Admin-1 capital"},"geometry":{"type":"Point","coordinates":[13.897229,25.904399]}},{"type":"Feature","id":"capital-1-1159148607","properties":{"name":"Ajdabiya","localName":"Ajdabiya","countryCode":"LBY","country":"Libya","division":"Ajdabiya","qid":"Q202991","rank":9,"level":1,"role":"Admin-1 capital"},"geometry":{"type":"Point","coordinates":[20.219995,30.769994]}},{"type":"Feature","id":"capital-1-1159148613","properties":{"name":"Derna","localName":"Darnah","countryCode":"LBY","country":"Libya","division":"Al Qubbah","qid":"Q211866","rank":9,"level":1,"role":"Admin-1 capital"},"geometry":{"type":"Point","coordinates":[22.639139,32.764811]}},{"type":"Feature","id":"capital-1-1159148617","properties":{"name":"Heraklion","localName":"Iraklio","countryCode":"GRC","country":"Greece","division":"Kriti","qid":"Q160544","rank":9,"level":1,"role":"Admin-1 capital"},"geometry":{"type":"Point","coordinates":[25.130497,35.325013]}},{"type":"Feature","id":"capital-1-1159148623","properties":{"name":"Tripoli","localName":"Ṭarābulus","countryCode":"LBN","country":"Lebanon","division":"North Lebanon","qid":"Q168954","rank":11,"level":1,"role":"Admin-1 capital"},"geometry":{"type":"Point","coordinates":[35.831661,34.438267]}},{"type":"Feature","id":"capital-1-1159148625","properties":{"name":"Debre Marqos","localName":"Debre Markos","countryCode":"ETH","country":"Ethiopia","division":"Amhara","qid":"Q1024659","rank":8,"level":1,"role":"Admin-1 capital"},"geometry":{"type":"Point","coordinates":[37.720013,10.339975]}},{"type":"Feature","id":"capital-1-1159148627","properties":{"name":"Dessie","localName":"Dese","countryCode":"ETH","country":"Ethiopia","division":"Amhara","qid":"Q755752","rank":9,"level":1,"role":"Admin-1 capital"},"geometry":{"type":"Point","coordinates":[39.630025,11.129978]}},{"type":"Feature","id":"capital-1-1159148631","properties":{"name":"Arba Minch","localName":"Arba Minch","countryCode":"ETH","country":"Ethiopia","division":"Southern Nations, Nationalities and Peoples","qid":"Q626861","rank":8,"level":1,"role":"Admin-1 capital"},"geometry":{"type":"Point","coordinates":[37.549997,6.040005]}},{"type":"Feature","id":"capital-1-1159148633","properties":{"name":"Harar Jugol","localName":"Harar","countryCode":"ETH","country":"Ethiopia","division":"Addis Ababa","qid":"Q190184","rank":9,"level":1,"role":"Admin-1 capital"},"geometry":{"type":"Point","coordinates":[42.150026,9.319959]}},{"type":"Feature","id":"capital-1-1159148635","properties":{"name":"Goba","localName":"Goba","countryCode":"ETH","country":"Ethiopia","division":"Addis Ababa","qid":"Q745871","rank":7,"level":1,"role":"Admin-1 capital"},"geometry":{"type":"Point","coordinates":[39.970004,7.010023]}},{"type":"Feature","id":"capital-1-1159148639","properties":{"name":"Jimma","localName":"Jima","countryCode":"ETH","country":"Ethiopia","division":"Addis Ababa","qid":"Q385341","rank":9,"level":1,"role":"Admin-1 capital"},"geometry":{"type":"Point","coordinates":[36.830041,7.679982]}},{"type":"Feature","id":"capital-1-1159148651","properties":{"name":"Oulu","localName":"Oulu","countryCode":"FIN","country":"Finland","division":"Northern Ostrobothnia","qid":"Q47048","rank":9,"level":1,"role":"Admin-1 capital"},"geometry":{"type":"Point","coordinates":[25.470011,64.999998]}},{"type":"Feature","id":"capital-1-1159148663","properties":{"name":"Oral","localName":"Oral","countryCode":"KAZ","country":"Kazakhstan","division":"West Kazakhstan","qid":"Q487439","rank":10,"level":1,"role":"Admin-1 capital"},"geometry":{"type":"Point","coordinates":[51.334995,51.27112]}},{"type":"Feature","id":"capital-1-1159148665","properties":{"name":"Bushehr","localName":"Bandar-e Bushehr","countryCode":"IRN","country":"Iran","division":"Bushehr","qid":"Q158928","rank":9,"level":1,"role":"Admin-1 capital"},"geometry":{"type":"Point","coordinates":[50.830013,28.919978]}},{"type":"Feature","id":"capital-1-1159148669","properties":{"name":"Ardabil","localName":"Ardabil","countryCode":"IRN","country":"Iran","division":"Ardebil","qid":"Q180103","rank":10,"level":1,"role":"Admin-1 capital"},"geometry":{"type":"Point","coordinates":[48.300039,38.250003]}},{"type":"Feature","id":"capital-1-1159148671","properties":{"name":"Qom","localName":"Qom","countryCode":"IRN","country":"Iran","division":"Qom","qid":"Q170573","rank":11,"level":1,"role":"Admin-1 capital"},"geometry":{"type":"Point","coordinates":[50.94806,34.651961]}},{"type":"Feature","id":"capital-1-1159148675","properties":{"name":"Qazvin","localName":"Qazvin","countryCode":"IRN","country":"Iran","division":"Qazvin","qid":"Q181578","rank":10,"level":1,"role":"Admin-1 capital"},"geometry":{"type":"Point","coordinates":[49.999986,36.27002]}},{"type":"Feature","id":"capital-1-1159148681","properties":{"name":"Kermanshah","localName":"Kermanshah","countryCode":"IRN","country":"Iran","division":"Kermanshah","qid":"Q180078","rank":11,"level":1,"role":"Admin-1 capital"},"geometry":{"type":"Point","coordinates":[47.058065,34.381952]}},{"type":"Feature","id":"capital-1-1159148683","properties":{"name":"Rasht","localName":"Rasht","countryCode":"IRN","country":"Iran","division":"Gilan","qid":"Q178373","rank":11,"level":1,"role":"Admin-1 capital"},"geometry":{"type":"Point","coordinates":[49.629983,37.299983]}},{"type":"Feature","id":"capital-1-1159148685","properties":{"name":"Birjand","localName":"Birjand","countryCode":"IRN","country":"Iran","division":"South Khorasan","qid":"Q193806","rank":10,"level":1,"role":"Admin-1 capital"},"geometry":{"type":"Point","coordinates":[59.219941,32.88002]}},{"type":"Feature","id":"capital-1-1159148693","properties":{"name":"Zahedan","localName":"Zahedan","countryCode":"IRN","country":"Iran","division":"Sistan and Baluchestan","qid":"Q140561","rank":11,"level":1,"role":"Admin-1 capital"},"geometry":{"type":"Point","coordinates":[60.830023,29.499994]}},{"type":"Feature","id":"capital-1-1159148701","properties":{"name":"Korhogo","localName":"Korhogo","countryCode":"CIV","country":"Ivory Coast","division":"Savanes","qid":"Q985627","rank":9,"level":1,"role":"Admin-1 capital"},"geometry":{"type":"Point","coordinates":[-5.639951,9.459977]}},{"type":"Feature","id":"capital-1-1159148703","properties":{"name":"Labé","localName":"Labé","countryCode":"GIN","country":"Guinea","division":"Labe","qid":"Q1020384","rank":9,"level":1,"role":"Admin-1 capital"},"geometry":{"type":"Point","coordinates":[-12.300009,11.319992]}},{"type":"Feature","id":"capital-1-1159148705","properties":{"name":"Boké","localName":"Boké","countryCode":"GIN","country":"Guinea","division":"Boke","qid":"Q891240","rank":9,"level":1,"role":"Admin-1 capital"},"geometry":{"type":"Point","coordinates":[-14.29999,10.93999]}},{"type":"Feature","id":"capital-1-1159148707","properties":{"name":"Kindia","localName":"Kindia","countryCode":"GIN","country":"Guinea","division":"Kindia","qid":"Q997057","rank":9,"level":1,"role":"Admin-1 capital"},"geometry":{"type":"Point","coordinates":[-12.869974,10.060018]}},{"type":"Feature","id":"capital-1-1159148711","properties":{"name":"Daloa","localName":"Daloa","countryCode":"CIV","country":"Ivory Coast","division":"Haut-Sassandra","qid":"Q860304","rank":10,"level":1,"role":"Admin-1 capital"},"geometry":{"type":"Point","coordinates":[-6.450005,6.889979]}},{"type":"Feature","id":"capital-1-1159148713","properties":{"name":"Mafeteng","localName":"Mafetang","countryCode":"LSO","country":"Lesotho","division":"Mafeteng","qid":"Q1013379","rank":8,"level":1,"role":"Admin-1 capital"},"geometry":{"type":"Point","coordinates":[27.250006,-29.816644]}},{"type":"Feature","id":"capital-1-1159148715","properties":{"name":"Cobija","localName":"Cobija","countryCode":"BOL","country":"Bolivia","division":"Acre","qid":"Q34995","rank":7,"level":1,"role":"Admin-1 capital"},"geometry":{"type":"Point","coordinates":[-68.768827,-11.02052]}},{"type":"Feature","id":"capital-1-1159148771","properties":{"name":"Palmas","localName":"Palmas","countryCode":"BRA","country":"Brazil","division":"Tocantins","qid":"Q178993","rank":10,"level":1,"role":"Admin-1 capital"},"geometry":{"type":"Point","coordinates":[-48.287787,-10.237736]}},{"type":"Feature","id":"capital-1-1159148827","properties":{"name":"Aracaju","localName":"Aracaju","countryCode":"BRA","country":"Brazil","division":"Sergipe","qid":"Q170578","rank":11,"level":1,"role":"Admin-1 capital"},"geometry":{"type":"Point","coordinates":[-37.119967,-10.900021]}},{"type":"Feature","id":"capital-1-1159148929","properties":{"name":"Fredericton","localName":"Fredericton","countryCode":"CAN","country":"Canada","division":"New Brunswick","qid":"Q2138","rank":8,"level":1,"role":"Admin-1 capital"},"geometry":{"type":"Point","coordinates":[-66.633308,45.949998]}},{"type":"Feature","id":"capital-1-1159148945","properties":{"name":"Bouar","localName":"Bouar","countryCode":"CAF","country":"Central African Republic","division":"Nana-Mambéré","qid":"Q512111","rank":7,"level":1,"role":"Admin-1 capital"},"geometry":{"type":"Point","coordinates":[15.599967,5.95001]}},{"type":"Feature","id":"capital-1-1159148953","properties":{"name":"Ushuaia","localName":"Ushuaia","countryCode":"ARG","country":"Argentina","division":"Tierra del Fuego","qid":"Q44254","rank":8,"level":1,"role":"Admin-1 capital"},"geometry":{"type":"Point","coordinates":[-68.310001,-54.790003]}},{"type":"Feature","id":"capital-1-1159148965","properties":{"name":"San Fernando del Valle de Catamarca","localName":"Catamarca","countryCode":"ARG","country":"Argentina","division":"Catamarca","qid":"Q44162","rank":9,"level":1,"role":"Admin-1 capital"},"geometry":{"type":"Point","coordinates":[-65.780001,-28.470008]}},{"type":"Feature","id":"capital-1-1159148967","properties":{"name":"La Rioja","localName":"La Rioja","countryCode":"ARG","country":"Argentina","division":"La Rioja","qid":"Q44236","rank":9,"level":1,"role":"Admin-1 capital"},"geometry":{"type":"Point","coordinates":[-66.849961,-29.40995]}},{"type":"Feature","id":"capital-1-1159148969","properties":{"name":"Santiago del Estero","localName":"Santiago del Estero","countryCode":"ARG","country":"Argentina","division":"Santiago del Estero","qid":"Q44253","rank":10,"level":1,"role":"Admin-1 capital"},"geometry":{"type":"Point","coordinates":[-64.266656,-27.783331]}},{"type":"Feature","id":"capital-1-1159148971","properties":{"name":"Resistencia","localName":"Resistencia","countryCode":"ARG","country":"Argentina","division":"Chaco","qid":"Q44206","rank":10,"level":1,"role":"Admin-1 capital"},"geometry":{"type":"Point","coordinates":[-58.990027,-27.459992]}},{"type":"Feature","id":"capital-1-1159148989","properties":{"name":"Farah","localName":"Farah","countryCode":"AFG","country":"Afghanistan","division":"Farah","qid":"Q593156","rank":8,"level":1,"role":"Admin-1 capital"},"geometry":{"type":"Point","coordinates":[62.096819,32.39173]}},{"type":"Feature","id":"capital-1-1159148999","properties":{"name":"Sumbe","localName":"Sumbe","countryCode":"AGO","country":"Angola","division":"Cuanza Sul","qid":"Q780534","rank":7,"level":1,"role":"Admin-1 capital"},"geometry":{"type":"Point","coordinates":[13.849997,-11.210028]}},{"type":"Feature","id":"capital-1-1159149001","properties":{"name":"Uíge","localName":"Uíge","countryCode":"AGO","country":"Angola","division":"Uíge","qid":"Q911191","rank":8,"level":1,"role":"Admin-1 capital"},"geometry":{"type":"Point","coordinates":[15.049975,-7.620014]}},{"type":"Feature","id":"capital-1-1159149003","properties":{"name":"Kuito","localName":"Kuito","countryCode":"AGO","country":"Angola","division":"Bié","qid":"Q843980","rank":9,"level":1,"role":"Admin-1 capital"},"geometry":{"type":"Point","coordinates":[16.939989,-12.380034]}},{"type":"Feature","id":"capital-1-1159149009","properties":{"name":"Luena","localName":"Luena","countryCode":"AGO","country":"Angola","division":"Moxico","qid":"Q618643","rank":7,"level":1,"role":"Admin-1 capital"},"geometry":{"type":"Point","coordinates":[19.900015,-11.790044]}},{"type":"Feature","id":"capital-1-1159149019","properties":{"name":"Adrar","localName":"Adrar","countryCode":"DZA","country":"Algeria","division":"Adrar","qid":"Q251181","rank":8,"level":1,"role":"Admin-1 capital"},"geometry":{"type":"Point","coordinates":[-0.289967,27.86999]}},{"type":"Feature","id":"capital-1-1159149023","properties":{"name":"Béchar","localName":"Béchar","countryCode":"DZA","country":"Algeria","division":"Béchar","qid":"Q638704","rank":9,"level":1,"role":"Admin-1 capital"},"geometry":{"type":"Point","coordinates":[-2.230004,31.611105]}},{"type":"Feature","id":"capital-1-1159149037","properties":{"name":"Laghouat","localName":"Laghouat","countryCode":"DZA","country":"Algeria","division":"Laghouat","qid":"Q402733","rank":9,"level":1,"role":"Admin-1 capital"},"geometry":{"type":"Point","coordinates":[2.88002,33.809989]}},{"type":"Feature","id":"capital-1-1159149041","properties":{"name":"Ouargla","localName":"Ouargla","countryCode":"DZA","country":"Algeria","division":"Ouargla","qid":"Q852469","rank":9,"level":1,"role":"Admin-1 capital"},"geometry":{"type":"Point","coordinates":[5.340025,31.969972]}},{"type":"Feature","id":"capital-1-1159149043","properties":{"name":"Biskra","localName":"Biskra","countryCode":"DZA","country":"Algeria","division":"Biskra","qid":"Q312759","rank":10,"level":1,"role":"Admin-1 capital"},"geometry":{"type":"Point","coordinates":[5.730027,34.859977]}},{"type":"Feature","id":"capital-1-1159149045","properties":{"name":"Djelfa","localName":"Djelfa","countryCode":"DZA","country":"Algeria","division":"Djelfa","qid":"Q2794758","rank":9,"level":1,"role":"Admin-1 capital"},"geometry":{"type":"Point","coordinates":[3.250024,34.679988]}},{"type":"Feature","id":"capital-1-1159149047","properties":{"name":"Sétif","localName":"Sétif","countryCode":"DZA","country":"Algeria","division":"SZtif","qid":"Q244004","rank":10,"level":1,"role":"Admin-1 capital"},"geometry":{"type":"Point","coordinates":[5.39997,36.180025]}},{"type":"Feature","id":"capital-1-1159149049","properties":{"name":"Batna","localName":"Batna","countryCode":"DZA","country":"Algeria","division":"Batna","qid":"Q338844","rank":10,"level":1,"role":"Admin-1 capital"},"geometry":{"type":"Point","coordinates":[6.17,35.569959]}},{"type":"Feature","id":"capital-1-1159149053","properties":{"name":"Burgas","localName":"Burgas","countryCode":"BGR","country":"Bulgaria","division":"Burgas","qid":"Q6509","rank":9,"level":1,"role":"Admin-1 capital"},"geometry":{"type":"Point","coordinates":[27.474643,42.5146]}},{"type":"Feature","id":"capital-1-1159149055","properties":{"name":"Vitebsk","localName":"Vitsyebsk","countryCode":"BLR","country":"Belarus","division":"Vitsyebsk","qid":"Q102217","rank":10,"level":1,"role":"Admin-1 capital"},"geometry":{"type":"Point","coordinates":[30.18533,55.18871]}},{"type":"Feature","id":"capital-1-1159149057","properties":{"name":"Molepolole","localName":"Molepolole","countryCode":"BWA","country":"Botswana","division":"Kweneng","qid":"Q170725","rank":8,"level":1,"role":"Admin-1 capital"},"geometry":{"type":"Point","coordinates":[25.510009,-24.399972]}},{"type":"Feature","id":"capital-1-1159149081","properties":{"name":"Tasiilaq","localName":"Tasiilaq","countryCode":"GRL","country":"Greenland","division":null,"qid":"Q2139799","rank":3,"level":1,"role":"Admin-1 capital"},"geometry":{"type":"Point","coordinates":[-37.633737,65.601869]}},{"type":"Feature","id":"capital-1-1159149097","properties":{"name":"Santa Cruz de Tenerife","localName":"Santa Cruz de Tenerife","countryCode":"ESP","country":"Spain","division":null,"qid":"Q14328","rank":10,"level":1,"role":"Admin-1 capital"},"geometry":{"type":"Point","coordinates":[-16.250001,28.469979]}},{"type":"Feature","id":"capital-1-1159149103","properties":{"name":"Hualien City","localName":"Hualien","countryCode":"TWN","country":"Taiwan","division":"Hualien","qid":"Q713310","rank":10,"level":1,"role":"Admin-1 capital"},"geometry":{"type":"Point","coordinates":[121.600009,23.983742]}},{"type":"Feature","id":"capital-1-1159149107","properties":{"name":"New Taipei","localName":"New Taipei","countryCode":"TWN","country":"Taiwan","division":"New Taipei City","qid":"Q244898","rank":12,"level":1,"role":"Admin-1 capital"},"geometry":{"type":"Point","coordinates":[121.465,25.012778]}},{"type":"Feature","id":"capital-1-1159149109","properties":{"name":"Tainan","localName":"Tainan","countryCode":"TWN","country":"Taiwan","division":"Tainan City","qid":"Q140631","rank":12,"level":1,"role":"Admin-1 capital"},"geometry":{"type":"Point","coordinates":[120.200043,23.000003]}},{"type":"Feature","id":"capital-1-1159149111","properties":{"name":"Taitung City","localName":"Taitung","countryCode":"TWN","country":"Taiwan","division":"Taitung","qid":"Q713381","rank":9,"level":1,"role":"Admin-1 capital"},"geometry":{"type":"Point","coordinates":[121.140037,22.755393]}},{"type":"Feature","id":"capital-1-1159149125","properties":{"name":"Incheon","localName":"Incheon","countryCode":"KOR","country":"South Korea","division":"Inch'on-gwangyoksi","qid":"Q20934","rank":12,"level":1,"role":"Admin-1 capital"},"geometry":{"type":"Point","coordinates":[126.640288,37.478094]}},{"type":"Feature","id":"capital-1-1159149127","properties":{"name":"Benin City","localName":"Benin City","countryCode":"NGA","country":"Nigeria","division":"Edo","qid":"Q320704","rank":12,"level":1,"role":"Admin-1 capital"},"geometry":{"type":"Point","coordinates":[5.618062,6.342423]}},{"type":"Feature","id":"capital-1-1159149153","properties":{"name":"Chandigarh","localName":"Chandigarh","countryCode":"IND","country":"India","division":"Chandigarh","qid":"Q43433","rank":11,"level":1,"role":"Admin-1 capital"},"geometry":{"type":"Point","coordinates":[76.77806,30.721943]}},{"type":"Feature","id":"capital-1-1159149165","properties":{"name":"Dispur","localName":"Dispur","countryCode":"IND","country":"India","division":"Assam","qid":"Q271911","rank":6,"level":1,"role":"Admin-1 capital"},"geometry":{"type":"Point","coordinates":[91.766636,26.144023]}},{"type":"Feature","id":"capital-1-1159149191","properties":{"name":"Durazno","localName":"Durazno","countryCode":"URY","country":"Uruguay","division":"Durazno","qid":"Q855645","rank":7,"level":1,"role":"Admin-1 capital"},"geometry":{"type":"Point","coordinates":[-56.51005,-33.410016]}},{"type":"Feature","id":"capital-1-1159149197","properties":{"name":"Saint Paul","localName":"St.  Paul","countryCode":"USA","country":"United States","division":"Minnesota","qid":"Q28848","rank":11,"level":1,"role":"Admin-1 capital"},"geometry":{"type":"Point","coordinates":[-93.084975,44.943987]}},{"type":"Feature","id":"capital-1-1159149211","properties":{"name":"Olympia","localName":"Olympia","countryCode":"USA","country":"United States","division":"Washington","qid":"Q42735","rank":9,"level":1,"role":"Admin-1 capital"},"geometry":{"type":"Point","coordinates":[-122.899434,47.038045]}},{"type":"Feature","id":"capital-1-1159149239","properties":{"name":"Salem","localName":"Salem","countryCode":"USA","country":"United States","division":"Oregon","qid":"Q43919","rank":10,"level":1,"role":"Admin-1 capital"},"geometry":{"type":"Point","coordinates":[-123.023897,44.92807]}},{"type":"Feature","id":"capital-1-1159149243","properties":{"name":"Topeka","localName":"Topeka","countryCode":"USA","country":"United States","division":"Kansas","qid":"Q41057","rank":9,"level":1,"role":"Admin-1 capital"},"geometry":{"type":"Point","coordinates":[-95.669985,39.050005]}},{"type":"Feature","id":"capital-1-1159149255","properties":{"name":"Baton Rouge","localName":"Baton Rouge","countryCode":"USA","country":"United States","division":"Louisiana","qid":"Q28218","rank":10,"level":1,"role":"Admin-1 capital"},"geometry":{"type":"Point","coordinates":[-91.140158,30.457946]}},{"type":"Feature","id":"capital-1-1159149261","properties":{"name":"Austin","localName":"Austin","countryCode":"USA","country":"United States","division":"Texas","qid":"Q16559","rank":12,"level":1,"role":"Admin-1 capital"},"geometry":{"type":"Point","coordinates":[-97.744724,30.268895]}},{"type":"Feature","id":"capital-1-1159149271","properties":{"name":"Mérida","localName":"Mérida","countryCode":"VEN","country":"Venezuela","division":"Mérida","qid":"Q23551","rank":10,"level":1,"role":"Admin-1 capital"},"geometry":{"type":"Point","coordinates":[-71.182522,8.56952]}},{"type":"Feature","id":"capital-1-1159149275","properties":{"name":"Montgomery","localName":"Montgomery","countryCode":"USA","country":"United States","division":"Alabama","qid":"Q29364","rank":9,"level":1,"role":"Admin-1 capital"},"geometry":{"type":"Point","coordinates":[-86.279189,32.361602]}},{"type":"Feature","id":"capital-1-1159149277","properties":{"name":"Tallahassee","localName":"Tallahassee","countryCode":"USA","country":"United States","division":"Florida","qid":"Q37043","rank":10,"level":1,"role":"Admin-1 capital"},"geometry":{"type":"Point","coordinates":[-84.280034,30.449988]}},{"type":"Feature","id":"capital-1-1159149287","properties":{"name":"Columbia","localName":"Columbia","countryCode":"USA","country":"United States","division":"South Carolina","qid":"Q38453","rank":10,"level":1,"role":"Admin-1 capital"},"geometry":{"type":"Point","coordinates":[-81.031262,33.996861]}},{"type":"Feature","id":"capital-1-1159149289","properties":{"name":"Indianapolis","localName":"Indianapolis","countryCode":"USA","country":"United States","division":"Indiana","qid":"Q6346","rank":12,"level":1,"role":"Admin-1 capital"},"geometry":{"type":"Point","coordinates":[-86.171994,39.751934]}},{"type":"Feature","id":"capital-1-1159149295","properties":{"name":"Richmond","localName":"Richmond","countryCode":"USA","country":"United States","division":"Virginia","qid":"Q43421","rank":11,"level":1,"role":"Admin-1 capital"},"geometry":{"type":"Point","coordinates":[-77.451932,37.551965]}},{"type":"Feature","id":"capital-1-1159149297","properties":{"name":"Charleston","localName":"Charleston","countryCode":"USA","country":"United States","division":"West Virginia","qid":"Q44564","rank":9,"level":1,"role":"Admin-1 capital"},"geometry":{"type":"Point","coordinates":[-81.632728,38.349738]}},{"type":"Feature","id":"capital-1-1159149305","properties":{"name":"Puerto Ayacucho","localName":"Puerto Ayacucho","countryCode":"VEN","country":"Venezuela","division":"Amazonas","qid":"Q372920","rank":8,"level":1,"role":"Admin-1 capital"},"geometry":{"type":"Point","coordinates":[-67.623609,5.663904]}},{"type":"Feature","id":"capital-1-1159149309","properties":{"name":"Augusta","localName":"Augusta","countryCode":"USA","country":"United States","division":"Maine","qid":"Q28206","rank":7,"level":1,"role":"Admin-1 capital"},"geometry":{"type":"Point","coordinates":[-69.779989,44.310563]}},{"type":"Feature","id":"capital-1-1159149313","properties":{"name":"Atakpamé","localName":"Atakpamé","countryCode":"TGO","country":"Togo","division":"Plateaux","qid":"Q126124","rank":8,"level":1,"role":"Admin-1 capital"},"geometry":{"type":"Point","coordinates":[1.120024,7.530043]}},{"type":"Feature","id":"capital-1-1159149315","properties":{"name":"Sousse","localName":"Sousse","countryCode":"TUN","country":"Tunisia","division":"Sousse","qid":"Q180717","rank":10,"level":1,"role":"Admin-1 capital"},"geometry":{"type":"Point","coordinates":[10.625026,35.829995]}},{"type":"Feature","id":"capital-1-1159149317","properties":{"name":"Ta'izz","localName":"Taizz","countryCode":"YEM","country":"Yemen","division":"Ta`izz","qid":"Q466216","rank":11,"level":1,"role":"Admin-1 capital"},"geometry":{"type":"Point","coordinates":[44.037474,13.606398]}},{"type":"Feature","id":"capital-1-1159149323","properties":{"name":"Lviv","localName":"Lviv","countryCode":"UKR","country":"Ukraine","division":"L'viv","qid":"Q36036","rank":11,"level":1,"role":"Admin-1 capital"},"geometry":{"type":"Point","coordinates":[24.029995,49.83498]}},{"type":"Feature","id":"capital-1-1159149325","properties":{"name":"Odessa","localName":"Odessa","countryCode":"UKR","country":"Ukraine","division":"Odessa","qid":"Q1874","rank":11,"level":1,"role":"Admin-1 capital"},"geometry":{"type":"Point","coordinates":[30.708055,46.491962]}},{"type":"Feature","id":"capital-1-1159149327","properties":{"name":"Zhytomyr","localName":"Zhytomyr","countryCode":"UKR","country":"Ukraine","division":"Zhytomyr","qid":"Q156713","rank":10,"level":1,"role":"Admin-1 capital"},"geometry":{"type":"Point","coordinates":[28.662167,50.245575]}},{"type":"Feature","id":"capital-1-1159149329","properties":{"name":"Dnipro","localName":"Dnipro","countryCode":"UKR","country":"Ukraine","division":"Dnipropetrovs'k","qid":"Q48256","rank":12,"level":1,"role":"Admin-1 capital"},"geometry":{"type":"Point","coordinates":[34.998078,48.481918]}},{"type":"Feature","id":"capital-1-1159149331","properties":{"name":"Donetsk","localName":"Donetsk","countryCode":"UKR","country":"Ukraine","division":"Donets'k","qid":"Q43070","rank":11,"level":1,"role":"Admin-1 capital"},"geometry":{"type":"Point","coordinates":[37.828034,48.001947]}},{"type":"Feature","id":"capital-1-1159149333","properties":{"name":"Kharkiv","localName":"Kharkiv","countryCode":"UKR","country":"Ukraine","division":"Kharkiv","qid":"Q42308","rank":12,"level":1,"role":"Admin-1 capital"},"geometry":{"type":"Point","coordinates":[36.248079,50.001929]}},{"type":"Feature","id":"capital-1-1159149335","properties":{"name":"Türkmenbaşy","localName":"Türkmenbaşy","countryCode":"TKM","country":"Turkmenistan","division":"Balkan","qid":"Q488987","rank":8,"level":1,"role":"Admin-1 capital"},"geometry":{"type":"Point","coordinates":[52.969676,40.023047]}},{"type":"Feature","id":"capital-1-1159149337","properties":{"name":"Bukhara","localName":"Bukhara","countryCode":"UZB","country":"Uzbekistan","division":"Bukhoro","qid":"Q5764","rank":10,"level":1,"role":"Admin-1 capital"},"geometry":{"type":"Point","coordinates":[64.43001,39.780012]}},{"type":"Feature","id":"capital-1-1159149341","properties":{"name":"Nukus","localName":"Nukus","countryCode":"UZB","country":"Uzbekistan","division":"Karakalpakstan","qid":"Q489898","rank":10,"level":1,"role":"Admin-1 capital"},"geometry":{"type":"Point","coordinates":[59.615007,42.470003]}},{"type":"Feature","id":"capital-1-1159149343","properties":{"name":"Türkmenabat","localName":"Türkmenabat","countryCode":"TKM","country":"Turkmenistan","division":"Chardzhou","qid":"Q487684","rank":10,"level":1,"role":"Admin-1 capital"},"geometry":{"type":"Point","coordinates":[63.580036,39.110002]}},{"type":"Feature","id":"capital-1-1159149345","properties":{"name":"Mary","localName":"Mary","countryCode":"TKM","country":"Turkmenistan","division":"Mary","qid":"Q5713","rank":9,"level":1,"role":"Admin-1 capital"},"geometry":{"type":"Point","coordinates":[61.833321,37.600016]}},{"type":"Feature","id":"capital-1-1159149347","properties":{"name":"Andijan","localName":"Andijan","countryCode":"UZB","country":"Uzbekistan","division":"Andijon","qid":"Q487656","rank":11,"level":1,"role":"Admin-1 capital"},"geometry":{"type":"Point","coordinates":[72.339967,40.790002]}},{"type":"Feature","id":"capital-1-1159149349","properties":{"name":"Haiphong","localName":"Haiphong","countryCode":"VNM","country":"Vietnam","division":"Qu?ng Ninh","qid":"Q72818","rank":12,"level":1,"role":"Admin-1 capital"},"geometry":{"type":"Point","coordinates":[106.678147,20.831952]}},{"type":"Feature","id":"capital-1-1159149351","properties":{"name":"Da Nang","localName":"Da Nang","countryCode":"VNM","country":"Vietnam","division":"Ðà N?ng","qid":"Q25282","rank":11,"level":1,"role":"Admin-1 capital"},"geometry":{"type":"Point","coordinates":[108.249971,16.060039]}},{"type":"Feature","id":"capital-1-1159149353","properties":{"name":"Kabwe","localName":"Kabwe","countryCode":"ZMB","country":"Zambia","division":"Central","qid":"Q216902","rank":9,"level":1,"role":"Admin-1 capital"},"geometry":{"type":"Point","coordinates":[28.449984,-14.440011]}},{"type":"Feature","id":"capital-1-1159149361","properties":{"name":"Livingstone","localName":"Livingstone","countryCode":"ZMB","country":"Zambia","division":"Southern","qid":"Q1866604","rank":9,"level":1,"role":"Admin-1 capital"},"geometry":{"type":"Point","coordinates":[25.860013,-17.860009]}},{"type":"Feature","id":"capital-1-1159149365","properties":{"name":"Douala","localName":"Douala","countryCode":"CMR","country":"Cameroon","division":"Littoral","qid":"Q132830","rank":12,"level":1,"role":"Admin-1 capital"},"geometry":{"type":"Point","coordinates":[9.708045,4.062356]}},{"type":"Feature","id":"capital-1-1159149371","properties":{"name":"İzmir","localName":"İzmir","countryCode":"TUR","country":"Türkiye","division":"Izmir","qid":"Q35997","rank":12,"level":1,"role":"Admin-1 capital"},"geometry":{"type":"Point","coordinates":[27.149848,38.438096]}},{"type":"Feature","id":"capital-1-1159149373","properties":{"name":"Bursa","localName":"Bursa","countryCode":"TUR","country":"Türkiye","division":"Bursa","qid":"Q40738","rank":12,"level":1,"role":"Admin-1 capital"},"geometry":{"type":"Point","coordinates":[29.068052,40.201933]}},{"type":"Feature","id":"capital-1-1159149377","properties":{"name":"Samsun","localName":"Samsun","countryCode":"TUR","country":"Türkiye","division":"Samsun","qid":"Q160450","rank":11,"level":1,"role":"Admin-1 capital"},"geometry":{"type":"Point","coordinates":[36.343663,41.279998]}},{"type":"Feature","id":"capital-1-1159149379","properties":{"name":"Konya","localName":"Konya","countryCode":"TUR","country":"Türkiye","division":"Konya","qid":"Q79857","rank":11,"level":1,"role":"Admin-1 capital"},"geometry":{"type":"Point","coordinates":[32.473064,37.876958]}},{"type":"Feature","id":"capital-1-1159149381","properties":{"name":"Adana","localName":"Adana","countryCode":"TUR","country":"Türkiye","division":"Adana","qid":"Q38545","rank":12,"level":1,"role":"Admin-1 capital"},"geometry":{"type":"Point","coordinates":[35.318058,36.996935]}},{"type":"Feature","id":"capital-1-1159149383","properties":{"name":"Gulu","localName":"Gulu","countryCode":"UGA","country":"Uganda","division":"Aswa","qid":"Q581379","rank":9,"level":1,"role":"Admin-1 region capital"},"geometry":{"type":"Point","coordinates":[32.280034,2.779997]}},{"type":"Feature","id":"capital-1-1159149395","properties":{"name":"Tahoua","localName":"Tahoua","countryCode":"NER","country":"Niger","division":"Tahoua","qid":"Q877122","rank":9,"level":1,"role":"Admin-1 capital"},"geometry":{"type":"Point","coordinates":[5.259927,14.899981]}},{"type":"Feature","id":"capital-1-1159149397","properties":{"name":"Constanța","localName":"Constanța","countryCode":"ROU","country":"Romania","division":"Constanta","qid":"Q79808","rank":10,"level":1,"role":"Admin-1 capital"},"geometry":{"type":"Point","coordinates":[28.609974,44.202662]}},{"type":"Feature","id":"capital-1-1159149399","properties":{"name":"Luleå","localName":"Luleå","countryCode":"SWE","country":"Sweden","division":"Norrbotten","qid":"Q26268","rank":7,"level":1,"role":"Admin-1 capital"},"geometry":{"type":"Point","coordinates":[22.158378,65.596635]}},{"type":"Feature","id":"capital-1-1159149403","properties":{"name":"Iași","localName":"Iași","countryCode":"ROU","country":"Romania","division":"Iasi","qid":"Q46852","rank":10,"level":1,"role":"Admin-1 capital"},"geometry":{"type":"Point","coordinates":[27.574947,47.168347]}},{"type":"Feature","id":"capital-1-1159149405","properties":{"name":"Surat Thani","localName":"Surat Thani","countryCode":"THA","country":"Thailand","division":"Surat Thani","qid":"Q840951","rank":9,"level":1,"role":"Admin-1 capital"},"geometry":{"type":"Point","coordinates":[99.340127,9.150099]}},{"type":"Feature","id":"capital-1-1159149407","properties":{"name":"Chiang Mai","localName":"Chiang Mai","countryCode":"THA","country":"Thailand","division":"Chiang Mai","qid":"Q52028","rank":10,"level":1,"role":"Admin-1 capital"},"geometry":{"type":"Point","coordinates":[98.980046,18.799975]}},{"type":"Feature","id":"capital-1-1159149409","properties":{"name":"Nakhon Ratchasima","localName":"Nakhon Ratchasima","countryCode":"THA","country":"Thailand","division":"Nakhon Ratchasima","qid":"Q633036","rank":10,"level":1,"role":"Admin-1 capital"},"geometry":{"type":"Point","coordinates":[102.10001,15.000026]}},{"type":"Feature","id":"capital-1-1159149415","properties":{"name":"Piura","localName":"Piura","countryCode":"PER","country":"Peru","division":"Piura","qid":"Q223966","rank":10,"level":1,"role":"Admin-1 capital"},"geometry":{"type":"Point","coordinates":[-80.629973,-5.210032]}},{"type":"Feature","id":"capital-1-1159149417","properties":{"name":"Arequipa","localName":"Arequipa","countryCode":"PER","country":"Peru","division":"Arequipa","qid":"Q159273","rank":11,"level":1,"role":"Admin-1 capital"},"geometry":{"type":"Point","coordinates":[-71.531957,-16.418048]}},{"type":"Feature","id":"capital-1-1159149421","properties":{"name":"Pucallpa","localName":"Pucallpa","countryCode":"PER","country":"Peru","division":"Ucayali","qid":"Q217071","rank":10,"level":1,"role":"Admin-1 capital"},"geometry":{"type":"Point","coordinates":[-74.534996,-8.368909]}},{"type":"Feature","id":"capital-1-1159149423","properties":{"name":"Iquitos","localName":"Iquitos","countryCode":"PER","country":"Peru","division":"Loreto","qid":"Q193289","rank":10,"level":1,"role":"Admin-1 capital"},"geometry":{"type":"Point","coordinates":[-73.25001,-3.750018]}},{"type":"Feature","id":"capital-1-1159149425","properties":{"name":"Huancayo","localName":"Huancayo","countryCode":"PER","country":"Peru","division":"Junín","qid":"Q468782","rank":10,"level":1,"role":"Admin-1 capital"},"geometry":{"type":"Point","coordinates":[-75.20002,-12.08]}},{"type":"Feature","id":"capital-1-1159149427","properties":{"name":"Ciudad del Este","localName":"Ciudad del Este","countryCode":"PRY","country":"Paraguay","division":"Alto Paran","qid":"Q192235","rank":10,"level":1,"role":"Admin-1 capital"},"geometry":{"type":"Point","coordinates":[-54.616057,-25.5167]}},{"type":"Feature","id":"capital-1-1159149437","properties":{"name":"Kaolack","localName":"Kaolack","countryCode":"SEN","country":"Senegal","division":"Kaolack","qid":"Q847677","rank":10,"level":1,"role":"Admin-1 capital"},"geometry":{"type":"Point","coordinates":[-16.10001,14.149975]}},{"type":"Feature","id":"capital-1-1159149439","properties":{"name":"Kaédi","localName":"Kaédi","countryCode":"SEN","country":"Senegal","division":"Matam","qid":"Q524984","rank":7,"level":1,"role":"Admin-1 capital"},"geometry":{"type":"Point","coordinates":[-13.499988,16.150008]}},{"type":"Feature","id":"capital-1-1159149441","properties":{"name":"Geneina","localName":"Geneina","countryCode":"SDN","country":"Sudan","division":"West Darfur","qid":"Q311309","rank":9,"level":1,"role":"Admin-1 capital"},"geometry":{"type":"Point","coordinates":[22.440015,13.450017]}},{"type":"Feature","id":"capital-1-1159149443","properties":{"name":"Medina","localName":"Medina","countryCode":"SAU","country":"Saudi Arabia","division":"Al Madinah","qid":"Q35484","rank":12,"level":1,"role":"Admin-1 capital"},"geometry":{"type":"Point","coordinates":[39.578057,24.501935]}},{"type":"Feature","id":"capital-1-1159149445","properties":{"name":"Tabuk","localName":"Tabuk","countryCode":"SAU","country":"Saudi Arabia","division":"Tabuk","qid":"Q244232","rank":11,"level":1,"role":"Admin-1 capital"},"geometry":{"type":"Point","coordinates":[36.554967,28.383835]}},{"type":"Feature","id":"capital-1-1159149451","properties":{"name":"Malakal","localName":"Malakal","countryCode":"SDS","country":"South Sudan","division":"Upper Nile","qid":"Q220049","rank":9,"level":1,"role":"Admin-1 region capital"},"geometry":{"type":"Point","coordinates":[31.65599,9.536897]}},{"type":"Feature","id":"capital-1-1159149453","properties":{"name":"Omdurman","localName":"Omdurman","countryCode":"SDN","country":"Sudan","division":"Khartoum","qid":"Q180921","rank":12,"level":1,"role":"Admin-1 capital"},"geometry":{"type":"Point","coordinates":[32.480022,15.616681]}},{"type":"Feature","id":"capital-1-1159149455","properties":{"name":"Al-Ubayyid","localName":"Al-Ubayyid","countryCode":"SDN","country":"Sudan","division":"North Kurdufan","qid":"Q309475","rank":10,"level":1,"role":"Admin-1 capital"},"geometry":{"type":"Point","coordinates":[30.216698,13.18329]}},{"type":"Feature","id":"capital-1-1159149459","properties":{"name":"Kristiansand","localName":"Kristiansand","countryCode":"NOR","country":"Norway","division":"Vest-Agder","qid":"Q2415","rank":8,"level":1,"role":"Admin-1 capital"},"geometry":{"type":"Point","coordinates":[7.974984,58.14562]}},{"type":"Feature","id":"capital-1-1159149471","properties":{"name":"Quetta","localName":"Quetta","countryCode":"PAK","country":"Pakistan","division":"Baluchistan","qid":"Q185458","rank":11,"level":1,"role":"Admin-1 capital"},"geometry":{"type":"Point","coordinates":[67.023048,30.221947]}},{"type":"Feature","id":"capital-1-1159149485","properties":{"name":"Tete","localName":"Tete","countryCode":"MOZ","country":"Mozambique","division":"Tete","qid":"Q388242","rank":9,"level":1,"role":"Admin-1 capital"},"geometry":{"type":"Point","coordinates":[33.580007,-16.170035]}},{"type":"Feature","id":"capital-1-1159149487","properties":{"name":"Pemba","localName":"Pemba","countryCode":"MOZ","country":"Mozambique","division":"Cabo Delgado","qid":"Q498048","rank":9,"level":1,"role":"Admin-1 capital"},"geometry":{"type":"Point","coordinates":[40.532347,-12.983046]}},{"type":"Feature","id":"capital-1-1159149489","properties":{"name":"Nampula","localName":"Nampula","countryCode":"MOZ","country":"Mozambique","division":"Nampula","qid":"Q323801","rank":10,"level":1,"role":"Admin-1 capital"},"geometry":{"type":"Point","coordinates":[39.293043,-15.136041]}},{"type":"Feature","id":"capital-1-1159149493","properties":{"name":"Xai-Xai","localName":"Xai-Xai","countryCode":"MOZ","country":"Mozambique","division":"Gaza","qid":"Q318299","rank":9,"level":1,"role":"Admin-1 capital"},"geometry":{"type":"Point","coordinates":[33.640003,-25.039984]}},{"type":"Feature","id":"capital-1-1159149495","properties":{"name":"Goroka","localName":"Goroka","countryCode":"PNG","country":"Papua New Guinea","division":"Eastern Highlands","qid":"Q498192","rank":7,"level":1,"role":"Admin-1 capital"},"geometry":{"type":"Point","coordinates":[145.385482,-6.083312]}},{"type":"Feature","id":"capital-1-1159149497","properties":{"name":"Mount Hagen","localName":"Mt.  Hagen","countryCode":"PNG","country":"Papua New Guinea","division":"Western Highlands","qid":"Q1017362","rank":8,"level":1,"role":"Admin-1 capital"},"geometry":{"type":"Point","coordinates":[144.21682,-5.863222]}},{"type":"Feature","id":"capital-1-1159149499","properties":{"name":"Rabaul","localName":"Rabaul","countryCode":"PNG","country":"Papua New Guinea","division":"East New Britain","qid":"Q218768","rank":5,"level":1,"role":"Admin-1 capital"},"geometry":{"type":"Point","coordinates":[152.143431,-4.20549]}},{"type":"Feature","id":"capital-1-1159149503","properties":{"name":"Lae","localName":"Lae","countryCode":"PNG","country":"Papua New Guinea","division":"Morobe","qid":"Q612250","rank":9,"level":1,"role":"Admin-1 capital"},"geometry":{"type":"Point","coordinates":[146.990035,-6.732988]}},{"type":"Feature","id":"capital-1-1159149505","properties":{"name":"David","localName":"David","countryCode":"PAN","country":"Panama","division":"Chiriquí","qid":"Q279009","rank":9,"level":1,"role":"Admin-1 capital"},"geometry":{"type":"Point","coordinates":[-82.433325,8.433321]}},{"type":"Feature","id":"capital-1-1159149507","properties":{"name":"Taza","localName":"Oujda","countryCode":"MAR","country":"Morocco","division":"Oriental","qid":"Q193802","rank":10,"level":1,"role":"Admin-1 capital"},"geometry":{"type":"Point","coordinates":[-1.909972,34.690013]}},{"type":"Feature","id":"capital-1-1159149509","properties":{"name":"Safi","localName":"Safi","countryCode":"MAR","country":"Morocco","division":"Doukkala - Abda","qid":"Q183405","rank":10,"level":1,"role":"Admin-1 capital"},"geometry":{"type":"Point","coordinates":[-9.239989,32.319977]}},{"type":"Feature","id":"capital-1-1159149513","properties":{"name":"Quelimane","localName":"Quelimane","countryCode":"MOZ","country":"Mozambique","division":"Zambezia","qid":"Q318306","rank":9,"level":1,"role":"Admin-1 capital"},"geometry":{"type":"Point","coordinates":[36.889986,-17.880008]}},{"type":"Feature","id":"capital-1-1159149521","properties":{"name":"Nalchik","localName":"Nalchik","countryCode":"RUS","country":"Russia","division":"Kabardin-Balkar","qid":"Q5265","rank":10,"level":1,"role":"Admin-1 capital"},"geometry":{"type":"Point","coordinates":[43.617947,43.498106]}},{"type":"Feature","id":"capital-1-1159149523","properties":{"name":"Stavropol","localName":"Stavropol","countryCode":"RUS","country":"Russia","division":"Stavropol'","qid":"Q5206","rank":10,"level":1,"role":"Admin-1 capital"},"geometry":{"type":"Point","coordinates":[41.980011,45.050001]}},{"type":"Feature","id":"capital-1-1159149527","properties":{"name":"Kaliningrad","localName":"Kaliningrad","countryCode":"RUS","country":"Russia","division":"Kaliningrad","qid":"Q1829","rank":10,"level":1,"role":"Admin-1 capital"},"geometry":{"type":"Point","coordinates":[20.497343,54.700006]}},{"type":"Feature","id":"capital-1-1159149529","properties":{"name":"Pskov","localName":"Pskov","countryCode":"RUS","country":"Russia","division":"Pskov","qid":"Q2214","rank":10,"level":1,"role":"Admin-1 capital"},"geometry":{"type":"Point","coordinates":[28.32994,57.829996]}},{"type":"Feature","id":"capital-1-1159149531","properties":{"name":"Bryansk","localName":"Bryansk","countryCode":"RUS","country":"Russia","division":"Bryansk","qid":"Q2801","rank":10,"level":1,"role":"Admin-1 capital"},"geometry":{"type":"Point","coordinates":[34.429981,53.259991]}},{"type":"Feature","id":"capital-1-1159149533","properties":{"name":"Smolensk","localName":"Smolensk","countryCode":"RUS","country":"Russia","division":"Smolensk","qid":"Q2337","rank":10,"level":1,"role":"Admin-1 capital"},"geometry":{"type":"Point","coordinates":[32.047336,54.782688]}},{"type":"Feature","id":"capital-1-1159149535","properties":{"name":"Petrozavodsk","localName":"Petrozavodsk","countryCode":"RUS","country":"Russia","division":"Karelia","qid":"Q1895","rank":10,"level":1,"role":"Admin-1 capital"},"geometry":{"type":"Point","coordinates":[34.361223,61.781318]}},{"type":"Feature","id":"capital-1-1159149539","properties":{"name":"Tver","localName":"Tver","countryCode":"RUS","country":"Russia","division":"Tver'","qid":"Q2288","rank":10,"level":1,"role":"Admin-1 capital"},"geometry":{"type":"Point","coordinates":[35.889995,56.859978]}},{"type":"Feature","id":"capital-1-1159149541","properties":{"name":"Vologda","localName":"Vologda","countryCode":"RUS","country":"Russia","division":"Vologda","qid":"Q1957","rank":10,"level":1,"role":"Admin-1 capital"},"geometry":{"type":"Point","coordinates":[39.919982,59.209989]}},{"type":"Feature","id":"capital-1-1159149543","properties":{"name":"Yaroslavl","localName":"Yaroslavl","countryCode":"RUS","country":"Russia","division":"Yaroslavl'","qid":"Q2423","rank":11,"level":1,"role":"Admin-1 capital"},"geometry":{"type":"Point","coordinates":[39.87001,57.619983]}},{"type":"Feature","id":"capital-1-1159149545","properties":{"name":"Rostov-on-Don","localName":"Rostov","countryCode":"RUS","country":"Russia","division":"Rostov","qid":"Q908","rank":12,"level":1,"role":"Admin-1 capital"},"geometry":{"type":"Point","coordinates":[39.71071,47.236594]}},{"type":"Feature","id":"capital-1-1159149549","properties":{"name":"Krasnodar","localName":"Krasnodar","countryCode":"RUS","country":"Russia","division":"Krasnodar","qid":"Q3646","rank":11,"level":1,"role":"Admin-1 capital"},"geometry":{"type":"Point","coordinates":[39.000038,45.019977]}},{"type":"Feature","id":"capital-1-1159149551","properties":{"name":"Penza","localName":"Penza","countryCode":"RUS","country":"Russia","division":"Penza","qid":"Q5540","rank":11,"level":1,"role":"Admin-1 capital"},"geometry":{"type":"Point","coordinates":[44.999982,53.180021]}},{"type":"Feature","id":"capital-1-1159149553","properties":{"name":"Ryazan","localName":"Ryazan","countryCode":"RUS","country":"Russia","division":"Ryazan'","qid":"Q2746","rank":11,"level":1,"role":"Admin-1 capital"},"geometry":{"type":"Point","coordinates":[39.719994,54.619959]}},{"type":"Feature","id":"capital-1-1159149557","properties":{"name":"Voronezh","localName":"Voronezh","countryCode":"RUS","country":"Russia","division":"Voronezh","qid":"Q3426","rank":11,"level":1,"role":"Admin-1 capital"},"geometry":{"type":"Point","coordinates":[39.186843,51.66539]}},{"type":"Feature","id":"capital-1-1159149561","properties":{"name":"Chelyabinsk","localName":"Chelyabinsk","countryCode":"RUS","country":"Russia","division":"Chelyabinsk","qid":"Q906","rank":12,"level":1,"role":"Admin-1 capital"},"geometry":{"type":"Point","coordinates":[61.436722,55.156937]}},{"type":"Feature","id":"capital-1-1159149565","properties":{"name":"Kirov","localName":"Kirov","countryCode":"RUS","country":"Russia","division":"Kirov","qid":"Q5384","rank":10,"level":1,"role":"Admin-1 capital"},"geometry":{"type":"Point","coordinates":[49.669981,58.590053]}},{"type":"Feature","id":"capital-1-1159149569","properties":{"name":"Astrakhan","localName":"Astrakhan","countryCode":"RUS","country":"Russia","division":"Astrakhan'","qid":"Q3927","rank":11,"level":1,"role":"Admin-1 capital"},"geometry":{"type":"Point","coordinates":[48.054989,46.348655]}},{"type":"Feature","id":"capital-1-1159149571","properties":{"name":"Orenburg","localName":"Orenburg","countryCode":"RUS","country":"Russia","division":"Orenburg","qid":"Q5337","rank":11,"level":1,"role":"Admin-1 capital"},"geometry":{"type":"Point","coordinates":[55.110011,51.779978]}},{"type":"Feature","id":"capital-1-1159149575","properties":{"name":"Saratov","localName":"Saratov","countryCode":"RUS","country":"Russia","division":"Saratov","qid":"Q5332","rank":11,"level":1,"role":"Admin-1 capital"},"geometry":{"type":"Point","coordinates":[46.02805,51.581936]}},{"type":"Feature","id":"capital-1-1159149577","properties":{"name":"Ulyanovsk","localName":"Ulyanovsk","countryCode":"RUS","country":"Russia","division":"Ul'yanovsk","qid":"Q5627","rank":11,"level":1,"role":"Admin-1 capital"},"geometry":{"type":"Point","coordinates":[48.410006,54.329977]}},{"type":"Feature","id":"capital-1-1159149579","properties":{"name":"Omsk","localName":"Omsk","countryCode":"RUS","country":"Russia","division":"Omsk","qid":"Q898","rank":12,"level":1,"role":"Admin-1 capital"},"geometry":{"type":"Point","coordinates":[73.398008,54.991934]}},{"type":"Feature","id":"capital-1-1159149581","properties":{"name":"Tyumen","localName":"Tyumen","countryCode":"RUS","country":"Russia","division":"Tyumen'","qid":"Q5815","rank":11,"level":1,"role":"Admin-1 capital"},"geometry":{"type":"Point","coordinates":[65.529995,57.140012]}},{"type":"Feature","id":"capital-1-1159149585","properties":{"name":"Kemerovo","localName":"Kemerovo","countryCode":"RUS","country":"Russia","division":"Kemerovo","qid":"Q6066","rank":10,"level":1,"role":"Admin-1 capital"},"geometry":{"type":"Point","coordinates":[86.08998,55.339967]}},{"type":"Feature","id":"capital-1-1159149587","properties":{"name":"Grozny","localName":"Grozny","countryCode":"RUS","country":"Russia","division":"Chechnya","qid":"Q5196","rank":10,"level":1,"role":"Admin-1 capital"},"geometry":{"type":"Point","coordinates":[45.698699,43.318685]}},{"type":"Feature","id":"capital-1-1159149589","properties":{"name":"Kandy","localName":"Kandy","countryCode":"LKA","country":"Sri Lanka","division":"Kandy","qid":"Q203197","rank":9,"level":1,"role":"Admin-1 capital"},"geometry":{"type":"Point","coordinates":[80.670001,7.279981]}},{"type":"Feature","id":"capital-1-1159149595","properties":{"name":"Daejeon","localName":"Daejeon","countryCode":"KOR","country":"South Korea","division":"Daejeon","qid":"Q20921","rank":12,"level":1,"role":"Admin-1 capital"},"geometry":{"type":"Point","coordinates":[127.423082,36.337491]}},{"type":"Feature","id":"capital-1-1159149597","properties":{"name":"Gwangju","localName":"Gwangju","countryCode":"KOR","country":"South Korea","division":"Kwangju-gwangyoksi","qid":"Q41283","rank":12,"level":1,"role":"Admin-1 capital"},"geometry":{"type":"Point","coordinates":[126.908488,35.172911]}},{"type":"Feature","id":"capital-1-1159149599","properties":{"name":"Busan","localName":"Busan","countryCode":"KOR","country":"South Korea","division":"Busan","qid":"Q16520","rank":12,"level":1,"role":"Admin-1 capital"},"geometry":{"type":"Point","coordinates":[129.008102,35.096999]}},{"type":"Feature","id":"capital-1-1159149615","properties":{"name":"Abakan","localName":"Abakan","countryCode":"RUS","country":"Russia","division":"Krasnoyarsk","qid":"Q875","rank":9,"level":1,"role":"Admin-1 capital"},"geometry":{"type":"Point","coordinates":[91.445002,53.703685]}},{"type":"Feature","id":"capital-1-1159149621","properties":{"name":"Kyzyl","localName":"Kyzyl","countryCode":"RUS","country":"Russia","division":"Tuva","qid":"Q6049","rank":9,"level":1,"role":"Admin-1 capital"},"geometry":{"type":"Point","coordinates":[94.383066,51.7067]}},{"type":"Feature","id":"capital-1-1159149623","properties":{"name":"Ulan-Ude","localName":"Ulan-Ude","countryCode":"RUS","country":"Russia","division":"Buryat","qid":"Q6816","rank":10,"level":1,"role":"Admin-1 capital"},"geometry":{"type":"Point","coordinates":[107.624996,51.824988]}},{"type":"Feature","id":"capital-1-1159149625","properties":{"name":"Blagoveshchensk","localName":"Blagoveshchensk","countryCode":"RUS","country":"Russia","division":"Amur","qid":"Q6934","rank":10,"level":1,"role":"Admin-1 capital"},"geometry":{"type":"Point","coordinates":[127.533342,50.266607]}},{"type":"Feature","id":"capital-1-1159149653","properties":{"name":"Khabarovsk","localName":"Khabarovsk","countryCode":"RUS","country":"Russia","division":"Khabarovsk","qid":"Q4454","rank":11,"level":1,"role":"Admin-1 capital"},"geometry":{"type":"Point","coordinates":[135.120011,48.454987]}},{"type":"Feature","id":"capital-1-1159149657","properties":{"name":"Yuzhno-Sakhalinsk","localName":"Yuzhno Sakhalinsk","countryCode":"RUS","country":"Russia","division":"Sakhalin","qid":"Q7859","rank":9,"level":1,"role":"Admin-1 capital"},"geometry":{"type":"Point","coordinates":[142.740011,46.964974]}},{"type":"Feature","id":"capital-1-1159149659","properties":{"name":"Mexicali","localName":"Mexicali","countryCode":"MEX","country":"Mexico","division":"Baja California","qid":"Q199440","rank":11,"level":1,"role":"Admin-1 capital"},"geometry":{"type":"Point","coordinates":[-115.481962,32.651928]}},{"type":"Feature","id":"capital-1-1159149661","properties":{"name":"La Paz","localName":"La Paz","countryCode":"MEX","country":"Mexico","division":"Baja California Sur","qid":"Q214215","rank":9,"level":1,"role":"Admin-1 capital"},"geometry":{"type":"Point","coordinates":[-110.319995,24.139959]}},{"type":"Feature","id":"capital-1-1159149667","properties":{"name":"Culiacán","localName":"Culiacán","countryCode":"MEX","country":"Mexico","division":"Sinaloa","qid":"Q211760","rank":11,"level":1,"role":"Admin-1 capital"},"geometry":{"type":"Point","coordinates":[-107.381914,24.831941]}},{"type":"Feature","id":"capital-1-1159149671","properties":{"name":"Hermosillo","localName":"Hermosillo","countryCode":"MEX","country":"Mexico","division":"Sonora","qid":"Q189138","rank":11,"level":1,"role":"Admin-1 capital"},"geometry":{"type":"Point","coordinates":[-110.954065,29.098881]}},{"type":"Feature","id":"capital-1-1159149675","properties":{"name":"San Luis Potosí","localName":"San Luis Potosí","countryCode":"MEX","country":"Mexico","division":"San Luis Potosí","qid":"Q204271","rank":11,"level":1,"role":"Admin-1 capital"},"geometry":{"type":"Point","coordinates":[-101.001941,22.171922]}},{"type":"Feature","id":"capital-1-1159149683","properties":{"name":"Colima","localName":"Colima","countryCode":"MEX","country":"Mexico","division":"Colima","qid":"Q61320","rank":10,"level":1,"role":"Admin-1 capital"},"geometry":{"type":"Point","coordinates":[-103.72001,19.229975]}},{"type":"Feature","id":"capital-1-1159149685","properties":{"name":"Campeche","localName":"Campeche","countryCode":"MEX","country":"Mexico","division":"Campeche","qid":"Q61301","rank":10,"level":1,"role":"Admin-1 capital"},"geometry":{"type":"Point","coordinates":[-90.49999,19.82999]}},{"type":"Feature","id":"capital-1-1159149687","properties":{"name":"Oaxaca de Juárez","localName":"Oaxaca","countryCode":"MEX","country":"Mexico","division":"Oaxaca","qid":"Q131429","rank":11,"level":1,"role":"Admin-1 capital"},"geometry":{"type":"Point","coordinates":[-96.66995,17.08269]}},{"type":"Feature","id":"capital-1-1159149691","properties":{"name":"Maiduguri","localName":"Maiduguri","countryCode":"NGA","country":"Nigeria","division":"Borno","qid":"Q221436","rank":11,"level":1,"role":"Admin-1 capital"},"geometry":{"type":"Point","coordinates":[13.158067,11.851906]}},{"type":"Feature","id":"capital-1-1159149693","properties":{"name":"Port Harcourt","localName":"Port Harcourt","countryCode":"NGA","country":"Nigeria","division":"Rivers","qid":"Q217432","rank":12,"level":1,"role":"Admin-1 capital"},"geometry":{"type":"Point","coordinates":[7.008055,4.811948]}},{"type":"Feature","id":"capital-1-1159149695","properties":{"name":"Makurdi","localName":"Makurdi","countryCode":"NGA","country":"Nigeria","division":"Benue","qid":"Q994096","rank":10,"level":1,"role":"Admin-1 capital"},"geometry":{"type":"Point","coordinates":[8.530011,7.729979]}},{"type":"Feature","id":"capital-1-1159149697","properties":{"name":"Ibadan","localName":"Ibadan","countryCode":"NGA","country":"Nigeria","division":"Oyo","qid":"Q183298","rank":12,"level":1,"role":"Admin-1 capital"},"geometry":{"type":"Point","coordinates":[3.928036,7.381972]}},{"type":"Feature","id":"capital-1-1159149705","properties":{"name":"Kaduna","localName":"Kaduna","countryCode":"NGA","country":"Nigeria","division":"Kaduna","qid":"Q208318","rank":12,"level":1,"role":"Admin-1 capital"},"geometry":{"type":"Point","coordinates":[7.438054,10.521961]}},{"type":"Feature","id":"capital-1-1159149707","properties":{"name":"Gdańsk","localName":"Gdańsk","countryCode":"POL","country":"Poland","division":"Pomeranian","qid":"Q1792","rank":11,"level":1,"role":"Admin-1 capital"},"geometry":{"type":"Point","coordinates":[18.64004,54.359975]}},{"type":"Feature","id":"capital-1-1159149709","properties":{"name":"Kraków","localName":"Kraków","countryCode":"POL","country":"Poland","division":"Lesser Poland","qid":"Q31487","rank":11,"level":1,"role":"Admin-1 capital"},"geometry":{"type":"Point","coordinates":[19.958066,50.061925]}},{"type":"Feature","id":"capital-1-1159149711","properties":{"name":"Dalanzadgad","localName":"Dalandzadgad","countryCode":"MNG","country":"Mongolia","division":"Ömnögovi","qid":"Q822808","rank":6,"level":1,"role":"Admin-1 capital"},"geometry":{"type":"Point","coordinates":[104.440281,43.583553]}},{"type":"Feature","id":"capital-1-1159149713","properties":{"name":"Wonsan","localName":"Wonsan","countryCode":"PRK","country":"North Korea","division":"Kangwon-do","qid":"Q109374","rank":10,"level":1,"role":"Admin-1 capital"},"geometry":{"type":"Point","coordinates":[127.430816,39.160489]}},{"type":"Feature","id":"capital-1-1159149715","properties":{"name":"Sinuiju","localName":"Sinuiju","countryCode":"PRK","country":"North Korea","division":"P'yongan-bukto","qid":"Q156243","rank":10,"level":1,"role":"Admin-1 capital"},"geometry":{"type":"Point","coordinates":[124.421284,40.085859]}},{"type":"Feature","id":"capital-1-1159149719","properties":{"name":"Khovd","localName":"Dund-Us","countryCode":"MNG","country":"Mongolia","division":"Hovd","qid":"Q731256","rank":7,"level":1,"role":"Admin-1 capital"},"geometry":{"type":"Point","coordinates":[91.633259,48.016641]}},{"type":"Feature","id":"capital-1-1159149721","properties":{"name":"Choibalsan","localName":"Choibalsan","countryCode":"MNG","country":"Mongolia","division":"Dornod","qid":"Q318245","rank":7,"level":1,"role":"Admin-1 capital"},"geometry":{"type":"Point","coordinates":[114.506023,48.066587]}},{"type":"Feature","id":"capital-1-1159149723","properties":{"name":"Lüderitz","localName":"Lüderitz","countryCode":"NAM","country":"Namibia","division":"Karas","qid":"Q159325","rank":6,"level":1,"role":"Admin-1 capital"},"geometry":{"type":"Point","coordinates":[15.159426,-26.648]}},{"type":"Feature","id":"capital-1-1159149727","properties":{"name":"Mwanza","localName":"Mwanza","countryCode":"TZA","country":"Tanzania","division":"Mwanza","qid":"Q110218","rank":10,"level":1,"role":"Admin-1 capital"},"geometry":{"type":"Point","coordinates":[32.930021,-2.520015]}},{"type":"Feature","id":"capital-1-1159149729","properties":{"name":"Morogoro","localName":"Morogoro","countryCode":"TZA","country":"Tanzania","division":"Morogoro","qid":"Q243319","rank":10,"level":1,"role":"Admin-1 capital"},"geometry":{"type":"Point","coordinates":[37.660016,-6.820011]}},{"type":"Feature","id":"capital-1-1159149733","properties":{"name":"Arusha","localName":"Arusha","countryCode":"TZA","country":"Tanzania","division":"Arusha","qid":"Q4301","rank":10,"level":1,"role":"Admin-1 capital"},"geometry":{"type":"Point","coordinates":[36.669999,-3.360016]}},{"type":"Feature","id":"capital-1-1159149739","properties":{"name":"Malmö","localName":"Malmö","countryCode":"SWE","country":"Sweden","division":"Skåne","qid":"Q2211","rank":10,"level":1,"role":"Admin-1 capital"},"geometry":{"type":"Point","coordinates":[13.02306,55.599424]}},{"type":"Feature","id":"capital-1-1159149745","properties":{"name":"Ambon","localName":"Ambon","countryCode":"IDN","country":"Indonesia","division":"Maluku","qid":"Q18970","rank":10,"level":1,"role":"Admin-1 capital"},"geometry":{"type":"Point","coordinates":[128.200019,-3.716687]}},{"type":"Feature","id":"capital-1-1159149749","properties":{"name":"Jayapura","localName":"Jayapura","countryCode":"IDN","country":"Indonesia","division":"Papua","qid":"Q27860","rank":9,"level":1,"role":"Admin-1 capital"},"geometry":{"type":"Point","coordinates":[140.69998,-2.532986]}},{"type":"Feature","id":"capital-1-1159149751","properties":{"name":"Florence","localName":"Florence","countryCode":"ITA","country":"Italy","division":"Toscana","qid":"Q2044","rank":12,"level":1,"role":"Admin-1 region capital"},"geometry":{"type":"Point","coordinates":[11.25,43.780001]}},{"type":"Feature","id":"capital-1-1159149763","properties":{"name":"Banda Aceh","localName":"Banda Aceh","countryCode":"IDN","country":"Indonesia","division":"Aceh","qid":"Q5779","rank":11,"level":1,"role":"Admin-1 capital"},"geometry":{"type":"Point","coordinates":[95.320011,5.549983]}},{"type":"Feature","id":"capital-1-1159149765","properties":{"name":"George Town","localName":"George Town","countryCode":"MYS","country":"Malaysia","division":"Pulau Pinang","qid":"Q61092","rank":12,"level":1,"role":"Admin-1 capital"},"geometry":{"type":"Point","coordinates":[100.329368,5.413613]}},{"type":"Feature","id":"capital-1-1159149793","properties":{"name":"Hefei","localName":"Hefei","countryCode":"CHN","country":"China","division":"Anhui","qid":"Q185684","rank":12,"level":1,"role":"Admin-1 capital"},"geometry":{"type":"Point","coordinates":[117.278068,31.851977]}},{"type":"Feature","id":"capital-1-1159149803","properties":{"name":"Kuching","localName":"Kuching","countryCode":"MYS","country":"Malaysia","division":"Sarawak","qid":"Q220445","rank":11,"level":1,"role":"Admin-1 capital"},"geometry":{"type":"Point","coordinates":[110.329999,1.52997]}},{"type":"Feature","id":"capital-1-1159149805","properties":{"name":"Antsiranana","localName":"Antsiranana","countryCode":"MDG","country":"Madagascar","division":"Antsiranana","qid":"Q218928","rank":8,"level":1,"role":"Admin-1 capital"},"geometry":{"type":"Point","coordinates":[49.311526,-12.276502]}},{"type":"Feature","id":"capital-1-1159149809","properties":{"name":"Fianarantsoa","localName":"Fianarantsoa","countryCode":"MDG","country":"Madagascar","division":"Fianarantsoa","qid":"Q527441","rank":9,"level":1,"role":"Admin-1 capital"},"geometry":{"type":"Point","coordinates":[47.083265,-21.433331]}},{"type":"Feature","id":"capital-1-1159149811","properties":{"name":"Mahajanga","localName":"Mahajanga","countryCode":"MDG","country":"Madagascar","division":"Mahajanga","qid":"Q218753","rank":9,"level":1,"role":"Admin-1 capital"},"geometry":{"type":"Point","coordinates":[46.345016,-15.670014]}},{"type":"Feature","id":"capital-1-1159149813","properties":{"name":"Toliara","localName":"Toliara","countryCode":"MDG","country":"Madagascar","division":"Toliary","qid":"Q824043","rank":9,"level":1,"role":"Admin-1 capital"},"geometry":{"type":"Point","coordinates":[43.689984,-23.356831]}},{"type":"Feature","id":"capital-1-1159149817","properties":{"name":"Bandar Lampung","localName":"Bandar Lampung","countryCode":"IDN","country":"Indonesia","division":"Lampung","qid":"Q8156","rank":11,"level":1,"role":"Admin-1 capital"},"geometry":{"type":"Point","coordinates":[105.268052,-5.428073]}},{"type":"Feature","id":"capital-1-1159149823","properties":{"name":"Kupang","localName":"Kupang","countryCode":"IDN","country":"Indonesia","division":"Nusa Tenggara Timur","qid":"Q14155","rank":10,"level":1,"role":"Admin-1 capital"},"geometry":{"type":"Point","coordinates":[123.582989,-10.178669]}},{"type":"Feature","id":"capital-1-1159149829","properties":{"name":"Cuenca","localName":"Cuenca","countryCode":"ECU","country":"Ecuador","division":"Azuay","qid":"Q54886","rank":10,"level":1,"role":"Admin-1 capital"},"geometry":{"type":"Point","coordinates":[-78.999995,-2.899992]}},{"type":"Feature","id":"capital-1-1159149833","properties":{"name":"Limón","localName":"Limón","countryCode":"CRI","country":"Costa Rica","division":"Limón","qid":"Q30620","rank":8,"level":1,"role":"Admin-1 capital"},"geometry":{"type":"Point","coordinates":[-83.03334,10.000021]}},{"type":"Feature","id":"capital-1-1159149835","properties":{"name":"Santiago de Cuba","localName":"Santiago de Cuba","countryCode":"CUB","country":"Cuba","division":"Santiago de Cuba","qid":"Q117040","rank":11,"level":1,"role":"Admin-1 capital"},"geometry":{"type":"Point","coordinates":[-75.821326,20.025017]}},{"type":"Feature","id":"capital-1-1159149837","properties":{"name":"Santiago de los Caballeros","localName":"Santiago","countryCode":"DOM","country":"Dominican Republic","division":"Santiago","qid":"Q42763","rank":12,"level":1,"role":"Admin-1 capital"},"geometry":{"type":"Point","coordinates":[-70.670012,19.50001]}},{"type":"Feature","id":"capital-1-1159149839","properties":{"name":"Manizales","localName":"Manizales","countryCode":"COL","country":"Colombia","division":"Caldas","qid":"Q235190","rank":10,"level":1,"role":"Admin-1 capital"},"geometry":{"type":"Point","coordinates":[-75.52,5.059987]}},{"type":"Feature","id":"capital-1-1159149841","properties":{"name":"San Juan de Pasto","localName":"Pasto","countryCode":"COL","country":"Colombia","division":"Nariño","qid":"Q320015","rank":10,"level":1,"role":"Admin-1 capital"},"geometry":{"type":"Point","coordinates":[-77.281107,1.213607]}},{"type":"Feature","id":"capital-1-1159149845","properties":{"name":"Barranquilla","localName":"Barranquilla","countryCode":"COL","country":"Colombia","division":"Atlántico","qid":"Q62823","rank":12,"level":1,"role":"Admin-1 capital"},"geometry":{"type":"Point","coordinates":[-74.801913,10.961934]}},{"type":"Feature","id":"capital-1-1159149849","properties":{"name":"Mbandaka","localName":"Mbandaka","countryCode":"COD","country":"DR Congo","division":"Équateur","qid":"Q211070","rank":10,"level":1,"role":"Admin-1 capital"},"geometry":{"type":"Point","coordinates":[18.260012,0.040035]}},{"type":"Feature","id":"capital-1-1159149851","properties":{"name":"Moundou","localName":"Moundou","countryCode":"TCD","country":"Chad","division":"Logone Oriental","qid":"Q333074","rank":9,"level":1,"role":"Admin-1 capital"},"geometry":{"type":"Point","coordinates":[16.090015,8.549981]}},{"type":"Feature","id":"capital-1-1159149855","properties":{"name":"Port Said","localName":"Bur Said","countryCode":"EGY","country":"Egypt","division":"Bur Sa`id","qid":"Q134509","rank":11,"level":1,"role":"Admin-1 capital"},"geometry":{"type":"Point","coordinates":[32.290008,31.25999]}},{"type":"Feature","id":"capital-1-1159149857","properties":{"name":"Faiyum","localName":"El Faiyum","countryCode":"EGY","country":"Egypt","division":"Al Fayyum","qid":"Q203299","rank":10,"level":1,"role":"Admin-1 capital"},"geometry":{"type":"Point","coordinates":[30.839967,29.310031]}},{"type":"Feature","id":"capital-1-1159149859","properties":{"name":"Aswan","localName":"Aswan","countryCode":"EGY","country":"Egypt","division":"Aswan","qid":"Q29888","rank":10,"level":1,"role":"Admin-1 capital"},"geometry":{"type":"Point","coordinates":[32.898911,24.087508]}},{"type":"Feature","id":"capital-1-1159149863","properties":{"name":"Asyut","localName":"Asyut","countryCode":"EGY","country":"Egypt","division":"Asyut","qid":"Q29962","rank":10,"level":1,"role":"Admin-1 capital"},"geometry":{"type":"Point","coordinates":[31.179947,27.18998]}},{"type":"Feature","id":"capital-1-1159149865","properties":{"name":"Kisangani","localName":"Kisangani","countryCode":"COD","country":"DR Congo","division":"Orientale","qid":"Q146723","rank":11,"level":1,"role":"Admin-1 capital"},"geometry":{"type":"Point","coordinates":[25.22,0.520006]}},{"type":"Feature","id":"capital-1-1159149867","properties":{"name":"Assab","localName":"Assab","countryCode":"ERI","country":"Eritrea","division":"Debubawi Keyih Bahri","qid":"Q738496","rank":9,"level":1,"role":"Admin-1 capital"},"geometry":{"type":"Point","coordinates":[42.729991,13.010018]}},{"type":"Feature","id":"capital-1-1159149871","properties":{"name":"Dresden","localName":"Dresden","countryCode":"DEU","country":"Germany","division":"Sachsen","qid":"Q1731","rank":11,"level":1,"role":"Admin-1 capital"},"geometry":{"type":"Point","coordinates":[13.750003,51.049971]}},{"type":"Feature","id":"capital-1-1159149907","properties":{"name":"Shijiazhuang","localName":"Shijiazhuang","countryCode":"CHN","country":"China","division":"Hebei","qid":"Q58401","rank":12,"level":1,"role":"Admin-1 capital"},"geometry":{"type":"Point","coordinates":[114.478032,38.05196]}},{"type":"Feature","id":"capital-1-1159149927","properties":{"name":"Fukuoka","localName":"Fukuoka","countryCode":"JPN","country":"Japan","division":"Fukuoka","qid":"Q26600","rank":12,"level":1,"role":"Admin-1 region capital"},"geometry":{"type":"Point","coordinates":[130.408068,33.596961]}},{"type":"Feature","id":"capital-1-1159149929","properties":{"name":"Miyazaki","localName":"Miyazaki","countryCode":"JPN","country":"Japan","division":"Miyazaki","qid":"Q204308","rank":10,"level":1,"role":"Admin-1 capital"},"geometry":{"type":"Point","coordinates":[131.418376,31.918244]}},{"type":"Feature","id":"capital-1-1159149931","properties":{"name":"Naha","localName":"Naha","countryCode":"JPN","country":"Japan","division":"Okinawa","qid":"Q181966","rank":11,"level":1,"role":"Admin-1 region capital"},"geometry":{"type":"Point","coordinates":[127.672972,26.207172]}},{"type":"Feature","id":"capital-1-1159149935","properties":{"name":"Kōchi","localName":"Kōchi","countryCode":"JPN","country":"Japan","division":"Kochi","qid":"Q200251","rank":10,"level":1,"role":"Admin-1 capital"},"geometry":{"type":"Point","coordinates":[133.537523,33.562433]}},{"type":"Feature","id":"capital-1-1159149941","properties":{"name":"Hohhot","localName":"Hohhot","countryCode":"CHN","country":"China","division":"Nei Mongol","qid":"Q535534","rank":12,"level":1,"role":"Admin-1 capital"},"geometry":{"type":"Point","coordinates":[111.65805,40.821921]}},{"type":"Feature","id":"capital-1-1159149959","properties":{"name":"Nagoya","localName":"Nagoya","countryCode":"JPN","country":"Japan","division":"Aichi","qid":"Q11751","rank":12,"level":1,"role":"Admin-1 region capital"},"geometry":{"type":"Point","coordinates":[136.913046,35.156943]}},{"type":"Feature","id":"capital-1-1159149961","properties":{"name":"Nagano","localName":"Nagano","countryCode":"JPN","country":"Japan","division":"Nagano","qid":"Q128849","rank":11,"level":1,"role":"Admin-1 capital"},"geometry":{"type":"Point","coordinates":[138.170005,36.649997]}},{"type":"Feature","id":"capital-1-1159149971","properties":{"name":"Sendai","localName":"Sendai","countryCode":"JPN","country":"Japan","division":"Miyagi","qid":"Q46747","rank":12,"level":1,"role":"Admin-1 region capital"},"geometry":{"type":"Point","coordinates":[140.869667,38.268441]}},{"type":"Feature","id":"capital-1-1159149975","properties":{"name":"Bandundu","localName":"Bandundu","countryCode":"COD","country":"DR Congo","division":"Bandundu","qid":"Q736061","rank":9,"level":1,"role":"Admin-1 capital"},"geometry":{"type":"Point","coordinates":[17.379962,-3.309993]}},{"type":"Feature","id":"capital-1-1159149977","properties":{"name":"Kananga","localName":"Kananga","countryCode":"COD","country":"DR Congo","division":"Kasaï-Occidental","qid":"Q205327","rank":11,"level":1,"role":"Admin-1 capital"},"geometry":{"type":"Point","coordinates":[22.398072,-5.888096]}},{"type":"Feature","id":"capital-1-1159149981","properties":{"name":"Mbuji-Mayi","localName":"Mbuji-Mayi","countryCode":"COD","country":"DR Congo","division":"Kasaï-Oriental","qid":"Q319660","rank":12,"level":1,"role":"Admin-1 capital"},"geometry":{"type":"Point","coordinates":[23.59805,-6.148081]}},{"type":"Feature","id":"capital-1-1159149989","properties":{"name":"Goma","localName":"Goma","countryCode":"COD","country":"DR Congo","division":"Nord-Kivu","qid":"Q204381","rank":9,"level":1,"role":"Admin-1 capital"},"geometry":{"type":"Point","coordinates":[29.221787,-1.678799]}},{"type":"Feature","id":"capital-1-1159149991","properties":{"name":"Mzuzu","localName":"Mzuzu","countryCode":"MWI","country":"Malawi","division":"Mzimba","qid":"Q502216","rank":9,"level":1,"role":"Admin-1 region capital"},"geometry":{"type":"Point","coordinates":[34.01998,-11.459987]}},{"type":"Feature","id":"capital-1-1159149993","properties":{"name":"Blantyre","localName":"Blantyre","countryCode":"MWI","country":"Malawi","division":"Blantyre","qid":"Q188693","rank":11,"level":1,"role":"Admin-1 region capital"},"geometry":{"type":"Point","coordinates":[34.989947,-15.790007]}},{"type":"Feature","id":"capital-1-1159149995","properties":{"name":"Quetzaltenango","localName":"Quetzaltenango","countryCode":"GTM","country":"Guatemala","division":"Quezaltenango","qid":"Q334577","rank":11,"level":1,"role":"Admin-1 capital"},"geometry":{"type":"Point","coordinates":[-91.520006,14.829959]}},{"type":"Feature","id":"capital-1-1159150001","properties":{"name":"Srinagar","localName":"Srinagar","countryCode":"IND","country":"India","division":"Jammu and Kashmir","qid":"Q170115","rank":12,"level":1,"role":"Admin-1 capital"},"geometry":{"type":"Point","coordinates":[74.828309,34.069474]}},{"type":"Feature","id":"capital-1-1159150007","properties":{"name":"Thiruvananthapuram","localName":"Thiruvananthapuram","countryCode":"IND","country":"India","division":"Kerala","qid":"Q167715","rank":11,"level":1,"role":"Admin-1 capital"},"geometry":{"type":"Point","coordinates":[76.925191,8.515521]}},{"type":"Feature","id":"capital-1-1159150033","properties":{"name":"Franceville","localName":"Franceville","countryCode":"GAB","country":"Gabon","division":"Haut-Ogooué","qid":"Q459369","rank":7,"level":1,"role":"Admin-1 capital"},"geometry":{"type":"Point","coordinates":[13.583295,-1.633299]}},{"type":"Feature","id":"capital-1-1159150035","properties":{"name":"Bordeaux","localName":"Bordeaux","countryCode":"FRA","country":"France","division":"Aquitaine","qid":"Q1479","rank":11,"level":1,"role":"Admin-1 region capital"},"geometry":{"type":"Point","coordinates":[-0.596959,44.851959]}},{"type":"Feature","id":"capital-1-1159150037","properties":{"name":"Marseille","localName":"Marseille","countryCode":"FRA","country":"France","division":"Provence-Alpes-Côte-d'Azur","qid":"Q23482","rank":12,"level":1,"role":"Admin-1 region capital"},"geometry":{"type":"Point","coordinates":[5.373064,43.291925]}},{"type":"Feature","id":"capital-1-1159150043","properties":{"name":"Gao","localName":"Gao","countryCode":"MLI","country":"Mali","division":"Gao","qid":"Q188904","rank":9,"level":1,"role":"Admin-1 capital"},"geometry":{"type":"Point","coordinates":[-0.050008,16.26659]}},{"type":"Feature","id":"capital-1-1159150045","properties":{"name":"Coyhaique","localName":"Coihaique","countryCode":"CHL","country":"Chile","division":"Aisén del General Carlos Ibáñez del Campo","qid":"Q3810","rank":7,"level":1,"role":"Admin-1 capital"},"geometry":{"type":"Point","coordinates":[-72.070004,-45.569997]}},{"type":"Feature","id":"capital-1-1159150047","properties":{"name":"Arica","localName":"Arica","countryCode":"CHL","country":"Chile","division":"Arica y Parinacota","qid":"Q2203","rank":9,"level":1,"role":"Admin-1 capital"},"geometry":{"type":"Point","coordinates":[-70.289984,-18.500022]}},{"type":"Feature","id":"capital-1-1159150049","properties":{"name":"Copiapó","localName":"Copiapó","countryCode":"CHL","country":"Chile","division":"Atacama","qid":"Q3868","rank":9,"level":1,"role":"Admin-1 capital"},"geometry":{"type":"Point","coordinates":[-70.329955,-27.371779]}},{"type":"Feature","id":"capital-1-1159150051","properties":{"name":"La Serena","localName":"La Serena","countryCode":"CHL","country":"Chile","division":"Coquimbo","qid":"Q14467","rank":9,"level":1,"role":"Admin-1 capital"},"geometry":{"type":"Point","coordinates":[-71.249977,-29.899998]}},{"type":"Feature","id":"capital-1-1159150063","properties":{"name":"Qaanaaq","localName":"Qaanaaq","countryCode":"GRL","country":"Greenland","division":"Qaasuitsup Kommunia","qid":"Q223314","rank":2,"level":1,"role":"Admin-1 capital"},"geometry":{"type":"Point","coordinates":[-69.22964,77.46655]}},{"type":"Feature","id":"capital-1-1159150065","properties":{"name":"Nouadhibou","localName":"Nouadhibou","countryCode":"MRT","country":"Mauritania","division":"Dakhlet Nouadhibou","qid":"Q184184","rank":8,"level":1,"role":"Admin-1 capital"},"geometry":{"type":"Point","coordinates":[-17.056024,20.900002]}},{"type":"Feature","id":"capital-1-1159150067","properties":{"name":"Kayes","localName":"Kayes","countryCode":"MLI","country":"Mali","division":"Kayes","qid":"Q325164","rank":8,"level":1,"role":"Admin-1 capital"},"geometry":{"type":"Point","coordinates":[-11.44001,14.449982]}},{"type":"Feature","id":"capital-1-1159150069","properties":{"name":"Ayoun el Atrous","localName":"Ayoun el Atrous","countryCode":"MRT","country":"Mauritania","division":"Hodh el Gharbi","qid":"Q175596","rank":3,"level":1,"role":"Admin-1 capital"},"geometry":{"type":"Point","coordinates":[-9.616659,16.666591]}},{"type":"Feature","id":"capital-1-1159150071","properties":{"name":"Ségou","localName":"Ségou","countryCode":"MLI","country":"Mali","division":"Ségou","qid":"Q333476","rank":9,"level":1,"role":"Admin-1 capital"},"geometry":{"type":"Point","coordinates":[-6.260016,13.439992]}},{"type":"Feature","id":"capital-1-1159150081","properties":{"name":"Misrata","localName":"Misrata","countryCode":"LBY","country":"Libya","division":"Misratah","qid":"Q131323","rank":10,"level":1,"role":"Admin-1 capital"},"geometry":{"type":"Point","coordinates":[15.099998,32.379973]}},{"type":"Feature","id":"capital-1-1159150085","properties":{"name":"Kirkuk","localName":"Kirkuk","countryCode":"IRQ","country":"Iraq","division":"At-Ta'mim","qid":"Q173310","rank":11,"level":1,"role":"Admin-1 capital"},"geometry":{"type":"Point","coordinates":[44.392267,35.472239]}},{"type":"Feature","id":"capital-1-1159150087","properties":{"name":"Mosul","localName":"Mosul","countryCode":"IRQ","country":"Iraq","division":"Ninawa","qid":"Q83317","rank":12,"level":1,"role":"Admin-1 capital"},"geometry":{"type":"Point","coordinates":[43.143059,36.346948]}},{"type":"Feature","id":"capital-1-1159150089","properties":{"name":"Najaf","localName":"Najaf","countryCode":"IRQ","country":"Iraq","division":"An-Najaf","qid":"Q168193","rank":11,"level":1,"role":"Admin-1 capital"},"geometry":{"type":"Point","coordinates":[44.335371,32.000332]}},{"type":"Feature","id":"capital-1-1159150093","properties":{"name":"Mek'ele","localName":"Mekele","countryCode":"ETH","country":"Ethiopia","division":"Tigray","qid":"Q332319","rank":8,"level":1,"role":"Admin-1 capital"},"geometry":{"type":"Point","coordinates":[39.469983,13.499989]}},{"type":"Feature","id":"capital-1-1159150099","properties":{"name":"Rovaniemi","localName":"Rovaniemi","countryCode":"FIN","country":"Finland","division":"Lapland","qid":"Q103717","rank":7,"level":1,"role":"Admin-1 capital"},"geometry":{"type":"Point","coordinates":[25.715939,66.500035]}},{"type":"Feature","id":"capital-1-1159150101","properties":{"name":"Vaasa","localName":"Vaasa","countryCode":"FIN","country":"Finland","division":"Western Finland","qid":"Q125080","rank":8,"level":1,"role":"Admin-1 capital"},"geometry":{"type":"Point","coordinates":[21.600015,63.099984]}},{"type":"Feature","id":"capital-1-1159150105","properties":{"name":"Aktobe","localName":"Aqtobe","countryCode":"KAZ","country":"Kazakhstan","division":"Aqtöbe","qid":"Q477232","rank":10,"level":1,"role":"Admin-1 capital"},"geometry":{"type":"Point","coordinates":[57.169988,50.280017]}},{"type":"Feature","id":"capital-1-1159150109","properties":{"name":"Kyzylorda","localName":"Qyzylorda","countryCode":"KAZ","country":"Kazakhstan","division":"Qyzylorda","qid":"Q491123","rank":10,"level":1,"role":"Admin-1 capital"},"geometry":{"type":"Point","coordinates":[65.464986,44.800016]}},{"type":"Feature","id":"capital-1-1159150111","properties":{"name":"Atyrau","localName":"Atyrau","countryCode":"KAZ","country":"Kazakhstan","division":"Atyrau","qid":"Q486913","rank":9,"level":1,"role":"Admin-1 capital"},"geometry":{"type":"Point","coordinates":[51.920024,47.112691]}},{"type":"Feature","id":"capital-1-1159150117","properties":{"name":"Pavlodar","localName":"Pavlodar","countryCode":"KAZ","country":"Kazakhstan","division":"Pavlodar","qid":"Q486282","rank":10,"level":1,"role":"Admin-1 capital"},"geometry":{"type":"Point","coordinates":[76.950021,52.299998]}},{"type":"Feature","id":"capital-1-1159150119","properties":{"name":"Semey","localName":"Semey","countryCode":"KAZ","country":"Kazakhstan","division":"East Kazakhstan","qid":"Q61944","rank":10,"level":1,"role":"Admin-1 capital"},"geometry":{"type":"Point","coordinates":[80.275038,50.434995]}},{"type":"Feature","id":"capital-1-1159150121","properties":{"name":"Oskemen","localName":"Oskemen","countryCode":"KAZ","country":"Kazakhstan","division":"East Kazakhstan","qid":"Q162548","rank":10,"level":1,"role":"Admin-1 capital"},"geometry":{"type":"Point","coordinates":[82.614947,49.990035]}},{"type":"Feature","id":"capital-1-1159150123","properties":{"name":"Yazd","localName":"Yazd","countryCode":"IRN","country":"Iran","division":"Yazd","qid":"Q182394","rank":10,"level":1,"role":"Admin-1 capital"},"geometry":{"type":"Point","coordinates":[54.370004,31.920053]}},{"type":"Feature","id":"capital-1-1159150125","properties":{"name":"Ahwaz","localName":"Ahvaz","countryCode":"IRN","country":"Iran","division":"Khuzestan","qid":"Q170366","rank":11,"level":1,"role":"Admin-1 capital"},"geometry":{"type":"Point","coordinates":[48.718067,31.281934]}},{"type":"Feature","id":"capital-1-1159150127","properties":{"name":"Basra","localName":"Basra","countryCode":"IRQ","country":"Iraq","division":"Al-Basrah","qid":"Q48195","rank":11,"level":1,"role":"Admin-1 capital"},"geometry":{"type":"Point","coordinates":[47.811611,30.51547]}},{"type":"Feature","id":"capital-1-1159150129","properties":{"name":"Bandar Abbas","localName":"Bandar-e-Abbas","countryCode":"IRN","country":"Iran","division":"Hormozgan","qid":"Q154814","rank":10,"level":1,"role":"Admin-1 capital"},"geometry":{"type":"Point","coordinates":[56.272135,27.20406]}},{"type":"Feature","id":"capital-1-1159150133","properties":{"name":"Hamadan","localName":"Hamadan","countryCode":"IRN","country":"Iran","division":"Hamadan","qid":"Q28587","rank":11,"level":1,"role":"Admin-1 capital"},"geometry":{"type":"Point","coordinates":[48.515013,34.796027]}},{"type":"Feature","id":"capital-1-1159150135","properties":{"name":"Tabriz","localName":"Tabriz","countryCode":"IRN","country":"Iran","division":"East Azarbaijan","qid":"Q80053","rank":12,"level":1,"role":"Admin-1 capital"},"geometry":{"type":"Point","coordinates":[46.2993,38.088237]}},{"type":"Feature","id":"capital-1-1159150143","properties":{"name":"Shymkent","localName":"Shymkent","countryCode":"KAZ","country":"Kazakhstan","division":"South Kazakhstan","qid":"Q485496","rank":10,"level":1,"role":"Admin-1 capital"},"geometry":{"type":"Point","coordinates":[69.595018,42.320012]}},{"type":"Feature","id":"capital-1-1159150145","properties":{"name":"Taraz","localName":"Taraz","countryCode":"KAZ","country":"Kazakhstan","division":"Zhambyl","qid":"Q486545","rank":10,"level":1,"role":"Admin-1 capital"},"geometry":{"type":"Point","coordinates":[71.364987,42.899977]}},{"type":"Feature","id":"capital-1-1159150147","properties":{"name":"Lucknow","localName":"Lucknow","countryCode":"IND","country":"India","division":"Uttar Pradesh","qid":"Q47916","rank":12,"level":1,"role":"Admin-1 capital"},"geometry":{"type":"Point","coordinates":[80.913053,26.856985]}},{"type":"Feature","id":"capital-1-1159150153","properties":{"name":"Ranchi","localName":"Ranchi","countryCode":"IND","country":"India","division":"Jharkhand","qid":"Q174461","rank":12,"level":1,"role":"Admin-1 capital"},"geometry":{"type":"Point","coordinates":[85.32808,23.371952]}},{"type":"Feature","id":"capital-1-1159150157","properties":{"name":"Raipur","localName":"Raipur","countryCode":"IND","country":"India","division":"Chhattisgarh","qid":"Q372773","rank":11,"level":1,"role":"Admin-1 capital"},"geometry":{"type":"Point","coordinates":[81.633061,21.23694]}},{"type":"Feature","id":"capital-1-1159150163","properties":{"name":"Pondicherry","localName":"Puducherry","countryCode":"IND","country":"India","division":"Puducherry","qid":"Q639421","rank":10,"level":1,"role":"Admin-1 capital"},"geometry":{"type":"Point","coordinates":[79.83,11.934994]}},{"type":"Feature","id":"capital-1-1159150171","properties":{"name":"Pointe-Noire","localName":"Pointe-Noire","countryCode":"COG","country":"Congo","division":"Kouilou","qid":"Q223920","rank":11,"level":1,"role":"Admin-1 capital"},"geometry":{"type":"Point","coordinates":[11.880039,-4.770007]}},{"type":"Feature","id":"capital-1-1159150173","properties":{"name":"Kankan","localName":"Kankan","countryCode":"GIN","country":"Guinea","division":"Kankan","qid":"Q874317","rank":9,"level":1,"role":"Admin-1 capital"},"geometry":{"type":"Point","coordinates":[-9.310011,10.389998]}},{"type":"Feature","id":"capital-1-1159150175","properties":{"name":"Nzérékoré","localName":"Nzérékoré","countryCode":"GIN","country":"Guinea","division":"Nzerekore","qid":"Q1002799","rank":9,"level":1,"role":"Admin-1 capital"},"geometry":{"type":"Point","coordinates":[-8.829988,7.760003]}},{"type":"Feature","id":"capital-1-1159150177","properties":{"name":"Bouaké","localName":"Bouaké","countryCode":"CIV","country":"Ivory Coast","division":"Vallée du Bandama","qid":"Q271000","rank":11,"level":1,"role":"Admin-1 capital"},"geometry":{"type":"Point","coordinates":[-5.030014,7.689982]}},{"type":"Feature","id":"capital-1-1159150179","properties":{"name":"Saint-Denis","localName":"St.-Denis","countryCode":"FRA","country":"France","division":"La Réunion","qid":"Q47045","rank":9,"level":1,"role":"Admin-1 capital"},"geometry":{"type":"Point","coordinates":[55.448078,-20.878895]}},{"type":"Feature","id":"capital-1-1159150181","properties":{"name":"Rio Branco","localName":"Rio Branco","countryCode":"BRA","country":"Brazil","division":"Acre","qid":"Q171612","rank":10,"level":1,"role":"Admin-1 capital"},"geometry":{"type":"Point","coordinates":[-67.800007,-9.966589]}},{"type":"Feature","id":"capital-1-1159150183","properties":{"name":"São Luís","localName":"São Luís","countryCode":"BRA","country":"Brazil","division":"Maranhão","qid":"Q28441","rank":12,"level":1,"role":"Admin-1 capital"},"geometry":{"type":"Point","coordinates":[-44.267937,-2.514039]}},{"type":"Feature","id":"capital-1-1159150187","properties":{"name":"Porto Velho","localName":"Porto Velho","countryCode":"BRA","country":"Brazil","division":"Rondônia","qid":"Q172512","rank":10,"level":1,"role":"Admin-1 capital"},"geometry":{"type":"Point","coordinates":[-63.900012,-8.750023]}},{"type":"Feature","id":"capital-1-1159150193","properties":{"name":"Belo Horizonte","localName":"Belo Horizonte","countryCode":"BRA","country":"Brazil","division":"Minas Gerais","qid":"Q42800","rank":13,"level":1,"role":"Admin-1 capital"},"geometry":{"type":"Point","coordinates":[-43.91695,-19.91308]}},{"type":"Feature","id":"capital-1-1159150205","properties":{"name":"Cuiabá","localName":"Cuiabá","countryCode":"BRA","country":"Brazil","division":"Mato Grosso","qid":"Q170762","rank":11,"level":1,"role":"Admin-1 capital"},"geometry":{"type":"Point","coordinates":[-56.086931,-15.567661]}},{"type":"Feature","id":"capital-1-1159150213","properties":{"name":"Teresina","localName":"Teresina","countryCode":"BRA","country":"Brazil","division":"Piauí","qid":"Q165341","rank":11,"level":1,"role":"Admin-1 capital"},"geometry":{"type":"Point","coordinates":[-42.781955,-5.093055]}},{"type":"Feature","id":"capital-1-1159150215","properties":{"name":"Maceió","localName":"Maceió","countryCode":"BRA","country":"Brazil","division":"Alagoas","qid":"Q168888","rank":12,"level":1,"role":"Admin-1 capital"},"geometry":{"type":"Point","coordinates":[-35.73192,-9.61805]}},{"type":"Feature","id":"capital-1-1159150225","properties":{"name":"Natal","localName":"Natal","countryCode":"BRA","country":"Brazil","division":"Rio Grande do Norte","qid":"Q131620","rank":12,"level":1,"role":"Admin-1 capital"},"geometry":{"type":"Point","coordinates":[-35.24195,-5.778077]}},{"type":"Feature","id":"capital-1-1159150241","properties":{"name":"Iqaluit","localName":"Iqaluit","countryCode":"CAN","country":"Canada","division":"Nunavut","qid":"Q2030","rank":5,"level":1,"role":"Admin-1 capital"},"geometry":{"type":"Point","coordinates":[-68.500192,63.750459]}},{"type":"Feature","id":"capital-1-1159150271","properties":{"name":"Ebolowa","localName":"Ebolowa","countryCode":"CMR","country":"Cameroon","division":"Sud","qid":"Q910616","rank":8,"level":1,"role":"Admin-1 capital"},"geometry":{"type":"Point","coordinates":[11.150006,2.900015]}},{"type":"Feature","id":"capital-1-1159150273","properties":{"name":"Bambari","localName":"Bambari","countryCode":"CAF","country":"Central African Republic","division":"Ouaka","qid":"Q805946","rank":8,"level":1,"role":"Admin-1 capital"},"geometry":{"type":"Point","coordinates":[20.667203,5.76196]}},{"type":"Feature","id":"capital-1-1159150277","properties":{"name":"Venice","localName":"Venice","countryCode":"ITA","country":"Italy","division":"Veneto","qid":"Q641","rank":10,"level":1,"role":"Admin-1 region capital"},"geometry":{"type":"Point","coordinates":[12.334999,45.438659]}},{"type":"Feature","id":"capital-1-1159150281","properties":{"name":"San Juan","localName":"San Juan","countryCode":"ARG","country":"Argentina","division":"San Juan","qid":"Q44241","rank":10,"level":1,"role":"Admin-1 capital"},"geometry":{"type":"Point","coordinates":[-68.519988,-31.550026]}},{"type":"Feature","id":"capital-1-1159150283","properties":{"name":"Rawson","localName":"Rawson","countryCode":"ARG","country":"Argentina","division":"Chubut","qid":"Q44208","rank":7,"level":1,"role":"Admin-1 capital"},"geometry":{"type":"Point","coordinates":[-65.099991,-43.300007]}},{"type":"Feature","id":"capital-1-1159150285","properties":{"name":"Neuquén","localName":"Neuquén","countryCode":"ARG","country":"Argentina","division":"Neuquén","qid":"Q44239","rank":10,"level":1,"role":"Admin-1 capital"},"geometry":{"type":"Point","coordinates":[-68.059991,-38.95004]}},{"type":"Feature","id":"capital-1-1159150287","properties":{"name":"Trinidad","localName":"Trinidad","countryCode":"BOL","country":"Bolivia","division":"El Beni","qid":"Q34986","rank":8,"level":1,"role":"Admin-1 capital"},"geometry":{"type":"Point","coordinates":[-64.899977,-14.833372]}},{"type":"Feature","id":"capital-1-1159150289","properties":{"name":"Santa Rosa","localName":"Santa Rosa","countryCode":"ARG","country":"Argentina","division":"La Pampa","qid":"Q44215","rank":9,"level":1,"role":"Admin-1 capital"},"geometry":{"type":"Point","coordinates":[-64.299988,-36.620001]}},{"type":"Feature","id":"capital-1-1159150295","properties":{"name":"Salta","localName":"Salta","countryCode":"ARG","country":"Argentina","division":"Salta","qid":"Q36307","rank":11,"level":1,"role":"Admin-1 capital"},"geometry":{"type":"Point","coordinates":[-65.416638,-24.783359]}},{"type":"Feature","id":"capital-1-1159150297","properties":{"name":"San Miguel de Tucumán","localName":"Tucumán","countryCode":"ARG","country":"Argentina","division":"Tucumán","qid":"Q44255","rank":11,"level":1,"role":"Admin-1 capital"},"geometry":{"type":"Point","coordinates":[-65.21857,-26.814054]}},{"type":"Feature","id":"capital-1-1159150299","properties":{"name":"Formosa","localName":"Formosa","countryCode":"ARG","country":"Argentina","division":"Formosa","qid":"Q44214","rank":10,"level":1,"role":"Admin-1 capital"},"geometry":{"type":"Point","coordinates":[-58.182816,-26.172835]}},{"type":"Feature","id":"capital-1-1159150301","properties":{"name":"Santa Fe","localName":"Santa Fe","countryCode":"ARG","country":"Argentina","division":"Santa Fe","qid":"Q44244","rank":10,"level":1,"role":"Admin-1 capital"},"geometry":{"type":"Point","coordinates":[-60.690001,-31.623872]}},{"type":"Feature","id":"capital-1-1159150315","properties":{"name":"Bamenda","localName":"Bamenda","countryCode":"CMR","country":"Cameroon","division":"Nord-Ouest","qid":"Q528432","rank":10,"level":1,"role":"Admin-1 capital"},"geometry":{"type":"Point","coordinates":[10.150016,5.959984]}},{"type":"Feature","id":"capital-1-1159150317","properties":{"name":"Garoua","localName":"Garoua","countryCode":"CMR","country":"Cameroon","division":"Nord","qid":"Q157915","rank":10,"level":1,"role":"Admin-1 capital"},"geometry":{"type":"Point","coordinates":[13.390025,9.300012]}},{"type":"Feature","id":"capital-1-1159150319","properties":{"name":"Herat","localName":"Herat","countryCode":"AFG","country":"Afghanistan","division":"Hirat","qid":"Q45313","rank":10,"level":1,"role":"Admin-1 capital"},"geometry":{"type":"Point","coordinates":[62.169993,34.330009]}},{"type":"Feature","id":"capital-1-1159150321","properties":{"name":"Mazar-i-Sharif","localName":"Mazar-i-Sharif","countryCode":"AFG","country":"Afghanistan","division":"Balkh","qid":"Q130469","rank":10,"level":1,"role":"Admin-1 capital"},"geometry":{"type":"Point","coordinates":[67.100028,36.699994]}},{"type":"Feature","id":"capital-1-1159150323","properties":{"name":"Battambang","localName":"Battambang","countryCode":"KHM","country":"Cambodia","division":"Batdâmbâng","qid":"Q748336","rank":9,"level":1,"role":"Admin-1 capital"},"geometry":{"type":"Point","coordinates":[103.200047,13.100013]}},{"type":"Feature","id":"capital-1-1159150325","properties":{"name":"Siem Reap","localName":"Siem Reap","countryCode":"KHM","country":"Cambodia","division":"Siemréab","qid":"Q11711","rank":9,"level":1,"role":"Admin-1 capital"},"geometry":{"type":"Point","coordinates":[103.850033,13.366638]}},{"type":"Feature","id":"capital-1-1159150327","properties":{"name":"Malanje","localName":"Malanje","countryCode":"AGO","country":"Angola","division":"Malanje","qid":"Q621001","rank":9,"level":1,"role":"Admin-1 capital"},"geometry":{"type":"Point","coordinates":[16.340026,-9.54]}},{"type":"Feature","id":"capital-1-1159150331","properties":{"name":"Benguela","localName":"Benguela","countryCode":"AGO","country":"Angola","division":"Benguela","qid":"Q214248","rank":9,"level":1,"role":"Admin-1 capital"},"geometry":{"type":"Point","coordinates":[13.407233,-12.578264]}},{"type":"Feature","id":"capital-1-1159150333","properties":{"name":"Lubango","localName":"Lubango","countryCode":"AGO","country":"Angola","division":"Huíla","qid":"Q122044","rank":9,"level":1,"role":"Admin-1 capital"},"geometry":{"type":"Point","coordinates":[13.490019,-14.910008]}},{"type":"Feature","id":"capital-1-1159150335","properties":{"name":"Moçâmedes","localName":"Moçâmedes","countryCode":"AGO","country":"Angola","division":"Namibe","qid":"Q221914","rank":9,"level":1,"role":"Admin-1 capital"},"geometry":{"type":"Point","coordinates":[12.160022,-15.190043]}},{"type":"Feature","id":"capital-1-1159150337","properties":{"name":"Tarija","localName":"Tarija","countryCode":"BOL","country":"Bolivia","division":"Tarija","qid":"Q35004","rank":9,"level":1,"role":"Admin-1 capital"},"geometry":{"type":"Point","coordinates":[-64.749986,-21.516685]}},{"type":"Feature","id":"capital-1-1159150341","properties":{"name":"Annaba","localName":"Annaba","countryCode":"DZA","country":"Algeria","division":"Annaba","qid":"Q45942","rank":11,"level":1,"role":"Admin-1 capital"},"geometry":{"type":"Point","coordinates":[7.759981,36.920006]}},{"type":"Feature","id":"capital-1-1159150343","properties":{"name":"Parakou","localName":"Parakou","countryCode":"BEN","country":"Benin","division":"Borgou","qid":"Q688324","rank":9,"level":1,"role":"Admin-1 capital"},"geometry":{"type":"Point","coordinates":[2.620036,9.34001]}},{"type":"Feature","id":"capital-1-1159150349","properties":{"name":"Constantine","localName":"Constantine","countryCode":"DZA","country":"Algeria","division":"Constantine","qid":"Q187346","rank":11,"level":1,"role":"Admin-1 capital"},"geometry":{"type":"Point","coordinates":[6.599948,36.359989]}},{"type":"Feature","id":"capital-1-1159150351","properties":{"name":"Brest","localName":"Brest","countryCode":"BLR","country":"Belarus","division":"Brest","qid":"Q140147","rank":10,"level":1,"role":"Admin-1 capital"},"geometry":{"type":"Point","coordinates":[23.69999,52.099984]}},{"type":"Feature","id":"capital-1-1159150353","properties":{"name":"Khulna","localName":"Khulna","countryCode":"BGD","country":"Bangladesh","division":"Khulna","qid":"Q243325","rank":12,"level":1,"role":"Admin-1 capital"},"geometry":{"type":"Point","coordinates":[89.558055,22.841933]}},{"type":"Feature","id":"capital-1-1159150355","properties":{"name":"Francistown","localName":"Francistown","countryCode":"BWA","country":"Botswana","division":"Central","qid":"Q165422","rank":8,"level":1,"role":"Admin-1 capital"},"geometry":{"type":"Point","coordinates":[27.500016,-21.17004]}},{"type":"Feature","id":"capital-1-1159150359","properties":{"name":"Serowe","localName":"Serowe","countryCode":"BWA","country":"Botswana","division":"Central","qid":"Q855634","rank":7,"level":1,"role":"Admin-1 capital"},"geometry":{"type":"Point","coordinates":[26.710039,-22.390017]}},{"type":"Feature","id":"capital-1-1159150417","properties":{"name":"Bobo Dioulasso","localName":"Bobo Dioulasso","countryCode":"BFA","country":"Burkina Faso","division":"Houet","qid":"Q223761","rank":10,"level":1,"role":"Admin-1 capital"},"geometry":{"type":"Point","coordinates":[-4.289981,11.179975]}},{"type":"Feature","id":"capital-1-1159150421","properties":{"name":"Rajshahi","localName":"Rajshahi","countryCode":"BGD","country":"Bangladesh","division":"Rajshahi","qid":"Q322155","rank":11,"level":1,"role":"Admin-1 capital"},"geometry":{"type":"Point","coordinates":[88.603074,24.37693]}},{"type":"Feature","id":"capital-1-1159150423","properties":{"name":"Mandalay","localName":"Mandalay","countryCode":"MMR","country":"Myanmar","division":"Mandalay","qid":"Q185518","rank":12,"level":1,"role":"Admin-1 capital"},"geometry":{"type":"Point","coordinates":[96.083083,21.971934]}},{"type":"Feature","id":"capital-1-1159150425","properties":{"name":"Sittwe","localName":"Sittwe","countryCode":"MMR","country":"Myanmar","division":"Rakhine","qid":"Q738748","rank":9,"level":1,"role":"Admin-1 capital"},"geometry":{"type":"Point","coordinates":[92.880005,20.139997]}},{"type":"Feature","id":"capital-1-1159150439","properties":{"name":"Las Palmas de Gran Canaria","localName":"Las Palmas","countryCode":"ESP","country":"Spain","division":null,"qid":"Q11974","rank":10,"level":1,"role":"Admin-1 capital"},"geometry":{"type":"Point","coordinates":[-15.429999,28.099976]}},{"type":"Feature","id":"capital-1-1159150459","properties":{"name":"Magong","localName":"Magong","countryCode":"TWN","country":"Taiwan","division":"Penghu","qid":"Q701428","rank":8,"level":1,"role":"Admin-1 capital"},"geometry":{"type":"Point","coordinates":[119.583333,23.566667]}},{"type":"Feature","id":"capital-1-1159150461","properties":{"name":"Taichung","localName":"Taichung","countryCode":"TWN","country":"Taiwan","division":"Taichung City","qid":"Q245023","rank":12,"level":1,"role":"Admin-1 capital"},"geometry":{"type":"Point","coordinates":[120.681667,24.152078]}},{"type":"Feature","id":"capital-1-1159150465","properties":{"name":"Bhubaneswar","localName":"Bhubaneswar","countryCode":"IND","country":"India","division":"Orissa","qid":"Q171771","rank":11,"level":1,"role":"Admin-1 capital"},"geometry":{"type":"Point","coordinates":[85.825414,20.272374]}},{"type":"Feature","id":"capital-1-1159150471","properties":{"name":"Helena","localName":"Helena","countryCode":"USA","country":"United States","division":"Montana","qid":"Q38733","rank":7,"level":1,"role":"Admin-1 capital"},"geometry":{"type":"Point","coordinates":[-112.035291,46.592749]}},{"type":"Feature","id":"capital-1-1159150475","properties":{"name":"Bismarck","localName":"Bismarck","countryCode":"USA","country":"United States","division":"North Dakota","qid":"Q37066","rank":8,"level":1,"role":"Admin-1 capital"},"geometry":{"type":"Point","coordinates":[-100.783316,46.808317]}},{"type":"Feature","id":"capital-1-1159150477","properties":{"name":"Boise","localName":"Boise","countryCode":"USA","country":"United States","division":"Idaho","qid":"Q35775","rank":10,"level":1,"role":"Admin-1 capital"},"geometry":{"type":"Point","coordinates":[-116.22749,43.60859]}},{"type":"Feature","id":"capital-1-1159150481","properties":{"name":"Sacramento","localName":"Sacramento","countryCode":"USA","country":"United States","division":"California","qid":"Q18013","rank":12,"level":1,"role":"Admin-1 capital"},"geometry":{"type":"Point","coordinates":[-121.471984,38.576967]}},{"type":"Feature","id":"capital-1-1159150485","properties":{"name":"Santa Fe","localName":"Santa Fe","countryCode":"USA","country":"United States","division":"New Mexico","qid":"Q38555","rank":8,"level":1,"role":"Admin-1 capital"},"geometry":{"type":"Point","coordinates":[-105.937239,35.686929]}},{"type":"Feature","id":"capital-1-1159150489","properties":{"name":"Salt Lake City","localName":"Salt Lake City","countryCode":"USA","country":"United States","division":"Utah","qid":"Q23337","rank":11,"level":1,"role":"Admin-1 capital"},"geometry":{"type":"Point","coordinates":[-111.931998,40.776962]}},{"type":"Feature","id":"capital-1-1159150493","properties":{"name":"Cheyenne","localName":"Cheyenne","countryCode":"USA","country":"United States","division":"Wyoming","qid":"Q39042","rank":8,"level":1,"role":"Admin-1 capital"},"geometry":{"type":"Point","coordinates":[-104.819711,41.140007]}},{"type":"Feature","id":"capital-1-1159150495","properties":{"name":"Des Moines","localName":"Des Moines","countryCode":"USA","country":"United States","division":"Iowa","qid":"Q39709","rank":10,"level":1,"role":"Admin-1 capital"},"geometry":{"type":"Point","coordinates":[-93.619981,41.57998]}},{"type":"Feature","id":"capital-1-1159150499","properties":{"name":"Oklahoma City","localName":"Oklahoma City","countryCode":"USA","country":"United States","division":"Oklahoma","qid":"Q34863","rank":11,"level":1,"role":"Admin-1 capital"},"geometry":{"type":"Point","coordinates":[-97.520629,35.471989]}},{"type":"Feature","id":"capital-1-1159150501","properties":{"name":"Pierre","localName":"Pierre","countryCode":"USA","country":"United States","division":"South Dakota","qid":"Q40747","rank":6,"level":1,"role":"Admin-1 capital"},"geometry":{"type":"Point","coordinates":[-100.350552,44.368337]}},{"type":"Feature","id":"capital-1-1159150505","properties":{"name":"San Cristóbal","localName":"San Cristóbal","countryCode":"VEN","country":"Venezuela","division":"Táchira","qid":"Q820235","rank":10,"level":1,"role":"Admin-1 capital"},"geometry":{"type":"Point","coordinates":[-72.249967,7.770003]}},{"type":"Feature","id":"capital-1-1159150507","properties":{"name":"Valencia","localName":"Valencia","countryCode":"VEN","country":"Venezuela","division":"Carabobo","qid":"Q54880","rank":12,"level":1,"role":"Admin-1 capital"},"geometry":{"type":"Point","coordinates":[-67.981967,10.231927]}},{"type":"Feature","id":"capital-1-1159150511","properties":{"name":"Jackson","localName":"Jackson","countryCode":"USA","country":"United States","division":"Mississippi","qid":"Q28198","rank":10,"level":1,"role":"Admin-1 capital"},"geometry":{"type":"Point","coordinates":[-90.184997,32.298815]}},{"type":"Feature","id":"capital-1-1159150513","properties":{"name":"Raleigh","localName":"Raleigh","countryCode":"USA","country":"United States","division":"North Carolina","qid":"Q41087","rank":12,"level":1,"role":"Admin-1 capital"},"geometry":{"type":"Point","coordinates":[-78.647035,35.772696]}},{"type":"Feature","id":"capital-1-1159150519","properties":{"name":"Nashville","localName":"Nashville","countryCode":"USA","country":"United States","division":"Tennessee","qid":"Q23197","rank":11,"level":1,"role":"Admin-1 capital"},"geometry":{"type":"Point","coordinates":[-86.781931,36.17192]}},{"type":"Feature","id":"capital-1-1159150555","properties":{"name":"Juneau","localName":"Juneau","countryCode":"USA","country":"United States","division":"Alaska","qid":"Q29445","rank":7,"level":1,"role":"Admin-1 capital"},"geometry":{"type":"Point","coordinates":[-134.400712,58.303386]}},{"type":"Feature","id":"capital-1-1159150561","properties":{"name":"Sevastopol","localName":"Sevastopol","countryCode":"RUS","country":"Russia","division":"Crimea","qid":"Q7525","rank":10,"level":1,"role":"Admin-1 capital"},"geometry":{"type":"Point","coordinates":[33.524395,44.603925]}},{"type":"Feature","id":"capital-1-1159150569","properties":{"name":"Samarkand","localName":"Samarkand","countryCode":"UZB","country":"Uzbekistan","division":"Samarkand","qid":"Q5753","rank":11,"level":1,"role":"Admin-1 capital"},"geometry":{"type":"Point","coordinates":[66.944999,39.670019]}},{"type":"Feature","id":"capital-1-1159150575","properties":{"name":"Bulawayo","localName":"Bulawayo","countryCode":"ZWE","country":"Zimbabwe","division":"Bulawayo","qid":"Q193250","rank":11,"level":1,"role":"Admin-1 capital"},"geometry":{"type":"Point","coordinates":[28.580002,-20.169998]}},{"type":"Feature","id":"capital-1-1159150595","properties":{"name":"Aden","localName":"Aden","countryCode":"YEM","country":"Yemen","division":"`Adan","qid":"Q131694","rank":11,"level":1,"role":"Admin-1 capital"},"geometry":{"type":"Point","coordinates":[45.00949,12.779723]}},{"type":"Feature","id":"capital-1-1159150601","properties":{"name":"Seville","localName":"Seville","countryCode":"ESP","country":"Spain","division":"Andalucía","qid":"Q8717","rank":12,"level":1,"role":"Admin-1 capital"},"geometry":{"type":"Point","coordinates":[-5.980007,37.405015]}},{"type":"Feature","id":"capital-1-1159150603","properties":{"name":"Zinder","localName":"Zinder","countryCode":"NER","country":"Niger","division":"Zinder","qid":"Q204365","rank":10,"level":1,"role":"Admin-1 capital"},"geometry":{"type":"Point","coordinates":[8.983317,13.799996]}},{"type":"Feature","id":"capital-1-1159150607","properties":{"name":"Port Sudan","localName":"Port Sudan","countryCode":"SDN","country":"Sudan","division":"Red Sea","qid":"Q208718","rank":10,"level":1,"role":"Admin-1 capital"},"geometry":{"type":"Point","coordinates":[37.216426,19.615791]}},{"type":"Feature","id":"capital-1-1159150611","properties":{"name":"Cuzco","localName":"Cusco","countryCode":"PER","country":"Peru","division":"Cusco","qid":"Q5582862","rank":10,"level":1,"role":"Admin-1 capital"},"geometry":{"type":"Point","coordinates":[-71.972155,-13.525028]}},{"type":"Feature","id":"capital-1-1159150613","properties":{"name":"Tacna","localName":"Tacna","countryCode":"PER","country":"Peru","division":"Tacna","qid":"Q272795","rank":10,"level":1,"role":"Admin-1 capital"},"geometry":{"type":"Point","coordinates":[-70.250012,-18.000001]}},{"type":"Feature","id":"capital-1-1159150615","properties":{"name":"Trujillo","localName":"Trujillo","countryCode":"PER","country":"Peru","division":"La Libertad","qid":"Q214173","rank":11,"level":1,"role":"Admin-1 capital"},"geometry":{"type":"Point","coordinates":[-79.019968,-8.120035]}},{"type":"Feature","id":"capital-1-1159150619","properties":{"name":"Ica","localName":"Ica","countryCode":"PER","country":"Peru","division":"Ica","qid":"Q840712","rank":10,"level":1,"role":"Admin-1 capital"},"geometry":{"type":"Point","coordinates":[-75.725492,-14.067993]}},{"type":"Feature","id":"capital-1-1159150627","properties":{"name":"Agadez","localName":"Agadez","countryCode":"NER","country":"Niger","division":"Agadez","qid":"Q320049","rank":9,"level":1,"role":"Admin-1 capital"},"geometry":{"type":"Point","coordinates":[7.98281,16.995873]}},{"type":"Feature","id":"capital-1-1159150629","properties":{"name":"Nyala","localName":"Nyala","countryCode":"SDN","country":"Sudan","division":"South Darfur","qid":"Q851576","rank":10,"level":1,"role":"Admin-1 capital"},"geometry":{"type":"Point","coordinates":[24.889995,12.059973]}},{"type":"Feature","id":"capital-1-1159150631","properties":{"name":"Wau","localName":"Wau","countryCode":"SDS","country":"South Sudan","division":"West Bahr-al-Ghazal","qid":"Q276534","rank":9,"level":1,"role":"Admin-1 region capital"},"geometry":{"type":"Point","coordinates":[27.98996,7.699981]}},{"type":"Feature","id":"capital-1-1159150633","properties":{"name":"Karma","localName":"Dongola","countryCode":"SDN","country":"Sudan","division":"Northern","qid":"Q821321","rank":7,"level":1,"role":"Admin-1 region capital"},"geometry":{"type":"Point","coordinates":[30.483297,19.166594]}},{"type":"Feature","id":"capital-1-1159150637","properties":{"name":"Kassala","localName":"Kassala","countryCode":"SDN","country":"Sudan","division":"Kassala","qid":"Q686813","rank":10,"level":1,"role":"Admin-1 capital"},"geometry":{"type":"Point","coordinates":[36.390016,15.459972]}},{"type":"Feature","id":"capital-1-1159150639","properties":{"name":"Tromsø","localName":"Tromsø","countryCode":"NOR","country":"Norway","division":"Troms","qid":"Q26087","rank":8,"level":1,"role":"Admin-1 capital"},"geometry":{"type":"Point","coordinates":[18.992025,69.635076]}},{"type":"Feature","id":"capital-1-1159150641","properties":{"name":"Trondheim","localName":"Trondheim","countryCode":"NOR","country":"Norway","division":"Sør-Trøndelag","qid":"Q25804","rank":9,"level":1,"role":"Admin-1 capital"},"geometry":{"type":"Point","coordinates":[10.416666,63.416657]}},{"type":"Feature","id":"capital-1-1159150643","properties":{"name":"Bergen","localName":"Bergen","countryCode":"NOR","country":"Norway","division":"Hordaland","qid":"Q26793","rank":10,"level":1,"role":"Admin-1 capital"},"geometry":{"type":"Point","coordinates":[5.324522,60.391002]}},{"type":"Feature","id":"capital-1-1159150651","properties":{"name":"Peshawar","localName":"Peshawar","countryCode":"PAK","country":"Pakistan","division":"N.W.F.P.","qid":"Q1113311","rank":12,"level":1,"role":"Admin-1 capital"},"geometry":{"type":"Point","coordinates":[71.533057,34.006962]}},{"type":"Feature","id":"capital-1-1159150669","properties":{"name":"Fez","localName":"Fez","countryCode":"MAR","country":"Morocco","division":"Fès - Boulemane","qid":"Q80985","rank":12,"level":1,"role":"Admin-1 capital"},"geometry":{"type":"Point","coordinates":[-5.002323,34.056545]}},{"type":"Feature","id":"capital-1-1159150675","properties":{"name":"Marrakesh","localName":"Marrakesh","countryCode":"MAR","country":"Morocco","division":"Marrakech - Tensift - Al Haouz","qid":"Q101625","rank":11,"level":1,"role":"Admin-1 capital"},"geometry":{"type":"Point","coordinates":[-8.001933,31.631939]}},{"type":"Feature","id":"capital-1-1159150679","properties":{"name":"Beira","localName":"Beira","countryCode":"MOZ","country":"Mozambique","division":"Sofala","qid":"Q211563","rank":11,"level":1,"role":"Admin-1 capital"},"geometry":{"type":"Point","coordinates":[34.870006,-19.820045]}},{"type":"Feature","id":"capital-1-1159150685","properties":{"name":"Tomsk","localName":"Tomsk","countryCode":"RUS","country":"Russia","division":"Tomsk","qid":"Q976","rank":11,"level":1,"role":"Admin-1 capital"},"geometry":{"type":"Point","coordinates":[84.975009,56.494987]}},{"type":"Feature","id":"capital-1-1159150687","properties":{"name":"Anadyr","localName":"Anadyr","countryCode":"RUS","country":"Russia","division":"Chukchi Autonomous Okrug","qid":"Q7978","rank":6,"level":1,"role":"Admin-1 capital"},"geometry":{"type":"Point","coordinates":[177.474996,64.73699]}},{"type":"Feature","id":"capital-1-1159150691","properties":{"name":"Murmansk","localName":"Murmansk","countryCode":"RUS","country":"Russia","division":"Murmansk","qid":"Q1763","rank":10,"level":1,"role":"Admin-1 capital"},"geometry":{"type":"Point","coordinates":[33.100036,68.969988]}},{"type":"Feature","id":"capital-1-1159150693","properties":{"name":"Arkhangelsk","localName":"Archangel","countryCode":"RUS","country":"Russia","division":"Arkhangel'sk","qid":"Q1851","rank":10,"level":1,"role":"Admin-1 capital"},"geometry":{"type":"Point","coordinates":[40.545008,64.574959]}},{"type":"Feature","id":"capital-1-1159150695","properties":{"name":"Nizhny Novgorod","localName":"Nizhny Novgorod","countryCode":"RUS","country":"Russia","division":"Nizhegorod","qid":"Q891","rank":12,"level":1,"role":"Admin-1 capital"},"geometry":{"type":"Point","coordinates":[43.998148,56.334953]}},{"type":"Feature","id":"capital-1-1159150697","properties":{"name":"Volgograd","localName":"Volgograd","countryCode":"RUS","country":"Russia","division":"Volgograd","qid":"Q914","rank":11,"level":1,"role":"Admin-1 capital"},"geometry":{"type":"Point","coordinates":[44.498015,48.711956]}},{"type":"Feature","id":"capital-1-1159150699","properties":{"name":"Ufa","localName":"Ufa","countryCode":"RUS","country":"Russia","division":"Bashkortostan","qid":"Q911","rank":12,"level":1,"role":"Admin-1 capital"},"geometry":{"type":"Point","coordinates":[56.038085,54.791921]}},{"type":"Feature","id":"capital-1-1159150701","properties":{"name":"Yekaterinburg","localName":"Yekaterinburg","countryCode":"RUS","country":"Russia","division":"Sverdlovsk","qid":"Q887","rank":12,"level":1,"role":"Admin-1 capital"},"geometry":{"type":"Point","coordinates":[60.598014,56.851976]}},{"type":"Feature","id":"capital-1-1159150703","properties":{"name":"Samara","localName":"Samara","countryCode":"RUS","country":"Russia","division":"Samara","qid":"Q894","rank":12,"level":1,"role":"Admin-1 capital"},"geometry":{"type":"Point","coordinates":[50.149349,53.196953]}},{"type":"Feature","id":"capital-1-1159150705","properties":{"name":"Kazan","localName":"Kazan","countryCode":"RUS","country":"Russia","division":"Tatarstan","qid":"Q900","rank":12,"level":1,"role":"Admin-1 capital"},"geometry":{"type":"Point","coordinates":[49.124399,55.751888]}},{"type":"Feature","id":"capital-1-1159150711","properties":{"name":"Barnaul","localName":"Barnaul","countryCode":"RUS","country":"Russia","division":"Altay","qid":"Q6014","rank":11,"level":1,"role":"Admin-1 capital"},"geometry":{"type":"Point","coordinates":[83.745007,53.354998]}},{"type":"Feature","id":"capital-1-1159150713","properties":{"name":"Novosibirsk","localName":"Novosibirsk","countryCode":"RUS","country":"Russia","division":"Novosibirsk","qid":"Q883","rank":12,"level":1,"role":"Admin-1 capital"},"geometry":{"type":"Point","coordinates":[82.958096,55.031906]}},{"type":"Feature","id":"capital-1-1159150731","properties":{"name":"Irkutsk","localName":"Irkutsk","countryCode":"RUS","country":"Russia","division":"Irkutsk","qid":"Q6576","rank":11,"level":1,"role":"Admin-1 capital"},"geometry":{"type":"Point","coordinates":[104.283869,52.284604]}},{"type":"Feature","id":"capital-1-1159150733","properties":{"name":"Krasnoyarsk","localName":"Krasnoyarsk","countryCode":"RUS","country":"Russia","division":"Krasnoyarsk","qid":"Q919","rank":11,"level":1,"role":"Admin-1 capital"},"geometry":{"type":"Point","coordinates":[92.864055,56.015929]}},{"type":"Feature","id":"capital-1-1159150737","properties":{"name":"Chita","localName":"Chita","countryCode":"RUS","country":"Russia","division":"Chita","qid":"Q53139","rank":10,"level":1,"role":"Admin-1 capital"},"geometry":{"type":"Point","coordinates":[113.465002,52.055025]}},{"type":"Feature","id":"capital-1-1159150739","properties":{"name":"Vladivostok","localName":"Vladivostok","countryCode":"RUS","country":"Russia","division":"Primor'ye","qid":"Q959","rank":11,"level":1,"role":"Admin-1 capital"},"geometry":{"type":"Point","coordinates":[131.910026,43.130015]}},{"type":"Feature","id":"capital-1-1159150745","properties":{"name":"Yakutsk","localName":"Yakutsk","countryCode":"RUS","country":"Russia","division":"Sakha (Yakutia)","qid":"Q6610","rank":10,"level":1,"role":"Admin-1 capital"},"geometry":{"type":"Point","coordinates":[129.735016,62.034959]}},{"type":"Feature","id":"capital-1-1159150749","properties":{"name":"Magadan","localName":"Magadan","countryCode":"RUS","country":"Russia","division":"Maga Buryatdan","qid":"Q7968","rank":8,"level":1,"role":"Admin-1 capital"},"geometry":{"type":"Point","coordinates":[150.810009,59.57498]}},{"type":"Feature","id":"capital-1-1159150753","properties":{"name":"Chihuahua City","localName":"Chihuahua","countryCode":"MEX","country":"Mexico","division":"Chihuahua","qid":"Q61302","rank":11,"level":1,"role":"Admin-1 capital"},"geometry":{"type":"Point","coordinates":[-106.086928,28.646927]}},{"type":"Feature","id":"capital-1-1159150765","properties":{"name":"Tuxtla Gutiérrez","localName":"Tuxtla Gutiérrez","countryCode":"MEX","country":"Mexico","division":"Chiapas","qid":"Q207429","rank":10,"level":1,"role":"Admin-1 capital"},"geometry":{"type":"Point","coordinates":[-93.15001,16.749997]}},{"type":"Feature","id":"capital-1-1159150769","properties":{"name":"Mérida","localName":"Mérida","countryCode":"MEX","country":"Mexico","division":"Yucatán","qid":"Q165204","rank":11,"level":1,"role":"Admin-1 capital"},"geometry":{"type":"Point","coordinates":[-89.618579,20.968585]}},{"type":"Feature","id":"capital-1-1159150771","properties":{"name":"Enugu","localName":"Enugu","countryCode":"NGA","country":"Nigeria","division":"Enugu","qid":"Q465022","rank":11,"level":1,"role":"Admin-1 capital"},"geometry":{"type":"Point","coordinates":[7.499997,6.450031]}},{"type":"Feature","id":"capital-1-1159150773","properties":{"name":"Sokoto","localName":"Sokoto","countryCode":"NGA","country":"Nigeria","division":"Sokoto","qid":"Q336350","rank":11,"level":1,"role":"Admin-1 capital"},"geometry":{"type":"Point","coordinates":[5.240031,13.060016]}},{"type":"Feature","id":"capital-1-1159150775","properties":{"name":"Perm","localName":"Perm","countryCode":"RUS","country":"Russia","division":"Perm'","qid":"Q915","rank":11,"level":1,"role":"Admin-1 capital"},"geometry":{"type":"Point","coordinates":[56.248047,58.001906]}},{"type":"Feature","id":"capital-1-1159150777","properties":{"name":"Erdenet","localName":"Erdenet","countryCode":"MNG","country":"Mongolia","division":"Orhon","qid":"Q230628","rank":8,"level":1,"role":"Admin-1 capital"},"geometry":{"type":"Point","coordinates":[104.118337,49.053297]}},{"type":"Feature","id":"capital-1-1159150783","properties":{"name":"Mbeya","localName":"Mbeya","countryCode":"TZA","country":"Tanzania","division":"Mbeya","qid":"Q335548","rank":10,"level":1,"role":"Admin-1 capital"},"geometry":{"type":"Point","coordinates":[33.430042,-8.890014]}},{"type":"Feature","id":"capital-1-1159150789","properties":{"name":"Zanzibar City","localName":"Zanzibar","countryCode":"TZA","country":"Tanzania","division":"Zanzibar West","qid":"Q2222874","rank":10,"level":1,"role":"Admin-1 capital"},"geometry":{"type":"Point","coordinates":[39.200026,-6.16]}},{"type":"Feature","id":"capital-1-1159150791","properties":{"name":"Valencia","localName":"Valencia","countryCode":"ESP","country":"Spain","division":"Comunidad Valenciana","qid":"Q8818","rank":11,"level":1,"role":"Admin-1 capital"},"geometry":{"type":"Point","coordinates":[-0.401958,39.486963]}},{"type":"Feature","id":"capital-1-1159150793","properties":{"name":"Palana","localName":"Palana","countryCode":"RUS","country":"Russia","division":"Kamchatka","qid":"Q695360","rank":4,"level":1,"role":"Admin-1 capital"},"geometry":{"type":"Point","coordinates":[159.950019,59.084002]}},{"type":"Feature","id":"capital-1-1159150795","properties":{"name":"Petropavlovsk-Kamchatsky","localName":"Petropavlovsk-Kamchatsky","countryCode":"RUS","country":"Russia","division":"Kamchatka","qid":"Q7951","rank":9,"level":1,"role":"Admin-1 capital"},"geometry":{"type":"Point","coordinates":[158.62302,53.061992]}},{"type":"Feature","id":"capital-1-1159150801","properties":{"name":"Padang","localName":"Padang","countryCode":"IDN","country":"Indonesia","division":"Sumatera Barat","qid":"Q7253","rank":11,"level":1,"role":"Admin-1 capital"},"geometry":{"type":"Point","coordinates":[100.358068,-0.958061]}},{"type":"Feature","id":"capital-1-1159150805","properties":{"name":"Palermo","localName":"Palermo","countryCode":"ITA","country":"Italy","division":"Sicily","qid":"Q2656","rank":11,"level":1,"role":"Admin-1 region capital"},"geometry":{"type":"Point","coordinates":[13.348081,38.126969]}},{"type":"Feature","id":"capital-1-1159150819","properties":{"name":"Xining","localName":"Xining","countryCode":"CHN","country":"China","division":"Gansu","qid":"Q69060","rank":12,"level":1,"role":"Admin-1 capital"},"geometry":{"type":"Point","coordinates":[101.768059,36.621944]}},{"type":"Feature","id":"capital-1-1159150829","properties":{"name":"Mombasa","localName":"Mombasa","countryCode":"KEN","country":"Kenya","division":"Coast","qid":"Q225641","rank":11,"level":1,"role":"Admin-1 capital"},"geometry":{"type":"Point","coordinates":[39.687972,-4.03808]}},{"type":"Feature","id":"capital-1-1159150837","properties":{"name":"Semarang","localName":"Semarang","countryCode":"IDN","country":"Indonesia","division":"Jawa Tengah","qid":"Q11025","rank":12,"level":1,"role":"Admin-1 capital"},"geometry":{"type":"Point","coordinates":[110.418074,-6.964672]}},{"type":"Feature","id":"capital-1-1159150839","properties":{"name":"Palembang","localName":"Palembang","countryCode":"IDN","country":"Indonesia","division":"Sumatera Selatan","qid":"Q8131","rank":12,"level":1,"role":"Admin-1 capital"},"geometry":{"type":"Point","coordinates":[104.748084,-2.978093]}},{"type":"Feature","id":"capital-1-1159150841","properties":{"name":"Banjarmasin","localName":"Bandjarmasin","countryCode":"IDN","country":"Indonesia","division":"Kalimantan Selatan","qid":"Q14182","rank":11,"level":1,"role":"Admin-1 capital"},"geometry":{"type":"Point","coordinates":[114.580076,-3.329992]}},{"type":"Feature","id":"capital-1-1159150843","properties":{"name":"Makassar","localName":"Makassar","countryCode":"IDN","country":"Indonesia","division":"Sulawesi Selatan","qid":"Q14634","rank":12,"level":1,"role":"Admin-1 capital"},"geometry":{"type":"Point","coordinates":[119.430082,-5.138013]}},{"type":"Feature","id":"capital-1-1159150845","properties":{"name":"Lyon","localName":"Lyon","countryCode":"FRA","country":"France","division":"Rhône-Alpes","qid":"Q456","rank":12,"level":1,"role":"Admin-1 region capital"},"geometry":{"type":"Point","coordinates":[4.828085,45.771954]}},{"type":"Feature","id":"capital-1-1159150857","properties":{"name":"Cartagena","localName":"Cartagena","countryCode":"COL","country":"Colombia","division":"Bolívar","qid":"Q657461","rank":11,"level":1,"role":"Admin-1 capital"},"geometry":{"type":"Point","coordinates":[-75.516339,10.401684]}},{"type":"Feature","id":"capital-1-1159150859","properties":{"name":"Mitú","localName":"Mitú","countryCode":"COL","country":"Colombia","division":"Vaupés","qid":"Q130242","rank":5,"level":1,"role":"Admin-1 capital"},"geometry":{"type":"Point","coordinates":[-70.173608,1.198311]}},{"type":"Feature","id":"capital-1-1159150865","properties":{"name":"Abéché","localName":"Abéché","countryCode":"TCD","country":"Chad","division":"Ouaddaï","qid":"Q242587","rank":9,"level":1,"role":"Admin-1 capital"},"geometry":{"type":"Point","coordinates":[20.829984,13.839994]}},{"type":"Feature","id":"capital-1-1159150879","properties":{"name":"Lhasa","localName":"Lhasa","countryCode":"CHN","country":"China","division":"Xizang","qid":"Q5869","rank":10,"level":1,"role":"Admin-1 capital"},"geometry":{"type":"Point","coordinates":[91.10001,29.645024]}},{"type":"Feature","id":"capital-1-1159150889","properties":{"name":"Yinchuan","localName":"Yinchuan","countryCode":"CHN","country":"China","division":"Ningxia Hui","qid":"Q211243","rank":11,"level":1,"role":"Admin-1 capital"},"geometry":{"type":"Point","coordinates":[106.271092,38.46992]}},{"type":"Feature","id":"capital-1-1159150893","properties":{"name":"Nagasaki","localName":"Nagasaki","countryCode":"JPN","country":"Japan","division":"Nagasaki","qid":"Q38234","rank":10,"level":1,"role":"Admin-1 capital"},"geometry":{"type":"Point","coordinates":[129.885033,32.764988]}},{"type":"Feature","id":"capital-1-1159150899","properties":{"name":"Matadi","localName":"Matadi","countryCode":"COD","country":"DR Congo","division":"Bas-Congo","qid":"Q211073","rank":10,"level":1,"role":"Admin-1 capital"},"geometry":{"type":"Point","coordinates":[13.450021,-5.81661]}},{"type":"Feature","id":"capital-1-1159150901","properties":{"name":"Kolwezi","localName":"Kolwezi","countryCode":"COD","country":"DR Congo","division":"Katanga","qid":"Q271404","rank":10,"level":1,"role":"Admin-1 capital"},"geometry":{"type":"Point","coordinates":[25.47244,-10.716724]}},{"type":"Feature","id":"capital-1-1159150903","properties":{"name":"Lubumbashi","localName":"Lubumbashi","countryCode":"COD","country":"DR Congo","division":"Katanga","qid":"Q187593","rank":12,"level":1,"role":"Admin-1 capital"},"geometry":{"type":"Point","coordinates":[27.478072,-11.678079]}},{"type":"Feature","id":"capital-1-1159150911","properties":{"name":"Cayenne","localName":"Cayenne","countryCode":"FRA","country":"France","division":"Guinaa","qid":"Q44401","rank":8,"level":1,"role":"Admin-1 capital"},"geometry":{"type":"Point","coordinates":[-52.330021,4.932992]}},{"type":"Feature","id":"capital-1-1159150919","properties":{"name":"Port-Gentil","localName":"Port-Gentil","countryCode":"GAB","country":"Gabon","division":"Ogooué-Maritime","qid":"Q501715","rank":9,"level":1,"role":"Admin-1 capital"},"geometry":{"type":"Point","coordinates":[8.780022,-0.720022]}},{"type":"Feature","id":"capital-1-1159150921","properties":{"name":"Timbuktu","localName":"Timbuktu","countryCode":"MLI","country":"Mali","division":"Timbuktu","qid":"Q9427","rank":8,"level":1,"role":"Admin-1 capital"},"geometry":{"type":"Point","coordinates":[-3.016596,16.766585]}},{"type":"Feature","id":"capital-1-1159150925","properties":{"name":"Punta Arenas","localName":"Punta Arenas","countryCode":"CHL","country":"Chile","division":"Magallanes y Antártica Chilena","qid":"Q51599","rank":9,"level":1,"role":"Admin-1 capital"},"geometry":{"type":"Point","coordinates":[-70.939996,-53.164986]}},{"type":"Feature","id":"capital-1-1159150927","properties":{"name":"Iquique","localName":"Iquique","countryCode":"CHL","country":"Chile","division":"Tarapacá","qid":"Q14440","rank":10,"level":1,"role":"Admin-1 capital"},"geometry":{"type":"Point","coordinates":[-70.129968,-20.249993]}},{"type":"Feature","id":"capital-1-1159150929","properties":{"name":"Antofagasta","localName":"Antofagasta","countryCode":"CHL","country":"Chile","division":"Antofagasta","qid":"Q3612","rank":10,"level":1,"role":"Admin-1 capital"},"geometry":{"type":"Point","coordinates":[-70.400003,-23.649992]}},{"type":"Feature","id":"capital-1-1159150933","properties":{"name":"Valdivia","localName":"Valdivia","countryCode":"CHL","country":"Chile","division":"Los Ríos","qid":"Q160687","rank":9,"level":1,"role":"Admin-1 capital"},"geometry":{"type":"Point","coordinates":[-73.233111,-39.821651]}},{"type":"Feature","id":"capital-1-1159150935","properties":{"name":"Concepción","localName":"Concepción","countryCode":"CHL","country":"Chile","division":"Bío-Bío","qid":"Q1880","rank":11,"level":1,"role":"Admin-1 capital"},"geometry":{"type":"Point","coordinates":[-73.050022,-36.830014]}},{"type":"Feature","id":"capital-1-1159150937","properties":{"name":"Puerto Montt","localName":"Puerto Montt","countryCode":"CHL","country":"Chile","division":"Los Lagos","qid":"Q36214","rank":9,"level":1,"role":"Admin-1 capital"},"geometry":{"type":"Point","coordinates":[-72.929978,-41.469989]}},{"type":"Feature","id":"capital-1-1159150947","properties":{"name":"Atar","localName":"Atar","countryCode":"MRT","country":"Mauritania","division":"Adrar","qid":"Q735645","rank":7,"level":1,"role":"Admin-1 capital"},"geometry":{"type":"Point","coordinates":[-13.049989,20.51664]}},{"type":"Feature","id":"capital-1-1159150951","properties":{"name":"Sabha","localName":"Sabha","countryCode":"LBY","country":"Libya","division":"Sabha","qid":"Q208389","rank":9,"level":1,"role":"Admin-1 capital"},"geometry":{"type":"Point","coordinates":[14.43332,27.033271]}},{"type":"Feature","id":"capital-1-1159150953","properties":{"name":"Benghazi","localName":"Banghazi","countryCode":"LBY","country":"Libya","division":"Benghazi","qid":"Q40816","rank":12,"level":1,"role":"Admin-1 capital"},"geometry":{"type":"Point","coordinates":[20.064777,32.118679]}},{"type":"Feature","id":"capital-1-1159150955","properties":{"name":"Thessaloniki","localName":"Thessaloniki","countryCode":"GRC","country":"Greece","division":"Kentriki Makedonia","qid":"Q17151","rank":11,"level":1,"role":"Admin-1 capital"},"geometry":{"type":"Point","coordinates":[22.883055,40.698052]}},{"type":"Feature","id":"capital-1-1159150963","properties":{"name":"Gondar","localName":"Gondar","countryCode":"ETH","country":"Ethiopia","division":"Amhara","qid":"Q218861","rank":9,"level":1,"role":"Admin-1 capital"},"geometry":{"type":"Point","coordinates":[37.460028,12.610043]}},{"type":"Feature","id":"capital-1-1159150967","properties":{"name":"Karaganda","localName":"Qaraghandy","countryCode":"KAZ","country":"Kazakhstan","division":"Qaraghandy","qid":"Q484706","rank":10,"level":1,"role":"Admin-1 capital"},"geometry":{"type":"Point","coordinates":[73.11501,49.884977]}},{"type":"Feature","id":"capital-1-1159150969","properties":{"name":"Almaty","localName":"Almaty","countryCode":"KAZ","country":"Kazakhstan","division":"Almaty","qid":"Q35493","rank":12,"level":1,"role":"Admin-1 capital"},"geometry":{"type":"Point","coordinates":[76.91309,43.326936]}},{"type":"Feature","id":"capital-1-1159150971","properties":{"name":"Isfahan","localName":"Isfahan","countryCode":"IRN","country":"Iran","division":"Esfahan","qid":"Q42053","rank":12,"level":1,"role":"Admin-1 capital"},"geometry":{"type":"Point","coordinates":[51.698092,32.701951]}},{"type":"Feature","id":"capital-1-1159150973","properties":{"name":"Shiraz","localName":"Shiraz","countryCode":"IRN","country":"Iran","division":"Fars","qid":"Q6397066","rank":12,"level":1,"role":"Admin-1 capital"},"geometry":{"type":"Point","coordinates":[52.568065,29.631906]}},{"type":"Feature","id":"capital-1-1159150985","properties":{"name":"Bhopal","localName":"Bhopal","countryCode":"IND","country":"India","division":"Madhya Pradesh","qid":"Q80989","rank":12,"level":1,"role":"Admin-1 capital"},"geometry":{"type":"Point","coordinates":[77.408047,23.251934]}},{"type":"Feature","id":"capital-1-1159151003","properties":{"name":"Leticia","localName":"Leticia","countryCode":"COL","country":"Colombia","division":"Amazonas","qid":"Q214913","rank":8,"level":1,"role":"Admin-1 capital"},"geometry":{"type":"Point","coordinates":[-69.955261,-4.201207]}},{"type":"Feature","id":"capital-1-1159151005","properties":{"name":"Manaus","localName":"Manaus","countryCode":"BRA","country":"Brazil","division":"Amazonas","qid":"Q40236","rank":12,"level":1,"role":"Admin-1 capital"},"geometry":{"type":"Point","coordinates":[-60.001963,-3.098086]}},{"type":"Feature","id":"capital-1-1159151019","properties":{"name":"Campo Grande","localName":"Campo Grande","countryCode":"BRA","country":"Brazil","division":"Mato Grosso do Sul","qid":"Q168929","rank":11,"level":1,"role":"Admin-1 capital"},"geometry":{"type":"Point","coordinates":[-54.618571,-20.448086]}},{"type":"Feature","id":"capital-1-1159151021","properties":{"name":"Florianópolis","localName":"Florianópolis","countryCode":"BRA","country":"Brazil","division":"Santa Catarina","qid":"Q132997","rank":12,"level":1,"role":"Admin-1 capital"},"geometry":{"type":"Point","coordinates":[-48.521966,-27.578039]}},{"type":"Feature","id":"capital-1-1159151025","properties":{"name":"Winnipeg","localName":"Winnipeg","countryCode":"CAN","country":"Canada","division":"Manitoba","qid":"Q2135","rank":11,"level":1,"role":"Admin-1 capital"},"geometry":{"type":"Point","coordinates":[-97.165992,49.882987]}},{"type":"Feature","id":"capital-1-1159151029","properties":{"name":"Regina","localName":"Regina","countryCode":"CAN","country":"Canada","division":"Saskatchewan","qid":"Q2123","rank":9,"level":1,"role":"Admin-1 capital"},"geometry":{"type":"Point","coordinates":[-104.61701,50.450033]}},{"type":"Feature","id":"capital-1-1159151039","properties":{"name":"Victoria","localName":"Victoria","countryCode":"CAN","country":"Canada","division":"British Columbia","qid":"Q2132","rank":10,"level":1,"role":"Admin-1 capital"},"geometry":{"type":"Point","coordinates":[-123.350001,48.433283]}},{"type":"Feature","id":"capital-1-1159151047","properties":{"name":"Yellowknife","localName":"Yellowknife","countryCode":"CAN","country":"Canada","division":"Northwest Territories","qid":"Q2061","rank":6,"level":1,"role":"Admin-1 capital"},"geometry":{"type":"Point","coordinates":[-114.396981,62.442014]}},{"type":"Feature","id":"capital-1-1159151053","properties":{"name":"Whitehorse","localName":"Whitehorse","countryCode":"CAN","country":"Canada","division":"Yukon","qid":"Q2058","rank":7,"level":1,"role":"Admin-1 capital"},"geometry":{"type":"Point","coordinates":[-135.049984,60.716719]}},{"type":"Feature","id":"capital-1-1159151055","properties":{"name":"Boa Vista","localName":"Boa Vista","countryCode":"BRA","country":"Brazil","division":"Roraima","qid":"Q181056","rank":10,"level":1,"role":"Admin-1 capital"},"geometry":{"type":"Point","coordinates":[-60.665998,2.816093]}},{"type":"Feature","id":"capital-1-1159151057","properties":{"name":"Macapá","localName":"Macapá","countryCode":"BRA","country":"Brazil","division":"Amapá","qid":"Q180215","rank":10,"level":1,"role":"Admin-1 capital"},"geometry":{"type":"Point","coordinates":[-51.050021,0.033007]}},{"type":"Feature","id":"capital-1-1159151065","properties":{"name":"Quebec City","localName":"Québec","countryCode":"CAN","country":"Canada","division":"Québec","qid":"Q2145","rank":11,"level":1,"role":"Admin-1 capital"},"geometry":{"type":"Point","coordinates":[-71.24561,46.839969]}},{"type":"Feature","id":"capital-1-1159151069","properties":{"name":"Halifax","localName":"Halifax","countryCode":"CAN","country":"Canada","division":"Nova Scotia","qid":"Q2141","rank":10,"level":1,"role":"Admin-1 capital"},"geometry":{"type":"Point","coordinates":[-63.600004,44.650025]}},{"type":"Feature","id":"capital-1-1159151071","properties":{"name":"St. John's","localName":"St. John's","countryCode":"CAN","country":"Canada","division":"Newfoundland and Labrador","qid":"Q2082","rank":9,"level":1,"role":"Admin-1 capital"},"geometry":{"type":"Point","coordinates":[-52.681007,47.584988]}},{"type":"Feature","id":"capital-1-1159151075","properties":{"name":"Charlottetown","localName":"Charlottetown","countryCode":"CAN","country":"Canada","division":"Prince Edward Island","qid":"Q2127","rank":7,"level":1,"role":"Admin-1 capital"},"geometry":{"type":"Point","coordinates":[-63.131325,46.249282]}},{"type":"Feature","id":"capital-1-1159151077","properties":{"name":"N'Délé","localName":"N'Délé","countryCode":"CAF","country":"Central African Republic","division":"Bamingui-Bangoran","qid":"Q612713","rank":6,"level":1,"role":"Admin-1 capital"},"geometry":{"type":"Point","coordinates":[20.653044,8.409137]}},{"type":"Feature","id":"capital-1-1159151081","properties":{"name":"Obo","localName":"Obo","countryCode":"CAF","country":"Central African Republic","division":"Haut-Mbomou","qid":"Q1025617","rank":6,"level":1,"role":"Admin-1 capital"},"geometry":{"type":"Point","coordinates":[26.500026,5.399992]}},{"type":"Feature","id":"capital-1-1159151089","properties":{"name":"Río Gallegos","localName":"Río Gallegos","countryCode":"ARG","country":"Argentina","division":"Santa Cruz","qid":"Q44242","rank":8,"level":1,"role":"Admin-1 capital"},"geometry":{"type":"Point","coordinates":[-69.216587,-51.633297]}},{"type":"Feature","id":"capital-1-1159151093","properties":{"name":"Mendoza","localName":"Mendoza","countryCode":"ARG","country":"Argentina","division":"Mendoza","qid":"Q44237","rank":11,"level":1,"role":"Admin-1 capital"},"geometry":{"type":"Point","coordinates":[-68.818557,-32.881384]}},{"type":"Feature","id":"capital-1-1159151105","properties":{"name":"Córdoba","localName":"Córdoba","countryCode":"ARG","country":"Argentina","division":"Córdoba","qid":"Q44210","rank":12,"level":1,"role":"Admin-1 capital"},"geometry":{"type":"Point","coordinates":[-64.18424,-31.398012]}},{"type":"Feature","id":"capital-1-1159151107","properties":{"name":"Posadas","localName":"Posadas","countryCode":"ARG","country":"Argentina","division":"Misiones","qid":"Q44238","rank":10,"level":1,"role":"Admin-1 capital"},"geometry":{"type":"Point","coordinates":[-55.885107,-27.357832]}},{"type":"Feature","id":"capital-1-1159151113","properties":{"name":"Maroua","localName":"Maroua","countryCode":"CMR","country":"Cameroon","division":"Extrême-Nord","qid":"Q818824","rank":10,"level":1,"role":"Admin-1 capital"},"geometry":{"type":"Point","coordinates":[14.324696,10.595566]}},{"type":"Feature","id":"capital-1-1159151125","properties":{"name":"Kandahar","localName":"Kandahar","countryCode":"AFG","country":"Afghanistan","division":"Kandahar","qid":"Q45604","rank":11,"level":1,"role":"Admin-1 capital"},"geometry":{"type":"Point","coordinates":[65.694946,31.61002]}},{"type":"Feature","id":"capital-1-1159151129","properties":{"name":"Menongue","localName":"Menongue","countryCode":"AGO","country":"Angola","division":"Cuando Cubango","qid":"Q818731","rank":6,"level":1,"role":"Admin-1 capital"},"geometry":{"type":"Point","coordinates":[17.699994,-14.666612]}},{"type":"Feature","id":"capital-1-1159151131","properties":{"name":"Huambo","localName":"Huambo","countryCode":"AGO","country":"Angola","division":"Huambo","qid":"Q207322","rank":12,"level":1,"role":"Admin-1 capital"},"geometry":{"type":"Point","coordinates":[15.758064,-12.74804]}},{"type":"Feature","id":"capital-1-1159151135","properties":{"name":"Santa Cruz de la Sierra","localName":"Santa Cruz","countryCode":"BOL","country":"Bolivia","division":"Santa Cruz","qid":"Q170688","rank":12,"level":1,"role":"Admin-1 capital"},"geometry":{"type":"Point","coordinates":[-63.227942,-17.751972]}},{"type":"Feature","id":"capital-1-1159151143","properties":{"name":"Tamanrasset","localName":"Tamanrasset","countryCode":"DZA","country":"Algeria","division":"Tamanghasset","qid":"Q205792","rank":8,"level":1,"role":"Admin-1 capital"},"geometry":{"type":"Point","coordinates":[5.522805,22.785003]}},{"type":"Feature","id":"capital-1-1159151155","properties":{"name":"Darwin","localName":"Darwin","countryCode":"AUS","country":"Australia","division":"Northern Territory","qid":"Q11568","rank":8,"level":1,"role":"Admin-1 capital"},"geometry":{"type":"Point","coordinates":[130.850039,-12.425354]}},{"type":"Feature","id":"capital-1-1159151165","properties":{"name":"Adelaide","localName":"Adelaide","countryCode":"AUS","country":"Australia","division":"South Australia","qid":"Q5112","rank":12,"level":1,"role":"Admin-1 capital"},"geometry":{"type":"Point","coordinates":[138.598059,-34.933042]}},{"type":"Feature","id":"capital-1-1159151169","properties":{"name":"Brisbane","localName":"Brisbane","countryCode":"AUS","country":"Australia","division":"Queensland","qid":"Q34932","rank":12,"level":1,"role":"Admin-1 capital"},"geometry":{"type":"Point","coordinates":[153.033147,-27.453085]}},{"type":"Feature","id":"capital-1-1159151171","properties":{"name":"Hobart","localName":"Hobart","countryCode":"AUS","country":"Australia","division":"Tasmania","qid":"Q40191","rank":8,"level":1,"role":"Admin-1 capital"},"geometry":{"type":"Point","coordinates":[147.29503,-42.850009]}},{"type":"Feature","id":"capital-1-1159151213","properties":{"name":"Kaohsiung","localName":"Kaohsiung","countryCode":"TWN","country":"Taiwan","division":"Kaohsiung City","qid":"Q181557","rank":12,"level":1,"role":"Admin-1 capital"},"geometry":{"type":"Point","coordinates":[120.266602,22.633307]}},{"type":"Feature","id":"capital-1-1159151221","properties":{"name":"Honolulu","localName":"Honolulu","countryCode":"USA","country":"United States","division":"Hawaii","qid":"Q18094","rank":11,"level":1,"role":"Admin-1 capital"},"geometry":{"type":"Point","coordinates":[-157.858301,21.303429]}},{"type":"Feature","id":"capital-1-1159151225","properties":{"name":"Phoenix","localName":"Phoenix","countryCode":"USA","country":"United States","division":"Arizona","qid":"Q16556","rank":12,"level":1,"role":"Admin-1 capital"},"geometry":{"type":"Point","coordinates":[-112.067365,33.448322]}},{"type":"Feature","id":"capital-1-1159151237","properties":{"name":"Maracaibo","localName":"Maracaibo","countryCode":"VEN","country":"Venezuela","division":"Zulia","qid":"Q171632","rank":12,"level":1,"role":"Admin-1 capital"},"geometry":{"type":"Point","coordinates":[-71.661924,10.731923]}},{"type":"Feature","id":"capital-1-1159151239","properties":{"name":"Boston","localName":"Boston","countryCode":"USA","country":"United States","division":"Massachusetts","qid":"Q100","rank":12,"level":1,"role":"Admin-1 capital"},"geometry":{"type":"Point","coordinates":[-71.07196,42.331906]}},{"type":"Feature","id":"capital-1-1159151253","properties":{"name":"Ho Chi Minh City","localName":"Ho Chi Minh City","countryCode":"VNM","country":"Vietnam","division":"H? Chí Minh city","qid":"Q1854","rank":13,"level":1,"role":"Admin-1 capital"},"geometry":{"type":"Point","coordinates":[106.702985,10.762125]}},{"type":"Feature","id":"capital-1-1159151261","properties":{"name":"Barcelona","localName":"Barcelona","countryCode":"ESP","country":"Spain","division":"Cataluña","qid":"Q1492","rank":12,"level":1,"role":"Admin-1 capital"},"geometry":{"type":"Point","coordinates":[2.181424,41.385245]}},{"type":"Feature","id":"capital-1-1159151271","properties":{"name":"Zürich","localName":"Zürich","countryCode":"CHE","country":"Switzerland","division":"Zürich","qid":"Q72","rank":12,"level":1,"role":"Admin-1 capital"},"geometry":{"type":"Point","coordinates":[8.548064,47.381934]}},{"type":"Feature","id":"capital-1-1159151285","properties":{"name":"Lahore","localName":"Lahore","countryCode":"PAK","country":"Pakistan","division":"Punjab","qid":"Q11739","rank":13,"level":1,"role":"Admin-1 capital"},"geometry":{"type":"Point","coordinates":[74.348079,31.561917]}},{"type":"Feature","id":"capital-1-1159151287","properties":{"name":"Karachi","localName":"Karachi","countryCode":"PAK","country":"Pakistan","division":"Sind","qid":"Q8660","rank":14,"level":1,"role":"Admin-1 capital"},"geometry":{"type":"Point","coordinates":[66.988063,24.871938]}},{"type":"Feature","id":"capital-1-1159151291","properties":{"name":"Saint Petersburg","localName":"St.  Petersburg","countryCode":"RUS","country":"Russia","division":"City of St. Petersburg","qid":"Q656","rank":12,"level":1,"role":"Admin-1 capital"},"geometry":{"type":"Point","coordinates":[30.314074,59.94096]}},{"type":"Feature","id":"capital-1-1159151293","properties":{"name":"Guadalajara","localName":"Guadalajara","countryCode":"MEX","country":"Mexico","division":"Jalisco","qid":"Q9022","rank":12,"level":1,"role":"Admin-1 capital"},"geometry":{"type":"Point","coordinates":[-103.33198,20.671962]}},{"type":"Feature","id":"capital-1-1159151295","properties":{"name":"Puebla City","localName":"Puebla","countryCode":"MEX","country":"Mexico","division":"Puebla","qid":"Q125293","rank":12,"level":1,"role":"Admin-1 capital"},"geometry":{"type":"Point","coordinates":[-98.203737,19.032594]}},{"type":"Feature","id":"capital-1-1159151297","properties":{"name":"Kano","localName":"Kano","countryCode":"NGA","country":"Nigeria","division":"Kano","qid":"Q182984","rank":12,"level":1,"role":"Admin-1 capital"},"geometry":{"type":"Point","coordinates":[8.518092,12.001923]}},{"type":"Feature","id":"capital-1-1159151307","properties":{"name":"Medan","localName":"Medan","countryCode":"IDN","country":"Indonesia","division":"Sumatera Utara","qid":"Q5972","rank":12,"level":1,"role":"Admin-1 capital"},"geometry":{"type":"Point","coordinates":[98.648094,3.58192]}},{"type":"Feature","id":"capital-1-1159151313","properties":{"name":"Naples","localName":"Naples","countryCode":"ITA","country":"Italy","division":"Campania","qid":"Q2634","rank":12,"level":1,"role":"Admin-1 region capital"},"geometry":{"type":"Point","coordinates":[14.243066,40.841971]}},{"type":"Feature","id":"capital-1-1159151315","properties":{"name":"Milan","localName":"Milan","countryCode":"ITA","country":"Italy","division":"Lombardia","qid":"Q490","rank":12,"level":1,"role":"Admin-1 region capital"},"geometry":{"type":"Point","coordinates":[9.203063,45.471921]}},{"type":"Feature","id":"capital-1-1159151321","properties":{"name":"Lanzhou","localName":"Lanzhou","countryCode":"CHN","country":"China","division":"Gansu","qid":"Q183584","rank":12,"level":1,"role":"Admin-1 capital"},"geometry":{"type":"Point","coordinates":[103.790054,36.057974]}},{"type":"Feature","id":"capital-1-1159151323","properties":{"name":"Nanning","localName":"Nanning","countryCode":"CHN","country":"China","division":"Guangxi","qid":"Q179608","rank":12,"level":1,"role":"Admin-1 capital"},"geometry":{"type":"Point","coordinates":[108.318099,22.821934]}},{"type":"Feature","id":"capital-1-1159151325","properties":{"name":"Guiyang","localName":"Guiyang","countryCode":"CHN","country":"China","division":"Guizhou","qid":"Q192271","rank":12,"level":1,"role":"Admin-1 capital"},"geometry":{"type":"Point","coordinates":[106.718093,26.581989]}},{"type":"Feature","id":"capital-1-1159151327","properties":{"name":"Chongqing","localName":"Chongqing","countryCode":"CHN","country":"China","division":"Chongqing","qid":"Q11725","rank":13,"level":1,"role":"Admin-1 capital"},"geometry":{"type":"Point","coordinates":[106.593036,29.566923]}},{"type":"Feature","id":"capital-1-1159151329","properties":{"name":"Fuzhou","localName":"Fuzhou","countryCode":"CHN","country":"China","division":"Fujian","qid":"Q68481","rank":12,"level":1,"role":"Admin-1 capital"},"geometry":{"type":"Point","coordinates":[119.2981,26.081942]}},{"type":"Feature","id":"capital-1-1159151331","properties":{"name":"Guangzhou","localName":"Guangzhou","countryCode":"CHN","country":"China","division":"Guangdong","qid":"Q16572","rank":13,"level":1,"role":"Admin-1 capital"},"geometry":{"type":"Point","coordinates":[113.261785,23.124723]}},{"type":"Feature","id":"capital-1-1159151335","properties":{"name":"Bandung","localName":"Bandung","countryCode":"IDN","country":"Indonesia","division":"Jawa Barat","qid":"Q10389","rank":12,"level":1,"role":"Admin-1 capital"},"geometry":{"type":"Point","coordinates":[107.568067,-6.948083]}},{"type":"Feature","id":"capital-1-1159151339","properties":{"name":"Surabaya","localName":"Surabaya","countryCode":"IDN","country":"Indonesia","division":"Jawa Timur","qid":"Q11462","rank":12,"level":1,"role":"Admin-1 capital"},"geometry":{"type":"Point","coordinates":[112.748887,-7.24729]}},{"type":"Feature","id":"capital-1-1159151341","properties":{"name":"Guayaquil","localName":"Guayaquil","countryCode":"ECU","country":"Ecuador","division":"Guayas","qid":"Q43509","rank":12,"level":1,"role":"Admin-1 capital"},"geometry":{"type":"Point","coordinates":[-79.921988,-2.218088]}},{"type":"Feature","id":"capital-1-1159151343","properties":{"name":"Medellin","localName":"Medellín","countryCode":"COL","country":"Colombia","division":"Antioquia","qid":"Q48278","rank":12,"level":1,"role":"Admin-1 capital"},"geometry":{"type":"Point","coordinates":[-75.576956,6.276949]}},{"type":"Feature","id":"capital-1-1159151345","properties":{"name":"Cali","localName":"Cali","countryCode":"COL","country":"Colombia","division":"Valle del Cauca","qid":"Q51103","rank":12,"level":1,"role":"Admin-1 capital"},"geometry":{"type":"Point","coordinates":[-76.501912,3.401905]}},{"type":"Feature","id":"capital-1-1159151353","properties":{"name":"Hamburg","localName":"Hamburg","countryCode":"DEU","country":"Germany","division":"Hamburg","qid":"Q1055","rank":12,"level":1,"role":"Admin-1 capital"},"geometry":{"type":"Point","coordinates":[9.998053,53.551971]}},{"type":"Feature","id":"capital-1-1159151357","properties":{"name":"Munich","localName":"Munich","countryCode":"DEU","country":"Germany","division":"Bayern","qid":"Q1726","rank":12,"level":1,"role":"Admin-1 capital"},"geometry":{"type":"Point","coordinates":[11.573048,48.131888]}},{"type":"Feature","id":"capital-1-1159151363","properties":{"name":"Xi'an","localName":"Xian","countryCode":"CHN","country":"China","division":"Shaanxi","qid":"Q5826","rank":12,"level":1,"role":"Admin-1 capital"},"geometry":{"type":"Point","coordinates":[108.89305,34.276971]}},{"type":"Feature","id":"capital-1-1159151365","properties":{"name":"Taiyuan","localName":"Taiyuan","countryCode":"CHN","country":"China","division":"Shanxi","qid":"Q72778","rank":12,"level":1,"role":"Admin-1 capital"},"geometry":{"type":"Point","coordinates":[112.543112,37.876958]}},{"type":"Feature","id":"capital-1-1159151367","properties":{"name":"Wuhan","localName":"Wuhan","countryCode":"CHN","country":"China","division":"Hubei","qid":"Q11746","rank":13,"level":1,"role":"Admin-1 capital"},"geometry":{"type":"Point","coordinates":[114.268071,30.581977]}},{"type":"Feature","id":"capital-1-1159151369","properties":{"name":"Changsha","localName":"Changsha","countryCode":"CHN","country":"China","division":"Hunan","qid":"Q174091","rank":12,"level":1,"role":"Admin-1 capital"},"geometry":{"type":"Point","coordinates":[112.968047,28.201916]}},{"type":"Feature","id":"capital-1-1159151371","properties":{"name":"Kunming","localName":"Kunming","countryCode":"CHN","country":"China","division":"Yunnan","qid":"Q182852","rank":12,"level":1,"role":"Admin-1 capital"},"geometry":{"type":"Point","coordinates":[102.69744,25.042859]}},{"type":"Feature","id":"capital-1-1159151375","properties":{"name":"Zhengzhou","localName":"Zhengzhou","countryCode":"CHN","country":"China","division":"Henan","qid":"Q30340","rank":12,"level":1,"role":"Admin-1 capital"},"geometry":{"type":"Point","coordinates":[113.663147,34.756942]}},{"type":"Feature","id":"capital-1-1159151377","properties":{"name":"Shenyang","localName":"Shenyeng","countryCode":"CHN","country":"China","division":"Liaoning","qid":"Q11720","rank":12,"level":1,"role":"Admin-1 capital"},"geometry":{"type":"Point","coordinates":[123.448028,41.806925]}},{"type":"Feature","id":"capital-1-1159151379","properties":{"name":"Jinan","localName":"Jinan","countryCode":"CHN","country":"China","division":"Shandong","qid":"Q170247","rank":12,"level":1,"role":"Admin-1 capital"},"geometry":{"type":"Point","coordinates":[116.993073,36.676928]}},{"type":"Feature","id":"capital-1-1159151381","properties":{"name":"Tianjin","localName":"Tianjin","countryCode":"CHN","country":"China","division":"Tianjin","qid":"Q11736","rank":13,"level":1,"role":"Admin-1 capital"},"geometry":{"type":"Point","coordinates":[117.196607,39.082772]}},{"type":"Feature","id":"capital-1-1159151383","properties":{"name":"Nanchang","localName":"Nanchang","countryCode":"CHN","country":"China","division":"Jiangxi","qid":"Q171943","rank":12,"level":1,"role":"Admin-1 capital"},"geometry":{"type":"Point","coordinates":[115.87805,28.681938]}},{"type":"Feature","id":"capital-1-1159151385","properties":{"name":"Nanjing","localName":"Nanjing","countryCode":"CHN","country":"China","division":"Jiangsu","qid":"Q16666","rank":12,"level":1,"role":"Admin-1 capital"},"geometry":{"type":"Point","coordinates":[118.778029,32.051965]}},{"type":"Feature","id":"capital-1-1159151387","properties":{"name":"Hangzhou","localName":"Hangzhou","countryCode":"CHN","country":"China","division":"Zhejiang","qid":"Q4970","rank":12,"level":1,"role":"Admin-1 capital"},"geometry":{"type":"Point","coordinates":[120.168073,30.25192]}},{"type":"Feature","id":"capital-1-1159151389","properties":{"name":"Hiroshima","localName":"Hiroshima","countryCode":"JPN","country":"Japan","division":"Hiroshima","qid":"Q34664","rank":12,"level":1,"role":"Admin-1 region capital"},"geometry":{"type":"Point","coordinates":[132.440967,34.389781]}},{"type":"Feature","id":"capital-1-1159151393","properties":{"name":"Changchun","localName":"Changchun","countryCode":"CHN","country":"China","division":"Jilin","qid":"Q92161","rank":12,"level":1,"role":"Admin-1 capital"},"geometry":{"type":"Point","coordinates":[125.338042,43.866954]}},{"type":"Feature","id":"capital-1-1159151397","properties":{"name":"Harbin","localName":"Harbin","countryCode":"CHN","country":"China","division":"Heilongjiang","qid":"Q42956","rank":12,"level":1,"role":"Admin-1 capital"},"geometry":{"type":"Point","coordinates":[126.648039,45.75193]}},{"type":"Feature","id":"capital-1-1159151399","properties":{"name":"Sapporo","localName":"Sapporo","countryCode":"JPN","country":"Japan","division":"Hokkaido","qid":"Q37951","rank":12,"level":1,"role":"Admin-1 region capital"},"geometry":{"type":"Point","coordinates":[141.338099,43.076925]}},{"type":"Feature","id":"capital-1-1159151407","properties":{"name":"Hyderabad","localName":"Hyderabad","countryCode":"IND","country":"India","division":"Telangana","qid":"Q1361","rank":13,"level":1,"role":"Admin-1 capital"},"geometry":{"type":"Point","coordinates":[78.478008,17.401929]}},{"type":"Feature","id":"capital-1-1159151421","properties":{"name":"Mashhad","localName":"Mashhad","countryCode":"IRN","country":"Iran","division":"Razavi Khorasan","qid":"Q121157","rank":12,"level":1,"role":"Admin-1 capital"},"geometry":{"type":"Point","coordinates":[59.568051,36.271966]}},{"type":"Feature","id":"capital-1-1159151423","properties":{"name":"Jaipur","localName":"Jaipur","countryCode":"IND","country":"India","division":"Rajasthan","qid":"Q66485","rank":12,"level":1,"role":"Admin-1 capital"},"geometry":{"type":"Point","coordinates":[75.808042,26.923079]}},{"type":"Feature","id":"capital-1-1159151429","properties":{"name":"Patna","localName":"Patna","countryCode":"IND","country":"India","division":"Bihar","qid":"Q80484","rank":12,"level":1,"role":"Admin-1 capital"},"geometry":{"type":"Point","coordinates":[85.128093,25.626905]}},{"type":"Feature","id":"capital-1-1159151431","properties":{"name":"Chennai","localName":"Chennai","countryCode":"IND","country":"India","division":"Tamil Nadu","qid":"Q1352","rank":13,"level":1,"role":"Admin-1 capital"},"geometry":{"type":"Point","coordinates":[80.278053,13.091934]}},{"type":"Feature","id":"capital-1-1159151441","properties":{"name":"Belém","localName":"Belém","countryCode":"BRA","country":"Brazil","division":"Pará","qid":"Q12829733","rank":12,"level":1,"role":"Admin-1 capital"},"geometry":{"type":"Point","coordinates":[-48.481969,-1.448057]}},{"type":"Feature","id":"capital-1-1159151447","properties":{"name":"Porto Alegre","localName":"Porto Alegre","countryCode":"BRA","country":"Brazil","division":"Rio Grande do Sul","qid":"Q40269","rank":12,"level":1,"role":"Admin-1 capital"},"geometry":{"type":"Point","coordinates":[-51.201958,-30.048069]}},{"type":"Feature","id":"capital-1-1159151449","properties":{"name":"Curitiba","localName":"Curitiba","countryCode":"BRA","country":"Brazil","division":"Paraná","qid":"Q4361","rank":12,"level":1,"role":"Admin-1 capital"},"geometry":{"type":"Point","coordinates":[-49.321944,-25.418067]}},{"type":"Feature","id":"capital-1-1159151451","properties":{"name":"Fortaleza","localName":"Fortaleza","countryCode":"BRA","country":"Brazil","division":"Ceará","qid":"Q43463","rank":12,"level":1,"role":"Admin-1 capital"},"geometry":{"type":"Point","coordinates":[-38.581927,-3.748072]}},{"type":"Feature","id":"capital-1-1159151453","properties":{"name":"Salvador","localName":"Salvador","countryCode":"BRA","country":"Brazil","division":"Bahia","qid":"Q36947","rank":12,"level":1,"role":"Admin-1 capital"},"geometry":{"type":"Point","coordinates":[-38.481933,-12.968026]}},{"type":"Feature","id":"capital-1-1159151455","properties":{"name":"Edmonton","localName":"Edmonton","countryCode":"CAN","country":"Canada","division":"Alberta","qid":"Q2096","rank":12,"level":1,"role":"Admin-1 capital"},"geometry":{"type":"Point","coordinates":[-113.501928,53.551971]}},{"type":"Feature","id":"capital-1-1159151459","properties":{"name":"Goiânia","localName":"Goiânia","countryCode":"BRA","country":"Brazil","division":"Goiás","qid":"Q83189","rank":12,"level":1,"role":"Admin-1 capital"},"geometry":{"type":"Point","coordinates":[-49.301971,-16.718081]}},{"type":"Feature","id":"capital-1-1159151461","properties":{"name":"Recife","localName":"Recife","countryCode":"BRA","country":"Brazil","division":"Pernambuco","qid":"Q48344","rank":12,"level":1,"role":"Admin-1 capital"},"geometry":{"type":"Point","coordinates":[-34.908766,-8.060532]}},{"type":"Feature","id":"capital-1-1159151473","properties":{"name":"Chattogram","localName":"Chattogram","countryCode":"BGD","country":"Bangladesh","division":"Chittagong","qid":"Q376749","rank":12,"level":1,"role":"Admin-1 capital"},"geometry":{"type":"Point","coordinates":[91.798022,22.331938]}},{"type":"Feature","id":"capital-1-1159151475","properties":{"name":"Perth","localName":"Perth","countryCode":"AUS","country":"Australia","division":"Western Australia","qid":"Q3183","rank":12,"level":1,"role":"Admin-1 capital"},"geometry":{"type":"Point","coordinates":[115.838053,-31.953069]}},{"type":"Feature","id":"capital-1-1159151483","properties":{"name":"Denver","localName":"Denver","countryCode":"USA","country":"United States","division":"Colorado","qid":"Q16554","rank":12,"level":1,"role":"Admin-1 capital"},"geometry":{"type":"Point","coordinates":[-104.985962,39.741134]}},{"type":"Feature","id":"capital-1-1159151489","properties":{"name":"Atlanta","localName":"Atlanta","countryCode":"USA","country":"United States","division":"Georgia","qid":"Q23556","rank":12,"level":1,"role":"Admin-1 capital"},"geometry":{"type":"Point","coordinates":[-84.367642,33.739457]}},{"type":"Feature","id":"capital-1-1159151497","properties":{"name":"Dubai","localName":"Dubai","countryCode":"ARE","country":"United Arab Emirates","division":"Dubay","qid":"Q612","rank":12,"level":1,"role":"Admin-1 capital"},"geometry":{"type":"Point","coordinates":[55.286946,25.214912]}},{"type":"Feature","id":"capital-1-1159151505","properties":{"name":"Geneva","localName":"Geneva","countryCode":"CHE","country":"Switzerland","division":"Genève","qid":"Q71","rank":12,"level":1,"role":"Admin-1 capital"},"geometry":{"type":"Point","coordinates":[6.140028,46.210008]}},{"type":"Feature","id":"capital-1-1159151521","properties":{"name":"Casablanca","localName":"Casablanca","countryCode":"MAR","country":"Morocco","division":"Grand Casablanca","qid":"Q7903","rank":12,"level":1,"role":"Admin-1 capital"},"geometry":{"type":"Point","coordinates":[-7.618313,33.601922]}},{"type":"Feature","id":"capital-1-1159151527","properties":{"name":"Monterrey","localName":"Monterrey","countryCode":"MEX","country":"Mexico","division":"Nuevo León","qid":"Q81033","rank":12,"level":1,"role":"Admin-1 capital"},"geometry":{"type":"Point","coordinates":[-100.331931,25.671941]}},{"type":"Feature","id":"capital-1-1159151531","properties":{"name":"Ürümqi","localName":"Ürümqi","countryCode":"CHN","country":"China","division":"Xinjiang Uygur","qid":"Q16959","rank":12,"level":1,"role":"Admin-1 capital"},"geometry":{"type":"Point","coordinates":[87.57306,43.806958]}},{"type":"Feature","id":"capital-1-1159151533","properties":{"name":"Chengdu","localName":"Chengdu","countryCode":"CHN","country":"China","division":"Sichuan","qid":"Q30002","rank":12,"level":1,"role":"Admin-1 capital"},"geometry":{"type":"Point","coordinates":[104.068074,30.671946]}},{"type":"Feature","id":"capital-1-1159151537","properties":{"name":"Osaka","localName":"Ōsaka","countryCode":"JPN","country":"Japan","division":"Osaka","qid":"Q35765","rank":14,"level":1,"role":"Admin-1 region capital"},"geometry":{"type":"Point","coordinates":[135.503754,34.691095]}},{"type":"Feature","id":"capital-1-1159151543","properties":{"name":"Bengaluru","localName":"Bengaluru","countryCode":"IND","country":"India","division":"Karnataka","qid":"Q1355","rank":13,"level":1,"role":"Admin-1 capital"},"geometry":{"type":"Point","coordinates":[77.558064,12.971941]}},{"type":"Feature","id":"capital-1-1159151557","properties":{"name":"Toronto","localName":"Toronto","countryCode":"CAN","country":"Canada","division":"Ontario","qid":"Q172","rank":13,"level":1,"role":"Admin-1 capital"},"geometry":{"type":"Point","coordinates":[-79.389459,43.664645]}},{"type":"Feature","id":"capital-1-1159151565","properties":{"name":"Melbourne","localName":"Melbourne","countryCode":"AUS","country":"Australia","division":"Victoria","qid":"Q3141","rank":12,"level":1,"role":"Admin-1 capital"},"geometry":{"type":"Point","coordinates":[144.97307,-37.818086]}},{"type":"Feature","id":"capital-1-1159151579","properties":{"name":"Istanbul","localName":"Istanbul","countryCode":"TUR","country":"Türkiye","division":"Istanbul","qid":"Q406","rank":14,"level":1,"role":"Admin-1 capital"},"geometry":{"type":"Point","coordinates":[28.974277,41.017602]}},{"type":"Feature","id":"capital-1-1159151605","properties":{"name":"Shanghai","localName":"Shanghai","countryCode":"CHN","country":"China","division":"Shanghai","qid":"Q8686","rank":14,"level":1,"role":"Admin-1 capital"},"geometry":{"type":"Point","coordinates":[121.434559,31.218398]}},{"type":"Feature","id":"capital-1-1159151611","properties":{"name":"Mumbai","localName":"Mumbai","countryCode":"IND","country":"India","division":"Maharashtra","qid":"Q1156","rank":14,"level":1,"role":"Admin-1 capital"},"geometry":{"type":"Point","coordinates":[72.875839,19.068408]}},{"type":"Feature","id":"capital-1-1159151617","properties":{"name":"Kolkata","localName":"Kolkata","countryCode":"IND","country":"India","division":"West Bengal","qid":"Q1348","rank":14,"level":1,"role":"Admin-1 capital"},"geometry":{"type":"Point","coordinates":[88.369126,22.569579]}},{"type":"Feature","id":"capital-1-1159151619","properties":{"name":"Rio de Janeiro","localName":"Rio de Janeiro","countryCode":"BRA","country":"Brazil","division":"Rio de Janeiro","qid":"Q8678","rank":14,"level":1,"role":"Admin-1 capital"},"geometry":{"type":"Point","coordinates":[-43.212117,-22.907308]}},{"type":"Feature","id":"capital-1-1159151621","properties":{"name":"São Paulo","localName":"São Paulo","countryCode":"BRA","country":"Brazil","division":"São Paulo","qid":"Q174","rank":14,"level":1,"role":"Admin-1 capital"},"geometry":{"type":"Point","coordinates":[-46.626966,-23.556734]}},{"type":"Feature","id":"capital-1-1159151623","properties":{"name":"Sydney","localName":"Sydney","countryCode":"AUS","country":"Australia","division":"New South Wales","qid":"Q3130","rank":12,"level":1,"role":"Admin-1 capital"},"geometry":{"type":"Point","coordinates":[151.212548,-33.871373]}},{"type":"Feature","id":"capital-1-1159151631","properties":{"name":"Greymouth","localName":"Greymouth","countryCode":"NZL","country":"New Zealand","division":"West Coast","qid":"Q934790","rank":6,"level":1,"role":"Admin-1 capital"},"geometry":{"type":"Point","coordinates":[171.223143,-42.471645]}},{"type":"Feature","id":"capital-1-1159151651","properties":{"name":"New Plymouth","localName":"New Plymouth","countryCode":"NZL","country":"New Zealand","division":"Taranaki","qid":"Q212984","rank":8,"level":1,"role":"Admin-1 capital"},"geometry":{"type":"Point","coordinates":[174.074813,-39.055639]}},{"type":"Feature","id":"capital-1-1159151663","properties":{"name":"Whanganui","localName":"Whanganui","countryCode":"NZL","country":"New Zealand","division":"Manawatu-Wanganui","qid":"Q1015672","rank":7,"level":1,"role":"Admin-1 capital"},"geometry":{"type":"Point","coordinates":[175.0393,-39.932626]}},{"type":"Feature","id":"capital-1-1159151665","properties":{"name":"Hastings","localName":"Hastings","countryCode":"NZL","country":"New Zealand","division":"Gisborne","qid":"Q1015690","rank":8,"level":1,"role":"Admin-1 capital"},"geometry":{"type":"Point","coordinates":[176.8368,-39.638203]}},{"type":"Feature","id":"capital-1-1159151667","properties":{"name":"Gisborne","localName":"Gisborne","countryCode":"NZL","country":"New Zealand","division":"Gisborne","qid":"Q233467","rank":7,"level":1,"role":"Admin-1 capital"},"geometry":{"type":"Point","coordinates":[178.018081,-38.663333]}},{"type":"Feature","id":"capital-1-1159151673","properties":{"name":"Tauranga","localName":"Tauranga","countryCode":"NZL","country":"New Zealand","division":"Bay of Plenty","qid":"Q207756","rank":9,"level":1,"role":"Admin-1 capital"},"geometry":{"type":"Point","coordinates":[176.153629,-37.696416]}},{"type":"Feature","id":"capital-1-1159151677","properties":{"name":"Nelson","localName":"Nelson","countryCode":"NZL","country":"New Zealand","division":"Nelson","qid":"Q206687","rank":8,"level":1,"role":"Admin-1 capital"},"geometry":{"type":"Point","coordinates":[173.247448,-41.292592]}},{"type":"Feature","id":"capital-1-1159151681","properties":{"name":"Whangārei","localName":"Whangarei","countryCode":"NZL","country":"New Zealand","division":"Northland","qid":"Q744239","rank":8,"level":1,"role":"Admin-1 capital"},"geometry":{"type":"Point","coordinates":[174.322971,-35.725571]}},{"type":"Feature","id":"capital-1-1159151685","properties":{"name":"Invercargill","localName":"Invercargill","countryCode":"NZL","country":"New Zealand","division":"Southland","qid":"Q31805","rank":7,"level":1,"role":"Admin-1 capital"},"geometry":{"type":"Point","coordinates":[168.365006,-46.409437]}},{"type":"Feature","id":"capital-1-1159151687","properties":{"name":"Napier","localName":"Napier","countryCode":"NZL","country":"New Zealand","division":"Gisborne","qid":"Q203380","rank":8,"level":1,"role":"Admin-1 capital"},"geometry":{"type":"Point","coordinates":[176.926451,-39.490001]}},{"type":"Feature","id":"capital-1-1159151691","properties":{"name":"Hamilton","localName":"Hamilton","countryCode":"NZL","country":"New Zealand","division":"Waikato","qid":"Q200028","rank":9,"level":1,"role":"Admin-1 capital"},"geometry":{"type":"Point","coordinates":[175.289578,-37.778269]}},{"type":"Feature","id":"capital-1-1159151695","properties":{"name":"Dunedin","localName":"Dunedin","countryCode":"NZL","country":"New Zealand","division":"Otago","qid":"Q133073","rank":9,"level":1,"role":"Admin-1 capital"},"geometry":{"type":"Point","coordinates":[170.491016,-45.885423]}},{"type":"Feature","id":"capital-1-1159151701","properties":{"name":"Christchurch","localName":"Christchurch","countryCode":"NZL","country":"New Zealand","division":"Canterbury","qid":"Q79990","rank":10,"level":1,"role":"Admin-1 capital"},"geometry":{"type":"Point","coordinates":[172.630023,-43.535022]}},{"type":"Feature","id":"capital-1-1159151703","properties":{"name":"Auckland","localName":"Auckland","countryCode":"NZL","country":"New Zealand","division":"Auckland","qid":"Q37100","rank":12,"level":1,"role":"Admin-1 capital"},"geometry":{"type":"Point","coordinates":[174.763027,-36.848055]}},{"type":"Feature","id":"capital-1-1159151737","properties":{"name":"Waitangi","localName":"Waitangi","countryCode":"NZL","country":"New Zealand","division":"Chatham Is. aggregation","qid":"Q1809774","rank":2,"level":1,"role":"Admin-1 capital"},"geometry":{"type":"Point","coordinates":[-176.350754,-44.032665]}},{"type":"Feature","id":"capital-1-1730025033","properties":{"name":"Leh","localName":"Leh","countryCode":"IND","country":"India","division":"Ladakh","qid":"Q230818","rank":7,"level":1,"role":"Admin-1 capital"},"geometry":{"type":"Point","coordinates":[77.572291,34.161559]}},{"type":"Feature","id":"capital-1-1730025037","properties":{"name":"Amaravati","localName":"Amaravati","countryCode":"IND","country":"India","division":"Andhra Pradesh","qid":"Q19881964","rank":13,"level":1,"role":"Admin-1 capital"},"geometry":{"type":"Point","coordinates":[80.52432,16.533658]}},{"type":"Feature","id":"capital-0-1159119239","properties":{"name":"Mariehamn","localName":"Mariehamn","countryCode":"ALD","country":"Åland Islands","division":"Finström","qid":"Q48329","rank":6,"level":0,"role":"Admin-0 region capital"},"geometry":{"type":"Point","coordinates":[19.949005,60.096996]}},{"type":"Feature","id":"capital-0-1159121947","properties":{"name":"Ramallah","localName":"Ramallah","countryCode":"PSX","country":"Palestine","division":null,"qid":"Q158119","rank":7,"level":0,"role":"Admin-0 region capital"},"geometry":{"type":"Point","coordinates":[35.206209,31.902945]}},{"type":"Feature","id":"capital-0-1159127243","properties":{"name":"Vatican City","localName":"Vatican City","countryCode":"VAT","country":"Vatican City","division":"Lazio","qid":"Q237","rank":2,"level":0,"role":"Admin-0 capital"},"geometry":{"type":"Point","coordinates":[12.453387,41.903282]}},{"type":"Feature","id":"capital-0-1159151303","properties":{"name":"Pyongyang","localName":"Pyongyang","countryCode":"PRK","country":"North Korea","division":"P'yongyang","qid":"Q18808","rank":12,"level":0,"role":"Admin-0 capital"},"geometry":{"type":"Point","coordinates":[125.752745,39.021385]}},{"type":"Feature","id":"capital-0-1159146001","properties":{"name":"Gitega","localName":"Gitega","countryCode":"BDI","country":"Burundi","division":"Muramvya","qid":"Q167551","rank":7,"level":0,"role":"Admin-1 capital"},"geometry":{"type":"Point","coordinates":[29.843594,-3.426007]}},{"type":"Feature","id":"capital-0-1159146033","properties":{"name":"George Town","localName":"George Town","countryCode":"CYM","country":"Cayman Islands","division":null,"qid":"Q172996","rank":4,"level":0,"role":"Admin-0 region capital"},"geometry":{"type":"Point","coordinates":[-81.37157,19.294748]}},{"type":"Feature","id":"capital-0-1159146035","properties":{"name":"Cockburn Town","localName":"Grand Turk","countryCode":"TCA","country":"Turks and Caicos Islands","division":null,"qid":"Q34205","rank":5,"level":0,"role":"Admin-0 region capital"},"geometry":{"type":"Point","coordinates":[-71.135979,21.466427]}},{"type":"Feature","id":"capital-0-1159146037","properties":{"name":"Douglas","localName":"Douglas","countryCode":"IMN","country":"Isle of Man","division":null,"qid":"Q18569","rank":7,"level":0,"role":"Admin-0 region capital"},"geometry":{"type":"Point","coordinates":[-4.480269,54.149122]}},{"type":"Feature","id":"capital-0-1159146051","properties":{"name":"City of San Marino","localName":"San Marino","countryCode":"SMR","country":"San Marino","division":null,"qid":"Q1848","rank":7,"level":0,"role":"Admin-0 capital"},"geometry":{"type":"Point","coordinates":[12.44177,43.936096]}},{"type":"Feature","id":"capital-0-1159146055","properties":{"name":"Willemstad","localName":"Willemstad","countryCode":"CUW","country":"Curaçao","division":null,"qid":"Q132679","rank":9,"level":0,"role":"Admin-0 region capital"},"geometry":{"type":"Point","coordinates":[-68.872356,12.11229]}},{"type":"Feature","id":"capital-0-1159146057","properties":{"name":"Oranjestad","localName":"Oranjestad","countryCode":"ABW","country":"Aruba","division":null,"qid":"Q131243","rank":8,"level":0,"role":"Admin-0 region capital"},"geometry":{"type":"Point","coordinates":[-70.025526,12.521503]}},{"type":"Feature","id":"capital-0-1159146061","properties":{"name":"Vaduz","localName":"Vaduz","countryCode":"LIE","country":"Liechtenstein","division":null,"qid":"Q1844","rank":7,"level":0,"role":"Admin-0 capital"},"geometry":{"type":"Point","coordinates":[9.51667,47.133724]}},{"type":"Feature","id":"capital-0-1159146343","properties":{"name":"Lobamba","localName":"Lobamba","countryCode":"SWZ","country":"Eswatini","division":"Manzini","qid":"Q101418","rank":5,"level":0,"role":"Admin-0 capital alt"},"geometry":{"type":"Point","coordinates":[31.199997,-26.466667]}},{"type":"Feature","id":"capital-0-1159146437","properties":{"name":"Luxembourg","localName":"Luxembourg","countryCode":"LUX","country":"Luxembourg","division":"Luxembourg","qid":"Q1842","rank":9,"level":0,"role":"Admin-0 capital"},"geometry":{"type":"Point","coordinates":[6.130003,49.61166]}},{"type":"Feature","id":"capital-0-1159146907","properties":{"name":"Nouméa","localName":"Nouméa","countryCode":"NCL","country":"New Caledonia","division":"Sud","qid":"Q9733","rank":8,"level":0,"role":"Admin-0 region capital"},"geometry":{"type":"Point","coordinates":[166.444285,-22.262528]}},{"type":"Feature","id":"capital-0-1159146943","properties":{"name":"Tórshavn","localName":"Tórshavn","countryCode":"FRO","country":"Faroe Islands","division":"Eysturoyar","qid":"Q10704","rank":6,"level":0,"role":"Admin-1 capital"},"geometry":{"type":"Point","coordinates":[-6.820034,62.030024]}},{"type":"Feature","id":"capital-0-1159149061","properties":{"name":"Palikir","localName":"Palikir","countryCode":"FSM","country":"Micronesia","division":null,"qid":"Q42751","rank":4,"level":0,"role":"Admin-0 capital"},"geometry":{"type":"Point","coordinates":[158.149974,6.916644]}},{"type":"Feature","id":"capital-0-1159149063","properties":{"name":"Majuro","localName":"Majuro","countryCode":"MHL","country":"Marshall Islands","division":null,"qid":"Q12919","rank":7,"level":0,"role":"Admin-0 capital"},"geometry":{"type":"Point","coordinates":[171.38,7.103004]}},{"type":"Feature","id":"capital-0-1159149065","properties":{"name":"Hagåtña","localName":"Agana","countryCode":"GUM","country":"Guam","division":null,"qid":"Q30988","rank":9,"level":0,"role":"Admin-0 region capital"},"geometry":{"type":"Point","coordinates":[144.750017,13.470016]}},{"type":"Feature","id":"capital-0-1159149071","properties":{"name":"Funafuti","localName":"Funafuti","countryCode":"TUV","country":"Tuvalu","division":null,"qid":"Q34126","rank":4,"level":0,"role":"Admin-0 capital"},"geometry":{"type":"Point","coordinates":[179.216647,-8.516652]}},{"type":"Feature","id":"capital-0-1159149073","properties":{"name":"Ngerulmud","localName":"Melekeok","countryCode":"PLW","country":"Palau","division":null,"qid":"Q154002","rank":5,"level":0,"role":"Admin-0 capital"},"geometry":{"type":"Point","coordinates":[134.626549,7.487396]}},{"type":"Feature","id":"capital-0-1159149077","properties":{"name":"Monaco","localName":"Monaco","countryCode":"MCO","country":"Monaco","division":null,"qid":"Q235","rank":7,"level":0,"role":"Admin-0 capital"},"geometry":{"type":"Point","coordinates":[7.406913,43.739646]}},{"type":"Feature","id":"capital-0-1159149079","properties":{"name":"South Tarawa","localName":"Tarawa","countryCode":"KIR","country":"Kiribati","division":null,"qid":"Q131233","rank":7,"level":0,"role":"Admin-0 capital"},"geometry":{"type":"Point","coordinates":[173.017571,1.338188]}},{"type":"Feature","id":"capital-0-1159149083","properties":{"name":"Moroni","localName":"Moroni","countryCode":"COM","country":"Comoros","division":null,"qid":"Q3901","rank":9,"level":0,"role":"Admin-0 capital"},"geometry":{"type":"Point","coordinates":[43.240244,-11.704158]}},{"type":"Feature","id":"capital-0-1159149089","properties":{"name":"Andorra la Vella","localName":"Andorra","countryCode":"AND","country":"Andorra","division":null,"qid":"Q1863","rank":8,"level":0,"role":"Admin-0 capital"},"geometry":{"type":"Point","coordinates":[1.526594,42.510753]}},{"type":"Feature","id":"capital-0-1159149099","properties":{"name":"Avarua","localName":"Avarua","countryCode":"COK","country":"Cook Islands","division":null,"qid":"Q170482","rank":5,"level":0,"role":"Admin-1 capital"},"geometry":{"type":"Point","coordinates":[-159.785437,-21.196226]}},{"type":"Feature","id":"capital-0-1159149307","properties":{"name":"Port of Spain","localName":"Port-of-Spain","countryCode":"TTO","country":"Trinidad and Tobago","division":"Port of Spain","qid":"Q39178","rank":10,"level":0,"role":"Admin-0 capital"},"geometry":{"type":"Point","coordinates":[-61.517031,10.651997]}},{"type":"Feature","id":"capital-0-1159149385","properties":{"name":"Kigali","localName":"Kigali","countryCode":"RWA","country":"Rwanda","division":"Kigali City","qid":"Q3859","rank":11,"level":0,"role":"Admin-0 capital"},"geometry":{"type":"Point","coordinates":[30.058586,-1.951644]}},{"type":"Feature","id":"capital-0-1159150605","properties":{"name":"Niamey","localName":"Niamey","countryCode":"NER","country":"Niger","division":"Niamey","qid":"Q3674","rank":11,"level":0,"role":"Admin-0 capital"},"geometry":{"type":"Point","coordinates":[2.11471,13.518652]}},{"type":"Feature","id":"capital-0-1159149413","properties":{"name":"Mbabane","localName":"Mbabane","countryCode":"SWZ","country":"Eswatini","division":"Hhohho","qid":"Q3904","rank":8,"level":0,"role":"Admin-0 capital"},"geometry":{"type":"Point","coordinates":[31.133335,-26.316651]}},{"type":"Feature","id":"capital-0-1159149449","properties":{"name":"Juba","localName":"Juba","countryCode":"SDS","country":"South Sudan","division":"Central Equatoria","qid":"Q1947","rank":9,"level":0,"role":"Admin-0 capital"},"geometry":{"type":"Point","coordinates":[31.580026,4.829975]}},{"type":"Feature","id":"capital-0-1159149457","properties":{"name":"The Hague","localName":"The Hague","countryCode":"NLD","country":"Netherlands","division":"Zuid-Holland","qid":"Q36600","rank":12,"level":0,"role":"Admin-0 capital alt"},"geometry":{"type":"Point","coordinates":[4.269961,52.080037]}},{"type":"Feature","id":"capital-0-1159149461","properties":{"name":"Ljubljana","localName":"Ljubljana","countryCode":"SVN","country":"Slovenia","division":"Osrednjeslovenska","qid":"Q437","rank":10,"level":0,"role":"Admin-0 capital"},"geometry":{"type":"Point","coordinates":[14.514969,46.055288]}},{"type":"Feature","id":"capital-0-1159149463","properties":{"name":"Bratislava","localName":"Bratislava","countryCode":"SVK","country":"Slovakia","division":"Bratislavský","qid":"Q1780","rank":10,"level":0,"role":"Admin-0 capital"},"geometry":{"type":"Point","coordinates":[17.116981,48.150018]}},{"type":"Feature","id":"capital-0-1159149469","properties":{"name":"Doha","localName":"Doha","countryCode":"QAT","country":"Qatar","division":"Ad Dawhah","qid":"Q3861","rank":12,"level":0,"role":"Admin-0 capital"},"geometry":{"type":"Point","coordinates":[51.532968,25.286556]}},{"type":"Feature","id":"capital-0-1159149511","properties":{"name":"Podgorica","localName":"Podgorica","countryCode":"MNE","country":"Montenegro","division":"Podgorica","qid":"Q23564","rank":9,"level":0,"role":"Admin-0 capital"},"geometry":{"type":"Point","coordinates":[19.266307,42.465972]}},{"type":"Feature","id":"capital-0-1159149593","properties":{"name":"Sri Jayawardenepura Kotte","localName":"Sri Jayawardenepura Kotte","countryCode":"LKA","country":"Sri Lanka","division":"Colombo","qid":"Q41963","rank":9,"level":0,"role":"Admin-0 capital alt"},"geometry":{"type":"Point","coordinates":[79.949993,6.900004]}},{"type":"Feature","id":"capital-0-1159149731","properties":{"name":"Dodoma","localName":"Dodoma","countryCode":"TZA","country":"Tanzania","division":"Dodoma","qid":"Q3866","rank":10,"level":0,"role":"Admin-0 capital alt"},"geometry":{"type":"Point","coordinates":[35.750004,-6.183306]}},{"type":"Feature","id":"capital-0-1159149737","properties":{"name":"Bern","localName":"Bern","countryCode":"CHE","country":"Switzerland","division":"Bern","qid":"Q70","rank":10,"level":0,"role":"Admin-0 capital"},"geometry":{"type":"Point","coordinates":[7.466976,46.916683]}},{"type":"Feature","id":"capital-0-1159149757","properties":{"name":"Pristina","localName":"Pristina","countryCode":"KOS","country":"Kosovo","division":"Pristina","qid":"Q25270","rank":10,"level":0,"role":"Admin-0 capital"},"geometry":{"type":"Point","coordinates":[21.165984,42.66671]}},{"type":"Feature","id":"capital-0-1159149847","properties":{"name":"Roseau","localName":"Roseau","countryCode":"DMA","country":"Dominica","division":"Saint George","qid":"Q36281","rank":7,"level":0,"role":"Admin-0 capital"},"geometry":{"type":"Point","coordinates":[-61.387013,15.301016]}},{"type":"Feature","id":"capital-0-1159149869","properties":{"name":"Djibouti","localName":"Djibouti","countryCode":"DJI","country":"Djibouti","division":"Djibouti","qid":"Q3604","rank":11,"level":0,"role":"Admin-0 capital"},"geometry":{"type":"Point","coordinates":[43.148002,11.595014]}},{"type":"Feature","id":"capital-0-1159149883","properties":{"name":"Putrajaya","localName":"Putrajaya","countryCode":"MYS","country":"Malaysia","division":"Selangor","qid":"Q182378","rank":8,"level":0,"role":"Admin-0 capital alt"},"geometry":{"type":"Point","coordinates":[101.695037,2.932515]}},{"type":"Feature","id":"capital-0-1159149997","properties":{"name":"Banjul","localName":"Banjul","countryCode":"GMB","country":"Gambia","division":"Banjul","qid":"Q3726","rank":7,"level":0,"role":"Admin-0 capital"},"geometry":{"type":"Point","coordinates":[-16.591701,13.453876]}},{"type":"Feature","id":"capital-0-1159150073","properties":{"name":"Skopje","localName":"Skopje","countryCode":"MKD","country":"North Macedonia","division":"Centar","qid":"Q384","rank":10,"level":0,"role":"Admin-0 capital"},"geometry":{"type":"Point","coordinates":[21.433461,42.000006]}},{"type":"Feature","id":"capital-0-1159150339","properties":{"name":"Bridgetown","localName":"Bridgetown","countryCode":"BRB","country":"Barbados","division":"Saint Michael","qid":"Q36168","rank":9,"level":0,"role":"Admin-0 capital"},"geometry":{"type":"Point","coordinates":[-59.616527,13.102003]}},{"type":"Feature","id":"capital-0-1159150345","properties":{"name":"Porto-Novo","localName":"Porto-Novo","countryCode":"BEN","country":"Benin","division":"Ouémé","qid":"Q3799","rank":10,"level":0,"role":"Admin-0 capital alt"},"geometry":{"type":"Point","coordinates":[2.616626,6.483311]}},{"type":"Feature","id":"capital-0-1159150429","properties":{"name":"Pago Pago","localName":"Pago Pago","countryCode":"ASM","country":"American Samoa","division":null,"qid":"Q51678","rank":6,"level":0,"role":"Admin-0 region capital"},"geometry":{"type":"Point","coordinates":[-170.706645,-14.276611]}},{"type":"Feature","id":"capital-0-1159150431","properties":{"name":"Kingstown","localName":"Kingstown","countryCode":"VCT","country":"Saint Vincent and the Grenadines","division":null,"qid":"Q41474","rank":7,"level":0,"role":"Admin-0 capital"},"geometry":{"type":"Point","coordinates":[-61.220236,13.155756]}},{"type":"Feature","id":"capital-0-1159150433","properties":{"name":"Castries","localName":"Castries","countryCode":"LCA","country":"Saint Lucia","division":null,"qid":"Q41699","rank":7,"level":0,"role":"Admin-0 capital"},"geometry":{"type":"Point","coordinates":[-60.992875,14.007875]}},{"type":"Feature","id":"capital-0-1159150435","properties":{"name":"Basseterre","localName":"Basseterre","countryCode":"KNA","country":"Saint Kitts and Nevis","division":null,"qid":"Q41295","rank":7,"level":0,"role":"Admin-0 capital"},"geometry":{"type":"Point","coordinates":[-62.717009,17.302031]}},{"type":"Feature","id":"capital-0-1159150443","properties":{"name":"Port Louis","localName":"Port Louis","countryCode":"MUS","country":"Mauritius","division":null,"qid":"Q3929","rank":11,"level":0,"role":"Admin-0 capital"},"geometry":{"type":"Point","coordinates":[57.499994,-20.166639]}},{"type":"Feature","id":"capital-0-1159150447","properties":{"name":"St. George's","localName":"Saint George's","countryCode":"GRD","country":"Grenada","division":null,"qid":"Q41547","rank":7,"level":0,"role":"Admin-0 capital"},"geometry":{"type":"Point","coordinates":[-61.741643,12.052633]}},{"type":"Feature","id":"capital-0-1159150449","properties":{"name":"Papeetē","localName":"Papeete","countryCode":"PYF","country":"French Polynesia","division":null,"qid":"Q130800","rank":9,"level":0,"role":"Admin-0 region capital"},"geometry":{"type":"Point","coordinates":[-149.566669,-17.533363]}},{"type":"Feature","id":"capital-0-1159150451","properties":{"name":"Manama","localName":"Manama","countryCode":"BHR","country":"Bahrain","division":null,"qid":"Q3882","rank":11,"level":0,"role":"Admin-0 capital"},"geometry":{"type":"Point","coordinates":[50.583052,26.236136]}},{"type":"Feature","id":"capital-0-1159150457","properties":{"name":"Saint John's","localName":"Saint John's","countryCode":"ATG","country":"Antigua and Barbuda","division":null,"qid":"Q36262","rank":7,"level":0,"role":"Admin-0 capital"},"geometry":{"type":"Point","coordinates":[-61.850034,17.118036]}},{"type":"Feature","id":"capital-0-1159150469","properties":{"name":"Montevideo","localName":"Montevideo","countryCode":"URY","country":"Uruguay","division":"Montevideo","qid":"Q1335","rank":12,"level":0,"role":"Admin-0 capital"},"geometry":{"type":"Point","coordinates":[-56.186823,-34.905376]}},{"type":"Feature","id":"capital-0-1159150535","properties":{"name":"Lomé","localName":"Lomé","countryCode":"TGO","country":"Togo","division":"Maritime","qid":"Q3792","rank":12,"level":0,"role":"Admin-0 capital"},"geometry":{"type":"Point","coordinates":[1.220811,6.133883]}},{"type":"Feature","id":"capital-0-1159150537","properties":{"name":"Tunis","localName":"Tunis","countryCode":"TUN","country":"Tunisia","division":"Tunis","qid":"Q3572","rank":12,"level":0,"role":"Admin-0 capital"},"geometry":{"type":"Point","coordinates":[10.179678,36.802778]}},{"type":"Feature","id":"capital-0-1159150565","properties":{"name":"Abu Dhabi","localName":"Abu Dhabi","countryCode":"ARE","country":"United Arab Emirates","division":"Abu Dhabi","qid":"Q1519","rank":11,"level":0,"role":"Admin-0 capital"},"geometry":{"type":"Point","coordinates":[54.366593,24.466684]}},{"type":"Feature","id":"capital-0-1159150567","properties":{"name":"Ashgabat","localName":"Ashgabat","countryCode":"TKM","country":"Turkmenistan","division":"Ahal","qid":"Q23438","rank":11,"level":0,"role":"Admin-0 capital"},"geometry":{"type":"Point","coordinates":[58.383299,37.949995]}},{"type":"Feature","id":"capital-0-1159150571","properties":{"name":"Lusaka","localName":"Lusaka","countryCode":"ZMB","country":"Zambia","division":"Lusaka","qid":"Q3881","rank":12,"level":0,"role":"Admin-0 capital"},"geometry":{"type":"Point","coordinates":[28.281382,-15.414698]}},{"type":"Feature","id":"capital-0-1159150573","properties":{"name":"Harare","localName":"Harare","countryCode":"ZWE","country":"Zimbabwe","division":"Harare","qid":"Q3921","rank":12,"level":0,"role":"Admin-0 capital"},"geometry":{"type":"Point","coordinates":[31.042764,-17.815844]}},{"type":"Feature","id":"capital-0-1159150577","properties":{"name":"Dili","localName":"Dili","countryCode":"TLS","country":"Timor-Leste","division":"Dili","qid":"Q9310","rank":10,"level":0,"role":"Admin-0 capital"},"geometry":{"type":"Point","coordinates":[125.579456,-8.559388]}},{"type":"Feature","id":"capital-0-1159150579","properties":{"name":"Port Vila","localName":"Port Vila","countryCode":"VUT","country":"Vanuatu","division":"Shefa","qid":"Q37806","rank":7,"level":0,"role":"Admin-0 capital"},"geometry":{"type":"Point","coordinates":[168.316641,-17.73335]}},{"type":"Feature","id":"capital-0-1159150583","properties":{"name":"Tegucigalpa","localName":"Tegucigalpa","countryCode":"HND","country":"Honduras","division":"Francisco Morazán","qid":"Q3238","rank":11,"level":0,"role":"Admin-0 capital"},"geometry":{"type":"Point","coordinates":[-87.219475,14.103991]}},{"type":"Feature","id":"capital-0-1159150585","properties":{"name":"Georgetown","localName":"Georgetown","countryCode":"GUY","country":"Guyana","division":"East Berbice-Corentyne","qid":"Q10717","rank":10,"level":0,"role":"Admin-0 capital"},"geometry":{"type":"Point","coordinates":[-58.167029,6.801974]}},{"type":"Feature","id":"capital-0-1159150587","properties":{"name":"Reykjavik","localName":"Reykjavík","countryCode":"ISL","country":"Iceland","division":"Suðurnes","qid":"Q1764","rank":9,"level":0,"role":"Admin-0 capital"},"geometry":{"type":"Point","coordinates":[-21.936546,64.143459]}},{"type":"Feature","id":"capital-0-1159150589","properties":{"name":"Port-au-Prince","localName":"Port-au-Prince","countryCode":"HTI","country":"Haiti","division":"Ouest","qid":"Q34261","rank":12,"level":0,"role":"Admin-0 capital"},"geometry":{"type":"Point","coordinates":[-72.33798,18.54297]}},{"type":"Feature","id":"capital-0-1159150593","properties":{"name":"Kampala","localName":"Kampala","countryCode":"UGA","country":"Uganda","division":"Kampala","qid":"Q3894","rank":12,"level":0,"role":"Admin-0 capital"},"geometry":{"type":"Point","coordinates":[32.581378,0.318605]}},{"type":"Feature","id":"capital-0-1159150597","properties":{"name":"Paramaribo","localName":"Paramaribo","countryCode":"SUR","country":"Suriname","division":"Paramaribo","qid":"Q3001","rank":10,"level":0,"role":"Admin-0 capital"},"geometry":{"type":"Point","coordinates":[-55.167031,5.83503]}},{"type":"Feature","id":"capital-0-1159150609","properties":{"name":"Dushanbe","localName":"Dushanbe","countryCode":"TJK","country":"Tajikistan","division":"Tadzhikistan Territories","qid":"Q9365","rank":12,"level":0,"role":"Admin-0 capital"},"geometry":{"type":"Point","coordinates":[68.773879,38.560035]}},{"type":"Feature","id":"capital-0-1159150621","properties":{"name":"Asunción","localName":"Asunción","countryCode":"PRY","country":"Paraguay","division":"Asunción","qid":"Q2933","rank":12,"level":0,"role":"Admin-0 capital"},"geometry":{"type":"Point","coordinates":[-57.625834,-25.290671]}},{"type":"Feature","id":"capital-0-1159150623","properties":{"name":"Managua","localName":"Managua","countryCode":"NIC","country":"Nicaragua","division":"Managua","qid":"Q3274","rank":11,"level":0,"role":"Admin-0 capital"},"geometry":{"type":"Point","coordinates":[-86.270437,12.154962]}},{"type":"Feature","id":"capital-0-1159150625","properties":{"name":"Freetown","localName":"Freetown","countryCode":"SLE","country":"Sierra Leone","division":"Western","qid":"Q3780","rank":11,"level":0,"role":"Admin-0 capital"},"geometry":{"type":"Point","coordinates":[-13.236162,8.471957]}},{"type":"Feature","id":"capital-0-1159150645","properties":{"name":"Islamabad","localName":"Islamabad","countryCode":"PAK","country":"Pakistan","division":"F.C.T.","qid":"Q1362","rank":11,"level":0,"role":"Admin-0 capital"},"geometry":{"type":"Point","coordinates":[73.08063,33.689368]}},{"type":"Feature","id":"capital-0-1159150655","properties":{"name":"Kathmandu","localName":"Kathmandu","countryCode":"NPL","country":"Nepal","division":"Bhaktapur","qid":"Q3037","rank":11,"level":0,"role":"Admin-0 capital"},"geometry":{"type":"Point","coordinates":[85.314696,27.718638]}},{"type":"Feature","id":"capital-0-1159150659","properties":{"name":"Bloemfontein","localName":"Bloemfontein","countryCode":"ZAF","country":"South Africa","division":"Orange Free State","qid":"Q37701","rank":10,"level":0,"role":"Admin-0 capital"},"geometry":{"type":"Point","coordinates":[26.229913,-29.119994]}},{"type":"Feature","id":"capital-0-1159150661","properties":{"name":"Pretoria","localName":"Pretoria","countryCode":"ZAF","country":"South Africa","division":"Gauteng","qid":"Q3926","rank":12,"level":0,"role":"Admin-0 capital"},"geometry":{"type":"Point","coordinates":[28.227483,-25.704975]}},{"type":"Feature","id":"capital-0-1159150663","properties":{"name":"Port Moresby","localName":"Port Moresby","countryCode":"PNG","country":"Papua New Guinea","division":"Central","qid":"Q36526","rank":10,"level":0,"role":"Admin-0 capital"},"geometry":{"type":"Point","coordinates":[147.192504,-9.464708]}},{"type":"Feature","id":"capital-0-1159150665","properties":{"name":"Honiara","localName":"Honiara","countryCode":"SLB","country":"Solomon Islands","division":"Guadalcanal","qid":"Q40921","rank":8,"level":0,"role":"Admin-0 capital"},"geometry":{"type":"Point","coordinates":[159.949766,-9.437994]}},{"type":"Feature","id":"capital-0-1159150667","properties":{"name":"Panama City","localName":"Panama City","countryCode":"PAN","country":"Panama","division":"Panama","qid":"Q3306","rank":12,"level":0,"role":"Admin-0 capital"},"geometry":{"type":"Point","coordinates":[-79.534983,8.969963]}},{"type":"Feature","id":"capital-0-1159150673","properties":{"name":"Rabat","localName":"Rabat","countryCode":"MAR","country":"Morocco","division":"Rabat - Salé - Zemmour - Zaer","qid":"Q3551","rank":12,"level":0,"role":"Admin-0 capital"},"geometry":{"type":"Point","coordinates":[-6.836408,34.025307]}},{"type":"Feature","id":"capital-0-1159150677","properties":{"name":"Chișinău","localName":"Chișinău","countryCode":"MDA","country":"Moldova","division":"Chisinau","qid":"Q21197","rank":11,"level":0,"role":"Admin-0 capital"},"geometry":{"type":"Point","coordinates":[28.857711,47.005024]}},{"type":"Feature","id":"capital-0-1159150683","properties":{"name":"Maputo","localName":"Maputo","countryCode":"MOZ","country":"Mozambique","division":"Maputo","qid":"Q3889","rank":12,"level":0,"role":"Admin-0 capital"},"geometry":{"type":"Point","coordinates":[32.587217,-25.953332]}},{"type":"Feature","id":"capital-0-1159150715","properties":{"name":"Mogadishu","localName":"Mogadishu","countryCode":"SOM","country":"Somalia","division":"Banaadir","qid":"Q2449","rank":12,"level":0,"role":"Admin-0 capital"},"geometry":{"type":"Point","coordinates":[45.364732,2.068627]}},{"type":"Feature","id":"capital-0-1159150717","properties":{"name":"Muscat","localName":"Muscat","countryCode":"OMN","country":"Oman","division":"Muscat","qid":"Q3826","rank":11,"level":0,"role":"Admin-0 capital"},"geometry":{"type":"Point","coordinates":[58.378311,23.585179]}},{"type":"Feature","id":"capital-0-1159150719","properties":{"name":"Colombo","localName":"Colombo","countryCode":"LKA","country":"Sri Lanka","division":"Colombo","qid":"Q35381","rank":10,"level":0,"role":"Admin-0 capital"},"geometry":{"type":"Point","coordinates":[79.857751,6.931966]}},{"type":"Feature","id":"capital-0-1159150781","properties":{"name":"Ulaanbaatar","localName":"Ulaanbaatar","countryCode":"MNG","country":"Mongolia","division":"Ulaanbaatar","qid":"Q23430","rank":11,"level":0,"role":"Admin-0 capital"},"geometry":{"type":"Point","coordinates":[106.91467,47.918619]}},{"type":"Feature","id":"capital-0-1159150785","properties":{"name":"Windhoek","localName":"Windhoek","countryCode":"NAM","country":"Namibia","division":"Khomas","qid":"Q3935","rank":10,"level":0,"role":"Admin-0 capital"},"geometry":{"type":"Point","coordinates":[17.083546,-22.570006]}},{"type":"Feature","id":"capital-0-1159150799","properties":{"name":"Abuja","localName":"Abuja","countryCode":"NGA","country":"Nigeria","division":"Federal Capital Territory","qid":"Q3787","rank":12,"level":0,"role":"Admin-0 capital"},"geometry":{"type":"Point","coordinates":[7.489505,9.05462]}},{"type":"Feature","id":"capital-0-1159150803","properties":{"name":"Bissau","localName":"Bissau","countryCode":"GNB","country":"Guinea-Bissau","division":"Bissau","qid":"Q3739","rank":10,"level":0,"role":"Admin-0 capital"},"geometry":{"type":"Point","coordinates":[-15.598361,11.865024]}},{"type":"Feature","id":"capital-0-1159150807","properties":{"name":"Amman","localName":"Amman","countryCode":"JOR","country":"Jordan","division":"Amman","qid":"Q3805","rank":12,"level":0,"role":"Admin-0 capital"},"geometry":{"type":"Point","coordinates":[35.931354,31.951971]}},{"type":"Feature","id":"capital-0-1159150809","properties":{"name":"Vilnius","localName":"Vilnius","countryCode":"LTU","country":"Lithuania","division":"Vilniaus","qid":"Q216","rank":11,"level":0,"role":"Admin-0 capital"},"geometry":{"type":"Point","coordinates":[25.316635,54.683366]}},{"type":"Feature","id":"capital-0-1159150811","properties":{"name":"Riga","localName":"Riga","countryCode":"LVA","country":"Latvia","division":"Riga","qid":"Q1773","rank":11,"level":0,"role":"Admin-0 capital"},"geometry":{"type":"Point","coordinates":[24.099965,56.950024]}},{"type":"Feature","id":"capital-0-1159150813","properties":{"name":"Bishkek","localName":"Bishkek","countryCode":"KGZ","country":"Kyrgyzstan","division":"Bishkek","qid":"Q9361","rank":11,"level":0,"role":"Admin-0 capital"},"geometry":{"type":"Point","coordinates":[74.583258,42.875025]}},{"type":"Feature","id":"capital-0-1159150831","properties":{"name":"Maseru","localName":"Maseru","countryCode":"LSO","country":"Lesotho","division":"Maseru","qid":"Q3909","rank":10,"level":0,"role":"Admin-0 capital"},"geometry":{"type":"Point","coordinates":[27.483273,-29.316674]}},{"type":"Feature","id":"capital-0-1159150835","properties":{"name":"Antananarivo","localName":"Antananarivo","countryCode":"MDG","country":"Madagascar","division":"Antananarivo","qid":"Q3915","rank":12,"level":0,"role":"Admin-0 capital"},"geometry":{"type":"Point","coordinates":[47.514678,-18.914691]}},{"type":"Feature","id":"capital-0-1159150847","properties":{"name":"Quito","localName":"Quito","countryCode":"ECU","country":"Ecuador","division":"Pichincha","qid":"Q2900","rank":12,"level":0,"role":"Admin-0 capital"},"geometry":{"type":"Point","coordinates":[-78.501997,-0.213042]}},{"type":"Feature","id":"capital-0-1159150849","properties":{"name":"San José","localName":"San José","countryCode":"CRI","country":"Costa Rica","division":"San José","qid":"Q3070","rank":12,"level":0,"role":"Admin-0 capital"},"geometry":{"type":"Point","coordinates":[-84.078814,9.930371]}},{"type":"Feature","id":"capital-0-1159150853","properties":{"name":"San Salvador","localName":"San Salvador","countryCode":"SLV","country":"El Salvador","division":"San Salvador","qid":"Q3110","rank":12,"level":0,"role":"Admin-0 capital"},"geometry":{"type":"Point","coordinates":[-89.215576,13.70328]}},{"type":"Feature","id":"capital-0-1159150855","properties":{"name":"Kingston","localName":"Kingston","countryCode":"JAM","country":"Jamaica","division":"Kingston","qid":"Q34692","rank":11,"level":0,"role":"Admin-0 capital"},"geometry":{"type":"Point","coordinates":[-76.767434,17.977077]}},{"type":"Feature","id":"capital-0-1159150863","properties":{"name":"N'Djamena","localName":"N'Djamena","countryCode":"TCD","country":"Chad","division":"Hadjer-Lamis","qid":"Q3659","rank":11,"level":0,"role":"Admin-0 capital"},"geometry":{"type":"Point","coordinates":[15.047202,12.115042]}},{"type":"Feature","id":"capital-0-1159150867","properties":{"name":"Malabo","localName":"Malabo","countryCode":"GNQ","country":"Equatorial Guinea","division":"Bioko Norte","qid":"Q3818","rank":9,"level":0,"role":"Admin-0 capital"},"geometry":{"type":"Point","coordinates":[8.783278,3.750015]}},{"type":"Feature","id":"capital-0-1159150873","properties":{"name":"Asmara","localName":"Asmara","countryCode":"ERI","country":"Eritrea","division":"Anseba","qid":"Q3642","rank":11,"level":0,"role":"Admin-0 capital"},"geometry":{"type":"Point","coordinates":[38.933324,15.333339]}},{"type":"Feature","id":"capital-0-1159150875","properties":{"name":"Zagreb","localName":"Zagreb","countryCode":"HRV","country":"Croatia","division":"Grad Zagreb","qid":"Q1435","rank":11,"level":0,"role":"Admin-0 capital"},"geometry":{"type":"Point","coordinates":[15.999995,45.800007]}},{"type":"Feature","id":"capital-0-1159150877","properties":{"name":"Tallinn","localName":"Tallinn","countryCode":"EST","country":"Estonia","division":"Harju","qid":"Q1770","rank":10,"level":0,"role":"Admin-0 capital"},"geometry":{"type":"Point","coordinates":[24.728041,59.433877]}},{"type":"Feature","id":"capital-0-1159150907","properties":{"name":"Lilongwe","localName":"Lilongwe","countryCode":"MWI","country":"Malawi","division":"Lilongwe","qid":"Q3876","rank":11,"level":0,"role":"Admin-0 capital"},"geometry":{"type":"Point","coordinates":[33.783302,-13.983295]}},{"type":"Feature","id":"capital-0-1159150909","properties":{"name":"Guatemala City","localName":"Guatemala City","countryCode":"GTM","country":"Guatemala","division":"Guatemala","qid":"Q1555","rank":12,"level":0,"role":"Admin-0 capital"},"geometry":{"type":"Point","coordinates":[-90.528911,14.623081]}},{"type":"Feature","id":"capital-0-1159150913","properties":{"name":"Libreville","localName":"Libreville","countryCode":"GAB","country":"Gabon","division":"Estuaire","qid":"Q3825","rank":11,"level":0,"role":"Admin-0 capital"},"geometry":{"type":"Point","coordinates":[9.457965,0.385389]}},{"type":"Feature","id":"capital-0-1159150917","properties":{"name":"Suva","localName":"Suva","countryCode":"FJI","country":"Fiji","division":"Central","qid":"Q38807","rank":9,"level":0,"role":"Admin-0 capital"},"geometry":{"type":"Point","coordinates":[178.441707,-18.133016]}},{"type":"Feature","id":"capital-0-1159150939","properties":{"name":"Nuuk","localName":"Nuuk","countryCode":"GRL","country":"Greenland","division":"Kommuneqarfik Sermersooq","qid":"Q226","rank":6,"level":0,"role":"Admin-0 region capital"},"geometry":{"type":"Point","coordinates":[-51.732659,64.198281]}},{"type":"Feature","id":"capital-0-1159150943","properties":{"name":"Nouakchott","localName":"Nouakchott","countryCode":"MRT","country":"Mauritania","division":"Nouakchott","qid":"Q3688","rank":11,"level":0,"role":"Admin-0 capital"},"geometry":{"type":"Point","coordinates":[-15.97534,18.086427]}},{"type":"Feature","id":"capital-0-1159150945","properties":{"name":"Bamako","localName":"Bamako","countryCode":"MLI","country":"Mali","division":"Bamako","qid":"Q3703","rank":12,"level":0,"role":"Admin-0 capital"},"geometry":{"type":"Point","coordinates":[-8.001985,12.65196]}},{"type":"Feature","id":"capital-0-1159150957","properties":{"name":"Beirut","localName":"Beirut","countryCode":"LBN","country":"Lebanon","division":"Beirut","qid":"Q3820","rank":12,"level":0,"role":"Admin-0 capital"},"geometry":{"type":"Point","coordinates":[35.507762,33.873921]}},{"type":"Feature","id":"capital-0-1159150961","properties":{"name":"Tbilisi","localName":"Tbilisi","countryCode":"GEO","country":"Georgia","division":"Tbilisi","qid":"Q994","rank":12,"level":0,"role":"Admin-0 capital"},"geometry":{"type":"Point","coordinates":[44.78885,41.726956]}},{"type":"Feature","id":"capital-0-1159150965","properties":{"name":"Astana","localName":"Nur-Sultan","countryCode":"KAZ","country":"Kazakhstan","division":"Aqmola","qid":"Q1520","rank":10,"level":0,"role":"Admin-0 capital"},"geometry":{"type":"Point","coordinates":[71.427774,51.181125]}},{"type":"Feature","id":"capital-0-1159150991","properties":{"name":"Vientiane","localName":"Vientiane","countryCode":"LAO","country":"Laos","division":"Vientiane [prefecture]","qid":"Q9326","rank":11,"level":0,"role":"Admin-0 capital"},"geometry":{"type":"Point","coordinates":[102.59998,17.966693]}},{"type":"Feature","id":"capital-0-1159150993","properties":{"name":"Brazzaville","localName":"Brazzaville","countryCode":"COG","country":"Congo","division":"Pool","qid":"Q3844","rank":12,"level":0,"role":"Admin-0 capital"},"geometry":{"type":"Point","coordinates":[15.282744,-4.25724]}},{"type":"Feature","id":"capital-0-1159150997","properties":{"name":"Conakry","localName":"Conakry","countryCode":"GIN","country":"Guinea","division":"Conakry","qid":"Q3733","rank":12,"level":0,"role":"Admin-0 capital"},"geometry":{"type":"Point","coordinates":[-13.682181,9.533469]}},{"type":"Feature","id":"capital-0-1159150999","properties":{"name":"Yamoussoukro","localName":"Yamoussoukro","countryCode":"CIV","country":"Ivory Coast","division":"Lacs","qid":"Q3768","rank":10,"level":0,"role":"Admin-0 capital"},"geometry":{"type":"Point","coordinates":[-5.275503,6.818381]}},{"type":"Feature","id":"capital-0-1159151059","properties":{"name":"Ottawa","localName":"Ottawa","countryCode":"CAN","country":"Canada","division":"Ontario","qid":"Q1930","rank":12,"level":0,"role":"Admin-0 capital"},"geometry":{"type":"Point","coordinates":[-75.701961,45.418643]}},{"type":"Feature","id":"capital-0-1159151079","properties":{"name":"Belgrade","localName":"Belgrade","countryCode":"SRB","country":"Serbia","division":"Grad Beograd","qid":"Q3711","rank":12,"level":0,"role":"Admin-0 capital"},"geometry":{"type":"Point","coordinates":[20.466045,44.820591]}},{"type":"Feature","id":"capital-0-1159151083","properties":{"name":"Bandar Seri Begawan","localName":"Bandar Seri Begawan","countryCode":"BRN","country":"Brunei","division":"Brunei and Muara","qid":"Q9279","rank":10,"level":0,"role":"Admin-0 capital"},"geometry":{"type":"Point","coordinates":[114.933284,4.883331]}},{"type":"Feature","id":"capital-0-1159151095","properties":{"name":"Sucre","localName":"Sucre","countryCode":"BOL","country":"Bolivia","division":"Chuquisaca","qid":"Q2907","rank":10,"level":0,"role":"Admin-0 capital"},"geometry":{"type":"Point","coordinates":[-65.259516,-19.040971]}},{"type":"Feature","id":"capital-0-1159151109","properties":{"name":"Belmopan","localName":"Belmopan","countryCode":"BLZ","country":"Belize","division":"Cayo","qid":"Q3043","rank":6,"level":0,"role":"Admin-0 capital"},"geometry":{"type":"Point","coordinates":[-88.767073,17.252033]}},{"type":"Feature","id":"capital-0-1159151111","properties":{"name":"Bangui","localName":"Bangui","countryCode":"CAF","country":"Central African Republic","division":"Bangui","qid":"Q3832","rank":11,"level":0,"role":"Admin-0 capital"},"geometry":{"type":"Point","coordinates":[18.558288,4.366644]}},{"type":"Feature","id":"capital-0-1159151115","properties":{"name":"Yaoundé","localName":"Yaoundé","countryCode":"CMR","country":"Cameroon","division":"Centre","qid":"Q3808","rank":12,"level":0,"role":"Admin-0 capital"},"geometry":{"type":"Point","coordinates":[11.514705,3.868647]}},{"type":"Feature","id":"capital-0-1159151117","properties":{"name":"Tirana","localName":"Tirana","countryCode":"ALB","country":"Albania","division":"Durrës","qid":"Q19689","rank":11,"level":0,"role":"Admin-0 capital"},"geometry":{"type":"Point","coordinates":[19.818883,41.327541]}},{"type":"Feature","id":"capital-0-1159151119","properties":{"name":"Yerevan","localName":"Yerevan","countryCode":"ARM","country":"Armenia","division":"Erevan","qid":"Q1953","rank":12,"level":0,"role":"Admin-0 capital"},"geometry":{"type":"Point","coordinates":[44.511606,40.183097]}},{"type":"Feature","id":"capital-0-1159151123","properties":{"name":"Baku","localName":"Baku","countryCode":"AZE","country":"Azerbaijan","division":"Baki","qid":"Q9248","rank":12,"level":0,"role":"Admin-0 capital"},"geometry":{"type":"Point","coordinates":[49.860271,40.397218]}},{"type":"Feature","id":"capital-0-1159151127","properties":{"name":"Phnom Penh","localName":"Phnom Penh","countryCode":"KHM","country":"Cambodia","division":"Phnom Penh","qid":"Q1850","rank":12,"level":0,"role":"Admin-0 capital"},"geometry":{"type":"Point","coordinates":[104.914689,11.551976]}},{"type":"Feature","id":"capital-0-1159151133","properties":{"name":"La Paz","localName":"La Paz","countryCode":"BOL","country":"Bolivia","division":"La Paz","qid":"Q1491","rank":12,"level":0,"role":"Admin-0 capital"},"geometry":{"type":"Point","coordinates":[-68.151931,-16.496028]}},{"type":"Feature","id":"capital-0-1159151141","properties":{"name":"Cotonou","localName":"Cotonou","countryCode":"BEN","country":"Benin","division":"Ouémé","qid":"Q43595","rank":11,"level":0,"role":"Admin-0 capital"},"geometry":{"type":"Point","coordinates":[2.404355,6.36298]}},{"type":"Feature","id":"capital-0-1159151147","properties":{"name":"Sofia","localName":"Sofia","countryCode":"BGR","country":"Bulgaria","division":"Grad Sofiya","qid":"Q472","rank":12,"level":0,"role":"Admin-0 capital"},"geometry":{"type":"Point","coordinates":[23.314708,42.685295]}},{"type":"Feature","id":"capital-0-1159151149","properties":{"name":"Minsk","localName":"Minsk","countryCode":"BLR","country":"Belarus","division":"Minsk","qid":"Q2280","rank":12,"level":0,"role":"Admin-0 capital"},"geometry":{"type":"Point","coordinates":[27.564681,53.901923]}},{"type":"Feature","id":"capital-0-1159151151","properties":{"name":"Thimphu","localName":"Thimphu","countryCode":"BTN","country":"Bhutan","division":"Thimphu","qid":"Q9270","rank":8,"level":0,"role":"Admin-0 capital"},"geometry":{"type":"Point","coordinates":[89.639014,27.472986]}},{"type":"Feature","id":"capital-0-1159151153","properties":{"name":"Gaborone","localName":"Gaborone","countryCode":"BWA","country":"Botswana","division":"South-East","qid":"Q3919","rank":10,"level":0,"role":"Admin-0 capital"},"geometry":{"type":"Point","coordinates":[25.911948,-24.646314]}},{"type":"Feature","id":"capital-0-1159151161","properties":{"name":"Canberra","localName":"Canberra","countryCode":"AUS","country":"Australia","division":"Australian Capital Territory","qid":"Q3114","rank":10,"level":0,"role":"Admin-0 capital"},"geometry":{"type":"Point","coordinates":[149.129026,-35.283029]}},{"type":"Feature","id":"capital-0-1159151173","properties":{"name":"Ouagadougou","localName":"Ouagadougou","countryCode":"BFA","country":"Burkina Faso","division":"Kadiogo","qid":"Q3777","rank":12,"level":0,"role":"Admin-0 capital"},"geometry":{"type":"Point","coordinates":[-1.52667,12.372262]}},{"type":"Feature","id":"capital-0-1159151177","properties":{"name":"Sarajevo","localName":"Sarajevo","countryCode":"BIH","country":"Bosnia and Herzegovina","division":"Sarajevo","qid":"Q11194","rank":11,"level":0,"role":"Admin-0 capital"},"geometry":{"type":"Point","coordinates":[18.383002,43.850022]}},{"type":"Feature","id":"capital-0-1159151179","properties":{"name":"Naypyidaw","localName":"Naypyidaw","countryCode":"MMR","country":"Myanmar","division":"Mandalay","qid":"Q37400","rank":11,"level":0,"role":"Admin-0 capital"},"geometry":{"type":"Point","coordinates":[96.116673,19.768503]}},{"type":"Feature","id":"capital-0-1159151181","properties":{"name":"San Juan","localName":"San Juan","countryCode":"PRI","country":"Puerto Rico","division":null,"qid":"Q41211","rank":12,"level":0,"role":"Admin-1 capital"},"geometry":{"type":"Point","coordinates":[-66.129979,18.440023]}},{"type":"Feature","id":"capital-0-1159151183","properties":{"name":"Stanley","localName":"Stanley","countryCode":"FLK","country":"Falkland Islands","division":null,"qid":"Q12245","rank":4,"level":0,"role":"Admin-0 region capital"},"geometry":{"type":"Point","coordinates":[-57.849968,-51.700011]}},{"type":"Feature","id":"capital-0-1159151185","properties":{"name":"Hamilton","localName":"Hamilton","countryCode":"BMU","country":"Bermuda","division":null,"qid":"Q30985","rank":8,"level":0,"role":"Admin-0 region capital"},"geometry":{"type":"Point","coordinates":[-64.783937,32.29419]}},{"type":"Feature","id":"capital-0-1159151187","properties":{"name":"Nuku'alofa","localName":"Nuku'alofa","countryCode":"TON","country":"Tonga","division":null,"qid":"Q38834","rank":7,"level":0,"role":"Admin-0 capital"},"geometry":{"type":"Point","coordinates":[-175.220564,-21.138512]}},{"type":"Feature","id":"capital-0-1159151189","properties":{"name":"Hargeisa","localName":"Hargeisa","countryCode":"SOL","country":"Somaliland","division":null,"qid":"Q168652","rank":10,"level":0,"role":"Admin-0 capital"},"geometry":{"type":"Point","coordinates":[44.06531,9.560022]}},{"type":"Feature","id":"capital-0-1159151191","properties":{"name":"Victoria","localName":"Victoria","countryCode":"SYC","country":"Seychelles","division":null,"qid":"Q3940","rank":7,"level":0,"role":"Admin-0 capital"},"geometry":{"type":"Point","coordinates":[55.44999,-4.616632]}},{"type":"Feature","id":"capital-0-1159151195","properties":{"name":"São Tomé","localName":"São Tomé","countryCode":"STP","country":"São Tomé and Príncipe","division":null,"qid":"Q3932","rank":8,"level":0,"role":"Admin-0 capital"},"geometry":{"type":"Point","coordinates":[6.72965,0.337466]}},{"type":"Feature","id":"capital-0-1159151197","properties":{"name":"Apia","localName":"Apia","countryCode":"WSM","country":"Samoa","division":null,"qid":"Q36260","rank":8,"level":0,"role":"Admin-0 capital"},"geometry":{"type":"Point","coordinates":[-171.768599,-13.835715]}},{"type":"Feature","id":"capital-0-1159151199","properties":{"name":"Valletta","localName":"Valletta","countryCode":"MLT","country":"Malta","division":null,"qid":"Q23800","rank":10,"level":0,"role":"Admin-0 capital"},"geometry":{"type":"Point","coordinates":[14.514711,35.899732]}},{"type":"Feature","id":"capital-0-1159151201","properties":{"name":"Malé","localName":"Malé","countryCode":"MDV","country":"Maldives","division":null,"qid":"Q9347","rank":9,"level":0,"role":"Admin-0 capital"},"geometry":{"type":"Point","coordinates":[73.508901,4.172037]}},{"type":"Feature","id":"capital-0-1159151203","properties":{"name":"Jerusalem","localName":"Jerusalem","countryCode":"ISR","country":"Israel","division":"Jerusalem","qid":"Q1218","rank":12,"level":0,"role":"Admin-0 capital"},"geometry":{"type":"Point","coordinates":[35.206626,31.778408]}},{"type":"Feature","id":"capital-0-1159151205","properties":{"name":"Praia","localName":"Praia","countryCode":"CPV","country":"Cape Verde","division":null,"qid":"Q3751","rank":9,"level":0,"role":"Admin-0 capital"},"geometry":{"type":"Point","coordinates":[-23.516689,14.916698]}},{"type":"Feature","id":"capital-0-1159151207","properties":{"name":"Nassau","localName":"Nassau","countryCode":"BHS","country":"Bahamas","division":null,"qid":"Q2467","rank":10,"level":0,"role":"Admin-0 capital"},"geometry":{"type":"Point","coordinates":[-77.350044,25.08339]}},{"type":"Feature","id":"capital-0-1159151209","properties":{"name":"Nicosia","localName":"Nicosia","countryCode":"CYP","country":"Cyprus","division":null,"qid":"Q3856","rank":10,"level":0,"role":"Admin-0 capital"},"geometry":{"type":"Point","coordinates":[33.366635,35.166677]}},{"type":"Feature","id":"capital-0-1159151251","properties":{"name":"Hanoi","localName":"Hanoi","countryCode":"VNM","country":"Vietnam","division":"Thái Nguyên","qid":"Q1858","rank":12,"level":0,"role":"Admin-0 capital"},"geometry":{"type":"Point","coordinates":[105.848068,21.035273]}},{"type":"Feature","id":"capital-0-1159151255","properties":{"name":"Ankara","localName":"Ankara","countryCode":"TUR","country":"Türkiye","division":"Ankara","qid":"Q3640","rank":12,"level":0,"role":"Admin-0 capital"},"geometry":{"type":"Point","coordinates":[32.862446,39.929184]}},{"type":"Feature","id":"capital-0-1159151257","properties":{"name":"Budapest","localName":"Budapest","countryCode":"HUN","country":"Hungary","division":"Budapest","qid":"Q1781","rank":12,"level":0,"role":"Admin-0 capital"},"geometry":{"type":"Point","coordinates":[19.081375,47.501952]}},{"type":"Feature","id":"capital-0-1159151259","properties":{"name":"Sana'a","localName":"Sanaa","countryCode":"YEM","country":"Yemen","division":"Amanat Al Asimah","qid":"Q2471","rank":12,"level":0,"role":"Admin-0 capital"},"geometry":{"type":"Point","coordinates":[44.204648,15.356679]}},{"type":"Feature","id":"capital-0-1159151263","properties":{"name":"Bucharest","localName":"Bucharest","countryCode":"ROU","country":"Romania","division":"Bucharest","qid":"Q19660","rank":12,"level":0,"role":"Admin-0 capital"},"geometry":{"type":"Point","coordinates":[26.098001,44.435318]}},{"type":"Feature","id":"capital-0-1159151269","properties":{"name":"Damascus","localName":"Damascus","countryCode":"SYR","country":"Syria","division":"Damascus","qid":"Q3766","rank":12,"level":0,"role":"Admin-0 capital"},"geometry":{"type":"Point","coordinates":[36.29805,33.50198]}},{"type":"Feature","id":"capital-0-1159151273","properties":{"name":"Lisbon","localName":"Lisbon","countryCode":"PRT","country":"Portugal","division":"Lisboa","qid":"Q597","rank":12,"level":0,"role":"Admin-0 capital"},"geometry":{"type":"Point","coordinates":[-9.146812,38.724669]}},{"type":"Feature","id":"capital-0-1159151275","properties":{"name":"Khartoum","localName":"Khartoum","countryCode":"SDN","country":"Sudan","division":"Khartoum","qid":"Q1963","rank":12,"level":0,"role":"Admin-0 capital"},"geometry":{"type":"Point","coordinates":[32.532233,15.590024]}},{"type":"Feature","id":"capital-0-1159151281","properties":{"name":"Oslo","localName":"Oslo","countryCode":"NOR","country":"Norway","division":"Oslo","qid":"Q585","rank":11,"level":0,"role":"Admin-0 capital"},"geometry":{"type":"Point","coordinates":[10.748033,59.918636]}},{"type":"Feature","id":"capital-0-1159151299","properties":{"name":"Warsaw","localName":"Warsaw","countryCode":"POL","country":"Poland","division":"Masovian","qid":"Q270","rank":12,"level":0,"role":"Admin-0 capital"},"geometry":{"type":"Point","coordinates":[21.005347,52.230872]}},{"type":"Feature","id":"capital-0-1159151309","properties":{"name":"Dublin","localName":"Dublin","countryCode":"IRL","country":"Ireland","division":"Dublin","qid":"Q1761","rank":12,"level":0,"role":"Admin-0 capital"},"geometry":{"type":"Point","coordinates":[-6.25698,53.346731]}},{"type":"Feature","id":"capital-0-1159151311","properties":{"name":"Monrovia","localName":"Monrovia","countryCode":"LBR","country":"Liberia","division":"Montserrado","qid":"Q3748","rank":12,"level":0,"role":"Admin-0 capital"},"geometry":{"type":"Point","coordinates":[-10.79966,6.314582]}},{"type":"Feature","id":"capital-0-1159151317","properties":{"name":"Kuala Lumpur","localName":"Kuala Lumpur","countryCode":"MYS","country":"Malaysia","division":"Selangor","qid":"Q1865","rank":12,"level":0,"role":"Admin-0 capital"},"geometry":{"type":"Point","coordinates":[101.688699,3.139797]}},{"type":"Feature","id":"capital-0-1159151347","properties":{"name":"Havana","localName":"Havana","countryCode":"CUB","country":"Cuba","division":"Ciudad de la Habana","qid":"Q1563","rank":12,"level":0,"role":"Admin-0 capital"},"geometry":{"type":"Point","coordinates":[-82.366128,23.133905]}},{"type":"Feature","id":"capital-0-1159151359","properties":{"name":"Prague","localName":"Prague","countryCode":"CZE","country":"Czechia","division":"Prague","qid":"Q1085","rank":12,"level":0,"role":"Admin-0 capital"},"geometry":{"type":"Point","coordinates":[14.422939,50.086967]}},{"type":"Feature","id":"capital-0-1159151361","properties":{"name":"Kuwait City","localName":"Kuwait City","countryCode":"KWT","country":"Kuwait","division":"Al Kuwayt","qid":"Q35178","rank":12,"level":0,"role":"Admin-0 capital"},"geometry":{"type":"Point","coordinates":[47.976355,29.371664]}},{"type":"Feature","id":"capital-0-1159151401","properties":{"name":"Santo Domingo","localName":"Santo Domingo","countryCode":"DOM","country":"Dominican Republic","division":"Distrito Nacional","qid":"Q34820","rank":12,"level":0,"role":"Admin-0 capital"},"geometry":{"type":"Point","coordinates":[-69.929742,18.470745]}},{"type":"Feature","id":"capital-0-1159151403","properties":{"name":"Accra","localName":"Accra","countryCode":"GHA","country":"Ghana","division":"Greater Accra","qid":"Q3761","rank":12,"level":0,"role":"Admin-0 capital"},"geometry":{"type":"Point","coordinates":[-0.218662,5.55198]}},{"type":"Feature","id":"capital-0-1159151415","properties":{"name":"Tripoli","localName":"Tripoli","countryCode":"LBY","country":"Libya","division":"Tajura' wa an Nawahi al Arba","qid":"Q3579","rank":12,"level":0,"role":"Admin-0 capital"},"geometry":{"type":"Point","coordinates":[13.180012,32.8925]}},{"type":"Feature","id":"capital-0-1159151419","properties":{"name":"Helsinki","localName":"Helsinki","countryCode":"FIN","country":"Finland","division":"Southern Finland","qid":"Q1757","rank":12,"level":0,"role":"Admin-0 capital"},"geometry":{"type":"Point","coordinates":[24.932457,60.163804]}},{"type":"Feature","id":"capital-0-1159151437","properties":{"name":"Copenhagen","localName":"København","countryCode":"DNK","country":"Denmark","division":"Hovedstaden","qid":"Q1748","rank":12,"level":0,"role":"Admin-0 capital"},"geometry":{"type":"Point","coordinates":[12.56154,55.68051]}},{"type":"Feature","id":"capital-0-1159151439","properties":{"name":"Abidjan","localName":"Abidjan","countryCode":"CIV","country":"Ivory Coast","division":"Lagunes","qid":"Q1515","rank":12,"level":0,"role":"Admin-0 capital"},"geometry":{"type":"Point","coordinates":[-4.020207,5.323126]}},{"type":"Feature","id":"capital-0-1159151443","properties":{"name":"Brasília","localName":"Brasília","countryCode":"BRA","country":"Brazil","division":"Distrito Federal","qid":"Q2844","rank":12,"level":0,"role":"Admin-0 capital"},"geometry":{"type":"Point","coordinates":[-47.917998,-15.781394]}},{"type":"Feature","id":"capital-0-1159151465","properties":{"name":"Brussels","localName":"Brussels","countryCode":"BEL","country":"Belgium","division":"Brussels","qid":"Q239","rank":12,"level":0,"role":"Admin-0 capital"},"geometry":{"type":"Point","coordinates":[4.331371,50.835263]}},{"type":"Feature","id":"capital-0-1159151467","properties":{"name":"Dhaka","localName":"Dhaka","countryCode":"BGD","country":"Bangladesh","division":"Dhaka","qid":"Q1354","rank":14,"level":0,"role":"Admin-0 capital"},"geometry":{"type":"Point","coordinates":[90.406634,23.725006]}},{"type":"Feature","id":"capital-0-1159151469","properties":{"name":"Luanda","localName":"Luanda","countryCode":"AGO","country":"Angola","division":"Luanda","qid":"Q3897","rank":13,"level":0,"role":"Admin-0 capital"},"geometry":{"type":"Point","coordinates":[13.232481,-8.83634]}},{"type":"Feature","id":"capital-0-1159151471","properties":{"name":"Algiers","localName":"Algiers","countryCode":"DZA","country":"Algeria","division":"Alger","qid":"Q3561","rank":12,"level":0,"role":"Admin-0 capital"},"geometry":{"type":"Point","coordinates":[3.048607,36.765011]}},{"type":"Feature","id":"capital-0-1159151493","properties":{"name":"Caracas","localName":"Caracas","countryCode":"VEN","country":"Venezuela","division":"Distrito Capital","qid":"Q1533","rank":12,"level":0,"role":"Admin-0 capital"},"geometry":{"type":"Point","coordinates":[-66.918983,10.502944]}},{"type":"Feature","id":"capital-0-1159151495","properties":{"name":"Kyiv","localName":"Kyiv","countryCode":"UKR","country":"Ukraine","division":"Kiev","qid":"Q1899","rank":12,"level":0,"role":"Admin-0 capital"},"geometry":{"type":"Point","coordinates":[30.514682,50.435313]}},{"type":"Feature","id":"capital-0-1159151501","properties":{"name":"Tashkent","localName":"Tashkent","countryCode":"UZB","country":"Uzbekistan","division":"Tashkent","qid":"Q269","rank":12,"level":0,"role":"Admin-0 capital"},"geometry":{"type":"Point","coordinates":[69.268823,41.303828]}},{"type":"Feature","id":"capital-0-1159151503","properties":{"name":"Madrid","localName":"Madrid","countryCode":"ESP","country":"Spain","division":"Comunidad de Madrid","qid":"Q2807","rank":13,"level":0,"role":"Admin-0 capital"},"geometry":{"type":"Point","coordinates":[-3.685297,40.401972]}},{"type":"Feature","id":"capital-0-1159151507","properties":{"name":"Stockholm","localName":"Stockholm","countryCode":"SWE","country":"Sweden","division":"Stockholm","qid":"Q1754","rank":12,"level":0,"role":"Admin-0 capital"},"geometry":{"type":"Point","coordinates":[18.0663,59.324127]}},{"type":"Feature","id":"capital-0-1159151509","properties":{"name":"Bangkok","localName":"Bangkok","countryCode":"THA","country":"Thailand","division":"Bangkok Metropolis","qid":"Q1861","rank":13,"level":0,"role":"Admin-0 capital"},"geometry":{"type":"Point","coordinates":[100.514699,13.751945]}},{"type":"Feature","id":"capital-0-1159151511","properties":{"name":"Lima","localName":"Lima","countryCode":"PER","country":"Peru","division":"Lima","qid":"Q2868","rank":13,"level":0,"role":"Admin-0 capital"},"geometry":{"type":"Point","coordinates":[-77.052008,-12.046067]}},{"type":"Feature","id":"capital-0-1159151513","properties":{"name":"Dakar","localName":"Dakar","countryCode":"SEN","country":"Senegal","division":"Dakar","qid":"Q3718","rank":12,"level":0,"role":"Admin-0 capital"},"geometry":{"type":"Point","coordinates":[-17.475076,14.717778]}},{"type":"Feature","id":"capital-0-1159151519","properties":{"name":"Amsterdam","localName":"Amsterdam","countryCode":"NLD","country":"Netherlands","division":"Noord-Holland","qid":"Q727","rank":12,"level":0,"role":"Admin-0 capital"},"geometry":{"type":"Point","coordinates":[4.914694,52.351914]}},{"type":"Feature","id":"capital-0-1159151523","properties":{"name":"Seoul","localName":"Seoul","countryCode":"KOR","country":"South Korea","division":"Seoul","qid":"Q8684","rank":13,"level":0,"role":"Admin-0 capital"},"geometry":{"type":"Point","coordinates":[126.997785,37.568295]}},{"type":"Feature","id":"capital-0-1159151525","properties":{"name":"Manila","localName":"Manila","countryCode":"PHL","country":"Philippines","division":"Metropolitan Manila","qid":"Q1461","rank":14,"level":0,"role":"Admin-0 capital"},"geometry":{"type":"Point","coordinates":[120.980271,14.606105]}},{"type":"Feature","id":"capital-0-1159151529","properties":{"name":"Berlin","localName":"Berlin","countryCode":"DEU","country":"Germany","division":"Berlin","qid":"Q64","rank":12,"level":0,"role":"Admin-0 capital"},"geometry":{"type":"Point","coordinates":[13.399603,52.523764]}},{"type":"Feature","id":"capital-0-1159151539","properties":{"name":"Kinshasa","localName":"Kinshasa","countryCode":"COD","country":"DR Congo","division":"Kinshasa City","qid":"Q3838","rank":13,"level":0,"role":"Admin-0 capital"},"geometry":{"type":"Point","coordinates":[15.313026,-4.327778]}},{"type":"Feature","id":"capital-0-1159151541","properties":{"name":"New Delhi","localName":"New Delhi","countryCode":"IND","country":"India","division":"Delhi","qid":"Q987","rank":10,"level":0,"role":"Admin-0 capital"},"geometry":{"type":"Point","coordinates":[77.19998,28.600023]}},{"type":"Feature","id":"capital-0-1159151545","properties":{"name":"Athens","localName":"Athens","countryCode":"GRC","country":"Greece","division":"Attiki","qid":"Q1524","rank":12,"level":0,"role":"Admin-0 capital"},"geometry":{"type":"Point","coordinates":[23.731375,37.985272]}},{"type":"Feature","id":"capital-0-1159151547","properties":{"name":"Baghdad","localName":"Baghdad","countryCode":"IRQ","country":"Iraq","division":"Baghdad","qid":"Q1530","rank":13,"level":0,"role":"Admin-0 capital"},"geometry":{"type":"Point","coordinates":[44.391923,33.340594]}},{"type":"Feature","id":"capital-0-1159151549","properties":{"name":"Addis Ababa","localName":"Addis Ababa","countryCode":"ETH","country":"Ethiopia","division":"Addis Ababa","qid":"Q3624","rank":12,"level":0,"role":"Admin-0 capital"},"geometry":{"type":"Point","coordinates":[38.698059,9.035256]}},{"type":"Feature","id":"capital-0-1159151551","properties":{"name":"Tehran","localName":"Tehran","countryCode":"IRN","country":"Iran","division":"Tehran","qid":"Q3616","rank":13,"level":0,"role":"Admin-0 capital"},"geometry":{"type":"Point","coordinates":[51.422398,35.673889]}},{"type":"Feature","id":"capital-0-1159151559","properties":{"name":"Buenos Aires","localName":"Buenos Aires","countryCode":"ARG","country":"Argentina","division":"Ciudad de Buenos Aires","qid":"Q1486","rank":14,"level":0,"role":"Admin-0 capital"},"geometry":{"type":"Point","coordinates":[-58.432513,-34.610715]}},{"type":"Feature","id":"capital-0-1159151561","properties":{"name":"Kabul","localName":"Kabul","countryCode":"AFG","country":"Afghanistan","division":"Kabul","qid":"Q5838","rank":12,"level":0,"role":"Admin-0 capital"},"geometry":{"type":"Point","coordinates":[69.181314,34.518636]}},{"type":"Feature","id":"capital-0-1159151563","properties":{"name":"Vienna","localName":"Vienna","countryCode":"AUT","country":"Austria","division":"Wien","qid":"Q1741","rank":12,"level":0,"role":"Admin-0 capital"},"geometry":{"type":"Point","coordinates":[16.364693,48.201961]}},{"type":"Feature","id":"capital-0-1159151567","properties":{"name":"Taipei","localName":"Taipei","countryCode":"TWN","country":"Taiwan","division":"Taipei City","qid":"Q1867","rank":13,"level":0,"role":"Admin-0 capital"},"geometry":{"type":"Point","coordinates":[121.568333,25.035833]}},{"type":"Feature","id":"capital-0-1159151573","properties":{"name":"Washington D.C.","localName":"Washington,  D.C.","countryCode":"USA","country":"United States","division":"District of Columbia","qid":"Q61","rank":12,"level":0,"role":"Admin-0 capital"},"geometry":{"type":"Point","coordinates":[-77.011364,38.901495]}},{"type":"Feature","id":"capital-0-1159151577","properties":{"name":"London","localName":"London","countryCode":"GBR","country":"United Kingdom","division":"Westminster","qid":"Q84","rank":13,"level":0,"role":"Admin-0 capital"},"geometry":{"type":"Point","coordinates":[-0.118668,51.501941]}},{"type":"Feature","id":"capital-0-1159151581","properties":{"name":"Riyadh","localName":"Riyadh","countryCode":"SAU","country":"Saudi Arabia","division":"Ar Riyad","qid":"Q3692","rank":12,"level":0,"role":"Admin-0 capital"},"geometry":{"type":"Point","coordinates":[46.720487,24.634497]}},{"type":"Feature","id":"capital-0-1159151583","properties":{"name":"Cape Town","localName":"Cape Town","countryCode":"ZAF","country":"South Africa","division":"Western Cape","qid":"Q5465","rank":12,"level":0,"role":"Admin-0 capital"},"geometry":{"type":"Point","coordinates":[18.433042,-33.918065]}},{"type":"Feature","id":"capital-0-1159151585","properties":{"name":"Moscow","localName":"Moscow","countryCode":"RUS","country":"Russia","division":"Moskva","qid":"Q649","rank":14,"level":0,"role":"Admin-0 capital"},"geometry":{"type":"Point","coordinates":[37.613577,55.75411]}},{"type":"Feature","id":"capital-0-1159151587","properties":{"name":"Mexico City","localName":"Mexico City","countryCode":"MEX","country":"Mexico","division":"Distrito Federal","qid":"Q1489","rank":14,"level":0,"role":"Admin-0 capital"},"geometry":{"type":"Point","coordinates":[-99.132934,19.444388]}},{"type":"Feature","id":"capital-0-1159151593","properties":{"name":"Rome","localName":"Rome","countryCode":"ITA","country":"Italy","division":"Lazio","qid":"Q220","rank":12,"level":0,"role":"Admin-0 capital"},"geometry":{"type":"Point","coordinates":[12.481313,41.897902]}},{"type":"Feature","id":"capital-0-1159151595","properties":{"name":"Beijing","localName":"Beijing","countryCode":"CHN","country":"China","division":"Beijing","qid":"Q956","rank":14,"level":0,"role":"Admin-0 capital"},"geometry":{"type":"Point","coordinates":[116.394201,39.90172]}},{"type":"Feature","id":"capital-0-1159151597","properties":{"name":"Nairobi","localName":"Nairobi","countryCode":"KEN","country":"Kenya","division":"Nairobi","qid":"Q3870","rank":12,"level":0,"role":"Admin-0 capital"},"geometry":{"type":"Point","coordinates":[36.814711,-1.281401]}},{"type":"Feature","id":"capital-0-1159151599","properties":{"name":"Jakarta","localName":"Jakarta","countryCode":"IDN","country":"Indonesia","division":"Jakarta Raya","qid":"Q3630","rank":13,"level":0,"role":"Admin-0 capital"},"geometry":{"type":"Point","coordinates":[106.827492,-6.172472]}},{"type":"Feature","id":"capital-0-1159151601","properties":{"name":"Bogotá","localName":"Bogota","countryCode":"COL","country":"Colombia","division":"Bogota","qid":"Q2841","rank":13,"level":0,"role":"Admin-0 capital"},"geometry":{"type":"Point","coordinates":[-74.08529,4.598369]}},{"type":"Feature","id":"capital-0-1159151603","properties":{"name":"Cairo","localName":"Cairo","countryCode":"EGY","country":"Egypt","division":"Al Qahirah","qid":"Q85","rank":14,"level":0,"role":"Admin-0 capital"},"geometry":{"type":"Point","coordinates":[31.248022,30.051906]}},{"type":"Feature","id":"capital-0-1159151609","properties":{"name":"Tokyo","localName":"Tokyo","countryCode":"JPN","country":"Japan","division":"Tokyo","qid":"Q1490","rank":14,"level":0,"role":"Admin-0 capital"},"geometry":{"type":"Point","coordinates":[139.749462,35.686963]}},{"type":"Feature","id":"capital-0-1159151613","properties":{"name":"Paris","localName":"Paris","countryCode":"FRA","country":"France","division":"Île-de-France","qid":"Q90","rank":13,"level":0,"role":"Admin-0 capital"},"geometry":{"type":"Point","coordinates":[2.352992,48.858092]}},{"type":"Feature","id":"capital-0-1159151615","properties":{"name":"Santiago","localName":"Santiago","countryCode":"CHL","country":"Chile","division":"Región Metropolitana de Santiago","qid":"Q2887","rank":13,"level":0,"role":"Admin-0 capital"},"geometry":{"type":"Point","coordinates":[-70.650504,-33.440205]}},{"type":"Feature","id":"capital-0-1159151627","properties":{"name":"Singapore","localName":"Singapore","countryCode":"SGP","country":"Singapore","division":null,"qid":"Q334","rank":13,"level":0,"role":"Admin-0 capital"},"geometry":{"type":"Point","coordinates":[103.853875,1.294979]}},{"type":"Feature","id":"capital-0-1159151629","properties":{"name":"Hong Kong","localName":"Hong Kong","countryCode":"HKG","country":"Hong Kong","division":null,"qid":"Q8646","rank":13,"level":0,"role":"Admin-0 region capital"},"geometry":{"type":"Point","coordinates":[114.183064,22.306927]}},{"type":"Feature","id":"capital-0-1159151699","properties":{"name":"Wellington","localName":"Wellington","countryCode":"NZL","country":"New Zealand","division":"Manawatu-Wanganui","qid":"Q23661","rank":10,"level":0,"role":"Admin-0 capital"},"geometry":{"type":"Point","coordinates":[174.777201,-41.292068]}},{"type":"Feature","id":"capital-0-1159151741","properties":{"name":"Alofi","localName":"Alofi","countryCode":"NIU","country":"Niue","division":"Niue aggregation","qid":"Q30966","rank":2,"level":0,"role":"Admin-1 capital"},"geometry":{"type":"Point","coordinates":[-169.913625,-19.065988]}},{"type":"Feature","id":"capital-0-fallback-AIA-0","properties":{"name":"The Valley","localName":"The Valley","countryCode":"AIA","country":"Anguilla","division":null,"qid":null,"rank":7,"level":0,"role":"Capital or government seat"},"geometry":{"type":"Point","coordinates":[-63.051667,18.220833]}},{"type":"Feature","id":"capital-0-fallback-ATF-1","properties":{"name":"Port-aux-Français","localName":"Port-aux-Français","countryCode":"ATF","country":"French Southern and Antarctic Lands","division":null,"qid":null,"rank":7,"level":0,"role":"Capital or government seat"},"geometry":{"type":"Point","coordinates":[70.216667,-49.35]}},{"type":"Feature","id":"capital-0-fallback-BLM-2","properties":{"name":"Gustavia","localName":"Gustavia","countryCode":"BLM","country":"Saint Barthélemy","division":null,"qid":null,"rank":7,"level":0,"role":"Capital or government seat"},"geometry":{"type":"Point","coordinates":[-62.849167,17.898611]}},{"type":"Feature","id":"capital-0-fallback-GGY-3","properties":{"name":"St. Peter Port","localName":"St. Peter Port","countryCode":"GGY","country":"Guernsey","division":null,"qid":null,"rank":7,"level":0,"role":"Capital or government seat"},"geometry":{"type":"Point","coordinates":[-2.55194,49.46]}},{"type":"Feature","id":"capital-0-fallback-IOT-4","properties":{"name":"Diego Garcia","localName":"Diego Garcia","countryCode":"IOT","country":"British Indian Ocean Territory","division":null,"qid":null,"rank":7,"level":0,"role":"Capital or government seat"},"geometry":{"type":"Point","coordinates":[72.411111,-7.313333]}},{"type":"Feature","id":"capital-0-fallback-JEY-5","properties":{"name":"Saint Helier","localName":"Saint Helier","countryCode":"JEY","country":"Jersey","division":null,"qid":null,"rank":7,"level":0,"role":"Capital or government seat"},"geometry":{"type":"Point","coordinates":[-2.11,49.185833]}},{"type":"Feature","id":"capital-0-fallback-MAF-6","properties":{"name":"Marigot","localName":"Marigot","countryCode":"MAF","country":"Saint Martin","division":null,"qid":null,"rank":7,"level":0,"role":"Capital or government seat"},"geometry":{"type":"Point","coordinates":[-63.084722,18.066667]}},{"type":"Feature","id":"capital-0-fallback-MNP-7","properties":{"name":"Saipan","localName":"Saipan","countryCode":"MNP","country":"Northern Mariana Islands","division":null,"qid":null,"rank":7,"level":0,"role":"Capital or government seat"},"geometry":{"type":"Point","coordinates":[145.7545,15.21233]}},{"type":"Feature","id":"capital-0-fallback-MSR-8","properties":{"name":"Plymouth","localName":"Plymouth","countryCode":"MSR","country":"Montserrat","division":null,"qid":null,"rank":7,"level":0,"role":"Capital or government seat"},"geometry":{"type":"Point","coordinates":[-62.215839,16.706417]}},{"type":"Feature","id":"capital-0-fallback-MSR-9","properties":{"name":"Brades","localName":"Brades","countryCode":"MSR","country":"Montserrat","division":null,"qid":null,"rank":7,"level":0,"role":"Capital or government seat"},"geometry":{"type":"Point","coordinates":[-62.210556,16.792778]}},{"type":"Feature","id":"capital-0-fallback-NFK-10","properties":{"name":"Kingston","localName":"Kingston","countryCode":"NFK","country":"Norfolk Island","division":null,"qid":null,"rank":7,"level":0,"role":"Capital or government seat"},"geometry":{"type":"Point","coordinates":[167.966667,-29.05]}},{"type":"Feature","id":"capital-0-fallback-NRU-11","properties":{"name":"Yaren","localName":"Yaren","countryCode":"NRU","country":"Nauru","division":null,"qid":null,"rank":7,"level":0,"role":"Capital or government seat"},"geometry":{"type":"Point","coordinates":[166.920867,-0.5477]}},{"type":"Feature","id":"capital-0-fallback-PCN-12","properties":{"name":"Adamstown","localName":"Adamstown","countryCode":"PCN","country":"Pitcairn Islands","division":null,"qid":null,"rank":7,"level":0,"role":"Capital or government seat"},"geometry":{"type":"Point","coordinates":[-130.1,-25.066667]}},{"type":"Feature","id":"capital-0-fallback-SAH-13","properties":{"name":"El Aaiún","localName":"El Aaiún","countryCode":"SAH","country":"Western Sahara","division":null,"qid":null,"rank":7,"level":0,"role":"Capital or government seat"},"geometry":{"type":"Point","coordinates":[-13.203333,27.153611]}},{"type":"Feature","id":"capital-0-fallback-SGS-14","properties":{"name":"King Edward Point","localName":"King Edward Point","countryCode":"SGS","country":"South Georgia","division":null,"qid":null,"rank":7,"level":0,"role":"Capital or government seat"},"geometry":{"type":"Point","coordinates":[-36.494182,-54.283291]}},{"type":"Feature","id":"capital-0-fallback-SHN-15","properties":{"name":"Jamestown","localName":"Jamestown","countryCode":"SHN","country":"Saint Helena, Ascension and Tristan da Cunha","division":null,"qid":null,"rank":7,"level":0,"role":"Capital or government seat"},"geometry":{"type":"Point","coordinates":[-5.7181,-15.9244]}},{"type":"Feature","id":"capital-0-fallback-SPM-16","properties":{"name":"Saint-Pierre","localName":"Saint-Pierre","countryCode":"SPM","country":"Saint Pierre and Miquelon","division":null,"qid":null,"rank":7,"level":0,"role":"Capital or government seat"},"geometry":{"type":"Point","coordinates":[-56.177778,46.777778]}},{"type":"Feature","id":"capital-0-fallback-SXM-17","properties":{"name":"Philipsburg","localName":"Philipsburg","countryCode":"SXM","country":"Sint Maarten","division":null,"qid":null,"rank":7,"level":0,"role":"Capital or government seat"},"geometry":{"type":"Point","coordinates":[-63.043333,18.024167]}},{"type":"Feature","id":"capital-0-fallback-VGB-18","properties":{"name":"Road Town","localName":"Road Town","countryCode":"VGB","country":"British Virgin Islands","division":null,"qid":null,"rank":7,"level":0,"role":"Capital or government seat"},"geometry":{"type":"Point","coordinates":[-64.616667,18.433333]}},{"type":"Feature","id":"capital-0-fallback-VIR-19","properties":{"name":"Charlotte Amalie","localName":"Charlotte Amalie","countryCode":"VIR","country":"United States Virgin Islands","division":null,"qid":null,"rank":7,"level":0,"role":"Capital or government seat"},"geometry":{"type":"Point","coordinates":[-64.95,18.35]}},{"type":"Feature","id":"capital-0-fallback-WLF-20","properties":{"name":"Mata-Utu","localName":"Mata-Utu","countryCode":"WLF","country":"Wallis and Futuna","division":null,"qid":null,"rank":7,"level":0,"role":"Capital or government seat"},"geometry":{"type":"Point","coordinates":[-176.1737,-13.2827]}}]}