{"type":"FeatureCollection","features":[{"type":"Feature","id":"label-ZWE","properties":{"code":"ZWE","iso2":"ZW","name":"Zimbabwe","formalName":"Republic of Zimbabwe","localName":"Republic of Zimbabwe","labelEnglish":"Zimbabwe","labelLocal":"Republic of Zimbabwe","labelBoth":"Zimbabwe · Republic of Zimbabwe","continent":"Africa","subregion":"Eastern Africa","sovereign":"Zimbabwe","kind":"Sovereign country","qid":"Q954","mapColor":9,"minLabel":2.5},"geometry":{"type":"Point","coordinates":[29.925444,-18.91164]}},{"type":"Feature","id":"label-ZMB","properties":{"code":"ZMB","iso2":"ZM","name":"Zambia","formalName":"Republic of Zambia","localName":"Republic of Zambia","labelEnglish":"Zambia","labelLocal":"Republic of Zambia","labelBoth":"Zambia · Republic of Zambia","continent":"Africa","subregion":"Eastern Africa","sovereign":"Zambia","kind":"Sovereign country","qid":"Q953","mapColor":13,"minLabel":3},"geometry":{"type":"Point","coordinates":[26.395298,-14.660804]}},{"type":"Feature","id":"label-YEM","properties":{"code":"YEM","iso2":"YE","name":"Yemen","formalName":"Republic of Yemen","localName":"اليمن","labelEnglish":"Yemen","labelLocal":"اليمن","labelBoth":"Yemen · اليمن","continent":"Asia","subregion":"Western Asia","sovereign":"Yemen","kind":"Sovereign country","qid":"Q805","mapColor":11,"minLabel":3},"geometry":{"type":"Point","coordinates":[45.874383,15.328226]}},{"type":"Feature","id":"label-VNM","properties":{"code":"VNM","iso2":"VN","name":"Vietnam","formalName":"Socialist Republic of Vietnam","localName":"Việt Nam","labelEnglish":"Vietnam","labelLocal":"Việt Nam","labelBoth":"Vietnam · Việt Nam","continent":"Asia","subregion":"South-Eastern Asia","sovereign":"Vietnam","kind":"Sovereign country","qid":"Q881","mapColor":4,"minLabel":2},"geometry":{"type":"Point","coordinates":[105.387292,21.715416]}},{"type":"Feature","id":"label-VEN","properties":{"code":"VEN","iso2":"VE","name":"Venezuela","formalName":"Bolivarian Republic of Venezuela","localName":"República Bolivariana de Venezuela","labelEnglish":"Venezuela","labelLocal":"República Bolivariana de Venezuela","labelBoth":"Venezuela · República Bolivariana de Venezuela","continent":"South America","subregion":"South America","sovereign":"Venezuela","kind":"Sovereign country","qid":"Q717","mapColor":4,"minLabel":2.5},"geometry":{"type":"Point","coordinates":[-64.599381,7.182476]}},{"type":"Feature","id":"label-VAT","properties":{"code":"VAT","iso2":"VA","name":"Vatican City","formalName":"Vatican City State","localName":"Vaticano","labelEnglish":"Vatican City","labelLocal":"Vaticano","labelBoth":"Vatican City · Vaticano","continent":"Europe","subregion":"Southern Europe","sovereign":"Vatican","kind":"Sovereign country","qid":"Q237","mapColor":2,"minLabel":5},"geometry":{"type":"Point","coordinates":[12.453418,41.903323]}},{"type":"Feature","id":"label-VUT","properties":{"code":"VUT","iso2":"VU","name":"Vanuatu","formalName":"Republic of Vanuatu","localName":"Ripablik blong Vanuatu","labelEnglish":"Vanuatu","labelLocal":"Ripablik blong Vanuatu","labelBoth":"Vanuatu · Ripablik blong Vanuatu","continent":"Oceania","subregion":"Melanesia","sovereign":"Vanuatu","kind":"Sovereign country","qid":"Q686","mapColor":3,"minLabel":4},"geometry":{"type":"Point","coordinates":[166.908762,-15.37153]}},{"type":"Feature","id":"label-UZB","properties":{"code":"UZB","iso2":"UZ","name":"Uzbekistan","formalName":"Republic of Uzbekistan","localName":"Узбекистан","labelEnglish":"Uzbekistan","labelLocal":"Узбекистан","labelBoth":"Uzbekistan · Узбекистан","continent":"Asia","subregion":"Central Asia","sovereign":"Uzbekistan","kind":"Sovereign country","qid":"Q265","mapColor":4,"minLabel":3},"geometry":{"type":"Point","coordinates":[64.005429,41.693603]}},{"type":"Feature","id":"label-URY","properties":{"code":"URY","iso2":"UY","name":"Uruguay","formalName":"Oriental Republic of Uruguay","localName":"República Oriental del Uruguay","labelEnglish":"Uruguay","labelLocal":"República Oriental del Uruguay","labelBoth":"Uruguay · República Oriental del Uruguay","continent":"South America","subregion":"South America","sovereign":"Uruguay","kind":"Sovereign country","qid":"Q77","mapColor":10,"minLabel":3},"geometry":{"type":"Point","coordinates":[-55.966942,-32.961127]}},{"type":"Feature","id":"label-FSM","properties":{"code":"FSM","iso2":"FM","name":"Micronesia","formalName":"Federated States of Micronesia","localName":"Federated States of Micronesia","labelEnglish":"Micronesia","labelLocal":"Federated States of Micronesia","labelBoth":"Micronesia · Federated States of Micronesia","continent":"Oceania","subregion":"Micronesia","sovereign":"Federated States of Micronesia","kind":"Sovereign country","qid":"Q702","mapColor":13,"minLabel":5},"geometry":{"type":"Point","coordinates":[158.234019,6.887553]}},{"type":"Feature","id":"label-MHL","properties":{"code":"MHL","iso2":"MH","name":"Marshall Islands","formalName":"Republic of the Marshall Islands","localName":"Republic of the Marshall Islands","labelEnglish":"Marshall Islands","labelLocal":"Republic of the Marshall Islands","labelBoth":"Marshall Islands · Republic of the Marshall Islands","continent":"Oceania","subregion":"Micronesia","sovereign":"Marshall Islands","kind":"Sovereign country","qid":"Q709","mapColor":3,"minLabel":5},"geometry":{"type":"Point","coordinates":[171.193609,7.082568]}},{"type":"Feature","id":"label-MNP","properties":{"code":"MNP","iso2":"MP","name":"Northern Mariana Islands","formalName":"Commonwealth of the Northern Mariana Islands","localName":"Commonwealth of the Northern Mariana Islands","labelEnglish":"Northern Mariana Islands","labelLocal":"Commonwealth of the Northern Mariana Islands","labelBoth":"Northern Mariana Islands · Commonwealth of the Northern Mariana Islands","continent":"Oceania","subregion":"Micronesia","sovereign":"United States of America","kind":"Dependency","qid":"Q16644","mapColor":1,"minLabel":5},"geometry":{"type":"Point","coordinates":[145.734397,15.188188]}},{"type":"Feature","id":"label-VIR","properties":{"code":"VIR","iso2":"VI","name":"United States Virgin Islands","formalName":"Virgin Islands of the United States","localName":"Virgin Islands of the United States","labelEnglish":"United States Virgin Islands","labelLocal":"Virgin Islands of the United States","labelBoth":"United States Virgin Islands · Virgin Islands of the United States","continent":"North America","subregion":"Caribbean","sovereign":"United States of America","kind":"Dependency","qid":"Q11703","mapColor":1,"minLabel":5},"geometry":{"type":"Point","coordinates":[-64.779172,17.746706]}},{"type":"Feature","id":"label-GUM","properties":{"code":"GUM","iso2":"GU","name":"Guam","formalName":"Guam","localName":"Guåhån","labelEnglish":"Guam","labelLocal":"Guåhån","labelBoth":"Guam · Guåhån","continent":"Oceania","subregion":"Micronesia","sovereign":"United States of America","kind":"Dependency","qid":"Q16635","mapColor":1,"minLabel":3},"geometry":{"type":"Point","coordinates":[144.703614,13.354173]}},{"type":"Feature","id":"label-ASM","properties":{"code":"ASM","iso2":"AS","name":"American Samoa","formalName":"American Samoa","localName":"Sāmoa Amelika","labelEnglish":"American Samoa","labelLocal":"Sāmoa Amelika","labelBoth":"American Samoa · Sāmoa Amelika","continent":"Oceania","subregion":"Polynesia","sovereign":"United States of America","kind":"Dependency","qid":"Q16641","mapColor":1,"minLabel":4},"geometry":{"type":"Point","coordinates":[-170.747153,-14.32671]}},{"type":"Feature","id":"label-PRI","properties":{"code":"PRI","iso2":"PR","name":"Puerto Rico","formalName":"Commonwealth of Puerto Rico","localName":"Commonwealth of Puerto Rico","labelEnglish":"Puerto Rico","labelLocal":"Commonwealth of Puerto Rico","labelBoth":"Puerto Rico · Commonwealth of Puerto Rico","continent":"North America","subregion":"Caribbean","sovereign":"United States of America","kind":"Dependency","qid":"Q1183","mapColor":1,"minLabel":3},"geometry":{"type":"Point","coordinates":[-66.481065,18.234668]}},{"type":"Feature","id":"label-USA","properties":{"code":"USA","iso2":"US","name":"United States","formalName":"United States of America","localName":"United States of America","labelEnglish":"United States","labelLocal":"United States of America","labelBoth":"United States · United States of America","continent":"North America","subregion":"Northern America","sovereign":"United States of America","kind":"Country","qid":"Q30","mapColor":1,"minLabel":1.7},"geometry":{"type":"Point","coordinates":[-97.482602,39.538479]}},{"type":"Feature","id":"label-SGS","properties":{"code":"SGS","iso2":"GS","name":"South Georgia","formalName":"South Georgia and the South Sandwich Islands","localName":"South Georgia and the South Sandwich Islands","labelEnglish":"South Georgia","labelLocal":"South Georgia and the South Sandwich Islands","labelBoth":"South Georgia · South Georgia and the South Sandwich Islands","continent":"Seven seas (open ocean)","subregion":"Seven seas (open ocean)","sovereign":"United Kingdom","kind":"Dependency","qid":"Q35086","mapColor":3,"minLabel":5},"geometry":{"type":"Point","coordinates":[-31.063179,-55.683402]}},{"type":"Feature","id":"label-IOT","properties":{"code":"IOT","iso2":"IO","name":"British Indian Ocean Territory","formalName":"British Indian Ocean Territory","localName":"British Indian Ocean Territory","labelEnglish":"British Indian Ocean Territory","labelLocal":"British Indian Ocean Territory","labelBoth":"British Indian Ocean Territory","continent":"Seven seas (open ocean)","subregion":"Seven seas (open ocean)","sovereign":"United Kingdom","kind":"Disputed","qid":"Q43448","mapColor":3,"minLabel":5},"geometry":{"type":"Point","coordinates":[71.348349,-6.190826]}},{"type":"Feature","id":"label-SHN","properties":{"code":"SHN","iso2":"SH","name":"Saint Helena, Ascension and Tristan da Cunha","formalName":"Saint Helena, Ascension and Tristan da Cunha","localName":"Saint Helena, Ascension and Tristan da Cunha","labelEnglish":"Saint Helena, Ascension and Tristan da Cunha","labelLocal":"Saint Helena, Ascension and Tristan da Cunha","labelBoth":"Saint Helena, Ascension and Tristan da Cunha","continent":"Seven seas (open ocean)","subregion":"Western Africa","sovereign":"United Kingdom","kind":"Dependency","qid":"Q34497","mapColor":3,"minLabel":5},"geometry":{"type":"Point","coordinates":[-5.71262,-15.950487]}},{"type":"Feature","id":"label-PCN","properties":{"code":"PCN","iso2":"PN","name":"Pitcairn Islands","formalName":"Pitcairn Group of Islands","localName":"Pitcairn Group of Islands","labelEnglish":"Pitcairn Islands","labelLocal":"Pitcairn Group of Islands","labelBoth":"Pitcairn Islands · Pitcairn Group of Islands","continent":"Oceania","subregion":"Polynesia","sovereign":"United Kingdom","kind":"Dependency","qid":"Q35672","mapColor":3,"minLabel":5},"geometry":{"type":"Point","coordinates":[-128.317536,-24.364576]}},{"type":"Feature","id":"label-AIA","properties":{"code":"AIA","iso2":"AI","name":"Anguilla","formalName":"Anguilla","localName":"Anguilla","labelEnglish":"Anguilla","labelLocal":"Anguilla","labelBoth":"Anguilla","continent":"North America","subregion":"Caribbean","sovereign":"United Kingdom","kind":"Dependency","qid":"Q25228","mapColor":3,"minLabel":5},"geometry":{"type":"Point","coordinates":[-63.026361,18.242979]}},{"type":"Feature","id":"label-FLK","properties":{"code":"FLK","iso2":"FK","name":"Falkland Islands","formalName":"Falkland Islands","localName":"Falkland Islands","labelEnglish":"Falkland Islands","labelLocal":"Falkland Islands","labelBoth":"Falkland Islands","continent":"South America","subregion":"South America","sovereign":"United Kingdom","kind":"Disputed","qid":"Q9648","mapColor":3,"minLabel":4.5},"geometry":{"type":"Point","coordinates":[-58.738602,-51.608913]}},{"type":"Feature","id":"label-CYM","properties":{"code":"CYM","iso2":"KY","name":"Cayman Islands","formalName":"Cayman Islands","localName":"Cayman Islands","labelEnglish":"Cayman Islands","labelLocal":"Cayman Islands","labelBoth":"Cayman Islands","continent":"North America","subregion":"Caribbean","sovereign":"United Kingdom","kind":"Dependency","qid":"Q5785","mapColor":3,"minLabel":5},"geometry":{"type":"Point","coordinates":[-81.24055,19.319862]}},{"type":"Feature","id":"label-BMU","properties":{"code":"BMU","iso2":"BM","name":"Bermuda","formalName":"Bermuda","localName":"Bermuda","labelEnglish":"Bermuda","labelLocal":"Bermuda","labelBoth":"Bermuda","continent":"North America","subregion":"Northern America","sovereign":"United Kingdom","kind":"Dependency","qid":"Q23635","mapColor":3,"minLabel":4},"geometry":{"type":"Point","coordinates":[-64.763573,32.296592]}},{"type":"Feature","id":"label-VGB","properties":{"code":"VGB","iso2":"VG","name":"British Virgin Islands","formalName":"Virgin Islands","localName":"Virgin Islands","labelEnglish":"British Virgin Islands","labelLocal":"Virgin Islands","labelBoth":"British Virgin Islands · Virgin Islands","continent":"North America","subregion":"Caribbean","sovereign":"United Kingdom","kind":"Dependency","qid":"Q25305","mapColor":3,"minLabel":5},"geometry":{"type":"Point","coordinates":[-64.63661,18.426606]}},{"type":"Feature","id":"label-TCA","properties":{"code":"TCA","iso2":"TC","name":"Turks and Caicos Islands","formalName":"Turks and Caicos Islands","localName":"Turks and Caicos Islands","labelEnglish":"Turks and Caicos Islands","labelLocal":"Turks and Caicos Islands","labelBoth":"Turks and Caicos Islands","continent":"North America","subregion":"Caribbean","sovereign":"United Kingdom","kind":"Dependency","qid":"Q18221","mapColor":3,"minLabel":5},"geometry":{"type":"Point","coordinates":[-71.752704,21.81663]}},{"type":"Feature","id":"label-MSR","properties":{"code":"MSR","iso2":"MS","name":"Montserrat","formalName":"Montserrat","localName":"Montserrat","labelEnglish":"Montserrat","labelLocal":"Montserrat","labelBoth":"Montserrat","continent":"North America","subregion":"Caribbean","sovereign":"United Kingdom","kind":"Dependency","qid":"Q13353","mapColor":3,"minLabel":5},"geometry":{"type":"Point","coordinates":[-62.188252,16.73717]}},{"type":"Feature","id":"label-JEY","properties":{"code":"JEY","iso2":"JE","name":"Jersey","formalName":"Bailiwick of Jersey","localName":"Bailiwick of Jersey","labelEnglish":"Jersey","labelLocal":"Bailiwick of Jersey","labelBoth":"Jersey · Bailiwick of Jersey","continent":"Europe","subregion":"Northern Europe","sovereign":"United Kingdom","kind":"Country","qid":"Q785","mapColor":3,"minLabel":5},"geometry":{"type":"Point","coordinates":[-2.090146,49.220808]}},{"type":"Feature","id":"label-GGY","properties":{"code":"GGY","iso2":"GG","name":"Guernsey","formalName":"Bailiwick of Guernsey","localName":"Bailiwick of Guernsey","labelEnglish":"Guernsey","labelLocal":"Bailiwick of Guernsey","labelBoth":"Guernsey · Bailiwick of Guernsey","continent":"Europe","subregion":"Northern Europe","sovereign":"United Kingdom","kind":"Country","qid":"Q25230","mapColor":3,"minLabel":5},"geometry":{"type":"Point","coordinates":[-2.561736,49.463533]}},{"type":"Feature","id":"label-IMN","properties":{"code":"IMN","iso2":"IM","name":"Isle of Man","formalName":"Isle of Man","localName":"Mannin","labelEnglish":"Isle of Man","labelLocal":"Mannin","labelBoth":"Isle of Man · Mannin","continent":"Europe","subregion":"Northern Europe","sovereign":"United Kingdom","kind":"Country","qid":"Q9676","mapColor":3,"minLabel":5},"geometry":{"type":"Point","coordinates":[-4.530069,54.220833]}},{"type":"Feature","id":"label-GBR","properties":{"code":"GBR","iso2":"GB","name":"United Kingdom","formalName":"United Kingdom of Great Britain and Northern Ireland","localName":"United Kingdom of Great Britain and Northern Ireland","labelEnglish":"United Kingdom","labelLocal":"United Kingdom of Great Britain and Northern Ireland","labelBoth":"United Kingdom · United Kingdom of Great Britain and Northern Ireland","continent":"Europe","subregion":"Northern Europe","sovereign":"United Kingdom","kind":"Country","qid":"Q145","mapColor":3,"minLabel":1.7},"geometry":{"type":"Point","coordinates":[-2.116346,54.402739]}},{"type":"Feature","id":"label-ARE","properties":{"code":"ARE","iso2":"AE","name":"United Arab Emirates","formalName":"United Arab Emirates","localName":"الإمارات","labelEnglish":"United Arab Emirates","labelLocal":"الإمارات","labelBoth":"United Arab Emirates · الإمارات","continent":"Asia","subregion":"Western Asia","sovereign":"United Arab Emirates","kind":"Sovereign country","qid":"Q878","mapColor":3,"minLabel":4},"geometry":{"type":"Point","coordinates":[54.547256,23.466285]}},{"type":"Feature","id":"label-UKR","properties":{"code":"UKR","iso2":"UA","name":"Ukraine","formalName":"Ukraine","localName":"Україна","labelEnglish":"Ukraine","labelLocal":"Україна","labelBoth":"Ukraine · Україна","continent":"Europe","subregion":"Eastern Europe","sovereign":"Ukraine","kind":"Sovereign country","qid":"Q212","mapColor":3,"minLabel":2.7},"geometry":{"type":"Point","coordinates":[32.140865,49.724739]}},{"type":"Feature","id":"label-UGA","properties":{"code":"UGA","iso2":"UG","name":"Uganda","formalName":"Republic of Uganda","localName":"Republic of Uganda","labelEnglish":"Uganda","labelLocal":"Republic of Uganda","labelBoth":"Uganda · Republic of Uganda","continent":"Africa","subregion":"Eastern Africa","sovereign":"Uganda","kind":"Sovereign country","qid":"Q1036","mapColor":4,"minLabel":3},"geometry":{"type":"Point","coordinates":[32.948555,1.972589]}},{"type":"Feature","id":"label-TKM","properties":{"code":"TKM","iso2":"TM","name":"Turkmenistan","formalName":"Turkmenistan","localName":"Туркмения","labelEnglish":"Turkmenistan","labelLocal":"Туркмения","labelBoth":"Turkmenistan · Туркмения","continent":"Asia","subregion":"Central Asia","sovereign":"Turkmenistan","kind":"Sovereign country","qid":"Q874","mapColor":9,"minLabel":3},"geometry":{"type":"Point","coordinates":[58.676647,39.855246]}},{"type":"Feature","id":"label-TUR","properties":{"code":"TUR","iso2":"TR","name":"Türkiye","formalName":"Republic of Türkiye","localName":"Türkiye Cumhuriyeti","labelEnglish":"Türkiye","labelLocal":"Türkiye Cumhuriyeti","labelBoth":"Türkiye · Türkiye Cumhuriyeti","continent":"Asia","subregion":"Western Asia","sovereign":"Turkey","kind":"Sovereign country","qid":"Q43","mapColor":4,"minLabel":2},"geometry":{"type":"Point","coordinates":[34.508268,39.345388]}},{"type":"Feature","id":"label-TUN","properties":{"code":"TUN","iso2":"TN","name":"Tunisia","formalName":"Tunisian Republic","localName":"تونس","labelEnglish":"Tunisia","labelLocal":"تونس","labelBoth":"Tunisia · تونس","continent":"Africa","subregion":"Northern Africa","sovereign":"Tunisia","kind":"Sovereign country","qid":"Q948","mapColor":2,"minLabel":3},"geometry":{"type":"Point","coordinates":[9.007881,33.687263]}},{"type":"Feature","id":"label-TTO","properties":{"code":"TTO","iso2":"TT","name":"Trinidad and Tobago","formalName":"Republic of Trinidad and Tobago","localName":"Republic of Trinidad and Tobago","labelEnglish":"Trinidad and Tobago","labelLocal":"Republic of Trinidad and Tobago","labelBoth":"Trinidad and Tobago · Republic of Trinidad and Tobago","continent":"North America","subregion":"Caribbean","sovereign":"Trinidad and Tobago","kind":"Sovereign country","qid":"Q754","mapColor":5,"minLabel":4.5},"geometry":{"type":"Point","coordinates":[-60.9184,10.9989]}},{"type":"Feature","id":"label-TON","properties":{"code":"TON","iso2":"TO","name":"Tonga","formalName":"Kingdom of Tonga","localName":"Kingdom of Tonga","labelEnglish":"Tonga","labelLocal":"Kingdom of Tonga","labelBoth":"Tonga · Kingdom of Tonga","continent":"Oceania","subregion":"Polynesia","sovereign":"Tonga","kind":"Sovereign country","qid":"Q678","mapColor":8,"minLabel":4},"geometry":{"type":"Point","coordinates":[-175.163014,-21.210026]}},{"type":"Feature","id":"label-TGO","properties":{"code":"TGO","iso2":"TG","name":"Togo","formalName":"Togolese Republic","localName":"République togolaise","labelEnglish":"Togo","labelLocal":"République togolaise","labelBoth":"Togo · République togolaise","continent":"Africa","subregion":"Western Africa","sovereign":"Togo","kind":"Sovereign country","qid":"Q945","mapColor":5,"minLabel":5},"geometry":{"type":"Point","coordinates":[1.058113,8.80722]}},{"type":"Feature","id":"label-TLS","properties":{"code":"TLS","iso2":"TL","name":"Timor-Leste","formalName":"Democratic Republic of Timor-Leste","localName":"República Democrática de Timor-Leste","labelEnglish":"Timor-Leste","labelLocal":"República Democrática de Timor-Leste","labelBoth":"Timor-Leste · República Democrática de Timor-Leste","continent":"Asia","subregion":"South-Eastern Asia","sovereign":"East Timor","kind":"Sovereign country","qid":"Q574","mapColor":3,"minLabel":4},"geometry":{"type":"Point","coordinates":[125.854679,-8.803705]}},{"type":"Feature","id":"label-THA","properties":{"code":"THA","iso2":"TH","name":"Thailand","formalName":"Kingdom of Thailand","localName":"ประเทศไทย","labelEnglish":"Thailand","labelLocal":"ประเทศไทย","labelBoth":"Thailand · ประเทศไทย","continent":"Asia","subregion":"South-Eastern Asia","sovereign":"Thailand","kind":"Sovereign country","qid":"Q869","mapColor":1,"minLabel":2.7},"geometry":{"type":"Point","coordinates":[101.073198,15.45974]}},{"type":"Feature","id":"label-TZA","properties":{"code":"TZA","iso2":"TZ","name":"Tanzania","formalName":"United Republic of Tanzania","localName":"United Republic of Tanzania","labelEnglish":"Tanzania","labelLocal":"United Republic of Tanzania","labelBoth":"Tanzania · United Republic of Tanzania","continent":"Africa","subregion":"Eastern Africa","sovereign":"United Republic of Tanzania","kind":"Sovereign country","qid":"Q924","mapColor":2,"minLabel":3},"geometry":{"type":"Point","coordinates":[34.959183,-6.051866]}},{"type":"Feature","id":"label-TJK","properties":{"code":"TJK","iso2":"TJ","name":"Tajikistan","formalName":"Republic of Tajikistan","localName":"Таджикистан","labelEnglish":"Tajikistan","labelLocal":"Таджикистан","labelBoth":"Tajikistan · Таджикистан","continent":"Asia","subregion":"Central Asia","sovereign":"Tajikistan","kind":"Sovereign country","qid":"Q863","mapColor":5,"minLabel":4},"geometry":{"type":"Point","coordinates":[72.587276,38.199835]}},{"type":"Feature","id":"label-TWN","properties":{"code":"TWN","iso2":"TW","name":"Taiwan","formalName":"Republic of China (Taiwan)","localName":"台灣","labelEnglish":"Taiwan","labelLocal":"台灣","labelBoth":"Taiwan · 台灣","continent":"Asia","subregion":"Eastern Asia","sovereign":"Taiwan","kind":"Sovereign country","qid":"Q865","mapColor":2,"minLabel":4.5},"geometry":{"type":"Point","coordinates":[120.868204,23.652408]}},{"type":"Feature","id":"label-SYR","properties":{"code":"SYR","iso2":"SY","name":"Syria","formalName":"Syrian Arab Republic","localName":"سوريا","labelEnglish":"Syria","labelLocal":"سوريا","labelBoth":"Syria · سوريا","continent":"Asia","subregion":"Western Asia","sovereign":"Syria","kind":"Sovereign country","qid":"Q858","mapColor":6,"minLabel":3},"geometry":{"type":"Point","coordinates":[38.277783,35.006636]}},{"type":"Feature","id":"label-CHE","properties":{"code":"CHE","iso2":"CH","name":"Switzerland","formalName":"Swiss Confederation","localName":"Suisse","labelEnglish":"Switzerland","labelLocal":"Suisse","labelBoth":"Switzerland · Suisse","continent":"Europe","subregion":"Western Europe","sovereign":"Switzerland","kind":"Sovereign country","qid":"Q39","mapColor":3,"minLabel":4},"geometry":{"type":"Point","coordinates":[7.463965,46.719114]}},{"type":"Feature","id":"label-SWE","properties":{"code":"SWE","iso2":"SE","name":"Sweden","formalName":"Kingdom of Sweden","localName":"Sverige","labelEnglish":"Sweden","labelLocal":"Sverige","labelBoth":"Sweden · Sverige","continent":"Europe","subregion":"Northern Europe","sovereign":"Sweden","kind":"Sovereign country","qid":"Q34","mapColor":4,"minLabel":2},"geometry":{"type":"Point","coordinates":[19.01705,65.85918]}},{"type":"Feature","id":"label-SWZ","properties":{"code":"SWZ","iso2":"SZ","name":"Eswatini","formalName":"Kingdom of Eswatini","localName":"Kingdom of Eswatini","labelEnglish":"Eswatini","labelLocal":"Kingdom of Eswatini","labelBoth":"Eswatini · Kingdom of Eswatini","continent":"Africa","subregion":"Southern Africa","sovereign":"eSwatini","kind":"Sovereign country","qid":"Q1050","mapColor":5,"minLabel":4},"geometry":{"type":"Point","coordinates":[31.467264,-26.533676]}},{"type":"Feature","id":"label-SUR","properties":{"code":"SUR","iso2":"SR","name":"Suriname","formalName":"Republic of Suriname","localName":"Republiek Suriname","labelEnglish":"Suriname","labelLocal":"Republiek Suriname","labelBoth":"Suriname · Republiek Suriname","continent":"South America","subregion":"South America","sovereign":"Suriname","kind":"Sovereign country","qid":"Q730","mapColor":6,"minLabel":4},"geometry":{"type":"Point","coordinates":[-55.91094,4.143987]}},{"type":"Feature","id":"label-SDS","properties":{"code":"SDS","iso2":"SS","name":"South Sudan","formalName":"Republic of South Sudan","localName":"Republic of South Sudan","labelEnglish":"South Sudan","labelLocal":"Republic of South Sudan","labelBoth":"South Sudan · Republic of South Sudan","continent":"Africa","subregion":"Eastern Africa","sovereign":"South Sudan","kind":"Sovereign country","qid":"Q958","mapColor":5,"minLabel":3},"geometry":{"type":"Point","coordinates":[30.390151,7.230477]}},{"type":"Feature","id":"label-SDN","properties":{"code":"SDN","iso2":"SD","name":"Sudan","formalName":"Republic of the Sudan","localName":"السودان","labelEnglish":"Sudan","labelLocal":"السودان","labelBoth":"Sudan · السودان","continent":"Africa","subregion":"Northern Africa","sovereign":"Sudan","kind":"Sovereign country","qid":"Q1049","mapColor":1,"minLabel":2.5},"geometry":{"type":"Point","coordinates":[29.260657,16.330746]}},{"type":"Feature","id":"label-LKA","properties":{"code":"LKA","iso2":"LK","name":"Sri Lanka","formalName":"Democratic Socialist Republic of Sri Lanka","localName":"ශ්‍රී ලංකාව","labelEnglish":"Sri Lanka","labelLocal":"ශ්‍රී ලංකාව","labelBoth":"Sri Lanka · ශ්‍රී ලංකාව","continent":"Asia","subregion":"Southern Asia","sovereign":"Sri Lanka","kind":"Sovereign country","qid":"Q854","mapColor":9,"minLabel":3},"geometry":{"type":"Point","coordinates":[80.704823,7.581097]}},{"type":"Feature","id":"label-ESP","properties":{"code":"ESP","iso2":"ES","name":"Spain","formalName":"Kingdom of Spain","localName":"España","labelEnglish":"Spain","labelLocal":"España","labelBoth":"Spain · España","continent":"Europe","subregion":"Southern Europe","sovereign":"Spain","kind":"Sovereign country","qid":"Q29","mapColor":5,"minLabel":2},"geometry":{"type":"Point","coordinates":[-3.464718,40.090953]}},{"type":"Feature","id":"label-KOR","properties":{"code":"KOR","iso2":"KR","name":"South Korea","formalName":"Republic of Korea","localName":"한국","labelEnglish":"South Korea","labelLocal":"한국","labelBoth":"South Korea · 한국","continent":"Asia","subregion":"Eastern Asia","sovereign":"South Korea","kind":"Sovereign country","qid":"Q884","mapColor":5,"minLabel":2.5},"geometry":{"type":"Point","coordinates":[128.129504,36.384924]}},{"type":"Feature","id":"label-ZAF","properties":{"code":"ZAF","iso2":"ZA","name":"South Africa","formalName":"Republic of South Africa","localName":"Republiek van Suid-Afrika","labelEnglish":"South Africa","labelLocal":"Republiek van Suid-Afrika","labelBoth":"South Africa · Republiek van Suid-Afrika","continent":"Africa","subregion":"Southern Africa","sovereign":"South Africa","kind":"Sovereign country","qid":"Q258","mapColor":2,"minLabel":1.7},"geometry":{"type":"Point","coordinates":[23.665734,-29.708776]}},{"type":"Feature","id":"label-SOM","properties":{"code":"SOM","iso2":"SO","name":"Somalia","formalName":"Federal Republic of Somalia","localName":"الصومال","labelEnglish":"Somalia","labelLocal":"الصومال","labelBoth":"Somalia · الصومال","continent":"Africa","subregion":"Eastern Africa","sovereign":"Somalia","kind":"Sovereign country","qid":"Q1045","mapColor":7,"minLabel":4},"geometry":{"type":"Point","coordinates":[45.19238,3.568925]}},{"type":"Feature","id":"label-SOL","properties":{"code":"SOL","iso2":null,"name":"Somaliland","formalName":"Republic of Somaliland","localName":"Somaliland","labelEnglish":"Somaliland","labelLocal":"Somaliland","labelBoth":"Somaliland","continent":"Africa","subregion":"Eastern Africa","sovereign":"Somaliland","kind":"Sovereign country","qid":"Q34754","mapColor":2,"minLabel":4.5},"geometry":{"type":"Point","coordinates":[46.731595,9.443889]}},{"type":"Feature","id":"label-SLB","properties":{"code":"SLB","iso2":"SB","name":"Solomon Islands","formalName":"Solomon Islands","localName":"Solomon Islands","labelEnglish":"Solomon Islands","labelLocal":"Solomon Islands","labelBoth":"Solomon Islands","continent":"Oceania","subregion":"Melanesia","sovereign":"Solomon Islands","kind":"Sovereign country","qid":"Q685","mapColor":6,"minLabel":3},"geometry":{"type":"Point","coordinates":[159.170468,-8.029548]}},{"type":"Feature","id":"label-SVK","properties":{"code":"SVK","iso2":"SK","name":"Slovakia","formalName":"Slovak Republic","localName":"Slovensko","labelEnglish":"Slovakia","labelLocal":"Slovensko","labelBoth":"Slovakia · Slovensko","continent":"Europe","subregion":"Eastern Europe","sovereign":"Slovakia","kind":"Sovereign country","qid":"Q214","mapColor":9,"minLabel":4},"geometry":{"type":"Point","coordinates":[19.049868,48.734044]}},{"type":"Feature","id":"label-SVN","properties":{"code":"SVN","iso2":"SI","name":"Slovenia","formalName":"Republic of Slovenia","localName":"Slovenija","labelEnglish":"Slovenia","labelLocal":"Slovenija","labelBoth":"Slovenia · Slovenija","continent":"Europe","subregion":"Southern Europe","sovereign":"Slovenia","kind":"Sovereign country","qid":"Q215","mapColor":12,"minLabel":5},"geometry":{"type":"Point","coordinates":[14.915312,46.06076]}},{"type":"Feature","id":"label-SGP","properties":{"code":"SGP","iso2":"SG","name":"Singapore","formalName":"Republic of Singapore","localName":"Republic of Singapore","labelEnglish":"Singapore","labelLocal":"Republic of Singapore","labelBoth":"Singapore · Republic of Singapore","continent":"Asia","subregion":"South-Eastern Asia","sovereign":"Singapore","kind":"Sovereign country","qid":"Q334","mapColor":3,"minLabel":4},"geometry":{"type":"Point","coordinates":[103.816925,1.366587]}},{"type":"Feature","id":"label-SLE","properties":{"code":"SLE","iso2":"SL","name":"Sierra Leone","formalName":"Republic of Sierra Leone","localName":"Republic of Sierra Leone","labelEnglish":"Sierra Leone","labelLocal":"Republic of Sierra Leone","labelBoth":"Sierra Leone · Republic of Sierra Leone","continent":"Africa","subregion":"Western Africa","sovereign":"Sierra Leone","kind":"Sovereign country","qid":"Q1044","mapColor":7,"minLabel":4},"geometry":{"type":"Point","coordinates":[-11.763677,8.617449]}},{"type":"Feature","id":"label-SYC","properties":{"code":"SYC","iso2":"SC","name":"Seychelles","formalName":"Republic of Seychelles","localName":"Sesel","labelEnglish":"Seychelles","labelLocal":"Sesel","labelBoth":"Seychelles · Sesel","continent":"Seven seas (open ocean)","subregion":"Eastern Africa","sovereign":"Seychelles","kind":"Sovereign country","qid":"Q1042","mapColor":1,"minLabel":5},"geometry":{"type":"Point","coordinates":[55.480175,-4.676659]}},{"type":"Feature","id":"label-SRB","properties":{"code":"SRB","iso2":"RS","name":"Serbia","formalName":"Republic of Serbia","localName":"Србија","labelEnglish":"Serbia","labelLocal":"Србија","labelBoth":"Serbia · Србија","continent":"Europe","subregion":"Southern Europe","sovereign":"Republic of Serbia","kind":"Sovereign country","qid":"Q403","mapColor":10,"minLabel":4},"geometry":{"type":"Point","coordinates":[20.787989,44.189919]}},{"type":"Feature","id":"label-SEN","properties":{"code":"SEN","iso2":"SN","name":"Senegal","formalName":"Republic of Senegal","localName":"République du Sénégal","labelEnglish":"Senegal","labelLocal":"République du Sénégal","labelBoth":"Senegal · République du Sénégal","continent":"Africa","subregion":"Western Africa","sovereign":"Senegal","kind":"Sovereign country","qid":"Q1041","mapColor":5,"minLabel":2.7},"geometry":{"type":"Point","coordinates":[-14.778586,15.138125]}},{"type":"Feature","id":"label-SAU","properties":{"code":"SAU","iso2":"SA","name":"Saudi Arabia","formalName":"Kingdom of Saudi Arabia","localName":"السعودية","labelEnglish":"Saudi Arabia","labelLocal":"السعودية","labelBoth":"Saudi Arabia · السعودية","continent":"Asia","subregion":"Western Asia","sovereign":"Saudi Arabia","kind":"Sovereign country","qid":"Q851","mapColor":7,"minLabel":1.7},"geometry":{"type":"Point","coordinates":[44.6996,23.806908]}},{"type":"Feature","id":"label-STP","properties":{"code":"STP","iso2":"ST","name":"São Tomé and Príncipe","formalName":"Democratic Republic of São Tomé and Príncipe","localName":"São Tomé e Príncipe","labelEnglish":"São Tomé and Príncipe","labelLocal":"São Tomé e Príncipe","labelBoth":"São Tomé and Príncipe · São Tomé e Príncipe","continent":"Africa","subregion":"Middle Africa","sovereign":"São Tomé and Principe","kind":"Sovereign country","qid":"Q1039","mapColor":7,"minLabel":5},"geometry":{"type":"Point","coordinates":[7.021,0.9709]}},{"type":"Feature","id":"label-SMR","properties":{"code":"SMR","iso2":"SM","name":"San Marino","formalName":"Most Serene Republic of San Marino","localName":"Serenissima Repubblica di San Marino","labelEnglish":"San Marino","labelLocal":"Serenissima Repubblica di San Marino","labelBoth":"San Marino · Serenissima Repubblica di San Marino","continent":"Europe","subregion":"Southern Europe","sovereign":"San Marino","kind":"Sovereign country","qid":"Q238","mapColor":6,"minLabel":5},"geometry":{"type":"Point","coordinates":[12.441206,43.933916]}},{"type":"Feature","id":"label-WSM","properties":{"code":"WSM","iso2":"WS","name":"Samoa","formalName":"Independent State of Samoa","localName":"Independent State of Samoa","labelEnglish":"Samoa","labelLocal":"Independent State of Samoa","labelBoth":"Samoa · Independent State of Samoa","continent":"Oceania","subregion":"Polynesia","sovereign":"Samoa","kind":"Sovereign country","qid":"Q683","mapColor":6,"minLabel":3},"geometry":{"type":"Point","coordinates":[-172.438241,-13.639139]}},{"type":"Feature","id":"label-VCT","properties":{"code":"VCT","iso2":"VC","name":"Saint Vincent and the Grenadines","formalName":"Saint Vincent and the Grenadines","localName":"Saint Vincent and the Grenadines","labelEnglish":"Saint Vincent and the Grenadines","labelLocal":"Saint Vincent and the Grenadines","labelBoth":"Saint Vincent and the Grenadines","continent":"North America","subregion":"Caribbean","sovereign":"Saint Vincent and the Grenadines","kind":"Sovereign country","qid":"Q757","mapColor":7,"minLabel":5},"geometry":{"type":"Point","coordinates":[-61.3359,13.0879]}},{"type":"Feature","id":"label-LCA","properties":{"code":"LCA","iso2":"LC","name":"Saint Lucia","formalName":"Saint Lucia","localName":"Saint Lucia","labelEnglish":"Saint Lucia","labelLocal":"Saint Lucia","labelBoth":"Saint Lucia","continent":"North America","subregion":"Caribbean","sovereign":"Saint Lucia","kind":"Sovereign country","qid":"Q760","mapColor":4,"minLabel":5},"geometry":{"type":"Point","coordinates":[-60.980094,13.892371]}},{"type":"Feature","id":"label-KNA","properties":{"code":"KNA","iso2":"KN","name":"Saint Kitts and Nevis","formalName":"Federation of Saint Christopher and Nevis","localName":"Federation of Saint Christopher and Nevis","labelEnglish":"Saint Kitts and Nevis","labelLocal":"Federation of Saint Christopher and Nevis","labelBoth":"Saint Kitts and Nevis · Federation of Saint Christopher and Nevis","continent":"North America","subregion":"Caribbean","sovereign":"Saint Kitts and Nevis","kind":"Sovereign country","qid":"Q763","mapColor":8,"minLabel":5},"geometry":{"type":"Point","coordinates":[-62.757975,17.336558]}},{"type":"Feature","id":"label-RWA","properties":{"code":"RWA","iso2":"RW","name":"Rwanda","formalName":"Republic of Rwanda","localName":"Republic of Rwanda","labelEnglish":"Rwanda","labelLocal":"Republic of Rwanda","labelBoth":"Rwanda · Republic of Rwanda","continent":"Africa","subregion":"Eastern Africa","sovereign":"Rwanda","kind":"Sovereign country","qid":"Q1037","mapColor":10,"minLabel":3},"geometry":{"type":"Point","coordinates":[30.103894,-1.897196]}},{"type":"Feature","id":"label-RUS","properties":{"code":"RUS","iso2":"RU","name":"Russia","formalName":"Russian Federation","localName":"Россия","labelEnglish":"Russia","labelLocal":"Россия","labelBoth":"Russia · Россия","continent":"Europe","subregion":"Eastern Europe","sovereign":"Russia","kind":"Sovereign country","qid":"Q159","mapColor":7,"minLabel":1.7},"geometry":{"type":"Point","coordinates":[44.686469,58.249357]}},{"type":"Feature","id":"label-ROU","properties":{"code":"ROU","iso2":"RO","name":"Romania","formalName":"Romania","localName":"Romania","labelEnglish":"Romania","labelLocal":"Romania","labelBoth":"Romania","continent":"Europe","subregion":"Eastern Europe","sovereign":"Romania","kind":"Sovereign country","qid":"Q218","mapColor":13,"minLabel":3},"geometry":{"type":"Point","coordinates":[24.972624,45.733237]}},{"type":"Feature","id":"label-QAT","properties":{"code":"QAT","iso2":"QA","name":"Qatar","formalName":"State of Qatar","localName":"قطر","labelEnglish":"Qatar","labelLocal":"قطر","labelBoth":"Qatar · قطر","continent":"Asia","subregion":"Western Asia","sovereign":"Qatar","kind":"Sovereign country","qid":"Q846","mapColor":4,"minLabel":4},"geometry":{"type":"Point","coordinates":[51.143509,25.237383]}},{"type":"Feature","id":"label-PRT","properties":{"code":"PRT","iso2":"PT","name":"Portugal","formalName":"Portuguese Republic","localName":"República português","labelEnglish":"Portugal","labelLocal":"República português","labelBoth":"Portugal · República português","continent":"Europe","subregion":"Southern Europe","sovereign":"Portugal","kind":"Sovereign country","qid":"Q45","mapColor":4,"minLabel":3},"geometry":{"type":"Point","coordinates":[-8.271754,39.606675]}},{"type":"Feature","id":"label-POL","properties":{"code":"POL","iso2":"PL","name":"Poland","formalName":"Republic of Poland","localName":"Polska","labelEnglish":"Poland","labelLocal":"Polska","labelBoth":"Poland · Polska","continent":"Europe","subregion":"Eastern Europe","sovereign":"Poland","kind":"Sovereign country","qid":"Q36","mapColor":2,"minLabel":2.5},"geometry":{"type":"Point","coordinates":[19.490468,51.990316]}},{"type":"Feature","id":"label-PHL","properties":{"code":"PHL","iso2":"PH","name":"Philippines","formalName":"Republic of the Philippines","localName":"Republic of the Philippines","labelEnglish":"Philippines","labelLocal":"Republic of the Philippines","labelBoth":"Philippines · Republic of the Philippines","continent":"Asia","subregion":"South-Eastern Asia","sovereign":"Philippines","kind":"Sovereign country","qid":"Q928","mapColor":8,"minLabel":2.5},"geometry":{"type":"Point","coordinates":[122.465,11.198]}},{"type":"Feature","id":"label-PER","properties":{"code":"PER","iso2":"PE","name":"Peru","formalName":"Republic of Peru","localName":"Piruw","labelEnglish":"Peru","labelLocal":"Piruw","labelBoth":"Peru · Piruw","continent":"South America","subregion":"South America","sovereign":"Peru","kind":"Sovereign country","qid":"Q419","mapColor":11,"minLabel":2},"geometry":{"type":"Point","coordinates":[-72.90016,-12.976679]}},{"type":"Feature","id":"label-PRY","properties":{"code":"PRY","iso2":"PY","name":"Paraguay","formalName":"Republic of Paraguay","localName":"Paraguái","labelEnglish":"Paraguay","labelLocal":"Paraguái","labelBoth":"Paraguay · Paraguái","continent":"South America","subregion":"South America","sovereign":"Paraguay","kind":"Sovereign country","qid":"Q733","mapColor":2,"minLabel":3},"geometry":{"type":"Point","coordinates":[-60.146394,-21.674509]}},{"type":"Feature","id":"label-PNG","properties":{"code":"PNG","iso2":"PG","name":"Papua New Guinea","formalName":"Independent State of Papua New Guinea","localName":"Independent State of Papua New Guinea","labelEnglish":"Papua New Guinea","labelLocal":"Independent State of Papua New Guinea","labelBoth":"Papua New Guinea · Independent State of Papua New Guinea","continent":"Oceania","subregion":"Melanesia","sovereign":"Papua New Guinea","kind":"Sovereign country","qid":"Q691","mapColor":1,"minLabel":2.5},"geometry":{"type":"Point","coordinates":[143.910216,-5.695285]}},{"type":"Feature","id":"label-PAN","properties":{"code":"PAN","iso2":"PA","name":"Panama","formalName":"Republic of Panama","localName":"República de Panamá","labelEnglish":"Panama","labelLocal":"República de Panamá","labelBoth":"Panama · República de Panamá","continent":"North America","subregion":"Central America","sovereign":"Panama","kind":"Sovereign country","qid":"Q804","mapColor":3,"minLabel":4},"geometry":{"type":"Point","coordinates":[-80.352106,8.72198]}},{"type":"Feature","id":"label-PLW","properties":{"code":"PLW","iso2":"PW","name":"Palau","formalName":"Republic of Palau","localName":"Republic of Palau","labelEnglish":"Palau","labelLocal":"Republic of Palau","labelBoth":"Palau · Republic of Palau","continent":"Oceania","subregion":"Micronesia","sovereign":"Palau","kind":"Sovereign country","qid":"Q695","mapColor":12,"minLabel":5},"geometry":{"type":"Point","coordinates":[134.580157,7.518252]}},{"type":"Feature","id":"label-PAK","properties":{"code":"PAK","iso2":"PK","name":"Pakistan","formalName":"Islamic Republic of Pakistan","localName":"Islamic Republic of Pakistan","labelEnglish":"Pakistan","labelLocal":"Islamic Republic of Pakistan","labelBoth":"Pakistan · Islamic Republic of Pakistan","continent":"Asia","subregion":"Southern Asia","sovereign":"Pakistan","kind":"Sovereign country","qid":"Q843","mapColor":11,"minLabel":2.7},"geometry":{"type":"Point","coordinates":[68.545632,29.328389]}},{"type":"Feature","id":"label-OMN","properties":{"code":"OMN","iso2":"OM","name":"Oman","formalName":"Sultanate of Oman","localName":"عمان","labelEnglish":"Oman","labelLocal":"عمان","labelBoth":"Oman · عمان","continent":"Asia","subregion":"Western Asia","sovereign":"Oman","kind":"Sovereign country","qid":"Q842","mapColor":6,"minLabel":4},"geometry":{"type":"Point","coordinates":[57.336553,22.120427]}},{"type":"Feature","id":"label-NOR","properties":{"code":"NOR","iso2":"NO","name":"Norway","formalName":"Kingdom of Norway","localName":"Noreg","labelEnglish":"Norway","labelLocal":"Noreg","labelBoth":"Norway · Noreg","continent":"Europe","subregion":"Northern Europe","sovereign":"Norway","kind":"Sovereign country","qid":"Q20","mapColor":12,"minLabel":3},"geometry":{"type":"Point","coordinates":[9.679975,61.357092]}},{"type":"Feature","id":"label-PRK","properties":{"code":"PRK","iso2":"KP","name":"North Korea","formalName":"Democratic People's Republic of Korea","localName":"조선","labelEnglish":"North Korea","labelLocal":"조선","labelBoth":"North Korea · 조선","continent":"Asia","subregion":"Eastern Asia","sovereign":"North Korea","kind":"Sovereign country","qid":"Q423","mapColor":9,"minLabel":3},"geometry":{"type":"Point","coordinates":[126.444516,39.885252]}},{"type":"Feature","id":"label-NGA","properties":{"code":"NGA","iso2":"NG","name":"Nigeria","formalName":"Federal Republic of Nigeria","localName":"Federal Republic of Nigeria","labelEnglish":"Nigeria","labelLocal":"Federal Republic of Nigeria","labelBoth":"Nigeria · Federal Republic of Nigeria","continent":"Africa","subregion":"Western Africa","sovereign":"Nigeria","kind":"Sovereign country","qid":"Q1033","mapColor":2,"minLabel":1.7},"geometry":{"type":"Point","coordinates":[7.50322,9.439799]}},{"type":"Feature","id":"label-NER","properties":{"code":"NER","iso2":"NE","name":"Niger","formalName":"Republic of Niger","localName":"République du Niger","labelEnglish":"Niger","labelLocal":"République du Niger","labelBoth":"Niger · République du Niger","continent":"Africa","subregion":"Western Africa","sovereign":"Niger","kind":"Sovereign country","qid":"Q1032","mapColor":13,"minLabel":3},"geometry":{"type":"Point","coordinates":[9.504356,17.446195]}},{"type":"Feature","id":"label-NIC","properties":{"code":"NIC","iso2":"NI","name":"Nicaragua","formalName":"Republic of Nicaragua","localName":"República de Nicaragua","labelEnglish":"Nicaragua","labelLocal":"República de Nicaragua","labelBoth":"Nicaragua · República de Nicaragua","continent":"North America","subregion":"Central America","sovereign":"Nicaragua","kind":"Sovereign country","qid":"Q811","mapColor":9,"minLabel":4},"geometry":{"type":"Point","coordinates":[-85.069347,12.670697]}},{"type":"Feature","id":"label-NZL","properties":{"code":"NZL","iso2":"NZ","name":"New Zealand","formalName":"New Zealand","localName":"Aotearoa","labelEnglish":"New Zealand","labelLocal":"Aotearoa","labelBoth":"New Zealand · Aotearoa","continent":"Oceania","subregion":"Australia and New Zealand","sovereign":"New Zealand","kind":"Country","qid":"Q664","mapColor":4,"minLabel":2},"geometry":{"type":"Point","coordinates":[172.787,-39.759]}},{"type":"Feature","id":"label-NIU","properties":{"code":"NIU","iso2":"NU","name":"Niue","formalName":"Niue","localName":"Niue","labelEnglish":"Niue","labelLocal":"Niue","labelBoth":"Niue","continent":"Oceania","subregion":"Polynesia","sovereign":"New Zealand","kind":"Dependency","qid":"Q34020","mapColor":4,"minLabel":4},"geometry":{"type":"Point","coordinates":[-169.862565,-19.045956]}},{"type":"Feature","id":"label-COK","properties":{"code":"COK","iso2":"CK","name":"Cook Islands","formalName":"Cook Islands","localName":"Kūki 'Āirani","labelEnglish":"Cook Islands","labelLocal":"Kūki 'Āirani","labelBoth":"Cook Islands · Kūki 'Āirani","continent":"Oceania","subregion":"Polynesia","sovereign":"New Zealand","kind":"Dependency","qid":"Q26988","mapColor":4,"minLabel":4},"geometry":{"type":"Point","coordinates":[-159.785675,-21.215993]}},{"type":"Feature","id":"label-NLD","properties":{"code":"NLD","iso2":"NL","name":"Netherlands","formalName":"Kingdom of the Netherlands","localName":"Nederland","labelEnglish":"Netherlands","labelLocal":"Nederland","labelBoth":"Netherlands · Nederland","continent":"Europe","subregion":"Western Europe","sovereign":"Netherlands","kind":"Country","qid":"Q55","mapColor":9,"minLabel":4},"geometry":{"type":"Point","coordinates":[5.61144,52.422211]}},{"type":"Feature","id":"label-ABW","properties":{"code":"ABW","iso2":"AW","name":"Aruba","formalName":"Aruba","localName":"Aruba","labelEnglish":"Aruba","labelLocal":"Aruba","labelBoth":"Aruba","continent":"North America","subregion":"Caribbean","sovereign":"Netherlands","kind":"Country","qid":"Q21203","mapColor":9,"minLabel":5},"geometry":{"type":"Point","coordinates":[-69.972795,12.5174]}},{"type":"Feature","id":"label-CUW","properties":{"code":"CUW","iso2":"CW","name":"Curaçao","formalName":"Country of Curaçao","localName":"Country of Curaçao","labelEnglish":"Curaçao","labelLocal":"Country of Curaçao","labelBoth":"Curaçao · Country of Curaçao","continent":"North America","subregion":"Caribbean","sovereign":"Netherlands","kind":"Country","qid":"Q25279","mapColor":9,"minLabel":5},"geometry":{"type":"Point","coordinates":[-68.920578,12.145039]}},{"type":"Feature","id":"label-NPL","properties":{"code":"NPL","iso2":"NP","name":"Nepal","formalName":"Federal Democratic Republic of Nepal","localName":"नेपाल","labelEnglish":"Nepal","labelLocal":"नेपाल","labelBoth":"Nepal · नेपाल","continent":"Asia","subregion":"Southern Asia","sovereign":"Nepal","kind":"Sovereign country","qid":"Q837","mapColor":12,"minLabel":3},"geometry":{"type":"Point","coordinates":[83.639914,28.297925]}},{"type":"Feature","id":"label-NRU","properties":{"code":"NRU","iso2":"NR","name":"Nauru","formalName":"Republic of Nauru","localName":"Republic of Nauru","labelEnglish":"Nauru","labelLocal":"Republic of Nauru","labelBoth":"Nauru · Republic of Nauru","continent":"Oceania","subregion":"Micronesia","sovereign":"Nauru","kind":"Sovereign country","qid":"Q697","mapColor":9,"minLabel":5},"geometry":{"type":"Point","coordinates":[166.932644,-0.520261]}},{"type":"Feature","id":"label-NAM","properties":{"code":"NAM","iso2":"NA","name":"Namibia","formalName":"Republic of Namibia","localName":"Namibië","labelEnglish":"Namibia","labelLocal":"Namibië","labelBoth":"Namibia · Namibië","continent":"Africa","subregion":"Southern Africa","sovereign":"Namibia","kind":"Sovereign country","qid":"Q1030","mapColor":7,"minLabel":3},"geometry":{"type":"Point","coordinates":[17.108166,-20.575298]}},{"type":"Feature","id":"label-MOZ","properties":{"code":"MOZ","iso2":"MZ","name":"Mozambique","formalName":"Republic of Mozambique","localName":"Moçambique","labelEnglish":"Mozambique","labelLocal":"Moçambique","labelBoth":"Mozambique · Moçambique","continent":"Africa","subregion":"Eastern Africa","sovereign":"Mozambique","kind":"Sovereign country","qid":"Q1029","mapColor":4,"minLabel":3},"geometry":{"type":"Point","coordinates":[37.83789,-13.94323]}},{"type":"Feature","id":"label-MAR","properties":{"code":"MAR","iso2":"MA","name":"Morocco","formalName":"Kingdom of Morocco","localName":"المغرب","labelEnglish":"Morocco","labelLocal":"المغرب","labelBoth":"Morocco · المغرب","continent":"Africa","subregion":"Northern Africa","sovereign":"Morocco","kind":"Sovereign country","qid":"Q1028","mapColor":9,"minLabel":2.7},"geometry":{"type":"Point","coordinates":[-7.187296,31.650723]}},{"type":"Feature","id":"label-SAH","properties":{"code":"SAH","iso2":"EH","name":"Western Sahara","formalName":"Sahrawi Arab Democratic Republic","localName":"Sahrawi Arab Democratic Republic","labelEnglish":"Western Sahara","labelLocal":"Sahrawi Arab Democratic Republic","labelBoth":"Western Sahara · Sahrawi Arab Democratic Republic","continent":"Africa","subregion":"Northern Africa","sovereign":"Western Sahara","kind":"Indeterminate","qid":"Q6250","mapColor":4,"minLabel":6},"geometry":{"type":"Point","coordinates":[-12.630304,23.967592]}},{"type":"Feature","id":"label-MNE","properties":{"code":"MNE","iso2":"ME","name":"Montenegro","formalName":"Montenegro","localName":"Црна Гора","labelEnglish":"Montenegro","labelLocal":"Црна Гора","labelBoth":"Montenegro · Црна Гора","continent":"Europe","subregion":"Southern Europe","sovereign":"Montenegro","kind":"Sovereign country","qid":"Q236","mapColor":5,"minLabel":5},"geometry":{"type":"Point","coordinates":[19.143727,42.803101]}},{"type":"Feature","id":"label-MNG","properties":{"code":"MNG","iso2":"MN","name":"Mongolia","formalName":"Mongolia","localName":"Монгол улс","labelEnglish":"Mongolia","labelLocal":"Монгол улс","labelBoth":"Mongolia · Монгол улс","continent":"Asia","subregion":"Eastern Asia","sovereign":"Mongolia","kind":"Sovereign country","qid":"Q711","mapColor":6,"minLabel":3},"geometry":{"type":"Point","coordinates":[104.150405,45.997488]}},{"type":"Feature","id":"label-MDA","properties":{"code":"MDA","iso2":"MD","name":"Moldova","formalName":"Republic of Moldova","localName":"Republica Moldova","labelEnglish":"Moldova","labelLocal":"Republica Moldova","labelBoth":"Moldova · Republica Moldova","continent":"Europe","subregion":"Eastern Europe","sovereign":"Moldova","kind":"Sovereign country","qid":"Q217","mapColor":12,"minLabel":5},"geometry":{"type":"Point","coordinates":[28.487904,47.434999]}},{"type":"Feature","id":"label-MCO","properties":{"code":"MCO","iso2":"MC","name":"Monaco","formalName":"Principality of Monaco","localName":"Principauté de Monaco","labelEnglish":"Monaco","labelLocal":"Principauté de Monaco","labelBoth":"Monaco · Principauté de Monaco","continent":"Europe","subregion":"Western Europe","sovereign":"Monaco","kind":"Sovereign country","qid":"Q235","mapColor":12,"minLabel":5},"geometry":{"type":"Point","coordinates":[7.398291,43.739652]}},{"type":"Feature","id":"label-MEX","properties":{"code":"MEX","iso2":"MX","name":"Mexico","formalName":"United Mexican States","localName":"Estados Unidos Mexicanos","labelEnglish":"Mexico","labelLocal":"Estados Unidos Mexicanos","labelBoth":"Mexico · Estados Unidos Mexicanos","continent":"North America","subregion":"Central America","sovereign":"Mexico","kind":"Sovereign country","qid":"Q96","mapColor":3,"minLabel":2},"geometry":{"type":"Point","coordinates":[-102.289448,23.919988]}},{"type":"Feature","id":"label-MUS","properties":{"code":"MUS","iso2":"MU","name":"Mauritius","formalName":"Republic of Mauritius","localName":"Republic of Mauritius","labelEnglish":"Mauritius","labelLocal":"Republic of Mauritius","labelBoth":"Mauritius · Republic of Mauritius","continent":"Seven seas (open ocean)","subregion":"Eastern Africa","sovereign":"Mauritius","kind":"Sovereign country","qid":"Q1027","mapColor":7,"minLabel":4},"geometry":{"type":"Point","coordinates":[57.565848,-20.299506]}},{"type":"Feature","id":"label-MRT","properties":{"code":"MRT","iso2":"MR","name":"Mauritania","formalName":"Islamic Republic of Mauritania","localName":"موريتانيا","labelEnglish":"Mauritania","labelLocal":"موريتانيا","labelBoth":"Mauritania · موريتانيا","continent":"Africa","subregion":"Western Africa","sovereign":"Mauritania","kind":"Sovereign country","qid":"Q1025","mapColor":1,"minLabel":3},"geometry":{"type":"Point","coordinates":[-9.740299,19.587062]}},{"type":"Feature","id":"label-MLT","properties":{"code":"MLT","iso2":"MT","name":"Malta","formalName":"Republic of Malta","localName":"Republic of Malta","labelEnglish":"Malta","labelLocal":"Republic of Malta","labelBoth":"Malta · Republic of Malta","continent":"Europe","subregion":"Southern Europe","sovereign":"Malta","kind":"Sovereign country","qid":"Q233","mapColor":8,"minLabel":4},"geometry":{"type":"Point","coordinates":[14.433005,35.892886]}},{"type":"Feature","id":"label-MLI","properties":{"code":"MLI","iso2":"ML","name":"Mali","formalName":"Republic of Mali","localName":"République du Mali","labelEnglish":"Mali","labelLocal":"République du Mali","labelBoth":"Mali · République du Mali","continent":"Africa","subregion":"Western Africa","sovereign":"Mali","kind":"Sovereign country","qid":"Q912","mapColor":7,"minLabel":3},"geometry":{"type":"Point","coordinates":[-2.038455,18.692713]}},{"type":"Feature","id":"label-MDV","properties":{"code":"MDV","iso2":"MV","name":"Maldives","formalName":"Republic of the Maldives","localName":"ދިވެހިރާއްޖޭގެ","labelEnglish":"Maldives","labelLocal":"ދިވެހިރާއްޖޭގެ","labelBoth":"Maldives · ދިވެހިރާއްޖޭގެ","continent":"Seven seas (open ocean)","subregion":"Southern Asia","sovereign":"Maldives","kind":"Sovereign country","qid":"Q826","mapColor":7,"minLabel":4},"geometry":{"type":"Point","coordinates":[73.507554,4.174441]}},{"type":"Feature","id":"label-MYS","properties":{"code":"MYS","iso2":"MY","name":"Malaysia","formalName":"Malaysia","localName":"مليسيا","labelEnglish":"Malaysia","labelLocal":"مليسيا","labelBoth":"Malaysia · مليسيا","continent":"Asia","subregion":"South-Eastern Asia","sovereign":"Malaysia","kind":"Sovereign country","qid":"Q833","mapColor":6,"minLabel":3},"geometry":{"type":"Point","coordinates":[113.83708,2.528667]}},{"type":"Feature","id":"label-MWI","properties":{"code":"MWI","iso2":"MW","name":"Malawi","formalName":"Republic of Malawi","localName":"Republic of Malawi","labelEnglish":"Malawi","labelLocal":"Republic of Malawi","labelBoth":"Malawi · Republic of Malawi","continent":"Africa","subregion":"Eastern Africa","sovereign":"Malawi","kind":"Sovereign country","qid":"Q1020","mapColor":5,"minLabel":4},"geometry":{"type":"Point","coordinates":[33.608082,-13.386737]}},{"type":"Feature","id":"label-MDG","properties":{"code":"MDG","iso2":"MG","name":"Madagascar","formalName":"Republic of Madagascar","localName":"République de Madagascar","labelEnglish":"Madagascar","labelLocal":"République de Madagascar","labelBoth":"Madagascar · République de Madagascar","continent":"Africa","subregion":"Eastern Africa","sovereign":"Madagascar","kind":"Sovereign country","qid":"Q1019","mapColor":3,"minLabel":2.7},"geometry":{"type":"Point","coordinates":[46.704241,-18.628288]}},{"type":"Feature","id":"label-MKD","properties":{"code":"MKD","iso2":"MK","name":"North Macedonia","formalName":"Republic of North Macedonia","localName":"Македонија","labelEnglish":"North Macedonia","labelLocal":"Македонија","labelBoth":"North Macedonia · Македонија","continent":"Europe","subregion":"Southern Europe","sovereign":"North Macedonia","kind":"Sovereign country","qid":"Q221","mapColor":3,"minLabel":5},"geometry":{"type":"Point","coordinates":[21.555839,41.558223]}},{"type":"Feature","id":"label-LUX","properties":{"code":"LUX","iso2":"LU","name":"Luxembourg","formalName":"Grand Duchy of Luxembourg","localName":"Luxemburg","labelEnglish":"Luxembourg","labelLocal":"Luxemburg","labelBoth":"Luxembourg · Luxemburg","continent":"Europe","subregion":"Western Europe","sovereign":"Luxembourg","kind":"Sovereign country","qid":"Q32","mapColor":7,"minLabel":5.7},"geometry":{"type":"Point","coordinates":[6.07762,49.733732]}},{"type":"Feature","id":"label-LTU","properties":{"code":"LTU","iso2":"LT","name":"Lithuania","formalName":"Republic of Lithuania","localName":"Lietuva","labelEnglish":"Lithuania","labelLocal":"Lietuva","labelBoth":"Lithuania · Lietuva","continent":"Europe","subregion":"Northern Europe","sovereign":"Lithuania","kind":"Sovereign country","qid":"Q37","mapColor":9,"minLabel":4},"geometry":{"type":"Point","coordinates":[24.089932,55.103703]}},{"type":"Feature","id":"label-LIE","properties":{"code":"LIE","iso2":"LI","name":"Liechtenstein","formalName":"Principality of Liechtenstein","localName":"Fürstentum Liechtenstein","labelEnglish":"Liechtenstein","labelLocal":"Fürstentum Liechtenstein","labelBoth":"Liechtenstein · Fürstentum Liechtenstein","continent":"Europe","subregion":"Western Europe","sovereign":"Liechtenstein","kind":"Sovereign country","qid":"Q347","mapColor":9,"minLabel":5},"geometry":{"type":"Point","coordinates":[9.559439,47.111405]}},{"type":"Feature","id":"label-LBY","properties":{"code":"LBY","iso2":"LY","name":"Libya","formalName":"State of Libya","localName":"ليبيا","labelEnglish":"Libya","labelLocal":"ليبيا","labelBoth":"Libya · ليبيا","continent":"Africa","subregion":"Northern Africa","sovereign":"Libya","kind":"Sovereign country","qid":"Q1016","mapColor":11,"minLabel":3},"geometry":{"type":"Point","coordinates":[18.011015,26.638944]}},{"type":"Feature","id":"label-LBR","properties":{"code":"LBR","iso2":"LR","name":"Liberia","formalName":"Republic of Liberia","localName":"Republic of Liberia","labelEnglish":"Liberia","labelLocal":"Republic of Liberia","labelBoth":"Liberia · Republic of Liberia","continent":"Africa","subregion":"Western Africa","sovereign":"Liberia","kind":"Sovereign country","qid":"Q1014","mapColor":9,"minLabel":4},"geometry":{"type":"Point","coordinates":[-9.460379,6.447177]}},{"type":"Feature","id":"label-LSO","properties":{"code":"LSO","iso2":"LS","name":"Lesotho","formalName":"Kingdom of Lesotho","localName":"Kingdom of Lesotho","labelEnglish":"Lesotho","labelLocal":"Kingdom of Lesotho","labelBoth":"Lesotho · Kingdom of Lesotho","continent":"Africa","subregion":"Southern Africa","sovereign":"Lesotho","kind":"Sovereign country","qid":"Q1013","mapColor":8,"minLabel":4},"geometry":{"type":"Point","coordinates":[28.246639,-29.480158]}},{"type":"Feature","id":"label-LBN","properties":{"code":"LBN","iso2":"LB","name":"Lebanon","formalName":"Lebanese Republic","localName":"لبنان","labelEnglish":"Lebanon","labelLocal":"لبنان","labelBoth":"Lebanon · لبنان","continent":"Asia","subregion":"Western Asia","sovereign":"Lebanon","kind":"Sovereign country","qid":"Q822","mapColor":12,"minLabel":4},"geometry":{"type":"Point","coordinates":[35.992892,34.133368]}},{"type":"Feature","id":"label-LVA","properties":{"code":"LVA","iso2":"LV","name":"Latvia","formalName":"Republic of Latvia","localName":"Latvija","labelEnglish":"Latvia","labelLocal":"Latvija","labelBoth":"Latvia · Latvija","continent":"Europe","subregion":"Northern Europe","sovereign":"Latvia","kind":"Sovereign country","qid":"Q211","mapColor":13,"minLabel":4},"geometry":{"type":"Point","coordinates":[25.458723,57.066872]}},{"type":"Feature","id":"label-LAO","properties":{"code":"LAO","iso2":"LA","name":"Laos","formalName":"Lao People's Democratic Republic","localName":"ສປປລາວ","labelEnglish":"Laos","labelLocal":"ສປປລາວ","labelBoth":"Laos · ສປປລາວ","continent":"Asia","subregion":"South-Eastern Asia","sovereign":"Laos","kind":"Sovereign country","qid":"Q819","mapColor":9,"minLabel":4},"geometry":{"type":"Point","coordinates":[102.533912,19.431821]}},{"type":"Feature","id":"label-KGZ","properties":{"code":"KGZ","iso2":"KG","name":"Kyrgyzstan","formalName":"Kyrgyz Republic","localName":"Кыргызстан","labelEnglish":"Kyrgyzstan","labelLocal":"Кыргызстан","labelBoth":"Kyrgyzstan · Кыргызстан","continent":"Asia","subregion":"Central Asia","sovereign":"Kyrgyzstan","kind":"Sovereign country","qid":"Q813","mapColor":6,"minLabel":3},"geometry":{"type":"Point","coordinates":[74.532637,41.66854]}},{"type":"Feature","id":"label-KWT","properties":{"code":"KWT","iso2":"KW","name":"Kuwait","formalName":"State of Kuwait","localName":"الكويت","labelEnglish":"Kuwait","labelLocal":"الكويت","labelBoth":"Kuwait · الكويت","continent":"Asia","subregion":"Western Asia","sovereign":"Kuwait","kind":"Sovereign country","qid":"Q817","mapColor":2,"minLabel":5},"geometry":{"type":"Point","coordinates":[47.313999,29.413628]}},{"type":"Feature","id":"label-KOS","properties":{"code":"KOS","iso2":"XK","name":"Kosovo","formalName":"Republic of Kosovo","localName":"Kosovo","labelEnglish":"Kosovo","labelLocal":"Kosovo","labelBoth":"Kosovo","continent":"Europe","subregion":"Southern Europe","sovereign":"Kosovo","kind":"Disputed","qid":"Q1246","mapColor":11,"minLabel":5},"geometry":{"type":"Point","coordinates":[20.860719,42.593587]}},{"type":"Feature","id":"label-KIR","properties":{"code":"KIR","iso2":"KI","name":"Kiribati","formalName":"Independent and Sovereign Republic of Kiribati","localName":"Independent and Sovereign Republic of Kiribati","labelEnglish":"Kiribati","labelLocal":"Independent and Sovereign Republic of Kiribati","labelBoth":"Kiribati · Independent and Sovereign Republic of Kiribati","continent":"Oceania","subregion":"Micronesia","sovereign":"Kiribati","kind":"Sovereign country","qid":"Q710","mapColor":12,"minLabel":5},"geometry":{"type":"Point","coordinates":[-157.384577,1.820437]}},{"type":"Feature","id":"label-KEN","properties":{"code":"KEN","iso2":"KE","name":"Kenya","formalName":"Republic of Kenya","localName":"Republic of Kenya","labelEnglish":"Kenya","labelLocal":"Republic of Kenya","labelBoth":"Kenya · Republic of Kenya","continent":"Africa","subregion":"Eastern Africa","sovereign":"Kenya","kind":"Sovereign country","qid":"Q114","mapColor":3,"minLabel":1.7},"geometry":{"type":"Point","coordinates":[37.907632,0.549043]}},{"type":"Feature","id":"label-KAZ","properties":{"code":"KAZ","iso2":"KZ","name":"Kazakhstan","formalName":"Republic of Kazakhstan","localName":"Қазақстан","labelEnglish":"Kazakhstan","labelLocal":"Қазақстан","labelBoth":"Kazakhstan · Қазақстан","continent":"Asia","subregion":"Central Asia","sovereign":"Kazakhstan","kind":"Sovereignty","qid":"Q232","mapColor":1,"minLabel":2.7},"geometry":{"type":"Point","coordinates":[68.685548,49.054149]}},{"type":"Feature","id":"label-JOR","properties":{"code":"JOR","iso2":"JO","name":"Jordan","formalName":"Hashemite Kingdom of Jordan","localName":"الأردن","labelEnglish":"Jordan","labelLocal":"الأردن","labelBoth":"Jordan · الأردن","continent":"Asia","subregion":"Western Asia","sovereign":"Jordan","kind":"Sovereign country","qid":"Q810","mapColor":4,"minLabel":4},"geometry":{"type":"Point","coordinates":[36.375991,30.805025]}},{"type":"Feature","id":"label-JPN","properties":{"code":"JPN","iso2":"JP","name":"Japan","formalName":"Japan","localName":"日本","labelEnglish":"Japan","labelLocal":"日本","labelBoth":"Japan · 日本","continent":"Asia","subregion":"Eastern Asia","sovereign":"Japan","kind":"Sovereign country","qid":"Q17","mapColor":4,"minLabel":1.7},"geometry":{"type":"Point","coordinates":[138.44217,36.142538]}},{"type":"Feature","id":"label-JAM","properties":{"code":"JAM","iso2":"JM","name":"Jamaica","formalName":"Jamaica","localName":"Jamaica","labelEnglish":"Jamaica","labelLocal":"Jamaica","labelBoth":"Jamaica","continent":"North America","subregion":"Caribbean","sovereign":"Jamaica","kind":"Sovereign country","qid":"Q766","mapColor":10,"minLabel":4},"geometry":{"type":"Point","coordinates":[-77.318767,18.137124]}},{"type":"Feature","id":"label-ITA","properties":{"code":"ITA","iso2":"IT","name":"Italy","formalName":"Italian Republic","localName":"Italia","labelEnglish":"Italy","labelLocal":"Italia","labelBoth":"Italy · Italia","continent":"Europe","subregion":"Southern Europe","sovereign":"Italy","kind":"Sovereign country","qid":"Q38","mapColor":7,"minLabel":2},"geometry":{"type":"Point","coordinates":[11.076907,44.732482]}},{"type":"Feature","id":"label-ISR","properties":{"code":"ISR","iso2":"IL","name":"Israel","formalName":"State of Israel","localName":"إسرائيل","labelEnglish":"Israel","labelLocal":"إسرائيل","labelBoth":"Israel · إسرائيل","continent":"Asia","subregion":"Western Asia","sovereign":"Israel","kind":"Disputed","qid":"Q801","mapColor":9,"minLabel":3},"geometry":{"type":"Point","coordinates":[34.847915,30.911148]}},{"type":"Feature","id":"label-PSX","properties":{"code":"PSX","iso2":"PS","name":"Palestine","formalName":"State of Palestine","localName":"فلسطين","labelEnglish":"Palestine","labelLocal":"فلسطين","labelBoth":"Palestine · فلسطين","continent":"Asia","subregion":"Western Asia","sovereign":"Israel","kind":"Indeterminate","qid":"Q23792","mapColor":8,"minLabel":4.5},"geometry":{"type":"Point","coordinates":[35.291341,32.047431]}},{"type":"Feature","id":"label-IRL","properties":{"code":"IRL","iso2":"IE","name":"Ireland","formalName":"Republic of Ireland","localName":"Republic of Ireland","labelEnglish":"Ireland","labelLocal":"Republic of Ireland","labelBoth":"Ireland · Republic of Ireland","continent":"Europe","subregion":"Northern Europe","sovereign":"Ireland","kind":"Sovereign country","qid":"Q27","mapColor":2,"minLabel":3},"geometry":{"type":"Point","coordinates":[-7.798588,53.078726]}},{"type":"Feature","id":"label-IRQ","properties":{"code":"IRQ","iso2":"IQ","name":"Iraq","formalName":"Republic of Iraq","localName":"العراق","labelEnglish":"Iraq","labelLocal":"العراق","labelBoth":"Iraq · العراق","continent":"Asia","subregion":"Western Asia","sovereign":"Iraq","kind":"Sovereign country","qid":"Q796","mapColor":1,"minLabel":3},"geometry":{"type":"Point","coordinates":[43.26181,33.09403]}},{"type":"Feature","id":"label-IRN","properties":{"code":"IRN","iso2":"IR","name":"Iran","formalName":"Islamic Republic of Iran","localName":"ایران","labelEnglish":"Iran","labelLocal":"ایران","labelBoth":"Iran · ایران","continent":"Asia","subregion":"Southern Asia","sovereign":"Iran","kind":"Sovereign country","qid":"Q794","mapColor":13,"minLabel":2.5},"geometry":{"type":"Point","coordinates":[54.931495,32.166225]}},{"type":"Feature","id":"label-IDN","properties":{"code":"IDN","iso2":"ID","name":"Indonesia","formalName":"Republic of Indonesia","localName":"Republik Indonesia","labelEnglish":"Indonesia","labelLocal":"Republik Indonesia","labelBoth":"Indonesia · Republik Indonesia","continent":"Asia","subregion":"South-Eastern Asia","sovereign":"Indonesia","kind":"Sovereign country","qid":"Q252","mapColor":11,"minLabel":1.7},"geometry":{"type":"Point","coordinates":[101.892949,-0.954404]}},{"type":"Feature","id":"label-IND","properties":{"code":"IND","iso2":"IN","name":"India","formalName":"Republic of India","localName":"Republic of India","labelEnglish":"India","labelLocal":"Republic of India","labelBoth":"India · Republic of India","continent":"Asia","subregion":"Southern Asia","sovereign":"India","kind":"Sovereign country","qid":"Q668","mapColor":2,"minLabel":1.7},"geometry":{"type":"Point","coordinates":[79.358105,22.686852]}},{"type":"Feature","id":"label-ISL","properties":{"code":"ISL","iso2":"IS","name":"Iceland","formalName":"Iceland","localName":"Ísland","labelEnglish":"Iceland","labelLocal":"Ísland","labelBoth":"Iceland · Ísland","continent":"Europe","subregion":"Northern Europe","sovereign":"Iceland","kind":"Sovereign country","qid":"Q189","mapColor":9,"minLabel":2},"geometry":{"type":"Point","coordinates":[-18.673711,64.779286]}},{"type":"Feature","id":"label-HUN","properties":{"code":"HUN","iso2":"HU","name":"Hungary","formalName":"Hungary","localName":"Magyarország","labelEnglish":"Hungary","labelLocal":"Magyarország","labelBoth":"Hungary · Magyarország","continent":"Europe","subregion":"Eastern Europe","sovereign":"Hungary","kind":"Sovereign country","qid":"Q28","mapColor":5,"minLabel":4},"geometry":{"type":"Point","coordinates":[19.447867,47.086841]}},{"type":"Feature","id":"label-HND","properties":{"code":"HND","iso2":"HN","name":"Honduras","formalName":"Republic of Honduras","localName":"República de Honduras","labelEnglish":"Honduras","labelLocal":"República de Honduras","labelBoth":"Honduras · República de Honduras","continent":"North America","subregion":"Central America","sovereign":"Honduras","kind":"Sovereign country","qid":"Q783","mapColor":5,"minLabel":4.5},"geometry":{"type":"Point","coordinates":[-86.887604,14.794801]}},{"type":"Feature","id":"label-HTI","properties":{"code":"HTI","iso2":"HT","name":"Haiti","formalName":"Republic of Haiti","localName":"République d'Haïti","labelEnglish":"Haiti","labelLocal":"République d'Haïti","labelBoth":"Haiti · République d'Haïti","continent":"North America","subregion":"Caribbean","sovereign":"Haiti","kind":"Sovereign country","qid":"Q790","mapColor":2,"minLabel":4},"geometry":{"type":"Point","coordinates":[-72.224051,19.263784]}},{"type":"Feature","id":"label-GUY","properties":{"code":"GUY","iso2":"GY","name":"Guyana","formalName":"Co-operative Republic of Guyana","localName":"Co-operative Republic of Guyana","labelEnglish":"Guyana","labelLocal":"Co-operative Republic of Guyana","labelBoth":"Guyana · Co-operative Republic of Guyana","continent":"South America","subregion":"South America","sovereign":"Guyana","kind":"Sovereign country","qid":"Q734","mapColor":8,"minLabel":4},"geometry":{"type":"Point","coordinates":[-58.942643,5.124317]}},{"type":"Feature","id":"label-GNB","properties":{"code":"GNB","iso2":"GW","name":"Guinea-Bissau","formalName":"Republic of Guinea-Bissau","localName":"Guiné-Bissau","labelEnglish":"Guinea-Bissau","labelLocal":"Guiné-Bissau","labelBoth":"Guinea-Bissau · Guiné-Bissau","continent":"Africa","subregion":"Western Africa","sovereign":"Guinea-Bissau","kind":"Sovereign country","qid":"Q1007","mapColor":4,"minLabel":5},"geometry":{"type":"Point","coordinates":[-14.52413,12.163712]}},{"type":"Feature","id":"label-GIN","properties":{"code":"GIN","iso2":"GN","name":"Guinea","formalName":"Republic of Guinea","localName":"Guinée","labelEnglish":"Guinea","labelLocal":"Guinée","labelBoth":"Guinea · Guinée","continent":"Africa","subregion":"Western Africa","sovereign":"Guinea","kind":"Sovereign country","qid":"Q1006","mapColor":2,"minLabel":3},"geometry":{"type":"Point","coordinates":[-10.016402,10.618516]}},{"type":"Feature","id":"label-GTM","properties":{"code":"GTM","iso2":"GT","name":"Guatemala","formalName":"Republic of Guatemala","localName":"República de Guatemala","labelEnglish":"Guatemala","labelLocal":"República de Guatemala","labelBoth":"Guatemala · República de Guatemala","continent":"North America","subregion":"Central America","sovereign":"Guatemala","kind":"Sovereign country","qid":"Q774","mapColor":6,"minLabel":3},"geometry":{"type":"Point","coordinates":[-90.497134,14.982133]}},{"type":"Feature","id":"label-GRD","properties":{"code":"GRD","iso2":"GD","name":"Grenada","formalName":"Grenada","localName":"Grenada","labelEnglish":"Grenada","labelLocal":"Grenada","labelBoth":"Grenada","continent":"North America","subregion":"Caribbean","sovereign":"Grenada","kind":"Sovereign country","qid":"Q769","mapColor":6,"minLabel":4},"geometry":{"type":"Point","coordinates":[-61.680461,12.113156]}},{"type":"Feature","id":"label-GRC","properties":{"code":"GRC","iso2":"GR","name":"Greece","formalName":"Hellenic Republic","localName":"Ελλάδα","labelEnglish":"Greece","labelLocal":"Ελλάδα","labelBoth":"Greece · Ελλάδα","continent":"Europe","subregion":"Southern Europe","sovereign":"Greece","kind":"Sovereign country","qid":"Q41","mapColor":9,"minLabel":2.7},"geometry":{"type":"Point","coordinates":[21.72568,39.492763]}},{"type":"Feature","id":"label-GHA","properties":{"code":"GHA","iso2":"GH","name":"Ghana","formalName":"Republic of Ghana","localName":"Republic of Ghana","labelEnglish":"Ghana","labelLocal":"Republic of Ghana","labelBoth":"Ghana · Republic of Ghana","continent":"Africa","subregion":"Western Africa","sovereign":"Ghana","kind":"Sovereign country","qid":"Q117","mapColor":4,"minLabel":2.7},"geometry":{"type":"Point","coordinates":[-1.036941,7.717639]}},{"type":"Feature","id":"label-DEU","properties":{"code":"DEU","iso2":"DE","name":"Germany","formalName":"Federal Republic of Germany","localName":"Deutschland","labelEnglish":"Germany","labelLocal":"Deutschland","labelBoth":"Germany · Deutschland","continent":"Europe","subregion":"Western Europe","sovereign":"Germany","kind":"Sovereign country","qid":"Q183","mapColor":1,"minLabel":1.7},"geometry":{"type":"Point","coordinates":[9.678348,50.961733]}},{"type":"Feature","id":"label-GEO","properties":{"code":"GEO","iso2":"GE","name":"Georgia","formalName":"Georgia","localName":"საქართველო","labelEnglish":"Georgia","labelLocal":"საქართველო","labelBoth":"Georgia · საქართველო","continent":"Asia","subregion":"Western Asia","sovereign":"Georgia","kind":"Sovereign country","qid":"Q230","mapColor":2,"minLabel":4},"geometry":{"type":"Point","coordinates":[43.735724,41.870087]}},{"type":"Feature","id":"label-GMB","properties":{"code":"GMB","iso2":"GM","name":"Gambia","formalName":"Republic of the Gambia","localName":"Republic of the Gambia","labelEnglish":"Gambia","labelLocal":"Republic of the Gambia","labelBoth":"Gambia · Republic of the Gambia","continent":"Africa","subregion":"Western Africa","sovereign":"Gambia","kind":"Sovereign country","qid":"Q1005","mapColor":8,"minLabel":5},"geometry":{"type":"Point","coordinates":[-14.998318,13.641721]}},{"type":"Feature","id":"label-GAB","properties":{"code":"GAB","iso2":"GA","name":"Gabon","formalName":"Gabonese Republic","localName":"République gabonaise","labelEnglish":"Gabon","labelLocal":"République gabonaise","labelBoth":"Gabon · République gabonaise","continent":"Africa","subregion":"Middle Africa","sovereign":"Gabon","kind":"Sovereign country","qid":"Q1000","mapColor":5,"minLabel":3},"geometry":{"type":"Point","coordinates":[11.835939,-0.437739]}},{"type":"Feature","id":"label-FRA","properties":{"code":"FRA","iso2":"FR","name":"France","formalName":"French Republic","localName":"République française","labelEnglish":"France","labelLocal":"République française","labelBoth":"France · République française","continent":"Europe","subregion":"Western Europe","sovereign":"France","kind":"Country","qid":"Q142","mapColor":11,"minLabel":1.7},"geometry":{"type":"Point","coordinates":[2.552275,46.696113]}},{"type":"Feature","id":"label-SPM","properties":{"code":"SPM","iso2":"PM","name":"Saint Pierre and Miquelon","formalName":"Saint Pierre and Miquelon","localName":"Saint-Pierre-et-Miquelon","labelEnglish":"Saint Pierre and Miquelon","labelLocal":"Saint-Pierre-et-Miquelon","labelBoth":"Saint Pierre and Miquelon · Saint-Pierre-et-Miquelon","continent":"North America","subregion":"Northern America","sovereign":"France","kind":"Dependency","qid":"Q34617","mapColor":11,"minLabel":5},"geometry":{"type":"Point","coordinates":[-56.332352,47.040344]}},{"type":"Feature","id":"label-WLF","properties":{"code":"WLF","iso2":"WF","name":"Wallis and Futuna","formalName":"Territory of the Wallis and Futuna Islands","localName":"Wallis et Futuna","labelEnglish":"Wallis and Futuna","labelLocal":"Wallis et Futuna","labelBoth":"Wallis and Futuna · Wallis et Futuna","continent":"Oceania","subregion":"Polynesia","sovereign":"France","kind":"Dependency","qid":"Q35555","mapColor":11,"minLabel":4.7},"geometry":{"type":"Point","coordinates":[-178.137436,-14.286415]}},{"type":"Feature","id":"label-MAF","properties":{"code":"MAF","iso2":"MF","name":"Saint Martin","formalName":"Saint Martin","localName":"Saint-Martin","labelEnglish":"Saint Martin","labelLocal":"Saint-Martin","labelBoth":"Saint Martin · Saint-Martin","continent":"North America","subregion":"Caribbean","sovereign":"France","kind":"Dependency","qid":"Q126125","mapColor":11,"minLabel":5},"geometry":{"type":"Point","coordinates":[-63.049399,18.081302]}},{"type":"Feature","id":"label-BLM","properties":{"code":"BLM","iso2":"BL","name":"Saint Barthélemy","formalName":"Collectivity of Saint Barthélemy","localName":"Saint-Barthélemy","labelEnglish":"Saint Barthélemy","labelLocal":"Saint-Barthélemy","labelBoth":"Saint Barthélemy · Saint-Barthélemy","continent":"North America","subregion":"Caribbean","sovereign":"France","kind":"Dependency","qid":"Q25362","mapColor":11,"minLabel":5.7},"geometry":{"type":"Point","coordinates":[-62.833193,17.901987]}},{"type":"Feature","id":"label-PYF","properties":{"code":"PYF","iso2":"PF","name":"French Polynesia","formalName":"French Polynesia","localName":"Polynésie française","labelEnglish":"French Polynesia","labelLocal":"Polynésie française","labelBoth":"French Polynesia · Polynésie française","continent":"Oceania","subregion":"Polynesia","sovereign":"France","kind":"Dependency","qid":"Q30971","mapColor":11,"minLabel":3.5},"geometry":{"type":"Point","coordinates":[-149.46157,-17.628081]}},{"type":"Feature","id":"label-NCL","properties":{"code":"NCL","iso2":"NC","name":"New Caledonia","formalName":"New Caledonia","localName":"Nouvelle-Calédonie","labelEnglish":"New Caledonia","labelLocal":"Nouvelle-Calédonie","labelBoth":"New Caledonia · Nouvelle-Calédonie","continent":"Oceania","subregion":"Melanesia","sovereign":"France","kind":"Dependency","qid":"Q33788","mapColor":11,"minLabel":4.6},"geometry":{"type":"Point","coordinates":[165.084004,-21.064697]}},{"type":"Feature","id":"label-ATF","properties":{"code":"ATF","iso2":"TF","name":"French Southern and Antarctic Lands","formalName":"Territory of the French Southern and Antarctic Lands","localName":"Terres australes et antarctiques françaises","labelEnglish":"French Southern and Antarctic Lands","labelLocal":"Terres australes et antarctiques françaises","labelBoth":"French Southern and Antarctic Lands · Terres australes et antarctiques françaises","continent":"Seven seas (open ocean)","subregion":"Seven seas (open ocean)","sovereign":"France","kind":"Dependency","qid":"Q129003","mapColor":11,"minLabel":4},"geometry":{"type":"Point","coordinates":[69.122136,-49.303721]}},{"type":"Feature","id":"label-ALD","properties":{"code":"ALD","iso2":"AX","name":"Åland Islands","formalName":"Åland Islands","localName":"Åland","labelEnglish":"Åland Islands","labelLocal":"Åland","labelBoth":"Åland Islands · Åland","continent":"Europe","subregion":"Northern Europe","sovereign":"Finland","kind":"Country","qid":"Q5689","mapColor":6,"minLabel":5},"geometry":{"type":"Point","coordinates":[19.869671,60.156467]}},{"type":"Feature","id":"label-FIN","properties":{"code":"FIN","iso2":"FI","name":"Finland","formalName":"Republic of Finland","localName":"Suomi","labelEnglish":"Finland","labelLocal":"Suomi","labelBoth":"Finland · Suomi","continent":"Europe","subregion":"Northern Europe","sovereign":"Finland","kind":"Country","qid":"Q33","mapColor":6,"minLabel":3},"geometry":{"type":"Point","coordinates":[27.276449,63.252361]}},{"type":"Feature","id":"label-FJI","properties":{"code":"FJI","iso2":"FJ","name":"Fiji","formalName":"Republic of Fiji","localName":"Republic of Fiji","labelEnglish":"Fiji","labelLocal":"Republic of Fiji","labelBoth":"Fiji · Republic of Fiji","continent":"Oceania","subregion":"Melanesia","sovereign":"Fiji","kind":"Sovereign country","qid":"Q712","mapColor":2,"minLabel":3},"geometry":{"type":"Point","coordinates":[177.975427,-17.826099]}},{"type":"Feature","id":"label-ETH","properties":{"code":"ETH","iso2":"ET","name":"Ethiopia","formalName":"Federal Democratic Republic of Ethiopia","localName":"ኢትዮጵያ","labelEnglish":"Ethiopia","labelLocal":"ኢትዮጵያ","labelBoth":"Ethiopia · ኢትዮጵያ","continent":"Africa","subregion":"Eastern Africa","sovereign":"Ethiopia","kind":"Sovereign country","qid":"Q115","mapColor":13,"minLabel":2},"geometry":{"type":"Point","coordinates":[39.0886,8.032795]}},{"type":"Feature","id":"label-EST","properties":{"code":"EST","iso2":"EE","name":"Estonia","formalName":"Republic of Estonia","localName":"Eesti","labelEnglish":"Estonia","labelLocal":"Eesti","labelBoth":"Estonia · Eesti","continent":"Europe","subregion":"Northern Europe","sovereign":"Estonia","kind":"Sovereign country","qid":"Q191","mapColor":10,"minLabel":3},"geometry":{"type":"Point","coordinates":[25.867126,58.724865]}},{"type":"Feature","id":"label-ERI","properties":{"code":"ERI","iso2":"ER","name":"Eritrea","formalName":"State of Eritrea","localName":"إريتريا","labelEnglish":"Eritrea","labelLocal":"إريتريا","labelBoth":"Eritrea · إريتريا","continent":"Africa","subregion":"Eastern Africa","sovereign":"Eritrea","kind":"Sovereign country","qid":"Q986","mapColor":12,"minLabel":4},"geometry":{"type":"Point","coordinates":[38.285566,15.787401]}},{"type":"Feature","id":"label-GNQ","properties":{"code":"GNQ","iso2":"GQ","name":"Equatorial Guinea","formalName":"Republic of Equatorial Guinea","localName":"Guinée équatoriale","labelEnglish":"Equatorial Guinea","labelLocal":"Guinée équatoriale","labelBoth":"Equatorial Guinea · Guinée équatoriale","continent":"Africa","subregion":"Middle Africa","sovereign":"Equatorial Guinea","kind":"Sovereign country","qid":"Q983","mapColor":8,"minLabel":4},"geometry":{"type":"Point","coordinates":[8.9902,2.333]}},{"type":"Feature","id":"label-SLV","properties":{"code":"SLV","iso2":"SV","name":"El Salvador","formalName":"Republic of El Salvador","localName":"República de El Salvador","labelEnglish":"El Salvador","labelLocal":"República de El Salvador","labelBoth":"El Salvador · República de El Salvador","continent":"North America","subregion":"Central America","sovereign":"El Salvador","kind":"Sovereign country","qid":"Q792","mapColor":8,"minLabel":5},"geometry":{"type":"Point","coordinates":[-88.890124,13.685371]}},{"type":"Feature","id":"label-EGY","properties":{"code":"EGY","iso2":"EG","name":"Egypt","formalName":"Arab Republic of Egypt","localName":"مصر","labelEnglish":"Egypt","labelLocal":"مصر","labelBoth":"Egypt · مصر","continent":"Africa","subregion":"Northern Africa","sovereign":"Egypt","kind":"Sovereign country","qid":"Q79","mapColor":2,"minLabel":1.7},"geometry":{"type":"Point","coordinates":[29.445837,26.186173]}},{"type":"Feature","id":"label-ECU","properties":{"code":"ECU","iso2":"EC","name":"Ecuador","formalName":"Republic of Ecuador","localName":"República del Ecuador","labelEnglish":"Ecuador","labelLocal":"República del Ecuador","labelBoth":"Ecuador · República del Ecuador","continent":"South America","subregion":"South America","sovereign":"Ecuador","kind":"Sovereign country","qid":"Q736","mapColor":12,"minLabel":3},"geometry":{"type":"Point","coordinates":[-78.188375,-1.259076]}},{"type":"Feature","id":"label-DOM","properties":{"code":"DOM","iso2":"DO","name":"Dominican Republic","formalName":"Dominican Republic","localName":"República Dominicana","labelEnglish":"Dominican Republic","labelLocal":"República Dominicana","labelBoth":"Dominican Republic · República Dominicana","continent":"North America","subregion":"Caribbean","sovereign":"Dominican Republic","kind":"Sovereign country","qid":"Q786","mapColor":7,"minLabel":4.5},"geometry":{"type":"Point","coordinates":[-70.653998,19.104137]}},{"type":"Feature","id":"label-DMA","properties":{"code":"DMA","iso2":"DM","name":"Dominica","formalName":"Commonwealth of Dominica","localName":"Commonwealth of Dominica","labelEnglish":"Dominica","labelLocal":"Commonwealth of Dominica","labelBoth":"Dominica · Commonwealth of Dominica","continent":"North America","subregion":"Caribbean","sovereign":"Dominica","kind":"Sovereign country","qid":"Q784","mapColor":12,"minLabel":4},"geometry":{"type":"Point","coordinates":[-61.344958,15.458829]}},{"type":"Feature","id":"label-DJI","properties":{"code":"DJI","iso2":"DJ","name":"Djibouti","formalName":"Republic of Djibouti","localName":"جيبوتي","labelEnglish":"Djibouti","labelLocal":"جيبوتي","labelBoth":"Djibouti · جيبوتي","continent":"Africa","subregion":"Eastern Africa","sovereign":"Djibouti","kind":"Sovereign country","qid":"Q977","mapColor":8,"minLabel":4},"geometry":{"type":"Point","coordinates":[42.498825,11.976343]}},{"type":"Feature","id":"label-GRL","properties":{"code":"GRL","iso2":"GL","name":"Greenland","formalName":"Greenland","localName":"Kalaallit Nunaat","labelEnglish":"Greenland","labelLocal":"Kalaallit Nunaat","labelBoth":"Greenland · Kalaallit Nunaat","continent":"North America","subregion":"Northern America","sovereign":"Denmark","kind":"Country","qid":"Q223","mapColor":12,"minLabel":1.7},"geometry":{"type":"Point","coordinates":[-39.335251,74.319387]}},{"type":"Feature","id":"label-FRO","properties":{"code":"FRO","iso2":"FO","name":"Faroe Islands","formalName":"Faroe Islands","localName":"Færøerne","labelEnglish":"Faroe Islands","labelLocal":"Færøerne","labelBoth":"Faroe Islands · Færøerne","continent":"Europe","subregion":"Northern Europe","sovereign":"Denmark","kind":"Dependency","qid":"Q4628","mapColor":12,"minLabel":4},"geometry":{"type":"Point","coordinates":[-7.058429,62.185604]}},{"type":"Feature","id":"label-DNK","properties":{"code":"DNK","iso2":"DK","name":"Denmark","formalName":"Kingdom of Denmark","localName":"Danmark","labelEnglish":"Denmark","labelLocal":"Danmark","labelBoth":"Denmark · Danmark","continent":"Europe","subregion":"Northern Europe","sovereign":"Denmark","kind":"Country","qid":"Q35","mapColor":12,"minLabel":3},"geometry":{"type":"Point","coordinates":[9.018163,55.966965]}},{"type":"Feature","id":"label-CZE","properties":{"code":"CZE","iso2":"CZ","name":"Czechia","formalName":"Czech Republic","localName":"Česko","labelEnglish":"Czechia","labelLocal":"Česko","labelBoth":"Czechia · Česko","continent":"Europe","subregion":"Eastern Europe","sovereign":"Czechia","kind":"Sovereign country","qid":"Q213","mapColor":6,"minLabel":4},"geometry":{"type":"Point","coordinates":[15.377555,49.882364]}},{"type":"Feature","id":"label-CYN","properties":{"code":"CYN","iso2":null,"name":"Turkish Republic of Northern Cyprus","formalName":"Turkish Republic of Northern Cyprus","localName":"Turkish Republic of Northern Cyprus","labelEnglish":"Turkish Republic of Northern Cyprus","labelLocal":"Turkish Republic of Northern Cyprus","labelBoth":"Turkish Republic of Northern Cyprus","continent":"Asia","subregion":"Western Asia","sovereign":"Northern Cyprus","kind":"Sovereign country","qid":"Q23681","mapColor":8,"minLabel":6},"geometry":{"type":"Point","coordinates":[33.692434,35.216071]}},{"type":"Feature","id":"label-CYP","properties":{"code":"CYP","iso2":"CY","name":"Cyprus","formalName":"Republic of Cyprus","localName":"Κύπρος","labelEnglish":"Cyprus","labelLocal":"Κύπρος","labelBoth":"Cyprus · Κύπρος","continent":"Asia","subregion":"Western Asia","sovereign":"Cyprus","kind":"Sovereign country","qid":"Q229","mapColor":7,"minLabel":4.5},"geometry":{"type":"Point","coordinates":[33.084182,34.913329]}},{"type":"Feature","id":"label-CUB","properties":{"code":"CUB","iso2":"CU","name":"Cuba","formalName":"Republic of Cuba","localName":"República de Cuba","labelEnglish":"Cuba","labelLocal":"República de Cuba","labelBoth":"Cuba · República de Cuba","continent":"North America","subregion":"Caribbean","sovereign":"Cuba","kind":"Sovereignty","qid":"Q241","mapColor":4,"minLabel":2.7},"geometry":{"type":"Point","coordinates":[-77.975855,21.334024]}},{"type":"Feature","id":"label-HRV","properties":{"code":"HRV","iso2":"HR","name":"Croatia","formalName":"Republic of Croatia","localName":"Hrvatska","labelEnglish":"Croatia","labelLocal":"Hrvatska","labelBoth":"Croatia · Hrvatska","continent":"Europe","subregion":"Southern Europe","sovereign":"Croatia","kind":"Sovereign country","qid":"Q224","mapColor":1,"minLabel":4},"geometry":{"type":"Point","coordinates":[16.37241,45.805799]}},{"type":"Feature","id":"label-CIV","properties":{"code":"CIV","iso2":"CI","name":"Ivory Coast","formalName":"Republic of Côte d'Ivoire","localName":"Côte d'Ivoire","labelEnglish":"Ivory Coast","labelLocal":"Côte d'Ivoire","labelBoth":"Ivory Coast · Côte d'Ivoire","continent":"Africa","subregion":"Western Africa","sovereign":"Ivory Coast","kind":"Sovereign country","qid":"Q1008","mapColor":3,"minLabel":2.5},"geometry":{"type":"Point","coordinates":[-5.568618,7.49139]}},{"type":"Feature","id":"label-CRI","properties":{"code":"CRI","iso2":"CR","name":"Costa Rica","formalName":"Republic of Costa Rica","localName":"República de Costa Rica","labelEnglish":"Costa Rica","labelLocal":"República de Costa Rica","labelBoth":"Costa Rica · República de Costa Rica","continent":"North America","subregion":"Central America","sovereign":"Costa Rica","kind":"Sovereign country","qid":"Q800","mapColor":2,"minLabel":2.5},"geometry":{"type":"Point","coordinates":[-84.077922,10.0651]}},{"type":"Feature","id":"label-COD","properties":{"code":"COD","iso2":"CD","name":"DR Congo","formalName":"Democratic Republic of the Congo","localName":"RD Congo","labelEnglish":"DR Congo","labelLocal":"RD Congo","labelBoth":"DR Congo · RD Congo","continent":"Africa","subregion":"Middle Africa","sovereign":"Democratic Republic of the Congo","kind":"Sovereign country","qid":"Q974","mapColor":7,"minLabel":2},"geometry":{"type":"Point","coordinates":[23.458829,-1.858167]}},{"type":"Feature","id":"label-COG","properties":{"code":"COG","iso2":"CG","name":"Congo","formalName":"Republic of the Congo","localName":"République du Congo","labelEnglish":"Congo","labelLocal":"République du Congo","labelBoth":"Congo · République du Congo","continent":"Africa","subregion":"Middle Africa","sovereign":"Republic of the Congo","kind":"Sovereign country","qid":"Q971","mapColor":10,"minLabel":4},"geometry":{"type":"Point","coordinates":[15.9005,0.142331]}},{"type":"Feature","id":"label-COM","properties":{"code":"COM","iso2":"KM","name":"Comoros","formalName":"Union of the Comoros","localName":"جزر القمر","labelEnglish":"Comoros","labelLocal":"جزر القمر","labelBoth":"Comoros · جزر القمر","continent":"Africa","subregion":"Eastern Africa","sovereign":"Comoros","kind":"Sovereign country","qid":"Q970","mapColor":10,"minLabel":4},"geometry":{"type":"Point","coordinates":[43.318094,-11.727683]}},{"type":"Feature","id":"label-COL","properties":{"code":"COL","iso2":"CO","name":"Colombia","formalName":"Republic of Colombia","localName":"República de Colombia","labelEnglish":"Colombia","labelLocal":"República de Colombia","labelBoth":"Colombia · República de Colombia","continent":"South America","subregion":"South America","sovereign":"Colombia","kind":"Sovereign country","qid":"Q739","mapColor":1,"minLabel":3},"geometry":{"type":"Point","coordinates":[-73.174347,3.373111]}},{"type":"Feature","id":"label-CHN","properties":{"code":"CHN","iso2":"CN","name":"China","formalName":"People's Republic of China","localName":"中国","labelEnglish":"China","labelLocal":"中国","labelBoth":"China · 中国","continent":"Asia","subregion":"Eastern Asia","sovereign":"China","kind":"Country","qid":"Q148","mapColor":3,"minLabel":1.7},"geometry":{"type":"Point","coordinates":[106.337289,32.498178]}},{"type":"Feature","id":"label-MAC","properties":{"code":"MAC","iso2":"MO","name":"Macau","formalName":"Macao Special Administrative Region of the People's Republic of China","localName":"Região Administrativa Especial de Macau da República Popular da China","labelEnglish":"Macau","labelLocal":"Região Administrativa Especial de Macau da República Popular da China","labelBoth":"Macau · Região Administrativa Especial de Macau da República Popular da China","continent":"Asia","subregion":"Eastern Asia","sovereign":"China","kind":"Country","qid":"Q14773","mapColor":3,"minLabel":4},"geometry":{"type":"Point","coordinates":[113.556038,22.129735]}},{"type":"Feature","id":"label-HKG","properties":{"code":"HKG","iso2":"HK","name":"Hong Kong","formalName":"Hong Kong Special Administrative Region of the People's Republic of China","localName":"Hong Kong Special Administrative Region of the People's Republic of China","labelEnglish":"Hong Kong","labelLocal":"Hong Kong Special Administrative Region of the People's Republic of China","labelBoth":"Hong Kong · Hong Kong Special Administrative Region of the People's Republic of China","continent":"Asia","subregion":"Eastern Asia","sovereign":"China","kind":"Country","qid":"Q8646","mapColor":3,"minLabel":4},"geometry":{"type":"Point","coordinates":[114.097769,22.448829]}},{"type":"Feature","id":"label-CHL","properties":{"code":"CHL","iso2":"CL","name":"Chile","formalName":"Republic of Chile","localName":"República de Chile","labelEnglish":"Chile","labelLocal":"República de Chile","labelBoth":"Chile · República de Chile","continent":"South America","subregion":"South America","sovereign":"Chile","kind":"Sovereign country","qid":"Q298","mapColor":9,"minLabel":1.7},"geometry":{"type":"Point","coordinates":[-72.318871,-38.151771]}},{"type":"Feature","id":"label-TCD","properties":{"code":"TCD","iso2":"TD","name":"Chad","formalName":"Republic of Chad","localName":"تشاد","labelEnglish":"Chad","labelLocal":"تشاد","labelBoth":"Chad · تشاد","continent":"Africa","subregion":"Middle Africa","sovereign":"Chad","kind":"Sovereign country","qid":"Q657","mapColor":6,"minLabel":3},"geometry":{"type":"Point","coordinates":[18.645041,15.142959]}},{"type":"Feature","id":"label-CAF","properties":{"code":"CAF","iso2":"CF","name":"Central African Republic","formalName":"Central African Republic","localName":"République centrafricaine","labelEnglish":"Central African Republic","labelLocal":"République centrafricaine","labelBoth":"Central African Republic · République centrafricaine","continent":"Africa","subregion":"Middle Africa","sovereign":"Central African Republic","kind":"Sovereign country","qid":"Q929","mapColor":9,"minLabel":4},"geometry":{"type":"Point","coordinates":[20.906897,6.989681]}},{"type":"Feature","id":"label-CPV","properties":{"code":"CPV","iso2":"CV","name":"Cape Verde","formalName":"Republic of Cabo Verde","localName":"Cabo Verde","labelEnglish":"Cape Verde","labelLocal":"Cabo Verde","labelBoth":"Cape Verde · Cabo Verde","continent":"Africa","subregion":"Western Africa","sovereign":"Cabo Verde","kind":"Sovereign country","qid":"Q1011","mapColor":11,"minLabel":4},"geometry":{"type":"Point","coordinates":[-23.639434,15.074761]}},{"type":"Feature","id":"label-CAN","properties":{"code":"CAN","iso2":"CA","name":"Canada","formalName":"Canada","localName":"Canada","labelEnglish":"Canada","labelLocal":"Canada","labelBoth":"Canada","continent":"North America","subregion":"Northern America","sovereign":"Canada","kind":"Sovereign country","qid":"Q16","mapColor":2,"minLabel":1.7},"geometry":{"type":"Point","coordinates":[-101.9107,60.324287]}},{"type":"Feature","id":"label-CMR","properties":{"code":"CMR","iso2":"CM","name":"Cameroon","formalName":"Republic of Cameroon","localName":"Republic of Cameroon","labelEnglish":"Cameroon","labelLocal":"Republic of Cameroon","labelBoth":"Cameroon · Republic of Cameroon","continent":"Africa","subregion":"Middle Africa","sovereign":"Cameroon","kind":"Sovereign country","qid":"Q1009","mapColor":3,"minLabel":3},"geometry":{"type":"Point","coordinates":[12.473488,4.585041]}},{"type":"Feature","id":"label-KHM","properties":{"code":"KHM","iso2":"KH","name":"Cambodia","formalName":"Kingdom of Cambodia","localName":"Kâmpŭchéa","labelEnglish":"Cambodia","labelLocal":"Kâmpŭchéa","labelBoth":"Cambodia · Kâmpŭchéa","continent":"Asia","subregion":"South-Eastern Asia","sovereign":"Cambodia","kind":"Sovereign country","qid":"Q424","mapColor":5,"minLabel":3},"geometry":{"type":"Point","coordinates":[104.50487,12.647584]}},{"type":"Feature","id":"label-MMR","properties":{"code":"MMR","iso2":"MM","name":"Myanmar","formalName":"Republic of the Union of Myanmar","localName":"မြန်မာ","labelEnglish":"Myanmar","labelLocal":"မြန်မာ","labelBoth":"Myanmar · မြန်မာ","continent":"Asia","subregion":"South-Eastern Asia","sovereign":"Myanmar","kind":"Sovereign country","qid":"Q836","mapColor":13,"minLabel":3},"geometry":{"type":"Point","coordinates":[95.804497,21.573855]}},{"type":"Feature","id":"label-BDI","properties":{"code":"BDI","iso2":"BI","name":"Burundi","formalName":"Republic of Burundi","localName":"République du Burundi","labelEnglish":"Burundi","labelLocal":"République du Burundi","labelBoth":"Burundi · République du Burundi","continent":"Africa","subregion":"Eastern Africa","sovereign":"Burundi","kind":"Sovereign country","qid":"Q967","mapColor":8,"minLabel":4},"geometry":{"type":"Point","coordinates":[29.917086,-3.332836]}},{"type":"Feature","id":"label-BFA","properties":{"code":"BFA","iso2":"BF","name":"Burkina Faso","formalName":"Burkina Faso","localName":"République du Burkina","labelEnglish":"Burkina Faso","labelLocal":"République du Burkina","labelBoth":"Burkina Faso · République du Burkina","continent":"Africa","subregion":"Western Africa","sovereign":"Burkina Faso","kind":"Sovereign country","qid":"Q965","mapColor":11,"minLabel":3},"geometry":{"type":"Point","coordinates":[-1.36388,12.673048]}},{"type":"Feature","id":"label-BGR","properties":{"code":"BGR","iso2":"BG","name":"Bulgaria","formalName":"Republic of Bulgaria","localName":"България","labelEnglish":"Bulgaria","labelLocal":"България","labelBoth":"Bulgaria · България","continent":"Europe","subregion":"Eastern Europe","sovereign":"Bulgaria","kind":"Sovereign country","qid":"Q219","mapColor":8,"minLabel":4},"geometry":{"type":"Point","coordinates":[25.15709,42.508785]}},{"type":"Feature","id":"label-BRN","properties":{"code":"BRN","iso2":"BN","name":"Brunei","formalName":"Nation of Brunei, Abode of Peace","localName":"Negara Brunei Darussalam","labelEnglish":"Brunei","labelLocal":"Negara Brunei Darussalam","labelBoth":"Brunei · Negara Brunei Darussalam","continent":"Asia","subregion":"South-Eastern Asia","sovereign":"Brunei","kind":"Sovereign country","qid":"Q921","mapColor":12,"minLabel":4},"geometry":{"type":"Point","coordinates":[114.551943,4.448298]}},{"type":"Feature","id":"label-BRA","properties":{"code":"BRA","iso2":"BR","name":"Brazil","formalName":"Federative Republic of Brazil","localName":"Brasil","labelEnglish":"Brazil","labelLocal":"Brasil","labelBoth":"Brazil · Brasil","continent":"South America","subregion":"South America","sovereign":"Brazil","kind":"Sovereign country","qid":"Q155","mapColor":7,"minLabel":1.7},"geometry":{"type":"Point","coordinates":[-49.55945,-12.098687]}},{"type":"Feature","id":"label-BWA","properties":{"code":"BWA","iso2":"BW","name":"Botswana","formalName":"Republic of Botswana","localName":"Republic of Botswana","labelEnglish":"Botswana","labelLocal":"Republic of Botswana","labelBoth":"Botswana · Republic of Botswana","continent":"Africa","subregion":"Southern Africa","sovereign":"Botswana","kind":"Sovereign country","qid":"Q963","mapColor":3,"minLabel":4},"geometry":{"type":"Point","coordinates":[24.179216,-22.102634]}},{"type":"Feature","id":"label-BIH","properties":{"code":"BIH","iso2":"BA","name":"Bosnia and Herzegovina","formalName":"Bosnia and Herzegovina","localName":"Bosna i Hercegovina","labelEnglish":"Bosnia and Herzegovina","labelLocal":"Bosna i Hercegovina","labelBoth":"Bosnia and Herzegovina · Bosna i Hercegovina","continent":"Europe","subregion":"Southern Europe","sovereign":"Bosnia and Herzegovina","kind":"Sovereign country","qid":"Q225","mapColor":2,"minLabel":4.5},"geometry":{"type":"Point","coordinates":[18.06841,44.091051]}},{"type":"Feature","id":"label-BOL","properties":{"code":"BOL","iso2":"BO","name":"Bolivia","formalName":"Plurinational State of Bolivia","localName":"Wuliwya","labelEnglish":"Bolivia","labelLocal":"Wuliwya","labelBoth":"Bolivia · Wuliwya","continent":"South America","subregion":"South America","sovereign":"Bolivia","kind":"Sovereign country","qid":"Q750","mapColor":3,"minLabel":3},"geometry":{"type":"Point","coordinates":[-64.593433,-16.666015]}},{"type":"Feature","id":"label-BTN","properties":{"code":"BTN","iso2":"BT","name":"Bhutan","formalName":"Kingdom of Bhutan","localName":"འབྲུག་ཡུལ་","labelEnglish":"Bhutan","labelLocal":"འབྲུག་ཡུལ་","labelBoth":"Bhutan · འབྲུག་ཡུལ་","continent":"Asia","subregion":"Southern Asia","sovereign":"Bhutan","kind":"Sovereign country","qid":"Q917","mapColor":8,"minLabel":4},"geometry":{"type":"Point","coordinates":[90.040294,27.536685]}},{"type":"Feature","id":"label-BEN","properties":{"code":"BEN","iso2":"BJ","name":"Benin","formalName":"Republic of Benin","localName":"République du Bénin","labelEnglish":"Benin","labelLocal":"République du Bénin","labelBoth":"Benin · République du Bénin","continent":"Africa","subregion":"Western Africa","sovereign":"Benin","kind":"Sovereign country","qid":"Q962","mapColor":12,"minLabel":4},"geometry":{"type":"Point","coordinates":[2.352018,10.324775]}},{"type":"Feature","id":"label-BLZ","properties":{"code":"BLZ","iso2":"BZ","name":"Belize","formalName":"Belize","localName":"Belice","labelEnglish":"Belize","labelLocal":"Belice","labelBoth":"Belize · Belice","continent":"North America","subregion":"Central America","sovereign":"Belize","kind":"Sovereign country","qid":"Q242","mapColor":7,"minLabel":5},"geometry":{"type":"Point","coordinates":[-88.712962,17.202068]}},{"type":"Feature","id":"label-BEL","properties":{"code":"BEL","iso2":"BE","name":"Belgium","formalName":"Kingdom of Belgium","localName":"Belgien","labelEnglish":"Belgium","labelLocal":"Belgien","labelBoth":"Belgium · Belgien","continent":"Europe","subregion":"Western Europe","sovereign":"Belgium","kind":"Sovereign country","qid":"Q31","mapColor":8,"minLabel":4},"geometry":{"type":"Point","coordinates":[4.800448,50.785392]}},{"type":"Feature","id":"label-BLR","properties":{"code":"BLR","iso2":"BY","name":"Belarus","formalName":"Republic of Belarus","localName":"Белару́сь","labelEnglish":"Belarus","labelLocal":"Белару́сь","labelBoth":"Belarus · Белару́сь","continent":"Europe","subregion":"Eastern Europe","sovereign":"Belarus","kind":"Sovereign country","qid":"Q184","mapColor":11,"minLabel":3},"geometry":{"type":"Point","coordinates":[28.417701,53.821888]}},{"type":"Feature","id":"label-BRB","properties":{"code":"BRB","iso2":"BB","name":"Barbados","formalName":"Barbados","localName":"Barbados","labelEnglish":"Barbados","labelLocal":"Barbados","labelBoth":"Barbados","continent":"North America","subregion":"Caribbean","sovereign":"Barbados","kind":"Sovereign country","qid":"Q244","mapColor":3,"minLabel":4.5},"geometry":{"type":"Point","coordinates":[-59.568966,13.163709]}},{"type":"Feature","id":"label-BGD","properties":{"code":"BGD","iso2":"BD","name":"Bangladesh","formalName":"People's Republic of Bangladesh","localName":"বাংলাদেশ","labelEnglish":"Bangladesh","labelLocal":"বাংলাদেশ","labelBoth":"Bangladesh · বাংলাদেশ","continent":"Asia","subregion":"Southern Asia","sovereign":"Bangladesh","kind":"Sovereign country","qid":"Q902","mapColor":7,"minLabel":3},"geometry":{"type":"Point","coordinates":[89.684963,24.214956]}},{"type":"Feature","id":"label-BHR","properties":{"code":"BHR","iso2":"BH","name":"Bahrain","formalName":"Kingdom of Bahrain","localName":"البحرين","labelEnglish":"Bahrain","labelLocal":"البحرين","labelBoth":"Bahrain · البحرين","continent":"Asia","subregion":"Western Asia","sovereign":"Bahrain","kind":"Sovereign country","qid":"Q398","mapColor":9,"minLabel":4},"geometry":{"type":"Point","coordinates":[50.554816,26.055972]}},{"type":"Feature","id":"label-BHS","properties":{"code":"BHS","iso2":"BS","name":"Bahamas","formalName":"Commonwealth of the Bahamas","localName":"Commonwealth of the Bahamas","labelEnglish":"Bahamas","labelLocal":"Commonwealth of the Bahamas","labelBoth":"Bahamas · Commonwealth of the Bahamas","continent":"North America","subregion":"Caribbean","sovereign":"The Bahamas","kind":"Sovereign country","qid":"Q778","mapColor":5,"minLabel":4},"geometry":{"type":"Point","coordinates":[-77.146688,26.401789]}},{"type":"Feature","id":"label-AZE","properties":{"code":"AZE","iso2":"AZ","name":"Azerbaijan","formalName":"Republic of Azerbaijan","localName":"Azərbaycan","labelEnglish":"Azerbaijan","labelLocal":"Azərbaycan","labelBoth":"Azerbaijan · Azərbaycan","continent":"Asia","subregion":"Western Asia","sovereign":"Azerbaijan","kind":"Sovereign country","qid":"Q227","mapColor":8,"minLabel":4},"geometry":{"type":"Point","coordinates":[47.210994,40.402387]}},{"type":"Feature","id":"label-AUT","properties":{"code":"AUT","iso2":"AT","name":"Austria","formalName":"Republic of Austria","localName":"Österreich","labelEnglish":"Austria","labelLocal":"Österreich","labelBoth":"Austria · Österreich","continent":"Europe","subregion":"Western Europe","sovereign":"Austria","kind":"Sovereign country","qid":"Q40","mapColor":4,"minLabel":3},"geometry":{"type":"Point","coordinates":[14.130515,47.518859]}},{"type":"Feature","id":"label-AUS","properties":{"code":"AUS","iso2":"AU","name":"Australia","formalName":"Commonwealth of Australia","localName":"Commonwealth of Australia","labelEnglish":"Australia","labelLocal":"Commonwealth of Australia","labelBoth":"Australia · Commonwealth of Australia","continent":"Oceania","subregion":"Australia and New Zealand","sovereign":"Australia","kind":"Country","qid":"Q408","mapColor":7,"minLabel":1.7},"geometry":{"type":"Point","coordinates":[134.04972,-24.129522]}},{"type":"Feature","id":"label-IOA","properties":{"code":"IOA","iso2":"AU","name":"Australian Indian Ocean Territories","formalName":"Indian Ocean Territories","localName":"Australian Indian Ocean Territories","labelEnglish":"Australian Indian Ocean Territories","labelLocal":"Australian Indian Ocean Territories","labelBoth":"Australian Indian Ocean Territories","continent":"Asia","subregion":"Seven seas (open ocean)","sovereign":"Australia","kind":"Dependency","qid":"Q4824275","mapColor":7,"minLabel":5},"geometry":{"type":"Point","coordinates":[105.67259,-10.490789]}},{"type":"Feature","id":"label-HMD","properties":{"code":"HMD","iso2":"HM","name":"Heard Island and McDonald Islands","formalName":"Heard Island and McDonald Islands","localName":"Heard Island and McDonald Islands","labelEnglish":"Heard Island and McDonald Islands","labelLocal":"Heard Island and McDonald Islands","labelBoth":"Heard Island and McDonald Islands","continent":"Seven seas (open ocean)","subregion":"Seven seas (open ocean)","sovereign":"Australia","kind":"Dependency","qid":"Q131198","mapColor":7,"minLabel":4.5},"geometry":{"type":"Point","coordinates":[73.50521,-53.103462]}},{"type":"Feature","id":"label-NFK","properties":{"code":"NFK","iso2":"NF","name":"Norfolk Island","formalName":"Territory of Norfolk Island","localName":"Territory of Norfolk Island","labelEnglish":"Norfolk Island","labelLocal":"Territory of Norfolk Island","labelBoth":"Norfolk Island · Territory of Norfolk Island","continent":"Oceania","subregion":"Australia and New Zealand","sovereign":"Australia","kind":"Dependency","qid":"Q31057","mapColor":7,"minLabel":4.5},"geometry":{"type":"Point","coordinates":[167.954531,-29.033042]}},{"type":"Feature","id":"label-ATC","properties":{"code":"ATC","iso2":"AU","name":"Ashmore and Cartier Islands","formalName":"Territory of Ashmore and Cartier Islands","localName":"Ashmore and Cartier Islands","labelEnglish":"Ashmore and Cartier Islands","labelLocal":"Ashmore and Cartier Islands","labelBoth":"Ashmore and Cartier Islands","continent":"Oceania","subregion":"Australia and New Zealand","sovereign":"Australia","kind":"Dependency","qid":"Q133888","mapColor":7,"minLabel":4.5},"geometry":{"type":"Point","coordinates":[123.586368,-12.432571]}},{"type":"Feature","id":"label-ARM","properties":{"code":"ARM","iso2":"AM","name":"Armenia","formalName":"Republic of Armenia","localName":"Հայաստան","labelEnglish":"Armenia","labelLocal":"Հայաստան","labelBoth":"Armenia · Հայաստան","continent":"Asia","subregion":"Western Asia","sovereign":"Armenia","kind":"Sovereign country","qid":"Q399","mapColor":10,"minLabel":5},"geometry":{"type":"Point","coordinates":[44.800564,40.459077]}},{"type":"Feature","id":"label-ARG","properties":{"code":"ARG","iso2":"AR","name":"Argentina","formalName":"Argentine Republic","localName":"Argentine Republic","labelEnglish":"Argentina","labelLocal":"Argentine Republic","labelBoth":"Argentina · Argentine Republic","continent":"South America","subregion":"South America","sovereign":"Argentina","kind":"Sovereign country","qid":"Q414","mapColor":13,"minLabel":2},"geometry":{"type":"Point","coordinates":[-64.173331,-33.501159]}},{"type":"Feature","id":"label-ATG","properties":{"code":"ATG","iso2":"AG","name":"Antigua and Barbuda","formalName":"Antigua and Barbuda","localName":"Antigua and Barbuda","labelEnglish":"Antigua and Barbuda","labelLocal":"Antigua and Barbuda","labelBoth":"Antigua and Barbuda","continent":"North America","subregion":"Caribbean","sovereign":"Antigua and Barbuda","kind":"Sovereign country","qid":"Q781","mapColor":5,"minLabel":5},"geometry":{"type":"Point","coordinates":[-61.790612,17.352249]}},{"type":"Feature","id":"label-AGO","properties":{"code":"AGO","iso2":"AO","name":"Angola","formalName":"Republic of Angola","localName":"República de Angola","labelEnglish":"Angola","labelLocal":"República de Angola","labelBoth":"Angola · República de Angola","continent":"Africa","subregion":"Middle Africa","sovereign":"Angola","kind":"Sovereign country","qid":"Q916","mapColor":1,"minLabel":3},"geometry":{"type":"Point","coordinates":[17.984249,-12.182762]}},{"type":"Feature","id":"label-AND","properties":{"code":"AND","iso2":"AD","name":"Andorra","formalName":"Principality of Andorra","localName":"Principat d'Andorra","labelEnglish":"Andorra","labelLocal":"Principat d'Andorra","labelBoth":"Andorra · Principat d'Andorra","continent":"Europe","subregion":"Southern Europe","sovereign":"Andorra","kind":"Sovereign country","qid":"Q228","mapColor":8,"minLabel":5},"geometry":{"type":"Point","coordinates":[1.539409,42.547643]}},{"type":"Feature","id":"label-DZA","properties":{"code":"DZA","iso2":"DZ","name":"Algeria","formalName":"People's Democratic Republic of Algeria","localName":"الجزائر","labelEnglish":"Algeria","labelLocal":"الجزائر","labelBoth":"Algeria · الجزائر","continent":"Africa","subregion":"Northern Africa","sovereign":"Algeria","kind":"Sovereign country","qid":"Q262","mapColor":3,"minLabel":2.5},"geometry":{"type":"Point","coordinates":[2.808241,27.397406]}},{"type":"Feature","id":"label-ALB","properties":{"code":"ALB","iso2":"AL","name":"Albania","formalName":"Republic of Albania","localName":"Shqipëria","labelEnglish":"Albania","labelLocal":"Shqipëria","labelBoth":"Albania · Shqipëria","continent":"Europe","subregion":"Southern Europe","sovereign":"Albania","kind":"Sovereign country","qid":"Q222","mapColor":6,"minLabel":5},"geometry":{"type":"Point","coordinates":[20.11384,40.654855]}},{"type":"Feature","id":"label-AFG","properties":{"code":"AFG","iso2":"AF","name":"Afghanistan","formalName":"Islamic Republic of Afghanistan","localName":"افغانستان","labelEnglish":"Afghanistan","labelLocal":"افغانستان","labelBoth":"Afghanistan · افغانستان","continent":"Asia","subregion":"Southern Asia","sovereign":"Afghanistan","kind":"Sovereign country","qid":"Q889","mapColor":7,"minLabel":3},"geometry":{"type":"Point","coordinates":[66.496586,34.164262]}},{"type":"Feature","id":"label-KAS","properties":{"code":"KAS","iso2":null,"name":"Siachen Glacier","formalName":"Siachen Glacier","localName":"Siachen Glacier","labelEnglish":"Siachen Glacier","labelLocal":"Siachen Glacier","labelBoth":"Siachen Glacier","continent":"Asia","subregion":"Southern Asia","sovereign":"Kashmir","kind":"Indeterminate","qid":"Q333946","mapColor":-99,"minLabel":6.5},"geometry":{"type":"Point","coordinates":[77.129553,35.340606]}},{"type":"Feature","id":"label-ATA","properties":{"code":"ATA","iso2":"AQ","name":"Antarctica","formalName":"Antarctica","localName":"Antarctica","labelEnglish":"Antarctica","labelLocal":"Antarctica","labelBoth":"Antarctica","continent":"Antarctica","subregion":"Antarctica","sovereign":"Antarctica","kind":"Indeterminate","qid":"Q51","mapColor":-99,"minLabel":4},"geometry":{"type":"Point","coordinates":[35.885455,-79.843222]}},{"type":"Feature","id":"label-SXM","properties":{"code":"SXM","iso2":"SX","name":"Sint Maarten","formalName":"Sint Maarten","localName":"Saint-Martin","labelEnglish":"Sint Maarten","labelLocal":"Saint-Martin","labelBoth":"Sint Maarten · Saint-Martin","continent":"North America","subregion":"Caribbean","sovereign":"Netherlands","kind":"Country","qid":"Q26273","mapColor":9,"minLabel":5},"geometry":{"type":"Point","coordinates":[-63.070133,18.04088]}},{"type":"Feature","id":"label-TUV","properties":{"code":"TUV","iso2":"TV","name":"Tuvalu","formalName":"Tuvalu","localName":"Tuvalu","labelEnglish":"Tuvalu","labelLocal":"Tuvalu","labelBoth":"Tuvalu","continent":"Oceania","subregion":"Polynesia","sovereign":"Tuvalu","kind":"Sovereign country","qid":"Q672","mapColor":5,"minLabel":5},"geometry":{"type":"Point","coordinates":[179.209587,-8.513717]}}]}