{"type":"FeatureCollection","features":[{"type":"Feature","id":"MEX-Q5859","properties":{"id":"Q5859","name":"Chichen Itza","countryCode":"MEX","country":"Mexico","wikipediaUrl":"https://en.wikipedia.org/wiki/Chichen_Itza","unescoUrl":"https://whc.unesco.org/en/list/483"},"geometry":{"type":"Point","coordinates":[-88.568611111,20.683055555]}},{"type":"Feature","id":"MEX-Q172613","properties":{"id":"Q172613","name":"Teotihuacan","countryCode":"MEX","country":"Mexico","wikipediaUrl":"https://en.wikipedia.org/wiki/Teotihuacan","unescoUrl":"https://whc.unesco.org/en/list/414"},"geometry":{"type":"Point","coordinates":[-98.843888888,19.6925]}},{"type":"Feature","id":"MEX-Q181427","properties":{"id":"Q181427","name":"Palenque","countryCode":"MEX","country":"Mexico","wikipediaUrl":"https://en.wikipedia.org/wiki/Palenque","unescoUrl":"https://whc.unesco.org/en/list/411"},"geometry":{"type":"Point","coordinates":[-92.046388888,17.484166666]}},{"type":"Feature","id":"MEX-Q272771","properties":{"id":"Q272771","name":"Calakmul","countryCode":"MEX","country":"Mexico","wikipediaUrl":"https://en.wikipedia.org/wiki/Calakmul","unescoUrl":"https://whc.unesco.org/en/list/1061"},"geometry":{"type":"Point","coordinates":[-89.810555555,18.105]}},{"type":"Feature","id":"MEX-Q849318","properties":{"id":"Q849318","name":"Revillagigedo Islands","countryCode":"MEX","country":"Mexico","wikipediaUrl":"https://en.wikipedia.org/wiki/Revillagigedo_Islands","unescoUrl":"https://whc.unesco.org/en/list/1510"},"geometry":{"type":"Point","coordinates":[-112.763888888,18.821388888]}},{"type":"Feature","id":"MEX-Q753895","properties":{"id":"Q753895","name":"Tajín Veracruz","countryCode":"MEX","country":"Mexico","wikipediaUrl":"https://en.wikipedia.org/wiki/El_Taj%C3%ADn","unescoUrl":"https://whc.unesco.org/en/list/631"},"geometry":{"type":"Point","coordinates":[-97.378241666,20.448058333]}},{"type":"Feature","id":"MEX-Q797120","properties":{"id":"Q797120","name":"Xochicalco","countryCode":"MEX","country":"Mexico","wikipediaUrl":"https://en.wikipedia.org/wiki/Xochicalco","unescoUrl":"https://whc.unesco.org/en/list/939"},"geometry":{"type":"Point","coordinates":[-99.296638888,18.804305555]}},{"type":"Feature","id":"MEX-Q559789","properties":{"id":"Q559789","name":"Sian Ka'an","countryCode":"MEX","country":"Mexico","wikipediaUrl":"https://en.wikipedia.org/wiki/Sian_Ka%CA%BCan_Biosphere_Reserve","unescoUrl":"https://whc.unesco.org/en/list/410"},"geometry":{"type":"Point","coordinates":[-87.791666666,19.383333333]}},{"type":"Feature","id":"MEX-Q903792","properties":{"id":"Q903792","name":"Tlacotalpan","countryCode":"MEX","country":"Mexico","wikipediaUrl":"https://en.wikipedia.org/wiki/Tlacotalpan","unescoUrl":"https://whc.unesco.org/en/list/862"},"geometry":{"type":"Point","coordinates":[-95.656273611,18.613025]}},{"type":"Feature","id":"MEX-Q852546","properties":{"id":"Q852546","name":"Monarch Butterfly Biosphere Reserve","countryCode":"MEX","country":"Mexico","wikipediaUrl":"https://en.wikipedia.org/wiki/Monarch_Butterfly_Biosphere_Reserve","unescoUrl":"https://whc.unesco.org/en/list/1290"},"geometry":{"type":"Point","coordinates":[-100.241666666,19.606388888]}},{"type":"Feature","id":"MEX-Q911953","properties":{"id":"Q911953","name":"El Camino Real de Tierra Adentro","countryCode":"MEX","country":"Mexico","wikipediaUrl":"https://en.wikipedia.org/wiki/Camino_Real_de_Tierra_Adentro","unescoUrl":"https://whc.unesco.org/en/list/1351"},"geometry":{"type":"Point","coordinates":[-102.379166666,22.608055555]}},{"type":"Feature","id":"MEX-Q28416","properties":{"id":"Q28416","name":"Hospicio Cabañas","countryCode":"MEX","country":"Mexico","wikipediaUrl":"https://en.wikipedia.org/wiki/Hospicio_Caba%C3%B1as","unescoUrl":"https://whc.unesco.org/en/list/815"},"geometry":{"type":"Point","coordinates":[-103.337333333,20.676897222]}},{"type":"Feature","id":"BEL-Q156011","properties":{"id":"Q156011","name":"Ancient and Primeval Beech Forests of the Carpathians and Other Regions of Europe","countryCode":"BEL","country":"Belgium","wikipediaUrl":"https://en.wikipedia.org/wiki/Ancient_and_Primeval_Beech_Forests_of_the_Carpathians_and_Other_Regions_of_Europe","unescoUrl":"https://whc.unesco.org/en/list/1133"},"geometry":{"type":"Point","coordinates":[15,49]}},{"type":"Feature","id":"BEL-Q215429","properties":{"id":"Q215429","name":"Grand-Place","countryCode":"BEL","country":"Belgium","wikipediaUrl":"https://en.wikipedia.org/wiki/Grand-Place","unescoUrl":"https://whc.unesco.org/en/list/857"},"geometry":{"type":"Point","coordinates":[4.35253815,50.84670775]}},{"type":"Feature","id":"BEL-Q391229","properties":{"id":"Q391229","name":"Tournai Cathedral","countryCode":"BEL","country":"Belgium","wikipediaUrl":"https://en.wikipedia.org/wiki/Tournai_Cathedral","unescoUrl":"https://whc.unesco.org/en/list/1009"},"geometry":{"type":"Point","coordinates":[3.388903,50.606502]}},{"type":"Feature","id":"BEL-Q239028","properties":{"id":"Q239028","name":"Stoclet Palace","countryCode":"BEL","country":"Belgium","wikipediaUrl":"https://en.wikipedia.org/wiki/Stoclet_Palace","unescoUrl":"https://whc.unesco.org/en/list/1298"},"geometry":{"type":"Point","coordinates":[4.41625,50.83514]}},{"type":"Feature","id":"BEL-Q750675","properties":{"id":"Q750675","name":"Belfries of Belgium and France","countryCode":"BEL","country":"Belgium","wikipediaUrl":"https://en.wikipedia.org/wiki/Belfries_of_Belgium_and_France","unescoUrl":"https://whc.unesco.org/en/list/943"},"geometry":{"type":"Point","coordinates":[3.514842,50.635266]}},{"type":"Feature","id":"BEL-Q55619850","properties":{"id":"Q55619850","name":"The Architectural Work of Le Corbusier","countryCode":"BEL","country":"Belgium","wikipediaUrl":"https://en.wikipedia.org/wiki/The_Architectural_Work_of_Le_Corbusier","unescoUrl":"https://whc.unesco.org/en/list/1321"},"geometry":{"type":"Point","coordinates":[6.829336,46.468414]}},{"type":"Feature","id":"BEL-Q16064866","properties":{"id":"Q16064866","name":"The Great Spa Towns of Europe","countryCode":"BEL","country":"Belgium","wikipediaUrl":"https://en.wikipedia.org/wiki/Great_Spa_Towns_of_Europe","unescoUrl":"https://whc.unesco.org/en/list/1613"},"geometry":{"type":"Point","coordinates":[5.866944444,50.492222222]}},{"type":"Feature","id":"BEL-Q595802","properties":{"id":"Q595802","name":"Museum Plantin-Moretus","countryCode":"BEL","country":"Belgium","wikipediaUrl":"https://en.wikipedia.org/wiki/Plantin%E2%80%93Moretus_Museum","unescoUrl":"https://whc.unesco.org/en/list/1185"},"geometry":{"type":"Point","coordinates":[4.398163888,51.218294444]}},{"type":"Feature","id":"BEL-Q99372","properties":{"id":"Q99372","name":"lifts on the old Canal du Centre","countryCode":"BEL","country":"Belgium","wikipediaUrl":"https://en.wikipedia.org/wiki/Boat_Lifts_on_the_Canal_du_Centre","unescoUrl":"https://whc.unesco.org/en/list/856"},"geometry":{"type":"Point","coordinates":[4.0945,50.4714]}},{"type":"Feature","id":"BEL-Q1921177","properties":{"id":"Q1921177","name":"Major Mining Sites of Wallonia","countryCode":"BEL","country":"Belgium","wikipediaUrl":"https://en.wikipedia.org/wiki/Major_Mining_Sites_of_Wallonia","unescoUrl":"https://whc.unesco.org/en/list/1344"},"geometry":{"type":"Point","coordinates":[3.838333333,50.43527778]}},{"type":"Feature","id":"BEL-Q1426014","properties":{"id":"Q1426014","name":"Major Town Houses of the Architect Victor Horta","countryCode":"BEL","country":"Belgium","wikipediaUrl":"https://en.wikipedia.org/wiki/Major_town_houses_of_the_architect_Victor_Horta_(Brussels)","unescoUrl":"https://whc.unesco.org/en/list/1005"},"geometry":{"type":"Point","coordinates":[4.35,50.81666667]}},{"type":"Feature","id":"BEL-Q677879","properties":{"id":"Q677879","name":"Neolithic flint mines of Spiennes","countryCode":"BEL","country":"Belgium","wikipediaUrl":"https://en.wikipedia.org/wiki/Neolithic_flint_mines_of_Spiennes","unescoUrl":"https://whc.unesco.org/en/list/1006"},"geometry":{"type":"Point","coordinates":[3.982575,50.419988888]}},{"type":"Feature","id":"BRA-Q2844","properties":{"id":"Q2844","name":"Brasília","countryCode":"BRA","country":"Brazil","wikipediaUrl":"https://en.wikipedia.org/wiki/Bras%C3%ADlia","unescoUrl":"https://whc.unesco.org/en/list/445"},"geometry":{"type":"Point","coordinates":[-47.882777777,-15.793888888]}},{"type":"Feature","id":"BRA-Q157603","properties":{"id":"Q157603","name":"Q157603","countryCode":"BRA","country":"Brazil","wikipediaUrl":"https://en.wikipedia.org/wiki/Pantanal","unescoUrl":"https://whc.unesco.org/en/list/999"},"geometry":{"type":"Point","coordinates":[-57.5,-17.4]}},{"type":"Feature","id":"BRA-Q241074","properties":{"id":"Q241074","name":"Rocas Atoll","countryCode":"BRA","country":"Brazil","wikipediaUrl":"https://en.wikipedia.org/wiki/Rocas_Atoll","unescoUrl":"https://whc.unesco.org/en/list/1000"},"geometry":{"type":"Point","coordinates":[-33.801944444,-3.866388888]}},{"type":"Feature","id":"BRA-Q647777","properties":{"id":"Q647777","name":"Lençóis Maranhenses National Park","countryCode":"BRA","country":"Brazil","wikipediaUrl":"https://en.wikipedia.org/wiki/Len%C3%A7%C3%B3is_Maranhenses_National_Park","unescoUrl":"https://whc.unesco.org/en/list/1611"},"geometry":{"type":"Point","coordinates":[-43.133333333,-2.483333333]}},{"type":"Feature","id":"BRA-Q267394","properties":{"id":"Q267394","name":"Serra da Capivara National Park","countryCode":"BRA","country":"Brazil","wikipediaUrl":"https://en.wikipedia.org/wiki/Serra_da_Capivara_National_Park","unescoUrl":"https://whc.unesco.org/en/list/606"},"geometry":{"type":"Point","coordinates":[-42.55,-8.6667]}},{"type":"Feature","id":"BRA-Q278512","properties":{"id":"Q278512","name":"Cerrado","countryCode":"BRA","country":"Brazil","wikipediaUrl":"https://en.wikipedia.org/wiki/Cerrado","unescoUrl":"https://whc.unesco.org/en/list/1035"},"geometry":{"type":"Point","coordinates":[-47.684611111,-14.005693888]}},{"type":"Feature","id":"BRA-Q742315","properties":{"id":"Q742315","name":"Iguaçu National Park","countryCode":"BRA","country":"Brazil","wikipediaUrl":"https://en.wikipedia.org/wiki/Igua%C3%A7u_National_Park","unescoUrl":"https://whc.unesco.org/en/list/355"},"geometry":{"type":"Point","coordinates":[-53.8,-25.5]}},{"type":"Feature","id":"BRA-Q20048515","properties":{"id":"Q20048515","name":"Valongo Wharf","countryCode":"BRA","country":"Brazil","wikipediaUrl":"https://en.wikipedia.org/wiki/Valongo_Wharf","unescoUrl":"https://whc.unesco.org/en/list/1548"},"geometry":{"type":"Point","coordinates":[-43.187394,-22.897111]}},{"type":"Feature","id":"BRA-Q465960","properties":{"id":"Q465960","name":"Jesuit missions among the Guaraní","countryCode":"BRA","country":"Brazil","wikipediaUrl":"https://en.wikipedia.org/wiki/Jesuit_missions_among_the_Guaran%C3%AD","unescoUrl":"https://whc.unesco.org/en/list/275"},"geometry":{"type":"Point","coordinates":[-55.531669444,-27.255280555]}},{"type":"Feature","id":"BRA-Q1051873","properties":{"id":"Q1051873","name":"Cavernas do Peruaçu National Park","countryCode":"BRA","country":"Brazil","wikipediaUrl":"https://en.wikipedia.org/wiki/Cavernas_do_Perua%C3%A7u_National_Park","unescoUrl":"https://whc.unesco.org/en/list/1035"},"geometry":{"type":"Point","coordinates":[-44.32434,-15.12251]}},{"type":"Feature","id":"BRA-Q1595417","properties":{"id":"Q1595417","name":"Sanctuary of Bom Jesus de Matosinhos","countryCode":"BRA","country":"Brazil","wikipediaUrl":"https://en.wikipedia.org/wiki/Sanctuary_of_Bom_Jesus_de_Matosinhos","unescoUrl":"https://whc.unesco.org/en/list/334"},"geometry":{"type":"Point","coordinates":[-43.860694444,-20.507777777]}},{"type":"Feature","id":"BRA-Q9850285","properties":{"id":"Q9850285","name":"Pampulha Modern Ensemble","countryCode":"BRA","country":"Brazil","wikipediaUrl":"https://en.wikipedia.org/wiki/Pampulha_Modern_Ensemble","unescoUrl":"https://whc.unesco.org/en/list/1493"},"geometry":{"type":"Point","coordinates":[-43.973611111,-19.851944444]}},{"type":"Feature","id":"SEN-Q679891","properties":{"id":"Q679891","name":"Niokolo-Koba National Park","countryCode":"SEN","country":"Senegal","wikipediaUrl":"https://en.wikipedia.org/wiki/Niokolo-Koba_National_Park","unescoUrl":"https://whc.unesco.org/en/list/153"},"geometry":{"type":"Point","coordinates":[-12.722222222,13.074166666]}},{"type":"Feature","id":"SEN-Q244347","properties":{"id":"Q244347","name":"Gorée","countryCode":"SEN","country":"Senegal","wikipediaUrl":"https://en.wikipedia.org/wiki/Gor%C3%A9e","unescoUrl":"https://whc.unesco.org/en/list/26"},"geometry":{"type":"Point","coordinates":[-17.398333333,14.666944444]}},{"type":"Feature","id":"SEN-Q733676","properties":{"id":"Q733676","name":"Djoudj National Bird Sanctuary","countryCode":"SEN","country":"Senegal","wikipediaUrl":"https://en.wikipedia.org/wiki/Djoudj_National_Bird_Sanctuary","unescoUrl":"https://whc.unesco.org/en/list/25"},"geometry":{"type":"Point","coordinates":[-16.27410156,16.358494949]}},{"type":"Feature","id":"SEN-Q2916296","properties":{"id":"Q2916296","name":"Bassari Country","countryCode":"SEN","country":"Senegal","wikipediaUrl":"https://en.wikipedia.org/wiki/Bassari_Country","unescoUrl":"https://whc.unesco.org/en/list/1407"},"geometry":{"type":"Point","coordinates":[-12.845833333,12.593333333]}},{"type":"Feature","id":"SEN-Q559363","properties":{"id":"Q559363","name":"Saloum Delta","countryCode":"SEN","country":"Senegal","wikipediaUrl":"https://en.wikipedia.org/wiki/Saloum_Delta","unescoUrl":"https://whc.unesco.org/en/list/1359"},"geometry":{"type":"Point","coordinates":[-16.498611111,13.835277777]}},{"type":"Feature","id":"SEN-Q1114640","properties":{"id":"Q1114640","name":"Island of Saint-Louis","countryCode":"SEN","country":"Senegal","wikipediaUrl":"https://en.wikipedia.org/wiki/Island_of_Saint-Louis","unescoUrl":"https://whc.unesco.org/en/list/956"},"geometry":{"type":"Point","coordinates":[-16.504438888,16.027780555]}},{"type":"Feature","id":"SEN-Q98769058","properties":{"id":"Q98769058","name":"Stone Circles of Senegambia","countryCode":"SEN","country":"Senegal","wikipediaUrl":null,"unescoUrl":"https://whc.unesco.org/en/list/1226"},"geometry":{"type":"Point","coordinates":[-15.516666666,13.683333333]}},{"type":"Feature","id":"ESP-Q54898","properties":{"id":"Q54898","name":"San Cristóbal de La Laguna","countryCode":"ESP","country":"Spain","wikipediaUrl":"https://en.wikipedia.org/wiki/San_Crist%C3%B3bal_de_La_Laguna","unescoUrl":"https://whc.unesco.org/en/list/929"},"geometry":{"type":"Point","coordinates":[-16.316666666,28.485277777]}},{"type":"Feature","id":"ESP-Q133575","properties":{"id":"Q133575","name":"Cave of Altamira","countryCode":"ESP","country":"Spain","wikipediaUrl":"https://en.wikipedia.org/wiki/Cave_of_Altamira","unescoUrl":"https://whc.unesco.org/en/list/310"},"geometry":{"type":"Point","coordinates":[-4.11667,43.38333]}},{"type":"Feature","id":"ESP-Q715124","properties":{"id":"Q715124","name":"Teide National Park","countryCode":"ESP","country":"Spain","wikipediaUrl":"https://en.wikipedia.org/wiki/Teide_National_Park","unescoUrl":"https://whc.unesco.org/en/list/1258"},"geometry":{"type":"Point","coordinates":[-16.6181,28.2647]}},{"type":"Feature","id":"ESP-Q156011","properties":{"id":"Q156011","name":"Ancient and Primeval Beech Forests of the Carpathians and Other Regions of Europe","countryCode":"ESP","country":"Spain","wikipediaUrl":"https://en.wikipedia.org/wiki/Ancient_and_Primeval_Beech_Forests_of_the_Carpathians_and_Other_Regions_of_Europe","unescoUrl":"https://whc.unesco.org/en/list/1133"},"geometry":{"type":"Point","coordinates":[15,49]}},{"type":"Feature","id":"ESP-Q744420","properties":{"id":"Q744420","name":"Burgos Cathedral","countryCode":"ESP","country":"Spain","wikipediaUrl":"https://en.wikipedia.org/wiki/Burgos_Cathedral","unescoUrl":"https://whc.unesco.org/en/list/316"},"geometry":{"type":"Point","coordinates":[-3.704472222,42.340805555]}},{"type":"Feature","id":"ESP-Q464942","properties":{"id":"Q464942","name":"Garajonay National Park","countryCode":"ESP","country":"Spain","wikipediaUrl":"https://en.wikipedia.org/wiki/Garajonay_National_Park","unescoUrl":"https://whc.unesco.org/en/list/380"},"geometry":{"type":"Point","coordinates":[-17.23722222,28.12625]}},{"type":"Feature","id":"ESP-Q245151","properties":{"id":"Q245151","name":"Tower of Hercules","countryCode":"ESP","country":"Spain","wikipediaUrl":"https://en.wikipedia.org/wiki/Tower_of_Hercules","unescoUrl":"https://whc.unesco.org/en/list/1312"},"geometry":{"type":"Point","coordinates":[-8.406388888,43.385833333]}},{"type":"Feature","id":"ESP-Q463141","properties":{"id":"Q463141","name":"Doñana National Park","countryCode":"ESP","country":"Spain","wikipediaUrl":"https://en.wikipedia.org/wiki/Do%C3%B1ana_National_Park","unescoUrl":"https://whc.unesco.org/en/list/685"},"geometry":{"type":"Point","coordinates":[-6.44,37.02]}},{"type":"Feature","id":"ESP-Q645157","properties":{"id":"Q645157","name":"Poblet Monastery","countryCode":"ESP","country":"Spain","wikipediaUrl":"https://en.wikipedia.org/wiki/Poblet_Abbey","unescoUrl":"https://whc.unesco.org/en/list/518"},"geometry":{"type":"Point","coordinates":[1.0825,41.380833333]}},{"type":"Feature","id":"ESP-Q588009","properties":{"id":"Q588009","name":"Lonja de la Seda","countryCode":"ESP","country":"Spain","wikipediaUrl":"https://en.wikipedia.org/wiki/Lonja_de_la_Seda","unescoUrl":"https://whc.unesco.org/en/list/782"},"geometry":{"type":"Point","coordinates":[-0.378333333,39.474444444]}},{"type":"Feature","id":"ESP-Q696803","properties":{"id":"Q696803","name":"Las Médulas","countryCode":"ESP","country":"Spain","wikipediaUrl":"https://en.wikipedia.org/wiki/Las_M%C3%A9dulas","unescoUrl":"https://whc.unesco.org/en/list/803"},"geometry":{"type":"Point","coordinates":[-6.759002,42.458699]}},{"type":"Feature","id":"ESP-Q211252","properties":{"id":"Q211252","name":"Madinat Al-Zahra","countryCode":"ESP","country":"Spain","wikipediaUrl":"https://en.wikipedia.org/wiki/Madinat_al-Zahra","unescoUrl":"https://whc.unesco.org/en/list/1560"},"geometry":{"type":"Point","coordinates":[-4.867785472,37.886080468]}},{"type":"Feature","id":"FRA-Q2946","properties":{"id":"Q2946","name":"Palace of Versailles","countryCode":"FRA","country":"France","wikipediaUrl":"https://en.wikipedia.org/wiki/Palace_of_Versailles","unescoUrl":"https://whc.unesco.org/en/list/83"},"geometry":{"type":"Point","coordinates":[2.120277777,48.804722222]}},{"type":"Feature","id":"FRA-Q172697","properties":{"id":"Q172697","name":"Marquesas Islands","countryCode":"FRA","country":"France","wikipediaUrl":"https://en.wikipedia.org/wiki/Marquesas_Islands","unescoUrl":"https://whc.unesco.org/en/list/1707"},"geometry":{"type":"Point","coordinates":[-139.6,-8.9]}},{"type":"Feature","id":"FRA-Q180274","properties":{"id":"Q180274","name":"Notre-Dame de Chartres","countryCode":"FRA","country":"France","wikipediaUrl":"https://en.wikipedia.org/wiki/Chartres_Cathedral","unescoUrl":"https://whc.unesco.org/en/list/81"},"geometry":{"type":"Point","coordinates":[1.487777777,48.447777777]}},{"type":"Feature","id":"FRA-Q374096","properties":{"id":"Q374096","name":"Chauvet Cave","countryCode":"FRA","country":"France","wikipediaUrl":"https://en.wikipedia.org/wiki/Chauvet_Cave","unescoUrl":"https://whc.unesco.org/en/list/1426"},"geometry":{"type":"Point","coordinates":[4.4161408,44.3881219]}},{"type":"Feature","id":"FRA-Q189764","properties":{"id":"Q189764","name":"Pont du Gard","countryCode":"FRA","country":"France","wikipediaUrl":"https://en.wikipedia.org/wiki/Pont_du_Gard","unescoUrl":"https://whc.unesco.org/en/list/344"},"geometry":{"type":"Point","coordinates":[4.5355,43.9473]}},{"type":"Feature","id":"FRA-Q106934","properties":{"id":"Q106934","name":"Notre-Dame d'Amiens","countryCode":"FRA","country":"France","wikipediaUrl":"https://en.wikipedia.org/wiki/Amiens_Cathedral","unescoUrl":"https://whc.unesco.org/en/list/162"},"geometry":{"type":"Point","coordinates":[2.3021,49.89457]}},{"type":"Feature","id":"FRA-Q156011","properties":{"id":"Q156011","name":"Ancient and Primeval Beech Forests of the Carpathians and Other Regions of Europe","countryCode":"FRA","country":"France","wikipediaUrl":"https://en.wikipedia.org/wiki/Ancient_and_Primeval_Beech_Forests_of_the_Carpathians_and_Other_Regions_of_Europe","unescoUrl":"https://whc.unesco.org/en/list/1133"},"geometry":{"type":"Point","coordinates":[15,49]}},{"type":"Feature","id":"FRA-Q202494","properties":{"id":"Q202494","name":"Canal du Midi","countryCode":"FRA","country":"France","wikipediaUrl":"https://en.wikipedia.org/wiki/Canal_du_Midi","unescoUrl":"https://whc.unesco.org/en/list/770"},"geometry":{"type":"Point","coordinates":[1.41833333,43.61111111]}},{"type":"Feature","id":"FRA-Q201428","properties":{"id":"Q201428","name":"Palace of Fontainebleau","countryCode":"FRA","country":"France","wikipediaUrl":"https://en.wikipedia.org/wiki/Palace_of_Fontainebleau","unescoUrl":"https://whc.unesco.org/en/list/160"},"geometry":{"type":"Point","coordinates":[2.700555555,48.402222222]}},{"type":"Feature","id":"FRA-Q205367","properties":{"id":"Q205367","name":"Château de Chambord","countryCode":"FRA","country":"France","wikipediaUrl":"https://en.wikipedia.org/wiki/Ch%C3%A2teau_de_Chambord","unescoUrl":"https://whc.unesco.org/en/list/161"},"geometry":{"type":"Point","coordinates":[1.517222222,47.616111111]}},{"type":"Feature","id":"FRA-Q4580","properties":{"id":"Q4580","name":"prehistoric pile dwellings around the Alps","countryCode":"FRA","country":"France","wikipediaUrl":"https://en.wikipedia.org/wiki/Prehistoric_pile_dwellings_around_the_Alps","unescoUrl":"https://whc.unesco.org/en/list/1363"},"geometry":{"type":"Point","coordinates":[9.120991545,47.674596574]}},{"type":"Feature","id":"FRA-Q207985","properties":{"id":"Q207985","name":"Bourges Cathedral","countryCode":"FRA","country":"France","wikipediaUrl":"https://en.wikipedia.org/wiki/Bourges_Cathedral","unescoUrl":"https://whc.unesco.org/en/list/635"},"geometry":{"type":"Point","coordinates":[2.39917,47.08222]}},{"type":"Feature","id":"TUR-Q22647","properties":{"id":"Q22647","name":"Troy","countryCode":"TUR","country":"Türkiye","wikipediaUrl":"https://en.wikipedia.org/wiki/Troy","unescoUrl":"https://whc.unesco.org/en/list/849"},"geometry":{"type":"Point","coordinates":[26.238889,39.9575]}},{"type":"Feature","id":"TUR-Q214944","properties":{"id":"Q214944","name":"Göbekli Tepe","countryCode":"TUR","country":"Türkiye","wikipediaUrl":"https://en.wikipedia.org/wiki/G%C3%B6bekli_Tepe","unescoUrl":"https://whc.unesco.org/en/list/1572"},"geometry":{"type":"Point","coordinates":[38.9225,37.223055555]}},{"type":"Feature","id":"TUR-Q192522","properties":{"id":"Q192522","name":"Çatalhöyük","countryCode":"TUR","country":"Türkiye","wikipediaUrl":"https://en.wikipedia.org/wiki/%C3%87atalh%C3%B6y%C3%BCk","unescoUrl":"https://whc.unesco.org/en/list/1405"},"geometry":{"type":"Point","coordinates":[32.828333333,37.6675]}},{"type":"Feature","id":"TUR-Q184534","properties":{"id":"Q184534","name":"Selimiye Mosque","countryCode":"TUR","country":"Türkiye","wikipediaUrl":"https://en.wikipedia.org/wiki/Selimiye_Mosque,_Edirne","unescoUrl":"https://whc.unesco.org/en/list/1366"},"geometry":{"type":"Point","coordinates":[26.559444,41.678056]}},{"type":"Feature","id":"TUR-Q207917","properties":{"id":"Q207917","name":"Mount Nemrut","countryCode":"TUR","country":"Türkiye","wikipediaUrl":"https://en.wikipedia.org/wiki/Mount_Nemrut","unescoUrl":"https://whc.unesco.org/en/list/448"},"geometry":{"type":"Point","coordinates":[38.740830555,37.980738888]}},{"type":"Feature","id":"TUR-Q546010","properties":{"id":"Q546010","name":"Ani","countryCode":"TUR","country":"Türkiye","wikipediaUrl":"https://en.wikipedia.org/wiki/Ani","unescoUrl":"https://whc.unesco.org/en/list/1518"},"geometry":{"type":"Point","coordinates":[43.572777777,40.5075]}},{"type":"Feature","id":"TUR-Q581641","properties":{"id":"Q581641","name":"Divriği Great Mosque and Hospital","countryCode":"TUR","country":"Türkiye","wikipediaUrl":"https://en.wikipedia.org/wiki/Divri%C4%9Fi_Great_Mosque_and_Hospital","unescoUrl":"https://whc.unesco.org/en/list/358"},"geometry":{"type":"Point","coordinates":[38.121583333,39.371222222]}},{"type":"Feature","id":"TUR-Q542854","properties":{"id":"Q542854","name":"Gordion","countryCode":"TUR","country":"Türkiye","wikipediaUrl":"https://en.wikipedia.org/wiki/Gordion","unescoUrl":"https://whc.unesco.org/en/list/1669"},"geometry":{"type":"Point","coordinates":[31.9784831,39.6504791]}},{"type":"Feature","id":"TUR-Q705132","properties":{"id":"Q705132","name":"Arslantepe","countryCode":"TUR","country":"Türkiye","wikipediaUrl":"https://en.wikipedia.org/wiki/Arslantepe","unescoUrl":"https://whc.unesco.org/en/list/1622"},"geometry":{"type":"Point","coordinates":[38.36111111,38.38194444]}},{"type":"Feature","id":"TUR-Q5773394","properties":{"id":"Q5773394","name":"Historic Areas of Istanbul","countryCode":"TUR","country":"Türkiye","wikipediaUrl":"https://en.wikipedia.org/wiki/Historic_Areas_of_Istanbul","unescoUrl":"https://whc.unesco.org/en/list/356"},"geometry":{"type":"Point","coordinates":[28.97993,41.00847]}},{"type":"Feature","id":"TUR-Q15924669","properties":{"id":"Q15924669","name":"Hierapolis-Pamukkale","countryCode":"TUR","country":"Türkiye","wikipediaUrl":null,"unescoUrl":"https://whc.unesco.org/en/list/485"},"geometry":{"type":"Point","coordinates":[29.123333,37.923889]}},{"type":"Feature","id":"TUR-Q64735123","properties":{"id":"Q64735123","name":"Wooden Hypostyle Mosques of Medieval Anatolia","countryCode":"TUR","country":"Türkiye","wikipediaUrl":"https://en.wikipedia.org/wiki/Wooden_Hypostyle_Mosques_of_Medieval_Anatolia","unescoUrl":"https://whc.unesco.org/en/list/1694"},"geometry":{"type":"Point","coordinates":[30.529575,38.755036111]}},{"type":"Feature","id":"MDG-Q1405154","properties":{"id":"Q1405154","name":"Tsingy de Bemaraha Strict Nature Reserve","countryCode":"MDG","country":"Madagascar","wikipediaUrl":"https://en.wikipedia.org/wiki/Tsingy_de_Bemaraha_Strict_Nature_Reserve","unescoUrl":"https://whc.unesco.org/en/list/494"},"geometry":{"type":"Point","coordinates":[44.75139,-18.66667]}},{"type":"Feature","id":"MDG-Q458167","properties":{"id":"Q458167","name":"Ambohimanga","countryCode":"MDG","country":"Madagascar","wikipediaUrl":"https://en.wikipedia.org/wiki/Ambohimanga","unescoUrl":"https://whc.unesco.org/en/list/950"},"geometry":{"type":"Point","coordinates":[47.562778,-18.759167]}},{"type":"Feature","id":"MDG-Q564321","properties":{"id":"Q564321","name":"Rainforests of the Atsinanana","countryCode":"MDG","country":"Madagascar","wikipediaUrl":"https://en.wikipedia.org/wiki/Rainforests_of_the_Atsinanana","unescoUrl":"https://whc.unesco.org/en/list/1257"},"geometry":{"type":"Point","coordinates":[49.7025,-14.459722]}},{"type":"Feature","id":"GTM-Q318422","properties":{"id":"Q318422","name":"Quiriguá","countryCode":"GTM","country":"Guatemala","wikipediaUrl":"https://en.wikipedia.org/wiki/Quirigu%C3%A1","unescoUrl":"https://whc.unesco.org/en/list/149"},"geometry":{"type":"Point","coordinates":[-89.040277777,15.269444444]}},{"type":"Feature","id":"GTM-Q1509537","properties":{"id":"Q1509537","name":"Takalik Abaj","countryCode":"GTM","country":"Guatemala","wikipediaUrl":"https://en.wikipedia.org/wiki/Takalik_Abaj","unescoUrl":"https://whc.unesco.org/en/list/1663"},"geometry":{"type":"Point","coordinates":[-91.736111111,14.645833333]}},{"type":"Feature","id":"GTM-Q6063031","properties":{"id":"Q6063031","name":"Tikal National Park","countryCode":"GTM","country":"Guatemala","wikipediaUrl":"https://en.wikipedia.org/wiki/Tikal_National_Park","unescoUrl":"https://whc.unesco.org/en/list/64"},"geometry":{"type":"Point","coordinates":[-89.61666667,17.21666667]}},{"type":"Feature","id":"GTM-Q65130425","properties":{"id":"Q65130425","name":"Antigua Guatemala","countryCode":"GTM","country":"Guatemala","wikipediaUrl":null,"unescoUrl":"https://whc.unesco.org/en/list/65"},"geometry":{"type":"Point","coordinates":[-90.73381,14.556504]}},{"type":"Feature","id":"IRL-Q207193","properties":{"id":"Q207193","name":"Skellig Michael","countryCode":"IRL","country":"Ireland","wikipediaUrl":"https://en.wikipedia.org/wiki/Skellig_Michael","unescoUrl":"https://whc.unesco.org/en/list/757"},"geometry":{"type":"Point","coordinates":[-10.540555555,51.771111111]}},{"type":"Feature","id":"IRL-Q339489","properties":{"id":"Q339489","name":"Brú na Bóinne","countryCode":"IRL","country":"Ireland","wikipediaUrl":"https://en.wikipedia.org/wiki/Br%C3%BA_na_B%C3%B3inne","unescoUrl":"https://whc.unesco.org/en/list/659"},"geometry":{"type":"Point","coordinates":[-6.44932,53.69284]}},{"type":"Feature","id":"CZE-Q156011","properties":{"id":"Q156011","name":"Ancient and Primeval Beech Forests of the Carpathians and Other Regions of Europe","countryCode":"CZE","country":"Czechia","wikipediaUrl":"https://en.wikipedia.org/wiki/Ancient_and_Primeval_Beech_Forests_of_the_Carpathians_and_Other_Regions_of_Europe","unescoUrl":"https://whc.unesco.org/en/list/1133"},"geometry":{"type":"Point","coordinates":[15,49]}},{"type":"Feature","id":"CZE-Q748211","properties":{"id":"Q748211","name":"Old Town","countryCode":"CZE","country":"Czechia","wikipediaUrl":"https://en.wikipedia.org/wiki/Old_Town_(Prague)","unescoUrl":"https://whc.unesco.org/en/list/616"},"geometry":{"type":"Point","coordinates":[14.4203,50.0847]}},{"type":"Feature","id":"CZE-Q457453","properties":{"id":"Q457453","name":"Villa Tugendhat","countryCode":"CZE","country":"Czechia","wikipediaUrl":"https://en.wikipedia.org/wiki/Villa_Tugendhat","unescoUrl":"https://whc.unesco.org/en/list/1052"},"geometry":{"type":"Point","coordinates":[16.615833333,49.207222222]}},{"type":"Feature","id":"CZE-Q826452","properties":{"id":"Q826452","name":"Holašovice","countryCode":"CZE","country":"Czechia","wikipediaUrl":"https://en.wikipedia.org/wiki/Hola%C5%A1ovice","unescoUrl":"https://whc.unesco.org/en/list/861"},"geometry":{"type":"Point","coordinates":[14.266666666,48.966666666]}},{"type":"Feature","id":"CZE-Q16064866","properties":{"id":"Q16064866","name":"The Great Spa Towns of Europe","countryCode":"CZE","country":"Czechia","wikipediaUrl":"https://en.wikipedia.org/wiki/Great_Spa_Towns_of_Europe","unescoUrl":"https://whc.unesco.org/en/list/1613"},"geometry":{"type":"Point","coordinates":[5.866944444,50.492222222]}},{"type":"Feature","id":"CZE-Q742362","properties":{"id":"Q742362","name":"Holy Trinity Column in Olomouc","countryCode":"CZE","country":"Czechia","wikipediaUrl":"https://en.wikipedia.org/wiki/Holy_Trinity_Column,_Olomouc","unescoUrl":"https://whc.unesco.org/en/list/859"},"geometry":{"type":"Point","coordinates":[17.250492,49.59402]}},{"type":"Feature","id":"CZE-Q752318","properties":{"id":"Q752318","name":"Pilgrimage Church of Saint John of Nepomuk","countryCode":"CZE","country":"Czechia","wikipediaUrl":"https://en.wikipedia.org/wiki/Pilgrimage_Church_of_Saint_John_of_Nepomuk","unescoUrl":"https://whc.unesco.org/en/list/690"},"geometry":{"type":"Point","coordinates":[15.94194,49.58]}},{"type":"Feature","id":"CZE-Q735278","properties":{"id":"Q735278","name":"Lednice-Valtice Cultural Landscape","countryCode":"CZE","country":"Czechia","wikipediaUrl":"https://en.wikipedia.org/wiki/Lednice%E2%80%93Valtice_Cultural_Landscape","unescoUrl":"https://whc.unesco.org/en/list/763"},"geometry":{"type":"Point","coordinates":[16.775,48.7758]}},{"type":"Feature","id":"CZE-Q2164885","properties":{"id":"Q2164885","name":"Litomyšl Chateau","countryCode":"CZE","country":"Czechia","wikipediaUrl":"https://en.wikipedia.org/wiki/Litomy%C5%A1l_Castle","unescoUrl":"https://whc.unesco.org/en/list/901"},"geometry":{"type":"Point","coordinates":[16.312648833,49.873437833]}},{"type":"Feature","id":"CZE-Q1945612","properties":{"id":"Q1945612","name":"Ore Mountain Mining Region","countryCode":"CZE","country":"Czechia","wikipediaUrl":"https://en.wikipedia.org/wiki/Ore_Mountain_Mining_Region","unescoUrl":"https://whc.unesco.org/en/list/1478"},"geometry":{"type":"Point","coordinates":[12.8373,50.4065]}},{"type":"Feature","id":"CZE-Q122898593","properties":{"id":"Q122898593","name":"Žatec and the Landscape of Saaz Hops","countryCode":"CZE","country":"Czechia","wikipediaUrl":null,"unescoUrl":"https://whc.unesco.org/en/list/1558"},"geometry":{"type":"Point","coordinates":[13.6194739,50.3206153]}},{"type":"Feature","id":"CZE-Q16988075","properties":{"id":"Q16988075","name":"Jewish Quarter and St Procopius' Basilica in Třebíč","countryCode":"CZE","country":"Czechia","wikipediaUrl":"https://en.wikipedia.org/wiki/Jewish_Quarter_and_St_Procopius%27_Basilica_in_T%C5%99eb%C3%AD%C4%8D","unescoUrl":"https://whc.unesco.org/en/list/1078"},"geometry":{"type":"Point","coordinates":[15.8789,49.2172]}},{"type":"Feature","id":"MAR-Q3551","properties":{"id":"Q3551","name":"Rabat","countryCode":"MAR","country":"Morocco","wikipediaUrl":"https://en.wikipedia.org/wiki/Rabat","unescoUrl":"https://whc.unesco.org/en/list/1401"},"geometry":{"type":"Point","coordinates":[-6.841388888,34.021111111]}},{"type":"Feature","id":"MAR-Q309436","properties":{"id":"Q309436","name":"Aït Benhaddou","countryCode":"MAR","country":"Morocco","wikipediaUrl":"https://en.wikipedia.org/wiki/A%C3%AFt_Benhaddou","unescoUrl":"https://whc.unesco.org/en/list/444"},"geometry":{"type":"Point","coordinates":[-7.133333333,31.05]}},{"type":"Feature","id":"MAR-Q391215","properties":{"id":"Q391215","name":"Volubilis","countryCode":"MAR","country":"Morocco","wikipediaUrl":"https://en.wikipedia.org/wiki/Volubilis","unescoUrl":"https://whc.unesco.org/en/list/836"},"geometry":{"type":"Point","coordinates":[-5.553611111,34.071111111]}},{"type":"Feature","id":"MAR-Q2072102","properties":{"id":"Q2072102","name":"Medina of Fez","countryCode":"MAR","country":"Morocco","wikipediaUrl":null,"unescoUrl":"https://whc.unesco.org/en/list/170"},"geometry":{"type":"Point","coordinates":[-4.9725,34.0625]}},{"type":"Feature","id":"MAR-Q11858823","properties":{"id":"Q11858823","name":"Medina of Essaouira","countryCode":"MAR","country":"Morocco","wikipediaUrl":"https://en.wikipedia.org/wiki/Medina_of_Essaouira","unescoUrl":"https://whc.unesco.org/en/list/753"},"geometry":{"type":"Point","coordinates":[-9.768904,31.51441]}},{"type":"Feature","id":"MAR-Q966780","properties":{"id":"Q966780","name":"Medina of Marrakesh","countryCode":"MAR","country":"Morocco","wikipediaUrl":"https://en.wikipedia.org/wiki/Medina_of_Marrakesh","unescoUrl":"https://whc.unesco.org/en/list/331"},"geometry":{"type":"Point","coordinates":[-7.98667,31.63139]}},{"type":"Feature","id":"MAR-Q3847588","properties":{"id":"Q3847588","name":"Medina of Tétouan","countryCode":"MAR","country":"Morocco","wikipediaUrl":"https://en.wikipedia.org/wiki/Medina_of_T%C3%A9touan","unescoUrl":"https://whc.unesco.org/en/list/837"},"geometry":{"type":"Point","coordinates":[-5.3664659,35.5710625]}},{"type":"Feature","id":"MAR-Q555360","properties":{"id":"Q555360","name":"Mazagan","countryCode":"MAR","country":"Morocco","wikipediaUrl":null,"unescoUrl":"https://whc.unesco.org/en/list/1058"},"geometry":{"type":"Point","coordinates":[-8.502475,33.25656111]}},{"type":"Feature","id":"MAR-Q12352436","properties":{"id":"Q12352436","name":"Medina of Meknes","countryCode":"MAR","country":"Morocco","wikipediaUrl":null,"unescoUrl":"https://whc.unesco.org/en/list/793"},"geometry":{"type":"Point","coordinates":[-5.564481,33.894857]}},{"type":"Feature","id":"MAR-Q65926560","properties":{"id":"Q65926560","name":"Rabat, Modern Capital and Historic City","countryCode":"MAR","country":"Morocco","wikipediaUrl":null,"unescoUrl":"https://whc.unesco.org/en/list/1401"},"geometry":{"type":"Point","coordinates":[-6.8228,34.0242]}},{"type":"Feature","id":"TGO-Q508040","properties":{"id":"Q508040","name":"Koutammakou","countryCode":"TGO","country":"Togo","wikipediaUrl":"https://en.wikipedia.org/wiki/Koutammakou","unescoUrl":"https://whc.unesco.org/en/list/1140"},"geometry":{"type":"Point","coordinates":[1.1345348,10.0674441]}},{"type":"Feature","id":"BEN-Q508040","properties":{"id":"Q508040","name":"Koutammakou","countryCode":"BEN","country":"Benin","wikipediaUrl":"https://en.wikipedia.org/wiki/Koutammakou","unescoUrl":"https://whc.unesco.org/en/list/1140"},"geometry":{"type":"Point","coordinates":[1.1345348,10.0674441]}},{"type":"Feature","id":"BEN-Q2425839","properties":{"id":"Q2425839","name":"Royal Palaces of Abomey","countryCode":"BEN","country":"Benin","wikipediaUrl":"https://en.wikipedia.org/wiki/Royal_Palaces_of_Abomey","unescoUrl":"https://whc.unesco.org/en/list/323"},"geometry":{"type":"Point","coordinates":[1.98806,7.18556]}},{"type":"Feature","id":"BEN-Q25379596","properties":{"id":"Q25379596","name":"W-Arly-Pendjari Complex","countryCode":"BEN","country":"Benin","wikipediaUrl":"https://en.wikipedia.org/wiki/W%E2%80%93Arly%E2%80%93Pendjari_Complex","unescoUrl":"https://whc.unesco.org/en/list/749"},"geometry":{"type":"Point","coordinates":[2.29,11.53]}},{"type":"Feature","id":"AUS-Q7343","properties":{"id":"Q7343","name":"Great Barrier Reef","countryCode":"AUS","country":"Australia","wikipediaUrl":"https://en.wikipedia.org/wiki/Great_Barrier_Reef","unescoUrl":"https://whc.unesco.org/en/list/154"},"geometry":{"type":"Point","coordinates":[145.8,-16.4]}},{"type":"Feature","id":"AUS-Q45178","properties":{"id":"Q45178","name":"Sydney Opera House","countryCode":"AUS","country":"Australia","wikipediaUrl":"https://en.wikipedia.org/wiki/Sydney_Opera_House","unescoUrl":"https://whc.unesco.org/en/list/166"},"geometry":{"type":"Point","coordinates":[151.214897,-33.857058]}},{"type":"Feature","id":"AUS-Q131198","properties":{"id":"Q131198","name":"Heard Island and McDonald Islands","countryCode":"AUS","country":"Australia","wikipediaUrl":"https://en.wikipedia.org/wiki/Heard_Island_and_McDonald_Islands","unescoUrl":"https://whc.unesco.org/en/list/577"},"geometry":{"type":"Point","coordinates":[73.517,-53.093527777]}},{"type":"Feature","id":"AUS-Q189657","properties":{"id":"Q189657","name":"Kakadu National Park","countryCode":"AUS","country":"Australia","wikipediaUrl":"https://en.wikipedia.org/wiki/Kakadu_National_Park","unescoUrl":"https://whc.unesco.org/en/list/147"},"geometry":{"type":"Point","coordinates":[132.519512,-13.005471]}},{"type":"Feature","id":"AUS-Q46650","properties":{"id":"Q46650","name":"Macquarie Island","countryCode":"AUS","country":"Australia","wikipediaUrl":"https://en.wikipedia.org/wiki/Macquarie_Island","unescoUrl":"https://whc.unesco.org/en/list/629"},"geometry":{"type":"Point","coordinates":[158.86,-54.63]}},{"type":"Feature","id":"AUS-Q134905","properties":{"id":"Q134905","name":"K'gari","countryCode":"AUS","country":"Australia","wikipediaUrl":"https://en.wikipedia.org/wiki/K%27gari","unescoUrl":"https://whc.unesco.org/en/list/630"},"geometry":{"type":"Point","coordinates":[153.15,-25.24]}},{"type":"Feature","id":"AUS-Q679568","properties":{"id":"Q679568","name":"Purnululu National Park","countryCode":"AUS","country":"Australia","wikipediaUrl":"https://en.wikipedia.org/wiki/Purnululu_National_Park","unescoUrl":"https://whc.unesco.org/en/list/1094"},"geometry":{"type":"Point","coordinates":[128.546055,-17.448789]}},{"type":"Feature","id":"AUS-Q251999","properties":{"id":"Q251999","name":"Uluṟu-Kata Tjuṯa National Park","countryCode":"AUS","country":"Australia","wikipediaUrl":"https://en.wikipedia.org/wiki/Ulu%E1%B9%9Fu-Kata_Tju%E1%B9%AFa_National_Park","unescoUrl":"https://whc.unesco.org/en/list/447"},"geometry":{"type":"Point","coordinates":[130.985732,-25.322076]}},{"type":"Feature","id":"AUS-Q138170","properties":{"id":"Q138170","name":"Tasmanian Wilderness","countryCode":"AUS","country":"Australia","wikipediaUrl":"https://en.wikipedia.org/wiki/Tasmanian_Wilderness_World_Heritage_Area","unescoUrl":"https://whc.unesco.org/en/list/181"},"geometry":{"type":"Point","coordinates":[146.1729,-42.5957]}},{"type":"Feature","id":"AUS-Q643063","properties":{"id":"Q643063","name":"Gondwana Rainforests of Australia","countryCode":"AUS","country":"Australia","wikipediaUrl":"https://en.wikipedia.org/wiki/Gondwana_Rainforests","unescoUrl":"https://whc.unesco.org/en/list/368"},"geometry":{"type":"Point","coordinates":[149.6,-29.6]}},{"type":"Feature","id":"AUS-Q747875","properties":{"id":"Q747875","name":"Willandra Lakes Region","countryCode":"AUS","country":"Australia","wikipediaUrl":"https://en.wikipedia.org/wiki/Willandra_Lakes_Region","unescoUrl":"https://whc.unesco.org/en/list/167"},"geometry":{"type":"Point","coordinates":[143.101406,-33.618142]}},{"type":"Feature","id":"AUS-Q391496","properties":{"id":"Q391496","name":"Australian Convict Sites","countryCode":"AUS","country":"Australia","wikipediaUrl":"https://en.wikipedia.org/wiki/Australian_Convict_Sites","unescoUrl":"https://whc.unesco.org/en/list/1306"},"geometry":{"type":"Point","coordinates":[150.9944444,-33.37833333]}},{"type":"Feature","id":"ISR-Q126084","properties":{"id":"Q126084","name":"Acre","countryCode":"ISR","country":"Israel","wikipediaUrl":"https://en.wikipedia.org/wiki/Acre,_Israel","unescoUrl":"https://whc.unesco.org/en/list/1042"},"geometry":{"type":"Point","coordinates":[35.083888888,32.926111111]}},{"type":"Feature","id":"ISR-Q186312","properties":{"id":"Q186312","name":"Masada","countryCode":"ISR","country":"Israel","wikipediaUrl":"https://en.wikipedia.org/wiki/Masada","unescoUrl":"https://whc.unesco.org/en/list/1040"},"geometry":{"type":"Point","coordinates":[35.353888888,31.315555555]}},{"type":"Feature","id":"ISR-Q159070","properties":{"id":"Q159070","name":"White City","countryCode":"ISR","country":"Israel","wikipediaUrl":"https://en.wikipedia.org/wiki/White_City,_Tel_Aviv","unescoUrl":"https://whc.unesco.org/en/list/1096"},"geometry":{"type":"Point","coordinates":[34.773888888,32.077777777]}},{"type":"Feature","id":"ISR-Q830805","properties":{"id":"Q830805","name":"Beit She'arim National Park","countryCode":"ISR","country":"Israel","wikipediaUrl":"https://en.wikipedia.org/wiki/Beit_She%27arim_necropolis","unescoUrl":"https://whc.unesco.org/en/list/1471"},"geometry":{"type":"Point","coordinates":[35.128055555,32.704166666]}},{"type":"Feature","id":"ISR-Q477578","properties":{"id":"Q477578","name":"Incense Route – Desert Cities in the Negev","countryCode":"ISR","country":"Israel","wikipediaUrl":"https://en.wikipedia.org/wiki/Incense_Route_%E2%80%93_Desert_Cities_in_the_Negev","unescoUrl":"https://whc.unesco.org/en/list/1107"},"geometry":{"type":"Point","coordinates":[34.657777777,31.0975]}},{"type":"Feature","id":"ISR-Q2407530","properties":{"id":"Q2407530","name":"Beit Guvrin National Park","countryCode":"ISR","country":"Israel","wikipediaUrl":"https://en.wikipedia.org/wiki/Beit_Guvrin-Maresha_National_Park","unescoUrl":"https://whc.unesco.org/en/list/1370"},"geometry":{"type":"Point","coordinates":[34.89833333,31.61305556]}},{"type":"Feature","id":"ISR-Q2149036","properties":{"id":"Q2149036","name":"Bahá'í World Centre buildings","countryCode":"ISR","country":"Israel","wikipediaUrl":"https://en.wikipedia.org/wiki/Bah%C3%A1%CA%BC%C3%AD_World_Centre_buildings","unescoUrl":"https://whc.unesco.org/en/list/1220"},"geometry":{"type":"Point","coordinates":[34.98655,32.81378]}},{"type":"Feature","id":"ISR-Q15477047","properties":{"id":"Q15477047","name":"Biblical Tels - Megiddo, Hazor, Beer Sheba","countryCode":"ISR","country":"Israel","wikipediaUrl":null,"unescoUrl":"https://whc.unesco.org/en/list/1108"},"geometry":{"type":"Point","coordinates":[35.18222,32.59722]}},{"type":"Feature","id":"ISR-Q15726304","properties":{"id":"Q15726304","name":"Old City of Jerusalem and its Walls","countryCode":"ISR","country":"Israel","wikipediaUrl":"https://en.wikipedia.org/wiki/Old_City_of_Jerusalem_and_its_Walls","unescoUrl":"https://whc.unesco.org/en/list/148"},"geometry":{"type":"Point","coordinates":[35.23191,31.778214]}},{"type":"Feature","id":"USA-Q351","properties":{"id":"Q351","name":"Yellowstone National Park","countryCode":"USA","country":"United States","wikipediaUrl":"https://en.wikipedia.org/wiki/Yellowstone_National_Park","unescoUrl":"https://whc.unesco.org/en/list/28"},"geometry":{"type":"Point","coordinates":[-110.5,44.6]}},{"type":"Feature","id":"USA-Q180402","properties":{"id":"Q180402","name":"Yosemite National Park","countryCode":"USA","country":"United States","wikipediaUrl":"https://en.wikipedia.org/wiki/Yosemite_National_Park","unescoUrl":"https://whc.unesco.org/en/list/308"},"geometry":{"type":"Point","coordinates":[-119.5375,37.7425]}},{"type":"Feature","id":"USA-Q274131","properties":{"id":"Q274131","name":"Everglades National Park","countryCode":"USA","country":"United States","wikipediaUrl":"https://en.wikipedia.org/wiki/Everglades_National_Park","unescoUrl":"https://whc.unesco.org/en/list/76"},"geometry":{"type":"Point","coordinates":[-80.6875,25.3125]}},{"type":"Feature","id":"USA-Q220289","properties":{"id":"Q220289","name":"Grand Canyon National Park","countryCode":"USA","country":"United States","wikipediaUrl":"https://en.wikipedia.org/wiki/Grand_Canyon_National_Park","unescoUrl":"https://whc.unesco.org/en/list/75"},"geometry":{"type":"Point","coordinates":[-112.122,36.0553]}},{"type":"Feature","id":"USA-Q237128","properties":{"id":"Q237128","name":"Mesa Verde National Park","countryCode":"USA","country":"United States","wikipediaUrl":"https://en.wikipedia.org/wiki/Mesa_Verde_National_Park","unescoUrl":"https://whc.unesco.org/en/list/27"},"geometry":{"type":"Point","coordinates":[-108.494444,37.260375]}},{"type":"Feature","id":"USA-Q319821","properties":{"id":"Q319821","name":"Liberty Island","countryCode":"USA","country":"United States","wikipediaUrl":"https://en.wikipedia.org/wiki/Liberty_Island","unescoUrl":"https://whc.unesco.org/en/list/307"},"geometry":{"type":"Point","coordinates":[-74.045,40.69]}},{"type":"Feature","id":"USA-Q205952","properties":{"id":"Q205952","name":"Hawaiʻi Volcanoes National Park","countryCode":"USA","country":"United States","wikipediaUrl":"https://en.wikipedia.org/wiki/Hawai%CA%BBi_Volcanoes_National_Park","unescoUrl":"https://whc.unesco.org/en/list/409"},"geometry":{"type":"Point","coordinates":[-155.12361,19.40083]}},{"type":"Feature","id":"USA-Q372093","properties":{"id":"Q372093","name":"Olympic National Park","countryCode":"USA","country":"United States","wikipediaUrl":"https://en.wikipedia.org/wiki/Olympic_National_Park","unescoUrl":"https://whc.unesco.org/en/list/151"},"geometry":{"type":"Point","coordinates":[-123.75,47.7]}},{"type":"Feature","id":"USA-Q333661","properties":{"id":"Q333661","name":"Cahokia","countryCode":"USA","country":"United States","wikipediaUrl":"https://en.wikipedia.org/wiki/Cahokia","unescoUrl":"https://whc.unesco.org/en/list/198"},"geometry":{"type":"Point","coordinates":[-90.064444444,38.653888888]}},{"type":"Feature","id":"USA-Q242681","properties":{"id":"Q242681","name":"Mammoth Cave National Park","countryCode":"USA","country":"United States","wikipediaUrl":"https://en.wikipedia.org/wiki/Mammoth_Cave_National_Park","unescoUrl":"https://whc.unesco.org/en/list/150"},"geometry":{"type":"Point","coordinates":[-86.101111111,37.186944444]}},{"type":"Feature","id":"USA-Q273195","properties":{"id":"Q273195","name":"Carlsbad Caverns National Park","countryCode":"USA","country":"United States","wikipediaUrl":"https://en.wikipedia.org/wiki/Carlsbad_Caverns_National_Park","unescoUrl":"https://whc.unesco.org/en/list/721"},"geometry":{"type":"Point","coordinates":[-104.443888888,32.175277777]}},{"type":"Feature","id":"USA-Q464004","properties":{"id":"Q464004","name":"Great Smoky Mountains National Park","countryCode":"USA","country":"United States","wikipediaUrl":"https://en.wikipedia.org/wiki/Great_Smoky_Mountains_National_Park","unescoUrl":"https://whc.unesco.org/en/list/259"},"geometry":{"type":"Point","coordinates":[-83.425,35.611111111]}},{"type":"Feature","id":"SWE-Q192243","properties":{"id":"Q192243","name":"Struve Geodetic Arc","countryCode":"SWE","country":"Sweden","wikipediaUrl":"https://en.wikipedia.org/wiki/Struve_Geodetic_Arc","unescoUrl":"https://whc.unesco.org/en/list/1187"},"geometry":{"type":"Point","coordinates":[25.649444444,52.289444444]}},{"type":"Feature","id":"SWE-Q208559","properties":{"id":"Q208559","name":"Drottningholm Palace","countryCode":"SWE","country":"Sweden","wikipediaUrl":"https://en.wikipedia.org/wiki/Drottningholm_Palace","unescoUrl":"https://whc.unesco.org/en/list/559"},"geometry":{"type":"Point","coordinates":[17.886383,59.321694]}},{"type":"Feature","id":"SWE-Q213988","properties":{"id":"Q213988","name":"Skogskyrkogården","countryCode":"SWE","country":"Sweden","wikipediaUrl":"https://en.wikipedia.org/wiki/Skogskyrkog%C3%A5rden","unescoUrl":"https://whc.unesco.org/en/list/558"},"geometry":{"type":"Point","coordinates":[18.099444444,59.275555555]}},{"type":"Feature","id":"SWE-Q936884","properties":{"id":"Q936884","name":"Engelsberg Ironworks","countryCode":"SWE","country":"Sweden","wikipediaUrl":"https://en.wikipedia.org/wiki/Engelsberg_Ironworks","unescoUrl":"https://whc.unesco.org/en/list/556"},"geometry":{"type":"Point","coordinates":[16.010277777,59.969166666]}},{"type":"Feature","id":"SWE-Q920206","properties":{"id":"Q920206","name":"Grimeton VLF transmitter","countryCode":"SWE","country":"Sweden","wikipediaUrl":"https://en.wikipedia.org/wiki/Grimeton_Radio_Station","unescoUrl":"https://whc.unesco.org/en/list/1134"},"geometry":{"type":"Point","coordinates":[12.404417,57.113983]}},{"type":"Feature","id":"SWE-Q1137314","properties":{"id":"Q1137314","name":"Laponian National Park","countryCode":"SWE","country":"Sweden","wikipediaUrl":"https://en.wikipedia.org/wiki/Laponia","unescoUrl":"https://whc.unesco.org/en/list/774"},"geometry":{"type":"Point","coordinates":[17.58333,67.33333]}},{"type":"Feature","id":"SWE-Q1642003","properties":{"id":"Q1642003","name":"Decorated Farmhouses of Hälsingland","countryCode":"SWE","country":"Sweden","wikipediaUrl":"https://en.wikipedia.org/wiki/Decorated_Farmhouses_of_H%C3%A4lsingland","unescoUrl":"https://whc.unesco.org/en/list/1282"},"geometry":{"type":"Point","coordinates":[16.195833333,61.707222222]}},{"type":"Feature","id":"SWE-Q636194","properties":{"id":"Q636194","name":"Falun Mine","countryCode":"SWE","country":"Sweden","wikipediaUrl":"https://en.wikipedia.org/wiki/Falun_Mine","unescoUrl":"https://whc.unesco.org/en/list/1027"},"geometry":{"type":"Point","coordinates":[15.630833333,60.604722222]}},{"type":"Feature","id":"SWE-Q1761052","properties":{"id":"Q1761052","name":"Rock Carvings in Tanum","countryCode":"SWE","country":"Sweden","wikipediaUrl":"https://en.wikipedia.org/wiki/Rock_Carvings_in_Tanum","unescoUrl":"https://whc.unesco.org/en/list/557"},"geometry":{"type":"Point","coordinates":[11.33641,58.69995]}},{"type":"Feature","id":"SWE-Q1756286","properties":{"id":"Q1756286","name":"Gammelstad Church Town","countryCode":"SWE","country":"Sweden","wikipediaUrl":"https://en.wikipedia.org/wiki/Gammelstad_Church_Town","unescoUrl":"https://whc.unesco.org/en/list/762"},"geometry":{"type":"Point","coordinates":[22.02861,65.64611]}},{"type":"Feature","id":"SWE-Q1505447","properties":{"id":"Q1505447","name":"Stora Sjöfallet National Park","countryCode":"SWE","country":"Sweden","wikipediaUrl":"https://en.wikipedia.org/wiki/Stora_Sj%C3%B6fallet_National_Park","unescoUrl":"https://whc.unesco.org/en/list/774"},"geometry":{"type":"Point","coordinates":[17.993649696,67.566898179]}},{"type":"Feature","id":"SWE-Q396132","properties":{"id":"Q396132","name":"Southern Öland cultural landscape","countryCode":"SWE","country":"Sweden","wikipediaUrl":"https://en.wikipedia.org/wiki/Agricultural_landscape_of_southern_%C3%96land","unescoUrl":"https://whc.unesco.org/en/list/968"},"geometry":{"type":"Point","coordinates":[16.55,56.466667]}},{"type":"Feature","id":"COL-Q948975","properties":{"id":"Q948975","name":"Inca road system","countryCode":"COL","country":"Colombia","wikipediaUrl":"https://en.wikipedia.org/wiki/Inca_road_system","unescoUrl":"https://whc.unesco.org/en/list/1459"},"geometry":{"type":"Point","coordinates":[-69.59166667,-18.25]}},{"type":"Feature","id":"COL-Q740288","properties":{"id":"Q740288","name":"Santa Cruz de Mompós","countryCode":"COL","country":"Colombia","wikipediaUrl":"https://en.wikipedia.org/wiki/Santa_Cruz_de_Mompox","unescoUrl":"https://whc.unesco.org/en/list/742"},"geometry":{"type":"Point","coordinates":[-74.425,9.239444444]}},{"type":"Feature","id":"COL-Q305169","properties":{"id":"Q305169","name":"Los Katíos National Park","countryCode":"COL","country":"Colombia","wikipediaUrl":"https://en.wikipedia.org/wiki/Los_Kat%C3%ADos_National_Park","unescoUrl":"https://whc.unesco.org/en/list/711"},"geometry":{"type":"Point","coordinates":[-77.15,7.8]}},{"type":"Feature","id":"COL-Q2603196","properties":{"id":"Q2603196","name":"Chiribiquete National Park","countryCode":"COL","country":"Colombia","wikipediaUrl":"https://en.wikipedia.org/wiki/Chiribiquete_National_Park","unescoUrl":"https://whc.unesco.org/en/list/1174"},"geometry":{"type":"Point","coordinates":[-72.8054,0.700607]}},{"type":"Feature","id":"COL-Q179506","properties":{"id":"Q179506","name":"Tierradentro","countryCode":"COL","country":"Colombia","wikipediaUrl":"https://en.wikipedia.org/wiki/Tierradentro","unescoUrl":"https://whc.unesco.org/en/list/743"},"geometry":{"type":"Point","coordinates":[-76.033,2.583]}},{"type":"Feature","id":"COL-Q2887224","properties":{"id":"Q2887224","name":"San Agustin archeological park","countryCode":"COL","country":"Colombia","wikipediaUrl":"https://en.wikipedia.org/wiki/San_Agust%C3%ADn_Archaeological_Park","unescoUrl":"https://whc.unesco.org/en/list/744"},"geometry":{"type":"Point","coordinates":[-76.296111111,1.884444444]}},{"type":"Feature","id":"COL-Q8343767","properties":{"id":"Q8343767","name":"Historic Centre of Santa Cruz de Mompox","countryCode":"COL","country":"Colombia","wikipediaUrl":null,"unescoUrl":"https://whc.unesco.org/en/list/742"},"geometry":{"type":"Point","coordinates":[-74.423083888,9.240472222]}},{"type":"Feature","id":"COL-Q6091925","properties":{"id":"Q6091925","name":"Port, Fortresses and Group of Monuments, Cartagena","countryCode":"COL","country":"Colombia","wikipediaUrl":null,"unescoUrl":"https://whc.unesco.org/en/list/285"},"geometry":{"type":"Point","coordinates":[-75.53333333,10.41666667]}},{"type":"Feature","id":"COL-Q108379504","properties":{"id":"Q108379504","name":"Malpelo Fauna and Flora Sanctuary","countryCode":"COL","country":"Colombia","wikipediaUrl":null,"unescoUrl":"https://whc.unesco.org/en/list/1216"},"geometry":{"type":"Point","coordinates":[-81.6,4]}},{"type":"Feature","id":"KGZ-Q750190","properties":{"id":"Q750190","name":"Sulaiman-Too","countryCode":"KGZ","country":"Kyrgyzstan","wikipediaUrl":"https://en.wikipedia.org/wiki/Sulayman_Mountain","unescoUrl":"https://whc.unesco.org/en/list/1230"},"geometry":{"type":"Point","coordinates":[72.783333333,40.529444444]}},{"type":"Feature","id":"KGZ-Q17277933","properties":{"id":"Q17277933","name":"Silk Roads: the Routes Network of Chang'an-Tianshan Corridor","countryCode":"KGZ","country":"Kyrgyzstan","wikipediaUrl":"https://en.wikipedia.org/wiki/Silk_Roads:_the_Routes_Network_of_Chang%27an-Tianshan_Corridor","unescoUrl":"https://whc.unesco.org/en/list/1442"},"geometry":{"type":"Point","coordinates":[108.8572,34.3044]}},{"type":"Feature","id":"KGZ-Q16434635","properties":{"id":"Q16434635","name":"Western Tian Shan","countryCode":"KGZ","country":"Kyrgyzstan","wikipediaUrl":null,"unescoUrl":"https://whc.unesco.org/en/list/1490"},"geometry":{"type":"Point","coordinates":[74.583333333,42.5]}},{"type":"Feature","id":"IRN-Q129072","properties":{"id":"Q129072","name":"Persepolis","countryCode":"IRN","country":"Iran","wikipediaUrl":"https://en.wikipedia.org/wiki/Persepolis","unescoUrl":"https://whc.unesco.org/en/list/114"},"geometry":{"type":"Point","coordinates":[52.89,29.935]}},{"type":"Feature","id":"IRN-Q180773","properties":{"id":"Q180773","name":"Susa","countryCode":"IRN","country":"Iran","wikipediaUrl":"https://en.wikipedia.org/wiki/Susa","unescoUrl":"https://whc.unesco.org/en/list/1455"},"geometry":{"type":"Point","coordinates":[48.256111111,32.189444444]}},{"type":"Feature","id":"IRN-Q106636","properties":{"id":"Q106636","name":"Bam","countryCode":"IRN","country":"Iran","wikipediaUrl":"https://en.wikipedia.org/wiki/Bam,_Iran","unescoUrl":"https://whc.unesco.org/en/list/1208"},"geometry":{"type":"Point","coordinates":[58.356944444,29.106111111]}},{"type":"Feature","id":"IRN-Q4519","properties":{"id":"Q4519","name":"Naqsh-e Jahan Square","countryCode":"IRN","country":"Iran","wikipediaUrl":"https://en.wikipedia.org/wiki/Naqsh-e_Jahan_Square","unescoUrl":"https://whc.unesco.org/en/list/115"},"geometry":{"type":"Point","coordinates":[51.677333333,32.658222222]}},{"type":"Feature","id":"IRN-Q4523","properties":{"id":"Q4523","name":"Chogha Zanbil","countryCode":"IRN","country":"Iran","wikipediaUrl":"https://en.wikipedia.org/wiki/Chogha_Zanbil","unescoUrl":"https://whc.unesco.org/en/list/113"},"geometry":{"type":"Point","coordinates":[48.520833333,32.008333333]}},{"type":"Feature","id":"IRN-Q230025","properties":{"id":"Q230025","name":"Pasargadae","countryCode":"IRN","country":"Iran","wikipediaUrl":"https://en.wikipedia.org/wiki/Pasargadae","unescoUrl":"https://whc.unesco.org/en/list/1106"},"geometry":{"type":"Point","coordinates":[53.179444444,30.2]}},{"type":"Feature","id":"IRN-Q767128","properties":{"id":"Q767128","name":"Dasht-e Lut","countryCode":"IRN","country":"Iran","wikipediaUrl":"https://en.wikipedia.org/wiki/Lut_Desert","unescoUrl":"https://whc.unesco.org/en/list/1505"},"geometry":{"type":"Point","coordinates":[59.241111111,30.263888888]}},{"type":"Feature","id":"IRN-Q210610","properties":{"id":"Q210610","name":"Golestan Palace","countryCode":"IRN","country":"Iran","wikipediaUrl":"https://en.wikipedia.org/wiki/Golestan_Palace","unescoUrl":"https://whc.unesco.org/en/list/1422"},"geometry":{"type":"Point","coordinates":[51.420277777,35.679722222]}},{"type":"Feature","id":"IRN-Q1256501","properties":{"id":"Q1256501","name":"Jameh Mosque of Isfahan","countryCode":"IRN","country":"Iran","wikipediaUrl":"https://en.wikipedia.org/wiki/Jameh_Mosque_of_Isfahan","unescoUrl":"https://whc.unesco.org/en/list/1397"},"geometry":{"type":"Point","coordinates":[51.685277777,32.669722222]}},{"type":"Feature","id":"IRN-Q4531","properties":{"id":"Q4531","name":"Soltaniyeh","countryCode":"IRN","country":"Iran","wikipediaUrl":"https://en.wikipedia.org/wiki/Soltaniyeh","unescoUrl":"https://whc.unesco.org/en/list/1188"},"geometry":{"type":"Point","coordinates":[48.7975,36.434722]}},{"type":"Feature","id":"IRN-Q696193","properties":{"id":"Q696193","name":"Ecbatana","countryCode":"IRN","country":"Iran","wikipediaUrl":"https://en.wikipedia.org/wiki/Ecbatana","unescoUrl":"https://whc.unesco.org/en/list/1716"},"geometry":{"type":"Point","coordinates":[48.516247,34.8065]}},{"type":"Feature","id":"IRN-Q1025825","properties":{"id":"Q1025825","name":"Shahr-e Sukhteh","countryCode":"IRN","country":"Iran","wikipediaUrl":"https://en.wikipedia.org/wiki/Shahr-e_Sukhteh","unescoUrl":"https://whc.unesco.org/en/list/1456"},"geometry":{"type":"Point","coordinates":[61.331944444,30.595277777]}},{"type":"Feature","id":"PRT-Q272781","properties":{"id":"Q272781","name":"Jerónimos Monastery","countryCode":"PRT","country":"Portugal","wikipediaUrl":"https://en.wikipedia.org/wiki/Jer%C3%B3nimos_Monastery","unescoUrl":"https://whc.unesco.org/en/list/263"},"geometry":{"type":"Point","coordinates":[-9.205601,38.697846]}},{"type":"Feature","id":"PRT-Q174779","properties":{"id":"Q174779","name":"Batalha Monastery","countryCode":"PRT","country":"Portugal","wikipediaUrl":"https://en.wikipedia.org/wiki/Batalha_Monastery","unescoUrl":"https://whc.unesco.org/en/list/264"},"geometry":{"type":"Point","coordinates":[-8.826111111,39.659166666]}},{"type":"Feature","id":"PRT-Q593147","properties":{"id":"Q593147","name":"Alcobaça Monastery","countryCode":"PRT","country":"Portugal","wikipediaUrl":"https://en.wikipedia.org/wiki/Alcoba%C3%A7a_Monastery","unescoUrl":"https://whc.unesco.org/en/list/505"},"geometry":{"type":"Point","coordinates":[-8.978628,39.548594]}},{"type":"Feature","id":"PRT-Q736692","properties":{"id":"Q736692","name":"Convent of Christ","countryCode":"PRT","country":"Portugal","wikipediaUrl":"https://en.wikipedia.org/wiki/Convent_of_Christ_(Tomar)","unescoUrl":"https://whc.unesco.org/en/list/265"},"geometry":{"type":"Point","coordinates":[-8.419258,39.603636]}},{"type":"Feature","id":"PRT-Q552106","properties":{"id":"Q552106","name":"Prehistoric Rock Art Sites in the Côa Valley","countryCode":"PRT","country":"Portugal","wikipediaUrl":"https://en.wikipedia.org/wiki/Prehistoric_Rock_Art_Sites_in_the_C%C3%B4a_Valley_and_Siega_Verde","unescoUrl":"https://whc.unesco.org/en/list/866"},"geometry":{"type":"Point","coordinates":[-7.11666667,41.03333333]}},{"type":"Feature","id":"PRT-Q649738","properties":{"id":"Q649738","name":"Alto Douro Wine Region","countryCode":"PRT","country":"Portugal","wikipediaUrl":"https://en.wikipedia.org/wiki/Alto_Douro_(region)","unescoUrl":"https://whc.unesco.org/en/list/1046"},"geometry":{"type":"Point","coordinates":[-7.5177429,41.1657453]}},{"type":"Feature","id":"PRT-Q2707216","properties":{"id":"Q2707216","name":"Bom Jesus do Monte","countryCode":"PRT","country":"Portugal","wikipediaUrl":"https://en.wikipedia.org/wiki/Sanctuary_of_Bom_Jesus_do_Monte","unescoUrl":"https://whc.unesco.org/en/list/1590"},"geometry":{"type":"Point","coordinates":[-8.3775,41.5546]}},{"type":"Feature","id":"PRT-Q2448665","properties":{"id":"Q2448665","name":"Landscape of the Pico Island Vineyard Culture","countryCode":"PRT","country":"Portugal","wikipediaUrl":"https://en.wikipedia.org/wiki/Landscape_of_the_Pico_Island_Vineyard_Culture","unescoUrl":"https://whc.unesco.org/en/list/1117"},"geometry":{"type":"Point","coordinates":[-28.54111111,38.51333333]}},{"type":"Feature","id":"PRT-Q11257230","properties":{"id":"Q11257230","name":"Laurisilva of Madeira","countryCode":"PRT","country":"Portugal","wikipediaUrl":"https://en.wikipedia.org/wiki/Laurisilva_of_Madeira","unescoUrl":"https://whc.unesco.org/en/list/934"},"geometry":{"type":"Point","coordinates":[-17,32.76666667]}},{"type":"Feature","id":"PRT-Q5524023","properties":{"id":"Q5524023","name":"Garrison Border Town of Elvas and its Fortifications","countryCode":"PRT","country":"Portugal","wikipediaUrl":"https://en.wikipedia.org/wiki/Garrison_Border_Town_of_Elvas_and_its_Fortifications","unescoUrl":"https://whc.unesco.org/en/list/1367"},"geometry":{"type":"Point","coordinates":[-7.16333333,38.88055556]}},{"type":"Feature","id":"PRT-Q2945649","properties":{"id":"Q2945649","name":"Historic Centre of Guimarães and Couros Zone","countryCode":"PRT","country":"Portugal","wikipediaUrl":"https://en.wikipedia.org/wiki/Historic_Centre_of_Guimar%C3%A3es","unescoUrl":"https://whc.unesco.org/en/list/1031"},"geometry":{"type":"Point","coordinates":[-8.290838,41.445157]}},{"type":"Feature","id":"PRT-Q2945656","properties":{"id":"Q2945656","name":"Centro Histórico de Angra do Heroísmo","countryCode":"PRT","country":"Portugal","wikipediaUrl":"https://en.wikipedia.org/wiki/Centro_Hist%C3%B3rico_de_Angra_do_Hero%C3%ADsmo","unescoUrl":"https://whc.unesco.org/en/list/206"},"geometry":{"type":"Point","coordinates":[-27.22,38.655]}},{"type":"Feature","id":"GRC-Q131013","properties":{"id":"Q131013","name":"Acropolis of Athens","countryCode":"GRC","country":"Greece","wikipediaUrl":"https://en.wikipedia.org/wiki/Acropolis_of_Athens","unescoUrl":"https://whc.unesco.org/en/list/404"},"geometry":{"type":"Point","coordinates":[23.726111111,37.971666666]}},{"type":"Feature","id":"GRC-Q38888","properties":{"id":"Q38888","name":"Olympia","countryCode":"GRC","country":"Greece","wikipediaUrl":"https://en.wikipedia.org/wiki/Olympia,_Greece","unescoUrl":"https://whc.unesco.org/en/list/517"},"geometry":{"type":"Point","coordinates":[21.63,37.638333333]}},{"type":"Feature","id":"GRC-Q173148","properties":{"id":"Q173148","name":"Delos","countryCode":"GRC","country":"Greece","wikipediaUrl":"https://en.wikipedia.org/wiki/Delos","unescoUrl":"https://whc.unesco.org/en/list/530"},"geometry":{"type":"Point","coordinates":[25.26904,37.38948]}},{"type":"Feature","id":"GRC-Q3125051","properties":{"id":"Q3125051","name":"Meteora","countryCode":"GRC","country":"Greece","wikipediaUrl":"https://en.wikipedia.org/wiki/Meteora","unescoUrl":"https://whc.unesco.org/en/list/455"},"geometry":{"type":"Point","coordinates":[21.626666666,39.7125]}},{"type":"Feature","id":"GRC-Q19053","properties":{"id":"Q19053","name":"Mystras","countryCode":"GRC","country":"Greece","wikipediaUrl":"https://en.wikipedia.org/wiki/Mystras","unescoUrl":"https://whc.unesco.org/en/list/511"},"geometry":{"type":"Point","coordinates":[22.3673,37.074]}},{"type":"Feature","id":"GRC-Q379652","properties":{"id":"Q379652","name":"Philippi","countryCode":"GRC","country":"Greece","wikipediaUrl":"https://en.wikipedia.org/wiki/Philippi","unescoUrl":"https://whc.unesco.org/en/list/1517"},"geometry":{"type":"Point","coordinates":[24.286389,41.013056]}},{"type":"Feature","id":"GRC-Q732708","properties":{"id":"Q732708","name":"Paleochristian and Byzantine monuments of Thessaloniki","countryCode":"GRC","country":"Greece","wikipediaUrl":"https://en.wikipedia.org/wiki/Paleochristian_and_Byzantine_monuments_of_Thessaloniki","unescoUrl":"https://whc.unesco.org/en/list/456"},"geometry":{"type":"Point","coordinates":[22.9478,40.6386]}},{"type":"Feature","id":"GRC-Q38278862","properties":{"id":"Q38278862","name":"Temple of Apollo Epicurius in Bassae","countryCode":"GRC","country":"Greece","wikipediaUrl":"https://en.wikipedia.org/wiki/Temple_of_Apollo_at_Bassae","unescoUrl":"https://whc.unesco.org/en/list/392"},"geometry":{"type":"Point","coordinates":[21.900387,37.429655]}},{"type":"Feature","id":"GRC-Q2712111","properties":{"id":"Q2712111","name":"Zagori","countryCode":"GRC","country":"Greece","wikipediaUrl":"https://en.wikipedia.org/wiki/Zagori","unescoUrl":"https://whc.unesco.org/en/list/1695"},"geometry":{"type":"Point","coordinates":[20.7,39.8667]}},{"type":"Feature","id":"GRC-Q876685","properties":{"id":"Q876685","name":"Medieval City of Rhodes","countryCode":"GRC","country":"Greece","wikipediaUrl":"https://en.wikipedia.org/wiki/Medieval_City_of_Rhodes","unescoUrl":"https://whc.unesco.org/en/list/493"},"geometry":{"type":"Point","coordinates":[28.226937,36.443058]}},{"type":"Feature","id":"GRC-Q16963755","properties":{"id":"Q16963755","name":"Aigai","countryCode":"GRC","country":"Greece","wikipediaUrl":"https://en.wikipedia.org/wiki/Aegae_(Macedonia)","unescoUrl":"https://whc.unesco.org/en/list/780"},"geometry":{"type":"Point","coordinates":[22.3227596,40.4779658]}},{"type":"Feature","id":"GRC-Q7698713","properties":{"id":"Q7698713","name":"Sanctuary of Asclepius, Epidaurus","countryCode":"GRC","country":"Greece","wikipediaUrl":"https://en.wikipedia.org/wiki/Sanctuary_of_Asclepius,_Epidaurus","unescoUrl":"https://whc.unesco.org/en/list/491"},"geometry":{"type":"Point","coordinates":[23.0744,37.5986]}},{"type":"Feature","id":"TCD-Q1343339","properties":{"id":"Q1343339","name":"Ennedi Plateau","countryCode":"TCD","country":"Chad","wikipediaUrl":"https://en.wikipedia.org/wiki/Ennedi_Plateau","unescoUrl":"https://whc.unesco.org/en/list/1475"},"geometry":{"type":"Point","coordinates":[22,17.25]}},{"type":"Feature","id":"TCD-Q547375","properties":{"id":"Q547375","name":"Lakes of Ounianga","countryCode":"TCD","country":"Chad","wikipediaUrl":"https://en.wikipedia.org/wiki/Lakes_of_Ounianga","unescoUrl":"https://whc.unesco.org/en/list/1400"},"geometry":{"type":"Point","coordinates":[20.66666667,18.98333333]}},{"type":"Feature","id":"JPN-Q188754","properties":{"id":"Q188754","name":"Himeji Castle","countryCode":"JPN","country":"Japan","wikipediaUrl":"https://en.wikipedia.org/wiki/Himeji_Castle","unescoUrl":"https://whc.unesco.org/en/list/661"},"geometry":{"type":"Point","coordinates":[134.693611111,34.839444444]}},{"type":"Feature","id":"JPN-Q231140","properties":{"id":"Q231140","name":"Hiroshima Peace Memorial","countryCode":"JPN","country":"Japan","wikipediaUrl":"https://en.wikipedia.org/wiki/Hiroshima_Peace_Memorial","unescoUrl":"https://whc.unesco.org/en/list/775"},"geometry":{"type":"Point","coordinates":[132.453611111,34.395555555]}},{"type":"Feature","id":"JPN-Q191763","properties":{"id":"Q191763","name":"Itsukushima Shrine","countryCode":"JPN","country":"Japan","wikipediaUrl":"https://en.wikipedia.org/wiki/Itsukushima_Shrine","unescoUrl":"https://whc.unesco.org/en/list/776"},"geometry":{"type":"Point","coordinates":[132.320105,34.29577]}},{"type":"Feature","id":"JPN-Q242176","properties":{"id":"Q242176","name":"Yakushima","countryCode":"JPN","country":"Japan","wikipediaUrl":"https://en.wikipedia.org/wiki/Yakushima","unescoUrl":"https://whc.unesco.org/en/list/662"},"geometry":{"type":"Point","coordinates":[130.528611111,30.358611111]}},{"type":"Feature","id":"JPN-Q501638","properties":{"id":"Q501638","name":"Shirakami-Sanchi","countryCode":"JPN","country":"Japan","wikipediaUrl":"https://en.wikipedia.org/wiki/Shirakami-Sanchi","unescoUrl":"https://whc.unesco.org/en/list/663"},"geometry":{"type":"Point","coordinates":[140.13,40.47]}},{"type":"Feature","id":"JPN-Q55619850","properties":{"id":"Q55619850","name":"The Architectural Work of Le Corbusier","countryCode":"JPN","country":"Japan","wikipediaUrl":"https://en.wikipedia.org/wiki/The_Architectural_Work_of_Le_Corbusier","unescoUrl":"https://whc.unesco.org/en/list/1321"},"geometry":{"type":"Point","coordinates":[6.829336,46.468414]}},{"type":"Feature","id":"JPN-Q874027","properties":{"id":"Q874027","name":"Historic Monuments of Ancient Kyoto","countryCode":"JPN","country":"Japan","wikipediaUrl":"https://en.wikipedia.org/wiki/Historic_Monuments_of_Ancient_Kyoto_(Kyoto,_Uji_and_Otsu_Cities)","unescoUrl":"https://whc.unesco.org/en/list/688"},"geometry":{"type":"Point","coordinates":[135.752778,35.060278]}},{"type":"Feature","id":"JPN-Q877626","properties":{"id":"Q877626","name":"Historic Villages of Shirakawa-gō and Gokayama","countryCode":"JPN","country":"Japan","wikipediaUrl":"https://en.wikipedia.org/wiki/Historic_Villages_of_Shirakawa-g%C5%8D_and_Gokayama","unescoUrl":"https://whc.unesco.org/en/list/734"},"geometry":{"type":"Point","coordinates":[136.90638889,36.25694444]}},{"type":"Feature","id":"JPN-Q1055749","properties":{"id":"Q1055749","name":"Historic Monuments of Ancient Nara","countryCode":"JPN","country":"Japan","wikipediaUrl":"https://en.wikipedia.org/wiki/Historic_Monuments_of_Ancient_Nara","unescoUrl":"https://whc.unesco.org/en/list/870"},"geometry":{"type":"Point","coordinates":[135.83944,34.67556]}},{"type":"Feature","id":"JPN-Q174139","properties":{"id":"Q174139","name":"Iwami Ginzan Silver Mine","countryCode":"JPN","country":"Japan","wikipediaUrl":"https://en.wikipedia.org/wiki/Iwami_Ginzan_Silver_Mine","unescoUrl":"https://whc.unesco.org/en/list/1246"},"geometry":{"type":"Point","coordinates":[132.4375,35.107222]}},{"type":"Feature","id":"JPN-Q611345","properties":{"id":"Q611345","name":"Sacred Sites and Pilgrimage Routes in the Kii Mountain Range","countryCode":"JPN","country":"Japan","wikipediaUrl":"https://en.wikipedia.org/wiki/Sacred_Sites_and_Pilgrimage_Routes_in_the_Kii_Mountain_Range","unescoUrl":"https://whc.unesco.org/en/list/1142"},"geometry":{"type":"Point","coordinates":[135.77639,33.83694]}},{"type":"Feature","id":"JPN-Q1063133","properties":{"id":"Q1063133","name":"Shrines and Temples of Nikkō","countryCode":"JPN","country":"Japan","wikipediaUrl":"https://en.wikipedia.org/wiki/Shrines_and_Temples_of_Nikk%C5%8D","unescoUrl":"https://whc.unesco.org/en/list/913"},"geometry":{"type":"Point","coordinates":[139.6105556,36.7475]}},{"type":"Feature","id":"SVK-Q156011","properties":{"id":"Q156011","name":"Ancient and Primeval Beech Forests of the Carpathians and Other Regions of Europe","countryCode":"SVK","country":"Slovakia","wikipediaUrl":"https://en.wikipedia.org/wiki/Ancient_and_Primeval_Beech_Forests_of_the_Carpathians_and_Other_Regions_of_Europe","unescoUrl":"https://whc.unesco.org/en/list/1133"},"geometry":{"type":"Point","coordinates":[15,49]}},{"type":"Feature","id":"SVK-Q392365","properties":{"id":"Q392365","name":"Vlkolínec","countryCode":"SVK","country":"Slovakia","wikipediaUrl":"https://en.wikipedia.org/wiki/Vlkol%C3%ADnec","unescoUrl":"https://whc.unesco.org/en/list/622"},"geometry":{"type":"Point","coordinates":[19.2784,49.0397]}},{"type":"Feature","id":"SVK-Q205558","properties":{"id":"Q205558","name":"Spiš Castle","countryCode":"SVK","country":"Slovakia","wikipediaUrl":"https://en.wikipedia.org/wiki/Spi%C5%A1_Castle","unescoUrl":"https://whc.unesco.org/en/list/620"},"geometry":{"type":"Point","coordinates":[20.768333333,49.000555555]}},{"type":"Feature","id":"SVK-Q471717","properties":{"id":"Q471717","name":"wooden churches of the Slovak Carpathians","countryCode":"SVK","country":"Slovakia","wikipediaUrl":"https://en.wikipedia.org/wiki/Wooden_churches_of_the_Slovak_Carpathians","unescoUrl":"https://whc.unesco.org/en/list/1273"},"geometry":{"type":"Point","coordinates":[19.558333,49.336111]}},{"type":"Feature","id":"SVK-Q608090","properties":{"id":"Q608090","name":"Caves of Aggtelek Karst and Slovak Karst","countryCode":"SVK","country":"Slovakia","wikipediaUrl":"https://en.wikipedia.org/wiki/Caves_of_Aggtelek_Karst_and_Slovak_Karst","unescoUrl":"https://whc.unesco.org/en/list/725"},"geometry":{"type":"Point","coordinates":[20.495324815,48.471776789]}},{"type":"Feature","id":"SVK-Q6535830","properties":{"id":"Q6535830","name":"Levoča, Spiš Castle and the associated cultural monuments","countryCode":"SVK","country":"Slovakia","wikipediaUrl":"https://en.wikipedia.org/wiki/Levo%C4%8Da,_Spi%C5%A1_Castle_and_the_associated_cultural_monuments","unescoUrl":"https://whc.unesco.org/en/list/620"},"geometry":{"type":"Point","coordinates":[20.7675,48.999444444]}},{"type":"Feature","id":"SVK-Q17634781","properties":{"id":"Q17634781","name":"Bardejov Town Conservation Reserve","countryCode":"SVK","country":"Slovakia","wikipediaUrl":null,"unescoUrl":"https://whc.unesco.org/en/list/973"},"geometry":{"type":"Point","coordinates":[21.27917,49.29333]}},{"type":"Feature","id":"SVK-Q108017566","properties":{"id":"Q108017566","name":"Frontiers of the Roman Empire – The Danube Limes (Western Segment)","countryCode":"SVK","country":"Slovakia","wikipediaUrl":null,"unescoUrl":"https://whc.unesco.org/en/list/1608"},"geometry":{"type":"Point","coordinates":[16.861,48.115]}},{"type":"Feature","id":"SVK-Q16912647","properties":{"id":"Q16912647","name":"Historic Town of Banská Štiavnica and the Technical Monuments in its Vicinity","countryCode":"SVK","country":"Slovakia","wikipediaUrl":null,"unescoUrl":"https://whc.unesco.org/en/list/618"},"geometry":{"type":"Point","coordinates":[18.9,48.46111]}},{"type":"Feature","id":"SVK-Q61122251","properties":{"id":"Q61122251","name":"historical town of Banska Stiavnica and the technical monuments in its vicinity","countryCode":"SVK","country":"Slovakia","wikipediaUrl":null,"unescoUrl":"https://whc.unesco.org/en/list/618"},"geometry":{"type":"Point","coordinates":[18.9,48.46111]}},{"type":"Feature","id":"SVK-Q61120261","properties":{"id":"Q61120261","name":"Spiš Castle and the associated cultural monuments","countryCode":"SVK","country":"Slovakia","wikipediaUrl":null,"unescoUrl":"https://whc.unesco.org/en/list/620"},"geometry":{"type":"Point","coordinates":[20.7675,48.999444444]}},{"type":"Feature","id":"CHE-Q156011","properties":{"id":"Q156011","name":"Ancient and Primeval Beech Forests of the Carpathians and Other Regions of Europe","countryCode":"CHE","country":"Switzerland","wikipediaUrl":"https://en.wikipedia.org/wiki/Ancient_and_Primeval_Beech_Forests_of_the_Carpathians_and_Other_Regions_of_Europe","unescoUrl":"https://whc.unesco.org/en/list/1133"},"geometry":{"type":"Point","coordinates":[15,49]}},{"type":"Feature","id":"CHE-Q4580","properties":{"id":"Q4580","name":"prehistoric pile dwellings around the Alps","countryCode":"CHE","country":"Switzerland","wikipediaUrl":"https://en.wikipedia.org/wiki/Prehistoric_pile_dwellings_around_the_Alps","unescoUrl":"https://whc.unesco.org/en/list/1363"},"geometry":{"type":"Point","coordinates":[9.120991545,47.674596574]}},{"type":"Feature","id":"CHE-Q16648","properties":{"id":"Q16648","name":"Monte San Giorgio","countryCode":"CHE","country":"Switzerland","wikipediaUrl":"https://en.wikipedia.org/wiki/Monte_San_Giorgio","unescoUrl":"https://whc.unesco.org/en/list/1090"},"geometry":{"type":"Point","coordinates":[8.95,45.916666666]}},{"type":"Feature","id":"CHE-Q155699","properties":{"id":"Q155699","name":"Abbey of Saint Gall","countryCode":"CHE","country":"Switzerland","wikipediaUrl":"https://en.wikipedia.org/wiki/Abbey_of_Saint_Gall","unescoUrl":"https://whc.unesco.org/en/list/268"},"geometry":{"type":"Point","coordinates":[9.377222222,47.423055555]}},{"type":"Feature","id":"CHE-Q688060","properties":{"id":"Q688060","name":"Lavaux","countryCode":"CHE","country":"Switzerland","wikipediaUrl":"https://en.wikipedia.org/wiki/Lavaux","unescoUrl":"https://whc.unesco.org/en/list/1243"},"geometry":{"type":"Point","coordinates":[6.746111111,46.491944444]}},{"type":"Feature","id":"CHE-Q55619850","properties":{"id":"Q55619850","name":"The Architectural Work of Le Corbusier","countryCode":"CHE","country":"Switzerland","wikipediaUrl":"https://en.wikipedia.org/wiki/The_Architectural_Work_of_Le_Corbusier","unescoUrl":"https://whc.unesco.org/en/list/1321"},"geometry":{"type":"Point","coordinates":[6.829336,46.468414]}},{"type":"Feature","id":"CHE-Q757067","properties":{"id":"Q757067","name":"Saint John Abbey","countryCode":"CHE","country":"Switzerland","wikipediaUrl":"https://en.wikipedia.org/wiki/Saint_John_Abbey,_M%C3%BCstair","unescoUrl":"https://whc.unesco.org/en/list/269"},"geometry":{"type":"Point","coordinates":[10.447777777,46.629166666]}},{"type":"Feature","id":"CHE-Q312118","properties":{"id":"Q312118","name":"Glarus thrust","countryCode":"CHE","country":"Switzerland","wikipediaUrl":"https://en.wikipedia.org/wiki/Glarus_thrust","unescoUrl":"https://whc.unesco.org/en/list/1179"},"geometry":{"type":"Point","coordinates":[9.25,46.91667]}},{"type":"Feature","id":"CHE-Q616912","properties":{"id":"Q616912","name":"Jungfrau-Aletsch protected area","countryCode":"CHE","country":"Switzerland","wikipediaUrl":"https://en.wikipedia.org/wiki/Jungfrau-Aletsch_protected_area","unescoUrl":"https://whc.unesco.org/en/list/1037"},"geometry":{"type":"Point","coordinates":[8.033333,46.5]}},{"type":"Feature","id":"CHE-Q687973","properties":{"id":"Q687973","name":"Old City of Bern","countryCode":"CHE","country":"Switzerland","wikipediaUrl":"https://en.wikipedia.org/wiki/Old_City_(Bern)","unescoUrl":"https://whc.unesco.org/en/list/267"},"geometry":{"type":"Point","coordinates":[7.450277777,46.948055555]}},{"type":"Feature","id":"CHE-Q510279","properties":{"id":"Q510279","name":"Three Castles of Bellinzona","countryCode":"CHE","country":"Switzerland","wikipediaUrl":"https://en.wikipedia.org/wiki/Castles_of_Bellinzona","unescoUrl":"https://whc.unesco.org/en/list/884"},"geometry":{"type":"Point","coordinates":[9.022222222,46.192777777]}},{"type":"Feature","id":"CHE-Q2962401","properties":{"id":"Q2962401","name":"Rhaetian Railway in the Albula / Bernina Landscapes","countryCode":"CHE","country":"Switzerland","wikipediaUrl":"https://en.wikipedia.org/wiki/Rhaetian_Railway_in_the_Albula_/_Bernina_Landscapes","unescoUrl":"https://whc.unesco.org/en/list/1276"},"geometry":{"type":"Point","coordinates":[10.0197,46.4089]}},{"type":"Feature","id":"TKM-Q193325","properties":{"id":"Q193325","name":"Merv","countryCode":"TKM","country":"Turkmenistan","wikipediaUrl":"https://en.wikipedia.org/wiki/Merv","unescoUrl":"https://whc.unesco.org/en/list/886"},"geometry":{"type":"Point","coordinates":[62.1925,37.662777777]}},{"type":"Feature","id":"TKM-Q48472","properties":{"id":"Q48472","name":"Konye-Urgench","countryCode":"TKM","country":"Turkmenistan","wikipediaUrl":"https://en.wikipedia.org/wiki/Konye-Urgench","unescoUrl":"https://whc.unesco.org/en/list/1199"},"geometry":{"type":"Point","coordinates":[59.158611111,42.316666666]}},{"type":"Feature","id":"TKM-Q854672","properties":{"id":"Q854672","name":"Nisa","countryCode":"TKM","country":"Turkmenistan","wikipediaUrl":"https://en.wikipedia.org/wiki/Nisa,_Turkmenistan","unescoUrl":"https://whc.unesco.org/en/list/1242"},"geometry":{"type":"Point","coordinates":[58.212408333,37.951147222]}},{"type":"Feature","id":"TKM-Q122666385","properties":{"id":"Q122666385","name":"Silk Roads: Zarafshan-Karakum Corridor","countryCode":"TKM","country":"Turkmenistan","wikipediaUrl":"https://en.wikipedia.org/wiki/Silk_Roads:_Zarafshan-Karakum_Corridor","unescoUrl":"https://whc.unesco.org/en/list/1675"},"geometry":{"type":"Point","coordinates":[69.685558333,39.441488888]}},{"type":"Feature","id":"TKM-Q122731152","properties":{"id":"Q122731152","name":"Cold Winter Deserts of Turan","countryCode":"TKM","country":"Turkmenistan","wikipediaUrl":null,"unescoUrl":"https://whc.unesco.org/en/list/1693"},"geometry":{"type":"Point","coordinates":[79.034166666,44.025833333]}},{"type":"Feature","id":"CAN-Q189113","properties":{"id":"Q189113","name":"L'Anse aux Meadows","countryCode":"CAN","country":"Canada","wikipediaUrl":"https://en.wikipedia.org/wiki/L%27Anse_aux_Meadows","unescoUrl":"https://whc.unesco.org/en/list/4"},"geometry":{"type":"Point","coordinates":[-55.531222222,51.595266666]}},{"type":"Feature","id":"CAN-Q391338","properties":{"id":"Q391338","name":"Wood Buffalo National Park","countryCode":"CAN","country":"Canada","wikipediaUrl":"https://en.wikipedia.org/wiki/Wood_Buffalo_National_Park","unescoUrl":"https://whc.unesco.org/en/list/256"},"geometry":{"type":"Point","coordinates":[-112.983,59.3833]}},{"type":"Feature","id":"CAN-Q391391","properties":{"id":"Q391391","name":"Nahanni National Park Reserve","countryCode":"CAN","country":"Canada","wikipediaUrl":"https://en.wikipedia.org/wiki/Nahanni_National_Park_Reserve","unescoUrl":"https://whc.unesco.org/en/list/24"},"geometry":{"type":"Point","coordinates":[-125.852,61.5971]}},{"type":"Feature","id":"CAN-Q257598","properties":{"id":"Q257598","name":"Gros Morne National Park","countryCode":"CAN","country":"Canada","wikipediaUrl":"https://en.wikipedia.org/wiki/Gros_Morne_National_Park","unescoUrl":"https://whc.unesco.org/en/list/419"},"geometry":{"type":"Point","coordinates":[-57.738055555,49.689444444]}},{"type":"Feature","id":"CAN-Q289466","properties":{"id":"Q289466","name":"Dinosaur Provincial Park","countryCode":"CAN","country":"Canada","wikipediaUrl":"https://en.wikipedia.org/wiki/Dinosaur_Provincial_Park","unescoUrl":"https://whc.unesco.org/en/list/71"},"geometry":{"type":"Point","coordinates":[-111.485,50.7617]}},{"type":"Feature","id":"CAN-Q828212","properties":{"id":"Q828212","name":"Waterton-Glacier International Peace Park","countryCode":"CAN","country":"Canada","wikipediaUrl":"https://en.wikipedia.org/wiki/Waterton-Glacier_International_Peace_Park","unescoUrl":"https://whc.unesco.org/en/list/354"},"geometry":{"type":"Point","coordinates":[-113.904166666,48.996055555]}},{"type":"Feature","id":"CAN-Q604604","properties":{"id":"Q604604","name":"Kluane / Wrangell – St. Elias / Glacier Bay / Tatshenshini-Alsek","countryCode":"CAN","country":"Canada","wikipediaUrl":"https://en.wikipedia.org/wiki/Kluane_/_Wrangell%E2%80%93St._Elias_/_Glacier_Bay_/_Tatshenshini-Alsek","unescoUrl":"https://whc.unesco.org/en/list/72"},"geometry":{"type":"Point","coordinates":[-140.992,61.1975]}},{"type":"Feature","id":"CAN-Q72895","properties":{"id":"Q72895","name":"Canadian Rocky Mountain Parks World Heritage Site","countryCode":"CAN","country":"Canada","wikipediaUrl":"https://en.wikipedia.org/wiki/Canadian_Rocky_Mountain_Parks_World_Heritage_Site","unescoUrl":"https://whc.unesco.org/en/list/304"},"geometry":{"type":"Point","coordinates":[-116.479722222,51.424722222]}},{"type":"Feature","id":"CAN-Q683110","properties":{"id":"Q683110","name":"Head-Smashed-In Buffalo Jump","countryCode":"CAN","country":"Canada","wikipediaUrl":"https://en.wikipedia.org/wiki/Head-Smashed-In_Buffalo_Jump","unescoUrl":"https://whc.unesco.org/en/list/158"},"geometry":{"type":"Point","coordinates":[-113.625,49.7494]}},{"type":"Feature","id":"CAN-Q631128","properties":{"id":"Q631128","name":"Miguasha National Park","countryCode":"CAN","country":"Canada","wikipediaUrl":"https://en.wikipedia.org/wiki/Miguasha_National_Park","unescoUrl":"https://whc.unesco.org/en/list/686"},"geometry":{"type":"Point","coordinates":[-66.369444444,48.110555555]}},{"type":"Feature","id":"CAN-Q852085","properties":{"id":"Q852085","name":"Burgess Shale","countryCode":"CAN","country":"Canada","wikipediaUrl":"https://en.wikipedia.org/wiki/Burgess_Shale","unescoUrl":"https://whc.unesco.org/en/list/133"},"geometry":{"type":"Point","coordinates":[-116.467,51.4333]}},{"type":"Feature","id":"CAN-Q2114279","properties":{"id":"Q2114279","name":"Old Quebec","countryCode":"CAN","country":"Canada","wikipediaUrl":"https://en.wikipedia.org/wiki/Old_Quebec","unescoUrl":"https://whc.unesco.org/en/list/300"},"geometry":{"type":"Point","coordinates":[-71.210555555,46.809444444]}},{"type":"Feature","id":"ROU-Q184429","properties":{"id":"Q184429","name":"Danube Delta","countryCode":"ROU","country":"Romania","wikipediaUrl":"https://en.wikipedia.org/wiki/Danube_Delta","unescoUrl":"https://whc.unesco.org/en/list/588"},"geometry":{"type":"Point","coordinates":[29.5,45.2]}},{"type":"Feature","id":"ROU-Q156011","properties":{"id":"Q156011","name":"Ancient and Primeval Beech Forests of the Carpathians and Other Regions of Europe","countryCode":"ROU","country":"Romania","wikipediaUrl":"https://en.wikipedia.org/wiki/Ancient_and_Primeval_Beech_Forests_of_the_Carpathians_and_Other_Regions_of_Europe","unescoUrl":"https://whc.unesco.org/en/list/1133"},"geometry":{"type":"Point","coordinates":[15,49]}},{"type":"Feature","id":"ROU-Q733069","properties":{"id":"Q733069","name":"Horezu monastery","countryCode":"ROU","country":"Romania","wikipediaUrl":"https://en.wikipedia.org/wiki/Horezu_Monastery","unescoUrl":"https://whc.unesco.org/en/list/597"},"geometry":{"type":"Point","coordinates":[24.0069,45.1686]}},{"type":"Feature","id":"ROU-Q828412","properties":{"id":"Q828412","name":"wooden churches of Maramureș","countryCode":"ROU","country":"Romania","wikipediaUrl":"https://en.wikipedia.org/wiki/Wooden_churches_of_Maramure%C8%99","unescoUrl":"https://whc.unesco.org/en/list/904"},"geometry":{"type":"Point","coordinates":[24.0558,47.8194]}},{"type":"Feature","id":"ROU-Q387687","properties":{"id":"Q387687","name":"churches of Moldavia","countryCode":"ROU","country":"Romania","wikipediaUrl":"https://en.wikipedia.org/wiki/Churches_of_Moldavia","unescoUrl":"https://whc.unesco.org/en/list/598"},"geometry":{"type":"Point","coordinates":[25.933,47.733]}},{"type":"Feature","id":"ROU-Q729327","properties":{"id":"Q729327","name":"Dacian Fortresses of the Orăștie Mountains","countryCode":"ROU","country":"Romania","wikipediaUrl":"https://en.wikipedia.org/wiki/Dacian_Fortresses_of_the_Or%C4%83%C8%99tie_Mountains","unescoUrl":"https://whc.unesco.org/en/list/906"},"geometry":{"type":"Point","coordinates":[23.3119,45.6231]}},{"type":"Feature","id":"ROU-Q1075681","properties":{"id":"Q1075681","name":"Historic Centre of Sighișoara","countryCode":"ROU","country":"Romania","wikipediaUrl":"https://en.wikipedia.org/wiki/Historic_Centre_of_Sighi%C8%99oara","unescoUrl":"https://whc.unesco.org/en/list/902"},"geometry":{"type":"Point","coordinates":[24.79222222,46.21777778]}},{"type":"Feature","id":"ROU-Q4680630","properties":{"id":"Q4680630","name":"Sculptural Ensemble of Constantin Brâncuși at Târgu Jiu","countryCode":"ROU","country":"Romania","wikipediaUrl":"https://en.wikipedia.org/wiki/Sculptural_Ensemble_of_Constantin_Br%C3%A2ncu%C8%99i_at_T%C3%A2rgu_Jiu","unescoUrl":"https://whc.unesco.org/en/list/1473"},"geometry":{"type":"Point","coordinates":[23.285375,45.037430555]}},{"type":"Feature","id":"ROU-Q14752597","properties":{"id":"Q14752597","name":"Limes Dacicus","countryCode":"ROU","country":"Romania","wikipediaUrl":"https://en.wikipedia.org/wiki/Dacian_Limes","unescoUrl":"https://whc.unesco.org/en/list/1718"},"geometry":{"type":"Point","coordinates":[23.159411,47.180789]}},{"type":"Feature","id":"ROU-Q47915816","properties":{"id":"Q47915816","name":"Roșia Montană Mining Landscape","countryCode":"ROU","country":"Romania","wikipediaUrl":"https://en.wikipedia.org/wiki/Rosia_Montana_Mining_Cultural_Landscape","unescoUrl":"https://whc.unesco.org/en/list/1552"},"geometry":{"type":"Point","coordinates":[23.130555555,46.306111111]}},{"type":"Feature","id":"DEU-Q4176","properties":{"id":"Q4176","name":"Cologne Cathedral","countryCode":"DEU","country":"Germany","wikipediaUrl":"https://en.wikipedia.org/wiki/Cologne_Cathedral","unescoUrl":"https://whc.unesco.org/en/list/292"},"geometry":{"type":"Point","coordinates":[6.958333333,50.941388888]}},{"type":"Feature","id":"DEU-Q5908","properties":{"id":"Q5908","name":"Aachen Cathedral","countryCode":"DEU","country":"Germany","wikipediaUrl":"https://en.wikipedia.org/wiki/Aachen_Cathedral","unescoUrl":"https://whc.unesco.org/en/list/3"},"geometry":{"type":"Point","coordinates":[6.083922222,50.77475]}},{"type":"Feature","id":"DEU-Q151963","properties":{"id":"Q151963","name":"Museum Island","countryCode":"DEU","country":"Germany","wikipediaUrl":"https://en.wikipedia.org/wiki/Museum_Island","unescoUrl":"https://whc.unesco.org/en/list/896"},"geometry":{"type":"Point","coordinates":[13.395555555,52.521388888]}},{"type":"Feature","id":"DEU-Q151545","properties":{"id":"Q151545","name":"Wartburg","countryCode":"DEU","country":"Germany","wikipediaUrl":"https://en.wikipedia.org/wiki/Wartburg","unescoUrl":"https://whc.unesco.org/en/list/897"},"geometry":{"type":"Point","coordinates":[10.306388888,50.966111111]}},{"type":"Feature","id":"DEU-Q22720","properties":{"id":"Q22720","name":"Speyer Cathedral","countryCode":"DEU","country":"Germany","wikipediaUrl":"https://en.wikipedia.org/wiki/Speyer_Cathedral","unescoUrl":"https://whc.unesco.org/en/list/168"},"geometry":{"type":"Point","coordinates":[8.4425,49.317222]}},{"type":"Feature","id":"DEU-Q156011","properties":{"id":"Q156011","name":"Ancient and Primeval Beech Forests of the Carpathians and Other Regions of Europe","countryCode":"DEU","country":"Germany","wikipediaUrl":"https://en.wikipedia.org/wiki/Ancient_and_Primeval_Beech_Forests_of_the_Carpathians_and_Other_Regions_of_Europe","unescoUrl":"https://whc.unesco.org/en/list/1133"},"geometry":{"type":"Point","coordinates":[15,49]}},{"type":"Feature","id":"DEU-Q4580","properties":{"id":"Q4580","name":"prehistoric pile dwellings around the Alps","countryCode":"DEU","country":"Germany","wikipediaUrl":"https://en.wikipedia.org/wiki/Prehistoric_pile_dwellings_around_the_Alps","unescoUrl":"https://whc.unesco.org/en/list/1363"},"geometry":{"type":"Point","coordinates":[9.120991545,47.674596574]}},{"type":"Feature","id":"DEU-Q156439","properties":{"id":"Q156439","name":"Reichenau Island","countryCode":"DEU","country":"Germany","wikipediaUrl":"https://en.wikipedia.org/wiki/Reichenau_Island","unescoUrl":"https://whc.unesco.org/en/list/974"},"geometry":{"type":"Point","coordinates":[9.063055555,47.693055555]}},{"type":"Feature","id":"DEU-Q156292","properties":{"id":"Q156292","name":"Augustusburg and Falkenlust Palaces","countryCode":"DEU","country":"Germany","wikipediaUrl":"https://en.wikipedia.org/wiki/Augustusburg_and_Falkenlust_Palaces,_Br%C3%BChl","unescoUrl":"https://whc.unesco.org/en/list/288"},"geometry":{"type":"Point","coordinates":[6.908055555,50.8275]}},{"type":"Feature","id":"DEU-Q157886","properties":{"id":"Q157886","name":"Maulbronn Monastery","countryCode":"DEU","country":"Germany","wikipediaUrl":"https://en.wikipedia.org/wiki/Maulbronn_Monastery","unescoUrl":"https://whc.unesco.org/en/list/546"},"geometry":{"type":"Point","coordinates":[8.8129,49.0011]}},{"type":"Feature","id":"DEU-Q156308","properties":{"id":"Q156308","name":"Muskau Park","countryCode":"DEU","country":"Germany","wikipediaUrl":"https://en.wikipedia.org/wiki/Muskau_Park","unescoUrl":"https://whc.unesco.org/en/list/1127"},"geometry":{"type":"Point","coordinates":[14.723229,51.547559]}},{"type":"Feature","id":"DEU-Q156675","properties":{"id":"Q156675","name":"Wieskirche","countryCode":"DEU","country":"Germany","wikipediaUrl":"https://en.wikipedia.org/wiki/Wieskirche","unescoUrl":"https://whc.unesco.org/en/list/271"},"geometry":{"type":"Point","coordinates":[10.900445,47.6806]}},{"type":"Feature","id":"CHN-Q216059","properties":{"id":"Q216059","name":"Mount Tai","countryCode":"CHN","country":"China","wikipediaUrl":"https://en.wikipedia.org/wiki/Mount_Tai","unescoUrl":"https://whc.unesco.org/en/list/437"},"geometry":{"type":"Point","coordinates":[117.1,36.266666666]}},{"type":"Feature","id":"CHN-Q31347","properties":{"id":"Q31347","name":"Grand Canal","countryCode":"CHN","country":"China","wikipediaUrl":"https://en.wikipedia.org/wiki/Grand_Canal_(China)","unescoUrl":"https://whc.unesco.org/en/list/1443"},"geometry":{"type":"Point","coordinates":[120.223888888,30.261388888]}},{"type":"Feature","id":"CHN-Q125445","properties":{"id":"Q125445","name":"Temple of Heaven","countryCode":"CHN","country":"China","wikipediaUrl":"https://en.wikipedia.org/wiki/Temple_of_Heaven","unescoUrl":"https://whc.unesco.org/en/list/881"},"geometry":{"type":"Point","coordinates":[116.4066,39.8822]}},{"type":"Feature","id":"CHN-Q36034","properties":{"id":"Q36034","name":"Huangshan","countryCode":"CHN","country":"China","wikipediaUrl":"https://en.wikipedia.org/wiki/Huangshan","unescoUrl":"https://whc.unesco.org/en/list/547"},"geometry":{"type":"Point","coordinates":[118.166667,30.125]}},{"type":"Feature","id":"CHN-Q43286","properties":{"id":"Q43286","name":"Mogao Caves","countryCode":"CHN","country":"China","wikipediaUrl":"https://en.wikipedia.org/wiki/Mogao_Caves","unescoUrl":"https://whc.unesco.org/en/list/440"},"geometry":{"type":"Point","coordinates":[94.804166666,40.037222222]}},{"type":"Feature","id":"CHN-Q4132","properties":{"id":"Q4132","name":"Summer Palace","countryCode":"CHN","country":"China","wikipediaUrl":"https://en.wikipedia.org/wiki/Summer_Palace","unescoUrl":"https://whc.unesco.org/en/list/880"},"geometry":{"type":"Point","coordinates":[116.2689,39.9975]}},{"type":"Feature","id":"CHN-Q4111","properties":{"id":"Q4111","name":"Jiuzhaigou Valley","countryCode":"CHN","country":"China","wikipediaUrl":"https://en.wikipedia.org/wiki/Jiuzhaigou","unescoUrl":"https://whc.unesco.org/en/list/637"},"geometry":{"type":"Point","coordinates":[103.9,33.2]}},{"type":"Feature","id":"CHN-Q4187","properties":{"id":"Q4187","name":"Wulingyuan","countryCode":"CHN","country":"China","wikipediaUrl":"https://en.wikipedia.org/wiki/Wulingyuan","unescoUrl":"https://whc.unesco.org/en/list/640"},"geometry":{"type":"Point","coordinates":[110.466666666,29.345555555]}},{"type":"Feature","id":"CHN-Q207692","properties":{"id":"Q207692","name":"Wuyi Mountains","countryCode":"CHN","country":"China","wikipediaUrl":"https://en.wikipedia.org/wiki/Wuyi_Mountains","unescoUrl":"https://whc.unesco.org/en/list/911"},"geometry":{"type":"Point","coordinates":[117.683333,27.716667]}},{"type":"Feature","id":"CHN-Q273834","properties":{"id":"Q273834","name":"Longmen Grottoes","countryCode":"CHN","country":"China","wikipediaUrl":"https://en.wikipedia.org/wiki/Longmen_Grottoes","unescoUrl":"https://whc.unesco.org/en/list/1003"},"geometry":{"type":"Point","coordinates":[112.469722222,34.555555555]}},{"type":"Feature","id":"CHN-Q308805","properties":{"id":"Q308805","name":"Yungang Grottoes","countryCode":"CHN","country":"China","wikipediaUrl":"https://en.wikipedia.org/wiki/Yungang_Grottoes","unescoUrl":"https://whc.unesco.org/en/list/1039"},"geometry":{"type":"Point","coordinates":[113.122222222,40.109722222]}},{"type":"Feature","id":"CHN-Q120314","properties":{"id":"Q120314","name":"Mount Wutai","countryCode":"CHN","country":"China","wikipediaUrl":"https://en.wikipedia.org/wiki/Mount_Wutai","unescoUrl":"https://whc.unesco.org/en/list/1279"},"geometry":{"type":"Point","coordinates":[113.566944444,39.081388888]}},{"type":"Feature","id":"BGR-Q156011","properties":{"id":"Q156011","name":"Ancient and Primeval Beech Forests of the Carpathians and Other Regions of Europe","countryCode":"BGR","country":"Bulgaria","wikipediaUrl":"https://en.wikipedia.org/wiki/Ancient_and_Primeval_Beech_Forests_of_the_Carpathians_and_Other_Regions_of_Europe","unescoUrl":"https://whc.unesco.org/en/list/1133"},"geometry":{"type":"Point","coordinates":[15,49]}},{"type":"Feature","id":"BGR-Q651314","properties":{"id":"Q651314","name":"Pirin National Park","countryCode":"BGR","country":"Bulgaria","wikipediaUrl":"https://en.wikipedia.org/wiki/Pirin_National_Park","unescoUrl":"https://whc.unesco.org/en/list/225"},"geometry":{"type":"Point","coordinates":[23.487777777,41.672222222]}},{"type":"Feature","id":"BGR-Q276553","properties":{"id":"Q276553","name":"Boyana Church","countryCode":"BGR","country":"Bulgaria","wikipediaUrl":"https://en.wikipedia.org/wiki/Boyana_Church","unescoUrl":"https://whc.unesco.org/en/list/42"},"geometry":{"type":"Point","coordinates":[23.266172222,42.644672222]}},{"type":"Feature","id":"BGR-Q319296","properties":{"id":"Q319296","name":"Madara Rider","countryCode":"BGR","country":"Bulgaria","wikipediaUrl":"https://en.wikipedia.org/wiki/Madara_Rider","unescoUrl":"https://whc.unesco.org/en/list/43"},"geometry":{"type":"Point","coordinates":[27.1188945,43.2773746]}},{"type":"Feature","id":"BGR-Q122082","properties":{"id":"Q122082","name":"Srebarna Nature Reserve","countryCode":"BGR","country":"Bulgaria","wikipediaUrl":"https://en.wikipedia.org/wiki/Srebarna_Nature_Reserve","unescoUrl":"https://whc.unesco.org/en/list/219"},"geometry":{"type":"Point","coordinates":[27.072206,44.111116]}},{"type":"Feature","id":"BGR-Q503387","properties":{"id":"Q503387","name":"Rock-hewn Churches of Ivanovo","countryCode":"BGR","country":"Bulgaria","wikipediaUrl":"https://en.wikipedia.org/wiki/Rock-hewn_Churches_of_Ivanovo","unescoUrl":"https://whc.unesco.org/en/list/45"},"geometry":{"type":"Point","coordinates":[25.988055555,43.695555555]}},{"type":"Feature","id":"BGR-Q301815","properties":{"id":"Q301815","name":"Thracian Tomb of Kazanlak","countryCode":"BGR","country":"Bulgaria","wikipediaUrl":"https://en.wikipedia.org/wiki/Thracian_Tomb_of_Kazanlak","unescoUrl":"https://whc.unesco.org/en/list/44"},"geometry":{"type":"Point","coordinates":[25.399166666,42.625555555]}},{"type":"Feature","id":"BGR-Q650531","properties":{"id":"Q650531","name":"Thracian Tomb of Sveshtari","countryCode":"BGR","country":"Bulgaria","wikipediaUrl":"https://en.wikipedia.org/wiki/Thracian_Tomb_of_Sveshtari","unescoUrl":"https://whc.unesco.org/en/list/359"},"geometry":{"type":"Point","coordinates":[26.7663,43.744964]}},{"type":"Feature","id":"BGR-Q64617320","properties":{"id":"Q64617320","name":"Ancient City of Nessebar","countryCode":"BGR","country":"Bulgaria","wikipediaUrl":null,"unescoUrl":"https://whc.unesco.org/en/list/217"},"geometry":{"type":"Point","coordinates":[27.73,42.65611]}},{"type":"Feature","id":"BGR-Q64617589","properties":{"id":"Q64617589","name":"Rila Monastery","countryCode":"BGR","country":"Bulgaria","wikipediaUrl":null,"unescoUrl":"https://whc.unesco.org/en/list/216"},"geometry":{"type":"Point","coordinates":[23.4,42.116666666]}},{"type":"Feature","id":"KNA-Q200521","properties":{"id":"Q200521","name":"Brimstone Hill Fortress National Park","countryCode":"KNA","country":"Saint Kitts and Nevis","wikipediaUrl":"https://en.wikipedia.org/wiki/Brimstone_Hill_Fortress_National_Park","unescoUrl":"https://whc.unesco.org/en/list/910"},"geometry":{"type":"Point","coordinates":[-62.836,17.347]}},{"type":"Feature","id":"IND-Q9141","properties":{"id":"Q9141","name":"Taj Mahal","countryCode":"IND","country":"India","wikipediaUrl":"https://en.wikipedia.org/wiki/Taj_Mahal","unescoUrl":"https://whc.unesco.org/en/list/252"},"geometry":{"type":"Point","coordinates":[78.041944444,27.175]}},{"type":"Feature","id":"IND-Q66485","properties":{"id":"Q66485","name":"Jaipur","countryCode":"IND","country":"India","wikipediaUrl":"https://en.wikipedia.org/wiki/Jaipur","unescoUrl":"https://whc.unesco.org/en/list/1605"},"geometry":{"type":"Point","coordinates":[75.82,26.915]}},{"type":"Feature","id":"IND-Q184427","properties":{"id":"Q184427","name":"Ajanta Caves","countryCode":"IND","country":"India","wikipediaUrl":"https://en.wikipedia.org/wiki/Ajanta_Caves","unescoUrl":"https://whc.unesco.org/en/list/242"},"geometry":{"type":"Point","coordinates":[75.70047222,20.55341667]}},{"type":"Feature","id":"IND-Q179046","properties":{"id":"Q179046","name":"Fatehpur Sikri","countryCode":"IND","country":"India","wikipediaUrl":"https://en.wikipedia.org/wiki/Fatehpur_Sikri","unescoUrl":"https://whc.unesco.org/en/list/255"},"geometry":{"type":"Point","coordinates":[77.661111111,27.091111111]}},{"type":"Feature","id":"IND-Q4527","properties":{"id":"Q4527","name":"Western Ghats","countryCode":"IND","country":"India","wikipediaUrl":"https://en.wikipedia.org/wiki/Western_Ghats","unescoUrl":"https://whc.unesco.org/en/list/1342"},"geometry":{"type":"Point","coordinates":[77.061111111,10.169722222]}},{"type":"Feature","id":"IND-Q171857","properties":{"id":"Q171857","name":"Agra Fort","countryCode":"IND","country":"India","wikipediaUrl":"https://en.wikipedia.org/wiki/Agra_Fort","unescoUrl":"https://whc.unesco.org/en/list/251"},"geometry":{"type":"Point","coordinates":[78.021297222,27.179583333]}},{"type":"Feature","id":"IND-Q45957","properties":{"id":"Q45957","name":"Red Fort","countryCode":"IND","country":"India","wikipediaUrl":"https://en.wikipedia.org/wiki/Red_Fort","unescoUrl":"https://whc.unesco.org/en/list/231"},"geometry":{"type":"Point","coordinates":[77.240277777,28.655833333]}},{"type":"Feature","id":"IND-Q189616","properties":{"id":"Q189616","name":"Ellora Caves","countryCode":"IND","country":"India","wikipediaUrl":"https://en.wikipedia.org/wiki/Ellora_Caves","unescoUrl":"https://whc.unesco.org/en/list/243"},"geometry":{"type":"Point","coordinates":[75.179166666,20.026388888]}},{"type":"Feature","id":"IND-Q192764","properties":{"id":"Q192764","name":"Kaziranga National Park","countryCode":"IND","country":"India","wikipediaUrl":"https://en.wikipedia.org/wiki/Kaziranga_National_Park","unescoUrl":"https://whc.unesco.org/en/list/337"},"geometry":{"type":"Point","coordinates":[93.35,26.666666666]}},{"type":"Feature","id":"IND-Q216243","properties":{"id":"Q216243","name":"Nalanda Mahavihara","countryCode":"IND","country":"India","wikipediaUrl":"https://en.wikipedia.org/wiki/Nalanda_mahavihara","unescoUrl":"https://whc.unesco.org/en/list/1502"},"geometry":{"type":"Point","coordinates":[85.443827777,25.136797222]}},{"type":"Feature","id":"IND-Q26732","properties":{"id":"Q26732","name":"Hampi","countryCode":"IND","country":"India","wikipediaUrl":"https://en.wikipedia.org/wiki/Hampi","unescoUrl":"https://whc.unesco.org/en/list/241"},"geometry":{"type":"Point","coordinates":[76.462162,15.334547]}},{"type":"Feature","id":"IND-Q189648","properties":{"id":"Q189648","name":"Humayun's Tomb","countryCode":"IND","country":"India","wikipediaUrl":"https://en.wikipedia.org/wiki/Humayun%27s_tomb","unescoUrl":"https://whc.unesco.org/en/list/232"},"geometry":{"type":"Point","coordinates":[77.250602,28.593264]}},{"type":"Feature","id":"SAU-Q27356","properties":{"id":"Q27356","name":"Hegra","countryCode":"SAU","country":"Saudi Arabia","wikipediaUrl":"https://en.wikipedia.org/wiki/Hegra","unescoUrl":"https://whc.unesco.org/en/list/1293"},"geometry":{"type":"Point","coordinates":[37.9475,26.814166666]}},{"type":"Feature","id":"SAU-Q311341","properties":{"id":"Q311341","name":"Al-Ahsa Oasis","countryCode":"SAU","country":"Saudi Arabia","wikipediaUrl":"https://en.wikipedia.org/wiki/Al-Ahsa_Oasis","unescoUrl":"https://whc.unesco.org/en/list/1563"},"geometry":{"type":"Point","coordinates":[49.621944,25.429444]}},{"type":"Feature","id":"SAU-Q20643274","properties":{"id":"Q20643274","name":"Rock Art in the Hail Region of Saudi Arabia","countryCode":"SAU","country":"Saudi Arabia","wikipediaUrl":"https://en.wikipedia.org/wiki/Rock_Art_of_Hail_Province","unescoUrl":"https://whc.unesco.org/en/list/1472"},"geometry":{"type":"Point","coordinates":[40.9,28]}},{"type":"Feature","id":"SAU-Q4915544","properties":{"id":"Q4915544","name":"Bir Hima Rock Petroglyphs and Inscriptions","countryCode":"SAU","country":"Saudi Arabia","wikipediaUrl":"https://en.wikipedia.org/wiki/Bir_Hima_Rock_Petroglyphs_and_Inscriptions","unescoUrl":"https://whc.unesco.org/en/list/1619"},"geometry":{"type":"Point","coordinates":[44.545,18.317]}},{"type":"Feature","id":"SAU-Q2829327","properties":{"id":"Q2829327","name":"Qaryat al-Faw","countryCode":"SAU","country":"Saudi Arabia","wikipediaUrl":"https://en.wikipedia.org/wiki/Qaryat_al-Faw","unescoUrl":"https://whc.unesco.org/en/list/1712"},"geometry":{"type":"Point","coordinates":[45.15,19.7833]}},{"type":"Feature","id":"SAU-Q21994709","properties":{"id":"Q21994709","name":"'Uruq Bani Ma'arid","countryCode":"SAU","country":"Saudi Arabia","wikipediaUrl":"https://en.wikipedia.org/wiki/%27Uruq_Bani_Ma%27arid","unescoUrl":"https://whc.unesco.org/en/list/1699"},"geometry":{"type":"Point","coordinates":[45.903888888,19.336944444]}},{"type":"Feature","id":"SAU-Q4702264","properties":{"id":"Q4702264","name":"Al-Balad, Jeddah","countryCode":"SAU","country":"Saudi Arabia","wikipediaUrl":"https://en.wikipedia.org/wiki/Al-Balad,_Jeddah","unescoUrl":"https://whc.unesco.org/en/list/1361"},"geometry":{"type":"Point","coordinates":[39.2,21.4833]}},{"type":"Feature","id":"SAU-Q22687629","properties":{"id":"Q22687629","name":"At-Turaif District","countryCode":"SAU","country":"Saudi Arabia","wikipediaUrl":"https://en.wikipedia.org/wiki/At-Turaif_District","unescoUrl":"https://whc.unesco.org/en/list/1329"},"geometry":{"type":"Point","coordinates":[46.575556,24.733333]}},{"type":"Feature","id":"EGY-Q101583","properties":{"id":"Q101583","name":"Thebes","countryCode":"EGY","country":"Egypt","wikipediaUrl":"https://en.wikipedia.org/wiki/Thebes,_Egypt","unescoUrl":"https://whc.unesco.org/en/list/87"},"geometry":{"type":"Point","coordinates":[32.610277777,25.720555555]}},{"type":"Feature","id":"EGY-Q9278","properties":{"id":"Q9278","name":"Abu Mena","countryCode":"EGY","country":"Egypt","wikipediaUrl":"https://en.wikipedia.org/wiki/Abu_Mena","unescoUrl":"https://whc.unesco.org/en/list/90"},"geometry":{"type":"Point","coordinates":[29.66349,30.84105]}},{"type":"Feature","id":"EGY-Q501833","properties":{"id":"Q501833","name":"Wadi Al-Hitan","countryCode":"EGY","country":"Egypt","wikipediaUrl":"https://en.wikipedia.org/wiki/Wadi_al_Hitan","unescoUrl":"https://whc.unesco.org/en/list/1186"},"geometry":{"type":"Point","coordinates":[30.043888888,29.270833333]}},{"type":"Feature","id":"EGY-Q1100964","properties":{"id":"Q1100964","name":"Islamic Cairo","countryCode":"EGY","country":"Egypt","wikipediaUrl":"https://en.wikipedia.org/wiki/Islamic_Cairo","unescoUrl":"https://whc.unesco.org/en/list/89"},"geometry":{"type":"Point","coordinates":[31.2627,30.046]}},{"type":"Feature","id":"EGY-Q4923872","properties":{"id":"Q4923872","name":"Nubian Monuments from Abu Simbel to Philae","countryCode":"EGY","country":"Egypt","wikipediaUrl":null,"unescoUrl":"https://whc.unesco.org/en/list/88"},"geometry":{"type":"Point","coordinates":[31.62611111,22.33638889]}},{"type":"Feature","id":"EGY-Q1175856","properties":{"id":"Q1175856","name":"Memphis and its Necropolis – the Pyramid Fields from Giza to Dahshur","countryCode":"EGY","country":"Egypt","wikipediaUrl":"https://en.wikipedia.org/wiki/Memphis_and_its_Necropolis_%E2%80%93_the_Pyramid_Fields_from_Giza_to_Dahshur","unescoUrl":"https://whc.unesco.org/en/list/86"},"geometry":{"type":"Point","coordinates":[31.1304,29.976]}},{"type":"Feature","id":"EGY-Q2468771","properties":{"id":"Q2468771","name":"Saint Catherine Area","countryCode":"EGY","country":"Egypt","wikipediaUrl":null,"unescoUrl":"https://whc.unesco.org/en/list/954"},"geometry":{"type":"Point","coordinates":[33.97543,28.55623]}},{"type":"Feature","id":"GBR-Q39671","properties":{"id":"Q39671","name":"Stonehenge","countryCode":"GBR","country":"United Kingdom","wikipediaUrl":"https://en.wikipedia.org/wiki/Stonehenge","unescoUrl":"https://whc.unesco.org/en/list/373"},"geometry":{"type":"Point","coordinates":[-1.826111111,51.178888888]}},{"type":"Feature","id":"GBR-Q22889","properties":{"id":"Q22889","name":"Bath","countryCode":"GBR","country":"United Kingdom","wikipediaUrl":"https://en.wikipedia.org/wiki/Bath,_Somerset","unescoUrl":"https://whc.unesco.org/en/list/428"},"geometry":{"type":"Point","coordinates":[-2.359722222,51.381388888]}},{"type":"Feature","id":"GBR-Q62378","properties":{"id":"Q62378","name":"Tower of London","countryCode":"GBR","country":"United Kingdom","wikipediaUrl":"https://en.wikipedia.org/wiki/Tower_of_London","unescoUrl":"https://whc.unesco.org/en/list/488"},"geometry":{"type":"Point","coordinates":[-0.076198055,51.5082]}},{"type":"Feature","id":"GBR-Q57357","properties":{"id":"Q57357","name":"Hadrian's Wall","countryCode":"GBR","country":"United Kingdom","wikipediaUrl":"https://en.wikipedia.org/wiki/Hadrian%27s_Wall","unescoUrl":"https://whc.unesco.org/en/list/430"},"geometry":{"type":"Point","coordinates":[-2.2925,55.024166666]}},{"type":"Feature","id":"GBR-Q106187","properties":{"id":"Q106187","name":"Giant's Causeway","countryCode":"GBR","country":"United Kingdom","wikipediaUrl":"https://en.wikipedia.org/wiki/Giant%27s_Causeway","unescoUrl":"https://whc.unesco.org/en/list/369"},"geometry":{"type":"Point","coordinates":[-6.511666666,55.240833333]}},{"type":"Feature","id":"GBR-Q211778","properties":{"id":"Q211778","name":"Lake District","countryCode":"GBR","country":"United Kingdom","wikipediaUrl":"https://en.wikipedia.org/wiki/Lake_District","unescoUrl":"https://whc.unesco.org/en/list/422"},"geometry":{"type":"Point","coordinates":[-3.166666666,54.5]}},{"type":"Feature","id":"GBR-Q275","properties":{"id":"Q275","name":"Forth Bridge","countryCode":"GBR","country":"United Kingdom","wikipediaUrl":"https://en.wikipedia.org/wiki/Forth_Bridge","unescoUrl":"https://whc.unesco.org/en/list/1485"},"geometry":{"type":"Point","coordinates":[-3.3876,55.9984]}},{"type":"Feature","id":"GBR-Q166479","properties":{"id":"Q166479","name":"St Kilda","countryCode":"GBR","country":"United Kingdom","wikipediaUrl":"https://en.wikipedia.org/wiki/St_Kilda,_Scotland","unescoUrl":"https://whc.unesco.org/en/list/387"},"geometry":{"type":"Point","coordinates":[-8.5875,57.815]}},{"type":"Feature","id":"GBR-Q210957","properties":{"id":"Q210957","name":"Antonine Wall","countryCode":"GBR","country":"United Kingdom","wikipediaUrl":"https://en.wikipedia.org/wiki/Antonine_Wall","unescoUrl":"https://whc.unesco.org/en/list/430"},"geometry":{"type":"Point","coordinates":[-4.067,55.967]}},{"type":"Feature","id":"GBR-Q208181","properties":{"id":"Q208181","name":"Blenheim Palace","countryCode":"GBR","country":"United Kingdom","wikipediaUrl":"https://en.wikipedia.org/wiki/Blenheim_Palace","unescoUrl":"https://whc.unesco.org/en/list/425"},"geometry":{"type":"Point","coordinates":[-1.360948307,51.841362665]}},{"type":"Feature","id":"GBR-Q379759","properties":{"id":"Q379759","name":"Henderson Island","countryCode":"GBR","country":"United Kingdom","wikipediaUrl":"https://en.wikipedia.org/wiki/Henderson_Island_(Pitcairn_Islands)","unescoUrl":"https://whc.unesco.org/en/list/487"},"geometry":{"type":"Point","coordinates":[-128.325,-24.375]}},{"type":"Feature","id":"GBR-Q188617","properties":{"id":"Q188617","name":"Kew Gardens","countryCode":"GBR","country":"United Kingdom","wikipediaUrl":"https://en.wikipedia.org/wiki/Kew_Gardens","unescoUrl":"https://whc.unesco.org/en/list/1084"},"geometry":{"type":"Point","coordinates":[-0.293611111,51.478888888]}},{"type":"Feature","id":"ISL-Q178124","properties":{"id":"Q178124","name":"Surtsey","countryCode":"ISL","country":"Iceland","wikipediaUrl":"https://en.wikipedia.org/wiki/Surtsey","unescoUrl":"https://whc.unesco.org/en/list/1267"},"geometry":{"type":"Point","coordinates":[-20.604713791,63.30402566]}},{"type":"Feature","id":"ISL-Q107370","properties":{"id":"Q107370","name":"Thingvellir National Park","countryCode":"ISL","country":"Iceland","wikipediaUrl":"https://en.wikipedia.org/wiki/%C3%9Eingvellir","unescoUrl":"https://whc.unesco.org/en/list/1152"},"geometry":{"type":"Point","coordinates":[-21.125,64.258055555]}},{"type":"Feature","id":"ISL-Q1353292","properties":{"id":"Q1353292","name":"Vatnajökull National Park","countryCode":"ISL","country":"Iceland","wikipediaUrl":"https://en.wikipedia.org/wiki/Vatnaj%C3%B6kull_National_Park","unescoUrl":"https://whc.unesco.org/en/list/1604"},"geometry":{"type":"Point","coordinates":[-17,64.5]}},{"type":"Feature","id":"AZE-Q318181","properties":{"id":"Q318181","name":"Gobustan State Historical and Cultural Reserve","countryCode":"AZE","country":"Azerbaijan","wikipediaUrl":"https://en.wikipedia.org/wiki/Gobustan_State_Historical_and_Cultural_Reserve","unescoUrl":"https://whc.unesco.org/en/list/1076"},"geometry":{"type":"Point","coordinates":[49.38888889,40.10555556]}},{"type":"Feature","id":"AZE-Q4313909","properties":{"id":"Q4313909","name":"Gobustan Rock Art","countryCode":"AZE","country":"Azerbaijan","wikipediaUrl":"https://en.wikipedia.org/wiki/Gobustan_Rock_Art_Cultural_Landscape","unescoUrl":"https://whc.unesco.org/en/list/1076"},"geometry":{"type":"Point","coordinates":[49.375,40.125]}},{"type":"Feature","id":"AZE-Q122852382","properties":{"id":"Q122852382","name":"Cultural Landscape of Khinalig People and “Köç Yolu” Transhumance Route","countryCode":"AZE","country":"Azerbaijan","wikipediaUrl":null,"unescoUrl":"https://whc.unesco.org/en/list/1696"},"geometry":{"type":"Point","coordinates":[48.8854,40.7059]}},{"type":"Feature","id":"AZE-Q29901643","properties":{"id":"Q29901643","name":"Walled City of Baku with the Shirvanshahs' Palace and Maiden Tower","countryCode":"AZE","country":"Azerbaijan","wikipediaUrl":null,"unescoUrl":"https://whc.unesco.org/en/list/958"},"geometry":{"type":"Point","coordinates":[49.833333333,40.366666666]}},{"type":"Feature","id":"AZE-Q106762537","properties":{"id":"Q106762537","name":"Historic Centre of Sheki with the Khan’s Palace","countryCode":"AZE","country":"Azerbaijan","wikipediaUrl":null,"unescoUrl":"https://whc.unesco.org/en/list/1549"},"geometry":{"type":"Point","coordinates":[47.170555555,41.191944444]}},{"type":"Feature","id":"AZE-Q66057913","properties":{"id":"Q66057913","name":"Hyrcanian Forests","countryCode":"AZE","country":"Azerbaijan","wikipediaUrl":null,"unescoUrl":"https://whc.unesco.org/en/list/1584"},"geometry":{"type":"Point","coordinates":[55.7243,37.4215]}},{"type":"Feature","id":"BHR-Q740104","properties":{"id":"Q740104","name":"Qal’at al Bahrain","countryCode":"BHR","country":"Bahrain","wikipediaUrl":"https://en.wikipedia.org/wiki/Qal%27at_al-Bahrain","unescoUrl":"https://whc.unesco.org/en/list/1192"},"geometry":{"type":"Point","coordinates":[50.520555555,26.233611111]}},{"type":"Feature","id":"BHR-Q5276996","properties":{"id":"Q5276996","name":"Dilmun Burial Mounds","countryCode":"BHR","country":"Bahrain","wikipediaUrl":"https://en.wikipedia.org/wiki/Dilmun_Burial_Mounds","unescoUrl":"https://whc.unesco.org/en/list/1542"},"geometry":{"type":"Point","coordinates":[50.51277778,26.14972222]}},{"type":"Feature","id":"BHR-Q1889313","properties":{"id":"Q1889313","name":"Bahrain Pearling Trail","countryCode":"BHR","country":"Bahrain","wikipediaUrl":"https://en.wikipedia.org/wiki/Bahrain_Pearling_Trail","unescoUrl":"https://whc.unesco.org/en/list/1364"},"geometry":{"type":"Point","coordinates":[50.61,26.25]}},{"type":"Feature","id":"MOZ-Q331099","properties":{"id":"Q331099","name":"Island of Mozambique","countryCode":"MOZ","country":"Mozambique","wikipediaUrl":"https://en.wikipedia.org/wiki/Island_of_Mozambique","unescoUrl":"https://whc.unesco.org/en/list/599"},"geometry":{"type":"Point","coordinates":[40.732777777,-15.036666666]}},{"type":"Feature","id":"MOZ-Q130019294","properties":{"id":"Q130019294","name":"Maputo National Park","countryCode":"MOZ","country":"Mozambique","wikipediaUrl":"https://en.wikipedia.org/wiki/Maputo_National_Park","unescoUrl":"https://whc.unesco.org/en/list/914"},"geometry":{"type":"Point","coordinates":[32.8,-26.5]}},{"type":"Feature","id":"PAN-Q741636","properties":{"id":"Q741636","name":"Coiba","countryCode":"PAN","country":"Panama","wikipediaUrl":"https://en.wikipedia.org/wiki/Coiba","unescoUrl":"https://whc.unesco.org/en/list/1138"},"geometry":{"type":"Point","coordinates":[-81.79,7.48]}},{"type":"Feature","id":"PAN-Q48608","properties":{"id":"Q48608","name":"Darién National Park","countryCode":"PAN","country":"Panama","wikipediaUrl":"https://en.wikipedia.org/wiki/Dari%C3%A9n_National_Park","unescoUrl":"https://whc.unesco.org/en/list/159"},"geometry":{"type":"Point","coordinates":[-77.54722222,7.73611111]}},{"type":"Feature","id":"PAN-Q3320082","properties":{"id":"Q3320082","name":"fortifications on the Caribbean Side of Panama: Portobelo-San Lorenzo","countryCode":"PAN","country":"Panama","wikipediaUrl":"https://en.wikipedia.org/wiki/Fortifications_on_the_Caribbean_Side_of_Panama:_Portobelo-San_Lorenzo","unescoUrl":"https://whc.unesco.org/en/list/135"},"geometry":{"type":"Point","coordinates":[-79.655833333,9.553888888]}},{"type":"Feature","id":"PAN-Q65508609","properties":{"id":"Q65508609","name":"The Colonial Transisthmian Route of Panamá","countryCode":"PAN","country":"Panama","wikipediaUrl":"https://en.wikipedia.org/wiki/The_Colonial_Transisthmian_Route_of_Panam%C3%A1","unescoUrl":"https://whc.unesco.org/en/list/1582"},"geometry":{"type":"Point","coordinates":[-79.534741666,8.952430555]}},{"type":"Feature","id":"PAN-Q6106226","properties":{"id":"Q6106226","name":"Talamanca Range-La Amistad Reserves","countryCode":"PAN","country":"Panama","wikipediaUrl":null,"unescoUrl":"https://whc.unesco.org/en/list/205"},"geometry":{"type":"Point","coordinates":[-82.93861111,9.40694444]}},{"type":"Feature","id":"PAN-Q16886870","properties":{"id":"Q16886870","name":"Archaeological Site of Panamá Viejo and Historic District of Panamá","countryCode":"PAN","country":"Panama","wikipediaUrl":null,"unescoUrl":"https://whc.unesco.org/en/list/790"},"geometry":{"type":"Point","coordinates":[-79.540555555,8.951111111]}},{"type":"Feature","id":"HUN-Q61757","properties":{"id":"Q61757","name":"Hortobágy National Park","countryCode":"HUN","country":"Hungary","wikipediaUrl":"https://en.wikipedia.org/wiki/Hortob%C3%A1gy_National_Park","unescoUrl":"https://whc.unesco.org/en/list/474"},"geometry":{"type":"Point","coordinates":[21.15678,47.59458]}},{"type":"Feature","id":"HUN-Q622865","properties":{"id":"Q622865","name":"Hollókő","countryCode":"HUN","country":"Hungary","wikipediaUrl":"https://en.wikipedia.org/wiki/Holl%C3%B3k%C5%91","unescoUrl":"https://whc.unesco.org/en/list/401"},"geometry":{"type":"Point","coordinates":[19.591666666,47.996111111]}},{"type":"Feature","id":"HUN-Q46313","properties":{"id":"Q46313","name":"Buda Castle","countryCode":"HUN","country":"Hungary","wikipediaUrl":"https://en.wikipedia.org/wiki/Buda_Castle","unescoUrl":"https://whc.unesco.org/en/list/400"},"geometry":{"type":"Point","coordinates":[19.039722222,47.496111111]}},{"type":"Feature","id":"HUN-Q367395","properties":{"id":"Q367395","name":"Q367395","countryCode":"HUN","country":"Hungary","wikipediaUrl":"https://en.wikipedia.org/wiki/Andr%C3%A1ssy_%C3%BAt","unescoUrl":"https://whc.unesco.org/en/list/400"},"geometry":{"type":"Point","coordinates":[19.0713,47.51056]}},{"type":"Feature","id":"HUN-Q936285","properties":{"id":"Q936285","name":"Pannonhalma Archabbey","countryCode":"HUN","country":"Hungary","wikipediaUrl":"https://en.wikipedia.org/wiki/Pannonhalma_Archabbey","unescoUrl":"https://whc.unesco.org/en/list/758"},"geometry":{"type":"Point","coordinates":[17.761111111,47.552777777]}},{"type":"Feature","id":"HUN-Q608090","properties":{"id":"Q608090","name":"Caves of Aggtelek Karst and Slovak Karst","countryCode":"HUN","country":"Hungary","wikipediaUrl":"https://en.wikipedia.org/wiki/Caves_of_Aggtelek_Karst_and_Slovak_Karst","unescoUrl":"https://whc.unesco.org/en/list/725"},"geometry":{"type":"Point","coordinates":[20.495324815,48.471776789]}},{"type":"Feature","id":"HUN-Q927535","properties":{"id":"Q927535","name":"Early Christian Necropolis of Pécs","countryCode":"HUN","country":"Hungary","wikipediaUrl":"https://en.wikipedia.org/wiki/Early_Christian_Necropolis_of_P%C3%A9cs","unescoUrl":"https://whc.unesco.org/en/list/853"},"geometry":{"type":"Point","coordinates":[18.227777777,46.074444444]}},{"type":"Feature","id":"HUN-Q851122","properties":{"id":"Q851122","name":"Budapest, including the Banks of the Danube, the Buda Castle Quarter and Andrássy Avenue","countryCode":"HUN","country":"Hungary","wikipediaUrl":null,"unescoUrl":"https://whc.unesco.org/en/list/400"},"geometry":{"type":"Point","coordinates":[19.07067,47.48242]}},{"type":"Feature","id":"HUN-Q2925869","properties":{"id":"Q2925869","name":"Fertö / Neusiedlersee Cultural Landscape","countryCode":"HUN","country":"Hungary","wikipediaUrl":null,"unescoUrl":"https://whc.unesco.org/en/list/772"},"geometry":{"type":"Point","coordinates":[16.73472222,47.80055556]}},{"type":"Feature","id":"HUN-Q64559620","properties":{"id":"Q64559620","name":"Tokaj Wine Region Historic Cultural Landscape","countryCode":"HUN","country":"Hungary","wikipediaUrl":null,"unescoUrl":"https://whc.unesco.org/en/list/1063"},"geometry":{"type":"Point","coordinates":[21.35,48.15]}},{"type":"Feature","id":"ETH-Q5832","properties":{"id":"Q5832","name":"Axum","countryCode":"ETH","country":"Ethiopia","wikipediaUrl":"https://en.wikipedia.org/wiki/Axum","unescoUrl":"https://whc.unesco.org/en/list/15"},"geometry":{"type":"Point","coordinates":[38.733333333,14.116666666]}},{"type":"Feature","id":"ETH-Q273456","properties":{"id":"Q273456","name":"Omo River","countryCode":"ETH","country":"Ethiopia","wikipediaUrl":"https://en.wikipedia.org/wiki/Omo_River","unescoUrl":"https://whc.unesco.org/en/list/17"},"geometry":{"type":"Point","coordinates":[37.4899,8.2563]}},{"type":"Feature","id":"ETH-Q504315","properties":{"id":"Q504315","name":"Simien Mountains National Park","countryCode":"ETH","country":"Ethiopia","wikipediaUrl":"https://en.wikipedia.org/wiki/Simien_Mountains_National_Park","unescoUrl":"https://whc.unesco.org/en/list/9"},"geometry":{"type":"Point","coordinates":[38.066666666,13.183333333]}},{"type":"Feature","id":"ETH-Q464695","properties":{"id":"Q464695","name":"Fasil Ghebbi","countryCode":"ETH","country":"Ethiopia","wikipediaUrl":"https://en.wikipedia.org/wiki/Fasil_Ghebbi","unescoUrl":"https://whc.unesco.org/en/list/19"},"geometry":{"type":"Point","coordinates":[37.469722222,12.608055555]}},{"type":"Feature","id":"ETH-Q804881","properties":{"id":"Q804881","name":"Bale Mountains National Park","countryCode":"ETH","country":"Ethiopia","wikipediaUrl":"https://en.wikipedia.org/wiki/Bale_Mountains_National_Park","unescoUrl":"https://whc.unesco.org/en/list/111"},"geometry":{"type":"Point","coordinates":[39.75,6.75]}},{"type":"Feature","id":"ETH-Q642979","properties":{"id":"Q642979","name":"Monolithic churches in Lalibela","countryCode":"ETH","country":"Ethiopia","wikipediaUrl":"https://en.wikipedia.org/wiki/Rock-Hewn_Churches,_Lalibela","unescoUrl":"https://whc.unesco.org/en/list/18"},"geometry":{"type":"Point","coordinates":[39.04042,12.02935]}},{"type":"Feature","id":"ETH-Q3063392","properties":{"id":"Q3063392","name":"Melka Kunture","countryCode":"ETH","country":"Ethiopia","wikipediaUrl":"https://en.wikipedia.org/wiki/Melka_Kunture","unescoUrl":"https://whc.unesco.org/en/list/13"},"geometry":{"type":"Point","coordinates":[38.608333333,8.7025]}},{"type":"Feature","id":"ETH-Q6130080","properties":{"id":"Q6130080","name":"Tiya archaeological site","countryCode":"ETH","country":"Ethiopia","wikipediaUrl":"https://en.wikipedia.org/wiki/Tiya_(archaeological_site)","unescoUrl":"https://whc.unesco.org/en/list/12"},"geometry":{"type":"Point","coordinates":[38.61211111,8.43491667]}},{"type":"Feature","id":"ETH-Q65886125","properties":{"id":"Q65886125","name":"The Gedeo Cultural Landscape","countryCode":"ETH","country":"Ethiopia","wikipediaUrl":"https://en.wikipedia.org/wiki/Gedeo_Cultural_Landscape","unescoUrl":"https://whc.unesco.org/en/list/1641"},"geometry":{"type":"Point","coordinates":[38.6667,5.1167]}},{"type":"Feature","id":"ETH-Q6153869","properties":{"id":"Q6153869","name":"Lower Valley of the Awash","countryCode":"ETH","country":"Ethiopia","wikipediaUrl":null,"unescoUrl":"https://whc.unesco.org/en/list/10"},"geometry":{"type":"Point","coordinates":[40.5794,11.1]}},{"type":"Feature","id":"ETH-Q63614908","properties":{"id":"Q63614908","name":"Konso Cultural Landscape","countryCode":"ETH","country":"Ethiopia","wikipediaUrl":null,"unescoUrl":"https://whc.unesco.org/en/list/1333"},"geometry":{"type":"Point","coordinates":[37.48306,5.25]}},{"type":"Feature","id":"ETH-Q20053321","properties":{"id":"Q20053321","name":"Harar Jugol, the Fortified Historic Town","countryCode":"ETH","country":"Ethiopia","wikipediaUrl":null,"unescoUrl":"https://whc.unesco.org/en/list/1189"},"geometry":{"type":"Point","coordinates":[42.1372,9.3091]}},{"type":"Feature","id":"HND-Q214827","properties":{"id":"Q214827","name":"Copán","countryCode":"HND","country":"Honduras","wikipediaUrl":"https://en.wikipedia.org/wiki/Cop%C3%A1n","unescoUrl":"https://whc.unesco.org/en/list/129"},"geometry":{"type":"Point","coordinates":[-89.142441666,14.837963888]}},{"type":"Feature","id":"HND-Q752181","properties":{"id":"Q752181","name":"Río Plátano Biosphere Reserve","countryCode":"HND","country":"Honduras","wikipediaUrl":"https://en.wikipedia.org/wiki/R%C3%ADo_Pl%C3%A1tano_Biosphere_Reserve","unescoUrl":"https://whc.unesco.org/en/list/196"},"geometry":{"type":"Point","coordinates":[-84.73,15.25]}},{"type":"Feature","id":"POL-Q7341","properties":{"id":"Q7341","name":"Auschwitz","countryCode":"POL","country":"Poland","wikipediaUrl":"https://en.wikipedia.org/wiki/Auschwitz_concentration_camp","unescoUrl":"https://whc.unesco.org/en/list/31"},"geometry":{"type":"Point","coordinates":[19.178333333,50.035833333]}},{"type":"Feature","id":"POL-Q192666","properties":{"id":"Q192666","name":"Białowieża Forest","countryCode":"POL","country":"Poland","wikipediaUrl":"https://en.wikipedia.org/wiki/Bia%C5%82owie%C5%BCa_Forest","unescoUrl":"https://whc.unesco.org/en/list/33"},"geometry":{"type":"Point","coordinates":[23.95,52.75]}},{"type":"Feature","id":"POL-Q71279","properties":{"id":"Q71279","name":"Malbork Castle","countryCode":"POL","country":"Poland","wikipediaUrl":"https://en.wikipedia.org/wiki/Malbork_Castle","unescoUrl":"https://whc.unesco.org/en/list/847"},"geometry":{"type":"Point","coordinates":[19.027777777,54.039722222]}},{"type":"Feature","id":"POL-Q156011","properties":{"id":"Q156011","name":"Ancient and Primeval Beech Forests of the Carpathians and Other Regions of Europe","countryCode":"POL","country":"Poland","wikipediaUrl":"https://en.wikipedia.org/wiki/Ancient_and_Primeval_Beech_Forests_of_the_Carpathians_and_Other_Regions_of_Europe","unescoUrl":"https://whc.unesco.org/en/list/1133"},"geometry":{"type":"Point","coordinates":[15,49]}},{"type":"Feature","id":"POL-Q155743","properties":{"id":"Q155743","name":"Centennial Hall","countryCode":"POL","country":"Poland","wikipediaUrl":"https://en.wikipedia.org/wiki/Centennial_Hall_(Wroc%C5%82aw)","unescoUrl":"https://whc.unesco.org/en/list/1165"},"geometry":{"type":"Point","coordinates":[17.077222222,51.106944444]}},{"type":"Feature","id":"POL-Q156308","properties":{"id":"Q156308","name":"Muskau Park","countryCode":"POL","country":"Poland","wikipediaUrl":"https://en.wikipedia.org/wiki/Muskau_Park","unescoUrl":"https://whc.unesco.org/en/list/1127"},"geometry":{"type":"Point","coordinates":[14.723229,51.547559]}},{"type":"Feature","id":"POL-Q8032604","properties":{"id":"Q8032604","name":"Wooden tserkvas of Carpathian region in Poland and Ukraine","countryCode":"POL","country":"Poland","wikipediaUrl":"https://en.wikipedia.org/wiki/Wooden_Tserkvas_of_the_Carpathian_Region_in_Poland_and_Ukraine","unescoUrl":"https://whc.unesco.org/en/list/1424"},"geometry":{"type":"Point","coordinates":[21.0322,49.5339]}},{"type":"Feature","id":"POL-Q1139084","properties":{"id":"Q1139084","name":"Warsaw Old Town","countryCode":"POL","country":"Poland","wikipediaUrl":"https://en.wikipedia.org/wiki/Old_Town,_Warsaw","unescoUrl":"https://whc.unesco.org/en/list/30"},"geometry":{"type":"Point","coordinates":[21.012222222,52.249722222]}},{"type":"Feature","id":"POL-Q589634","properties":{"id":"Q589634","name":"Churches of Peace","countryCode":"POL","country":"Poland","wikipediaUrl":"https://en.wikipedia.org/wiki/Churches_of_Peace","unescoUrl":"https://whc.unesco.org/en/list/1054"},"geometry":{"type":"Point","coordinates":[16.189041,51.053914]}},{"type":"Feature","id":"POL-Q854267","properties":{"id":"Q854267","name":"Wooden churches of Southern Lesser Poland","countryCode":"POL","country":"Poland","wikipediaUrl":"https://en.wikipedia.org/wiki/Wooden_churches_of_Southern_Lesser_Poland","unescoUrl":"https://whc.unesco.org/en/list/1053"},"geometry":{"type":"Point","coordinates":[21.186051,49.630591]}},{"type":"Feature","id":"POL-Q652634","properties":{"id":"Q652634","name":"Kraków Old Town","countryCode":"POL","country":"Poland","wikipediaUrl":"https://en.wikipedia.org/wiki/Krak%C3%B3w_Old_Town","unescoUrl":"https://whc.unesco.org/en/list/29"},"geometry":{"type":"Point","coordinates":[19.93688,50.06209]}},{"type":"Feature","id":"POL-Q9390606","properties":{"id":"Q9390606","name":"Medieval Town of Toruń","countryCode":"POL","country":"Poland","wikipediaUrl":"https://en.wikipedia.org/wiki/Medieval_Town_of_Toru%C5%84","unescoUrl":"https://whc.unesco.org/en/list/835"},"geometry":{"type":"Point","coordinates":[18.604722222,53.010277777]}},{"type":"Feature","id":"UZB-Q569766","properties":{"id":"Q569766","name":"Shahrisabz","countryCode":"UZB","country":"Uzbekistan","wikipediaUrl":"https://en.wikipedia.org/wiki/Shahrisabz","unescoUrl":"https://whc.unesco.org/en/list/885"},"geometry":{"type":"Point","coordinates":[66.833333333,39.05]}},{"type":"Feature","id":"UZB-Q535577","properties":{"id":"Q535577","name":"Itchan Kala","countryCode":"UZB","country":"Uzbekistan","wikipediaUrl":"https://en.wikipedia.org/wiki/Itchan_Kala","unescoUrl":"https://whc.unesco.org/en/list/543"},"geometry":{"type":"Point","coordinates":[60.359476,41.377718]}},{"type":"Feature","id":"UZB-Q122666385","properties":{"id":"Q122666385","name":"Silk Roads: Zarafshan-Karakum Corridor","countryCode":"UZB","country":"Uzbekistan","wikipediaUrl":"https://en.wikipedia.org/wiki/Silk_Roads:_Zarafshan-Karakum_Corridor","unescoUrl":"https://whc.unesco.org/en/list/1675"},"geometry":{"type":"Point","coordinates":[69.685558333,39.441488888]}},{"type":"Feature","id":"UZB-Q122731152","properties":{"id":"Q122731152","name":"Cold Winter Deserts of Turan","countryCode":"UZB","country":"Uzbekistan","wikipediaUrl":null,"unescoUrl":"https://whc.unesco.org/en/list/1693"},"geometry":{"type":"Point","coordinates":[79.034166666,44.025833333]}},{"type":"Feature","id":"UZB-Q16434635","properties":{"id":"Q16434635","name":"Western Tian Shan","countryCode":"UZB","country":"Uzbekistan","wikipediaUrl":null,"unescoUrl":"https://whc.unesco.org/en/list/1490"},"geometry":{"type":"Point","coordinates":[74.583333333,42.5]}},{"type":"Feature","id":"UZB-Q29015225","properties":{"id":"Q29015225","name":"Historic Centre of Bukhara","countryCode":"UZB","country":"Uzbekistan","wikipediaUrl":null,"unescoUrl":"https://whc.unesco.org/en/list/602"},"geometry":{"type":"Point","coordinates":[64.43333333,39.76666667]}},{"type":"Feature","id":"UZB-Q124800237","properties":{"id":"Q124800237","name":"Tashkent Modernist Architecture. Modernity and Tradition in Central Asia","countryCode":"UZB","country":"Uzbekistan","wikipediaUrl":null,"unescoUrl":"https://whc.unesco.org/en/list/1766"},"geometry":{"type":"Point","coordinates":[69.2417,41.3086]}},{"type":"Feature","id":"UZB-Q17255582","properties":{"id":"Q17255582","name":"Samarkand – Crossroad of Cultures","countryCode":"UZB","country":"Uzbekistan","wikipediaUrl":null,"unescoUrl":"https://whc.unesco.org/en/list/603"},"geometry":{"type":"Point","coordinates":[67,39.66861]}},{"type":"Feature","id":"OMN-Q1408909","properties":{"id":"Q1408909","name":"Bahla Fort","countryCode":"OMN","country":"Oman","wikipediaUrl":"https://en.wikipedia.org/wiki/Bahla_Fort","unescoUrl":"https://whc.unesco.org/en/list/433"},"geometry":{"type":"Point","coordinates":[57.3007,22.9644]}},{"type":"Feature","id":"OMN-Q25495","properties":{"id":"Q25495","name":"Aflaj Irrigation System of Oman","countryCode":"OMN","country":"Oman","wikipediaUrl":"https://en.wikipedia.org/wiki/Aflaj_Irrigation_Systems_of_Oman","unescoUrl":"https://whc.unesco.org/en/list/1207"},"geometry":{"type":"Point","coordinates":[57.536056,22.998889]}},{"type":"Feature","id":"OMN-Q118468","properties":{"id":"Q118468","name":"Land of Frankincense","countryCode":"OMN","country":"Oman","wikipediaUrl":"https://en.wikipedia.org/wiki/Land_of_Frankincense","unescoUrl":"https://whc.unesco.org/en/list/1010"},"geometry":{"type":"Point","coordinates":[53.647591666,18.253333333]}},{"type":"Feature","id":"OMN-Q680322","properties":{"id":"Q680322","name":"Qalhat","countryCode":"OMN","country":"Oman","wikipediaUrl":"https://en.wikipedia.org/wiki/Qalhat","unescoUrl":"https://whc.unesco.org/en/list/1537"},"geometry":{"type":"Point","coordinates":[59.369896,22.699996]}},{"type":"Feature","id":"OMN-Q25496","properties":{"id":"Q25496","name":"Bat, Al-Khutm and Al-Ayn archaeological sites","countryCode":"OMN","country":"Oman","wikipediaUrl":"https://en.wikipedia.org/wiki/Archaeological_Sites_of_Bat,_Al-Khutm_and_Al-Ayn","unescoUrl":"https://whc.unesco.org/en/list/434"},"geometry":{"type":"Point","coordinates":[56.745,23.27]}},{"type":"Feature","id":"OMN-Q2015257","properties":{"id":"Q2015257","name":"Arabian Oryx Sanctuary","countryCode":"OMN","country":"Oman","wikipediaUrl":"https://en.wikipedia.org/wiki/Al_Wusta_Wildlife_Reserve","unescoUrl":"https://whc.unesco.org/en/list/654"},"geometry":{"type":"Point","coordinates":[57,19.7]}},{"type":"Feature","id":"MRT-Q539518","properties":{"id":"Q539518","name":"Banc d'Arguin National Park","countryCode":"MRT","country":"Mauritania","wikipediaUrl":"https://en.wikipedia.org/wiki/Banc_d%27Arguin_National_Park","unescoUrl":"https://whc.unesco.org/en/list/506"},"geometry":{"type":"Point","coordinates":[-16.108888888,20.234722222]}},{"type":"Feature","id":"MRT-Q2845953","properties":{"id":"Q2845953","name":"Ancient Ksour of Ouadane, Chinguetti, Tichitt and Oualata","countryCode":"MRT","country":"Mauritania","wikipediaUrl":"https://en.wikipedia.org/wiki/Ancient_Ksour_of_Ouadane,_Chinguetti,_Tichitt_and_Oualata","unescoUrl":"https://whc.unesco.org/en/list/750"},"geometry":{"type":"Point","coordinates":[-11.62361,20.92889]}},{"type":"Feature","id":"COD-Q223589","properties":{"id":"Q223589","name":"Virunga National Park","countryCode":"COD","country":"DR Congo","wikipediaUrl":"https://en.wikipedia.org/wiki/Virunga_National_Park","unescoUrl":"https://whc.unesco.org/en/list/63"},"geometry":{"type":"Point","coordinates":[29.5,-0.5]}},{"type":"Feature","id":"COD-Q457304","properties":{"id":"Q457304","name":"Okapi Wildlife Reserve","countryCode":"COD","country":"DR Congo","wikipediaUrl":"https://en.wikipedia.org/wiki/Okapi_Wildlife_Reserve","unescoUrl":"https://whc.unesco.org/en/list/718"},"geometry":{"type":"Point","coordinates":[28.5,2]}},{"type":"Feature","id":"COD-Q308893","properties":{"id":"Q308893","name":"Garamba National Park","countryCode":"COD","country":"DR Congo","wikipediaUrl":"https://en.wikipedia.org/wiki/Garamba_National_Park","unescoUrl":"https://whc.unesco.org/en/list/136"},"geometry":{"type":"Point","coordinates":[29.25,4]}},{"type":"Feature","id":"COD-Q328488","properties":{"id":"Q328488","name":"Salonga National Park","countryCode":"COD","country":"DR Congo","wikipediaUrl":"https://en.wikipedia.org/wiki/Salonga_National_Park","unescoUrl":"https://whc.unesco.org/en/list/280"},"geometry":{"type":"Point","coordinates":[21.49723,-1.76516]}},{"type":"Feature","id":"COD-Q457324","properties":{"id":"Q457324","name":"Kahuzi-Biéga National Park","countryCode":"COD","country":"DR Congo","wikipediaUrl":"https://en.wikipedia.org/wiki/Kahuzi-Bi%C3%A9ga_National_Park","unescoUrl":"https://whc.unesco.org/en/list/137"},"geometry":{"type":"Point","coordinates":[28.758666666,-2.314805555]}},{"type":"Feature","id":"ITA-Q2028","properties":{"id":"Q2028","name":"Verona","countryCode":"ITA","country":"Italy","wikipediaUrl":"https://en.wikipedia.org/wiki/Verona","unescoUrl":"https://whc.unesco.org/en/list/797"},"geometry":{"type":"Point","coordinates":[10.992777777,45.438611111]}},{"type":"Feature","id":"ITA-Q179883","properties":{"id":"Q179883","name":"Aeolian Islands","countryCode":"ITA","country":"Italy","wikipediaUrl":"https://en.wikipedia.org/wiki/Aeolian_Islands","unescoUrl":"https://whc.unesco.org/en/list/908"},"geometry":{"type":"Point","coordinates":[14.935833333,38.496666666]}},{"type":"Feature","id":"ITA-Q189417","properties":{"id":"Q189417","name":"Appian Way","countryCode":"ITA","country":"Italy","wikipediaUrl":"https://en.wikipedia.org/wiki/Appian_Way","unescoUrl":"https://whc.unesco.org/en/list/1708"},"geometry":{"type":"Point","coordinates":[12.5325,41.841389]}},{"type":"Feature","id":"ITA-Q212214","properties":{"id":"Q212214","name":"Amalfi Coast","countryCode":"ITA","country":"Italy","wikipediaUrl":"https://en.wikipedia.org/wiki/Amalfi_Coast","unescoUrl":"https://whc.unesco.org/en/list/830"},"geometry":{"type":"Point","coordinates":[14.6,40.633333333]}},{"type":"Feature","id":"ITA-Q215897","properties":{"id":"Q215897","name":"Castel del Monte","countryCode":"ITA","country":"Italy","wikipediaUrl":"https://en.wikipedia.org/wiki/Castel_del_Monte,_Apulia","unescoUrl":"https://whc.unesco.org/en/list/398"},"geometry":{"type":"Point","coordinates":[16.2709346,41.0847535]}},{"type":"Feature","id":"ITA-Q156011","properties":{"id":"Q156011","name":"Ancient and Primeval Beech Forests of the Carpathians and Other Regions of Europe","countryCode":"ITA","country":"Italy","wikipediaUrl":"https://en.wikipedia.org/wiki/Ancient_and_Primeval_Beech_Forests_of_the_Carpathians_and_Other_Regions_of_Europe","unescoUrl":"https://whc.unesco.org/en/list/1133"},"geometry":{"type":"Point","coordinates":[15,49]}},{"type":"Feature","id":"ITA-Q244952","properties":{"id":"Q244952","name":"Santa Maria delle Grazie","countryCode":"ITA","country":"Italy","wikipediaUrl":"https://en.wikipedia.org/wiki/Santa_Maria_delle_Grazie,_Milan","unescoUrl":"https://whc.unesco.org/en/list/93"},"geometry":{"type":"Point","coordinates":[9.171111111,45.465833333]}},{"type":"Feature","id":"ITA-Q4580","properties":{"id":"Q4580","name":"prehistoric pile dwellings around the Alps","countryCode":"ITA","country":"Italy","wikipediaUrl":"https://en.wikipedia.org/wiki/Prehistoric_pile_dwellings_around_the_Alps","unescoUrl":"https://whc.unesco.org/en/list/1363"},"geometry":{"type":"Point","coordinates":[9.120991545,47.674596574]}},{"type":"Feature","id":"ITA-Q272777","properties":{"id":"Q272777","name":"Hadrian's Villa","countryCode":"ITA","country":"Italy","wikipediaUrl":"https://en.wikipedia.org/wiki/Hadrian%27s_Villa","unescoUrl":"https://whc.unesco.org/en/list/907"},"geometry":{"type":"Point","coordinates":[12.775278,41.941944]}},{"type":"Feature","id":"ITA-Q750245","properties":{"id":"Q750245","name":"Piazza del Duomo, Pisa","countryCode":"ITA","country":"Italy","wikipediaUrl":"https://en.wikipedia.org/wiki/Piazza_dei_Miracoli","unescoUrl":"https://whc.unesco.org/en/list/395"},"geometry":{"type":"Point","coordinates":[10.394778,43.723428]}},{"type":"Feature","id":"ITA-Q505617","properties":{"id":"Q505617","name":"Villa Romana del Casale","countryCode":"ITA","country":"Italy","wikipediaUrl":"https://en.wikipedia.org/wiki/Villa_Romana_del_Casale","unescoUrl":"https://whc.unesco.org/en/list/832"},"geometry":{"type":"Point","coordinates":[14.334553,37.364723]}},{"type":"Feature","id":"ITA-Q217449","properties":{"id":"Q217449","name":"Val d'Orcia","countryCode":"ITA","country":"Italy","wikipediaUrl":"https://en.wikipedia.org/wiki/Val_d%27Orcia","unescoUrl":"https://whc.unesco.org/en/list/1026"},"geometry":{"type":"Point","coordinates":[11.55,43.066666666]}},{"type":"Feature","id":"AND-Q332800","properties":{"id":"Q332800","name":"Madriu-Perafita-Claror Valley","countryCode":"AND","country":"Andorra","wikipediaUrl":"https://en.wikipedia.org/wiki/Madriu-Perafita-Claror_Valley","unescoUrl":"https://whc.unesco.org/en/list/1160"},"geometry":{"type":"Point","coordinates":[1.594426,42.492147]}},{"type":"Feature","id":"RUS-Q5513","properties":{"id":"Q5513","name":"Lake Baikal","countryCode":"RUS","country":"Russia","wikipediaUrl":"https://en.wikipedia.org/wiki/Lake_Baikal","unescoUrl":"https://whc.unesco.org/en/list/754"},"geometry":{"type":"Point","coordinates":[108.00472222,53.30277778]}},{"type":"Feature","id":"RUS-Q5595","properties":{"id":"Q5595","name":"Curonian Spit","countryCode":"RUS","country":"Russia","wikipediaUrl":"https://en.wikipedia.org/wiki/Curonian_Spit","unescoUrl":"https://whc.unesco.org/en/list/994"},"geometry":{"type":"Point","coordinates":[20.970833333,55.274444444]}},{"type":"Feature","id":"RUS-Q192243","properties":{"id":"Q192243","name":"Struve Geodetic Arc","countryCode":"RUS","country":"Russia","wikipediaUrl":"https://en.wikipedia.org/wiki/Struve_Geodetic_Arc","unescoUrl":"https://whc.unesco.org/en/list/1187"},"geometry":{"type":"Point","coordinates":[25.649444444,52.289444444]}},{"type":"Feature","id":"RUS-Q205711","properties":{"id":"Q205711","name":"Solovetsky Islands","countryCode":"RUS","country":"Russia","wikipediaUrl":"https://en.wikipedia.org/wiki/Solovetsky_Islands","unescoUrl":"https://whc.unesco.org/en/list/632"},"geometry":{"type":"Point","coordinates":[35.710556,65.024444]}},{"type":"Feature","id":"RUS-Q593870","properties":{"id":"Q593870","name":"Virgin Komi Forests","countryCode":"RUS","country":"Russia","wikipediaUrl":"https://en.wikipedia.org/wiki/Virgin_Komi_Forests","unescoUrl":"https://whc.unesco.org/en/list/719"},"geometry":{"type":"Point","coordinates":[60.15,65.06666667]}},{"type":"Feature","id":"RUS-Q211962","properties":{"id":"Q211962","name":"Trinity Lavra of St. Sergius","countryCode":"RUS","country":"Russia","wikipediaUrl":"https://en.wikipedia.org/wiki/Trinity_Lavra_of_St._Sergius","unescoUrl":"https://whc.unesco.org/en/list/657"},"geometry":{"type":"Point","coordinates":[38.13065,56.31035]}},{"type":"Feature","id":"RUS-Q277576","properties":{"id":"Q277576","name":"Putorana Plateau","countryCode":"RUS","country":"Russia","wikipediaUrl":"https://en.wikipedia.org/wiki/Putorana_Plateau","unescoUrl":"https://whc.unesco.org/en/list/1234"},"geometry":{"type":"Point","coordinates":[93,69]}},{"type":"Feature","id":"RUS-Q603622","properties":{"id":"Q603622","name":"Qazan Kremlin","countryCode":"RUS","country":"Russia","wikipediaUrl":"https://en.wikipedia.org/wiki/Kazan_Kremlin","unescoUrl":"https://whc.unesco.org/en/list/980"},"geometry":{"type":"Point","coordinates":[49.10724,55.797442]}},{"type":"Feature","id":"RUS-Q270725","properties":{"id":"Q270725","name":"Novodevichy Convent","countryCode":"RUS","country":"Russia","wikipediaUrl":"https://en.wikipedia.org/wiki/Novodevichy_Convent","unescoUrl":"https://whc.unesco.org/en/list/1097"},"geometry":{"type":"Point","coordinates":[37.556583333,55.725972222]}},{"type":"Feature","id":"RUS-Q277683","properties":{"id":"Q277683","name":"Lena Pillars","countryCode":"RUS","country":"Russia","wikipediaUrl":"https://en.wikipedia.org/wiki/Lena_Pillars","unescoUrl":"https://whc.unesco.org/en/list/1299"},"geometry":{"type":"Point","coordinates":[127.361666666,61.106944444]}},{"type":"Feature","id":"RUS-Q155495","properties":{"id":"Q155495","name":"Golden Mountains of Altai","countryCode":"RUS","country":"Russia","wikipediaUrl":"https://en.wikipedia.org/wiki/Golden_Mountains_of_Altai","unescoUrl":"https://whc.unesco.org/en/list/768"},"geometry":{"type":"Point","coordinates":[86,50.466666666]}},{"type":"Feature","id":"RUS-Q838256","properties":{"id":"Q838256","name":"Ferapontov Monastery","countryCode":"RUS","country":"Russia","wikipediaUrl":"https://en.wikipedia.org/wiki/Ferapontov_Monastery","unescoUrl":"https://whc.unesco.org/en/list/982"},"geometry":{"type":"Point","coordinates":[38.5675,59.956388888]}},{"type":"Feature","id":"LKA-Q203197","properties":{"id":"Q203197","name":"Kandy","countryCode":"LKA","country":"Sri Lanka","wikipediaUrl":"https://en.wikipedia.org/wiki/Kandy","unescoUrl":"https://whc.unesco.org/en/list/450"},"geometry":{"type":"Point","coordinates":[80.635,7.293055555]}},{"type":"Feature","id":"LKA-Q5724","properties":{"id":"Q5724","name":"Anuradhapura","countryCode":"LKA","country":"Sri Lanka","wikipediaUrl":"https://en.wikipedia.org/wiki/Anuradhapura","unescoUrl":"https://whc.unesco.org/en/list/200"},"geometry":{"type":"Point","coordinates":[80.410833333,8.335]}},{"type":"Feature","id":"LKA-Q272153","properties":{"id":"Q272153","name":"Sigiriya","countryCode":"LKA","country":"Sri Lanka","wikipediaUrl":"https://en.wikipedia.org/wiki/Sigiriya","unescoUrl":"https://whc.unesco.org/en/list/202"},"geometry":{"type":"Point","coordinates":[80.759722222,7.956944444]}},{"type":"Feature","id":"LKA-Q394443","properties":{"id":"Q394443","name":"Polonnaruwa","countryCode":"LKA","country":"Sri Lanka","wikipediaUrl":"https://en.wikipedia.org/wiki/Polonnaruwa","unescoUrl":"https://whc.unesco.org/en/list/201"},"geometry":{"type":"Point","coordinates":[81,7.933333333]}},{"type":"Feature","id":"LKA-Q375634","properties":{"id":"Q375634","name":"Sinharaja Forest Reserve","countryCode":"LKA","country":"Sri Lanka","wikipediaUrl":"https://en.wikipedia.org/wiki/Sinharaja_Forest_Reserve","unescoUrl":"https://whc.unesco.org/en/list/405"},"geometry":{"type":"Point","coordinates":[80.28,6.24]}},{"type":"Feature","id":"LKA-Q45690","properties":{"id":"Q45690","name":"Dambulla cave temple","countryCode":"LKA","country":"Sri Lanka","wikipediaUrl":"https://en.wikipedia.org/wiki/Dambulla_cave_temple","unescoUrl":"https://whc.unesco.org/en/list/561"},"geometry":{"type":"Point","coordinates":[80.64916667,7.85666667]}},{"type":"Feature","id":"LKA-Q422941","properties":{"id":"Q422941","name":"Central Highlands of Sri Lanka","countryCode":"LKA","country":"Sri Lanka","wikipediaUrl":"https://en.wikipedia.org/wiki/Central_Highlands_of_Sri_Lanka","unescoUrl":"https://whc.unesco.org/en/list/1203"},"geometry":{"type":"Point","coordinates":[80.8021,7.45245]}},{"type":"Feature","id":"LKA-Q15830652","properties":{"id":"Q15830652","name":"Old Town of Galle and its Fortifications","countryCode":"LKA","country":"Sri Lanka","wikipediaUrl":null,"unescoUrl":"https://whc.unesco.org/en/list/451"},"geometry":{"type":"Point","coordinates":[80.21861111,6.021388889]}},{"type":"Feature","id":"VNM-Q23513","properties":{"id":"Q23513","name":"Phong Nha–Ke Bang National Park","countryCode":"VNM","country":"Vietnam","wikipediaUrl":"https://en.wikipedia.org/wiki/Phong_Nha%E2%80%93K%E1%BA%BB_B%C3%A0ng_National_Park","unescoUrl":"https://whc.unesco.org/en/list/951"},"geometry":{"type":"Point","coordinates":[106.15,17.533333333]}},{"type":"Feature","id":"VNM-Q190128","properties":{"id":"Q190128","name":"Ha Long Bay","countryCode":"VNM","country":"Vietnam","wikipediaUrl":"https://en.wikipedia.org/wiki/H%E1%BA%A1_Long_Bay","unescoUrl":"https://whc.unesco.org/en/list/672"},"geometry":{"type":"Point","coordinates":[107.2,20.9]}},{"type":"Feature","id":"VNM-Q36160","properties":{"id":"Q36160","name":"Hội An","countryCode":"VNM","country":"Vietnam","wikipediaUrl":"https://en.wikipedia.org/wiki/H%E1%BB%99i_An_(city)","unescoUrl":"https://whc.unesco.org/en/list/948"},"geometry":{"type":"Point","coordinates":[108.33265,15.877669444]}},{"type":"Feature","id":"VNM-Q391406","properties":{"id":"Q391406","name":"Mỹ Sơn","countryCode":"VNM","country":"Vietnam","wikipediaUrl":"https://en.wikipedia.org/wiki/M%E1%BB%B9_S%C6%A1n","unescoUrl":"https://whc.unesco.org/en/list/949"},"geometry":{"type":"Point","coordinates":[108.124446,15.76324]}},{"type":"Feature","id":"VNM-Q190060","properties":{"id":"Q190060","name":"Citadel of the Hồ Dynasty","countryCode":"VNM","country":"Vietnam","wikipediaUrl":"https://en.wikipedia.org/wiki/Citadel_of_the_H%E1%BB%93_Dynasty","unescoUrl":"https://whc.unesco.org/en/list/1358"},"geometry":{"type":"Point","coordinates":[105.604722222,20.078055555]}},{"type":"Feature","id":"VNM-Q206219","properties":{"id":"Q206219","name":"Imperial Citadel of Thang Long","countryCode":"VNM","country":"Vietnam","wikipediaUrl":"https://en.wikipedia.org/wiki/Imperial_Citadel_of_Th%C4%83ng_Long","unescoUrl":"https://whc.unesco.org/en/list/1328"},"geometry":{"type":"Point","coordinates":[105.83972,21.0325]}},{"type":"Feature","id":"VNM-Q10810559","properties":{"id":"Q10810559","name":"Tràng An","countryCode":"VNM","country":"Vietnam","wikipediaUrl":"https://en.wikipedia.org/wiki/Tr%C3%A0ng_An_Scenic_Landscape_Complex","unescoUrl":"https://whc.unesco.org/en/list/1438"},"geometry":{"type":"Point","coordinates":[105.9156,20.2557]}},{"type":"Feature","id":"VNM-Q5965459","properties":{"id":"Q5965459","name":"Hoi An Ancient Town","countryCode":"VNM","country":"Vietnam","wikipediaUrl":"https://en.wikipedia.org/wiki/H%E1%BB%99i_An_Old_Town","unescoUrl":"https://whc.unesco.org/en/list/948"},"geometry":{"type":"Point","coordinates":[108.328631,15.877135]}},{"type":"Feature","id":"VNM-Q16481408","properties":{"id":"Q16481408","name":"The Complex of Yen Tu Monuments and Landscape","countryCode":"VNM","country":"Vietnam","wikipediaUrl":null,"unescoUrl":"https://whc.unesco.org/en/list/1732"},"geometry":{"type":"Point","coordinates":[106.719,21.0768]}},{"type":"Feature","id":"IRQ-Q170047","properties":{"id":"Q170047","name":"Samarra","countryCode":"IRQ","country":"Iraq","wikipediaUrl":"https://en.wikipedia.org/wiki/Samarra","unescoUrl":"https://whc.unesco.org/en/list/276"},"geometry":{"type":"Point","coordinates":[43.88568,34.1959]}},{"type":"Feature","id":"IRQ-Q200200","properties":{"id":"Q200200","name":"Assur","countryCode":"IRQ","country":"Iraq","wikipediaUrl":"https://en.wikipedia.org/wiki/Assur","unescoUrl":"https://whc.unesco.org/en/list/1130"},"geometry":{"type":"Point","coordinates":[43.2625,35.456666666]}},{"type":"Feature","id":"IRQ-Q466614","properties":{"id":"Q466614","name":"Hatra","countryCode":"IRQ","country":"Iraq","wikipediaUrl":"https://en.wikipedia.org/wiki/Hatra","unescoUrl":"https://whc.unesco.org/en/list/277"},"geometry":{"type":"Point","coordinates":[42.718333333,35.588055555]}},{"type":"Feature","id":"IRQ-Q206236","properties":{"id":"Q206236","name":"Citadel of Erbil","countryCode":"IRQ","country":"Iraq","wikipediaUrl":"https://en.wikipedia.org/wiki/Citadel_of_Erbil","unescoUrl":"https://whc.unesco.org/en/list/1437"},"geometry":{"type":"Point","coordinates":[44.009,36.191]}},{"type":"Feature","id":"IRQ-Q25933006","properties":{"id":"Q25933006","name":"Ahwar of Southern Iraq","countryCode":"IRQ","country":"Iraq","wikipediaUrl":"https://en.wikipedia.org/wiki/Ahwar_of_Southern_Iraq","unescoUrl":"https://whc.unesco.org/en/list/1481"},"geometry":{"type":"Point","coordinates":[47.657778,31.562222]}},{"type":"Feature","id":"IRQ-Q100329356","properties":{"id":"Q100329356","name":"Babylon","countryCode":"IRQ","country":"Iraq","wikipediaUrl":null,"unescoUrl":"https://whc.unesco.org/en/list/278"},"geometry":{"type":"Point","coordinates":[44.431644444,32.541780555]}},{"type":"Feature","id":"ZAF-Q192493","properties":{"id":"Q192493","name":"Robben Island","countryCode":"ZAF","country":"South Africa","wikipediaUrl":"https://en.wikipedia.org/wiki/Robben_Island","unescoUrl":"https://whc.unesco.org/en/list/916"},"geometry":{"type":"Point","coordinates":[18.37,-33.805]}},{"type":"Feature","id":"ZAF-Q330095","properties":{"id":"Q330095","name":"Vredefort crater","countryCode":"ZAF","country":"South Africa","wikipediaUrl":"https://en.wikipedia.org/wiki/Vredefort_impact_structure","unescoUrl":"https://whc.unesco.org/en/list/1162"},"geometry":{"type":"Point","coordinates":[27.5,-27]}},{"type":"Feature","id":"ZAF-Q1130112","properties":{"id":"Q1130112","name":"Cradle of Humankind","countryCode":"ZAF","country":"South Africa","wikipediaUrl":"https://en.wikipedia.org/wiki/Cradle_of_Humankind","unescoUrl":"https://whc.unesco.org/en/list/915"},"geometry":{"type":"Point","coordinates":[27.66244,-25.967231]}},{"type":"Feature","id":"ZAF-Q1353565","properties":{"id":"Q1353565","name":"Richtersveld","countryCode":"ZAF","country":"South Africa","wikipediaUrl":"https://en.wikipedia.org/wiki/Richtersveld","unescoUrl":"https://whc.unesco.org/en/list/1265"},"geometry":{"type":"Point","coordinates":[17.203888888,-28.6]}},{"type":"Feature","id":"ZAF-Q1974274","properties":{"id":"Q1974274","name":"Cape Floristic Kingdom","countryCode":"ZAF","country":"South Africa","wikipediaUrl":"https://en.wikipedia.org/wiki/Cape_Floristic_Region","unescoUrl":"https://whc.unesco.org/en/list/1007"},"geometry":{"type":"Point","coordinates":[18.375,-34.166666666]}},{"type":"Feature","id":"ZAF-Q310719","properties":{"id":"Q310719","name":"iSimangaliso Wetland Park","countryCode":"ZAF","country":"South Africa","wikipediaUrl":"https://en.wikipedia.org/wiki/ISimangaliso_Wetland_Park","unescoUrl":"https://whc.unesco.org/en/list/914"},"geometry":{"type":"Point","coordinates":[32.55,-27.8389]}},{"type":"Feature","id":"ZAF-Q1136251","properties":{"id":"Q1136251","name":"Mapungubwe Cultural Landscape","countryCode":"ZAF","country":"South Africa","wikipediaUrl":null,"unescoUrl":"https://whc.unesco.org/en/list/1099"},"geometry":{"type":"Point","coordinates":[29.387889,-22.211667]}},{"type":"Feature","id":"ZAF-Q19605615","properties":{"id":"Q19605615","name":"Makhonjwa Mountains","countryCode":"ZAF","country":"South Africa","wikipediaUrl":"https://en.wikipedia.org/wiki/Makhonjwa_Mountains","unescoUrl":"https://whc.unesco.org/en/list/1575"},"geometry":{"type":"Point","coordinates":[22,-33.4]}},{"type":"Feature","id":"ZAF-Q6744547","properties":{"id":"Q6744547","name":"Maloti-Drakensberg Park","countryCode":"ZAF","country":"South Africa","wikipediaUrl":"https://en.wikipedia.org/wiki/Maloti-Drakensberg_Park","unescoUrl":"https://whc.unesco.org/en/list/985"},"geometry":{"type":"Point","coordinates":[29.3939,-29.4665]}},{"type":"Feature","id":"ZAF-Q33800328","properties":{"id":"Q33800328","name":"Khomani Cultural Landscape","countryCode":"ZAF","country":"South Africa","wikipediaUrl":null,"unescoUrl":"https://whc.unesco.org/en/list/1545"},"geometry":{"type":"Point","coordinates":[20.374583055,-25.687611111]}},{"type":"Feature","id":"ZAF-Q65936861","properties":{"id":"Q65936861","name":"Human Rights, Liberation and Reconciliation: Nelson Mandela Legacy Sites","countryCode":"ZAF","country":"South Africa","wikipediaUrl":null,"unescoUrl":"https://whc.unesco.org/en/list/1676"},"geometry":{"type":"Point","coordinates":[30.23,-29.47]}},{"type":"Feature","id":"ZAF-Q65936860","properties":{"id":"Q65936860","name":"The Emergence of Modern Humans: The Pleistocene occupation sites of South Africa","countryCode":"ZAF","country":"South Africa","wikipediaUrl":null,"unescoUrl":"https://whc.unesco.org/en/list/1723"},"geometry":{"type":"Point","coordinates":[18.4525,-32.386389]}},{"type":"Feature","id":"NZL-Q202845","properties":{"id":"Q202845","name":"Tongariro National Park","countryCode":"NZL","country":"New Zealand","wikipediaUrl":"https://en.wikipedia.org/wiki/Tongariro_National_Park","unescoUrl":"https://whc.unesco.org/en/list/421"},"geometry":{"type":"Point","coordinates":[175.583333,-39.2]}},{"type":"Feature","id":"NZL-Q46275","properties":{"id":"Q46275","name":"New Zealand Subantarctic Islands","countryCode":"NZL","country":"New Zealand","wikipediaUrl":"https://en.wikipedia.org/wiki/New_Zealand_Subantarctic_Islands","unescoUrl":"https://whc.unesco.org/en/list/877"},"geometry":{"type":"Point","coordinates":[166.104,-50.75]}},{"type":"Feature","id":"NZL-Q575398","properties":{"id":"Q575398","name":"Te Wahipounamu","countryCode":"NZL","country":"New Zealand","wikipediaUrl":"https://en.wikipedia.org/wiki/Te_Wahipounamu","unescoUrl":"https://whc.unesco.org/en/list/551"},"geometry":{"type":"Point","coordinates":[167.32,-45.036]}},{"type":"Feature","id":"PER-Q2620036","properties":{"id":"Q2620036","name":"Nazca Lines","countryCode":"PER","country":"Peru","wikipediaUrl":"https://en.wikipedia.org/wiki/Nazca_lines","unescoUrl":"https://whc.unesco.org/en/list/700"},"geometry":{"type":"Point","coordinates":[-75.135,-14.6975]}},{"type":"Feature","id":"PER-Q277540","properties":{"id":"Q277540","name":"Chan Chan","countryCode":"PER","country":"Peru","wikipediaUrl":"https://en.wikipedia.org/wiki/Chan_Chan","unescoUrl":"https://whc.unesco.org/en/list/366"},"geometry":{"type":"Point","coordinates":[-79.075,-8.110555555]}},{"type":"Feature","id":"PER-Q948975","properties":{"id":"Q948975","name":"Inca road system","countryCode":"PER","country":"Peru","wikipediaUrl":"https://en.wikipedia.org/wiki/Inca_road_system","unescoUrl":"https://whc.unesco.org/en/list/1459"},"geometry":{"type":"Point","coordinates":[-69.59166667,-18.25]}},{"type":"Feature","id":"PER-Q219279","properties":{"id":"Q219279","name":"Q219279","countryCode":"PER","country":"Peru","wikipediaUrl":"https://en.wikipedia.org/wiki/Caral","unescoUrl":"https://whc.unesco.org/en/list/1269"},"geometry":{"type":"Point","coordinates":[-77.520277777,-10.893611111]}},{"type":"Feature","id":"PER-Q390264","properties":{"id":"Q390264","name":"Manu National Park","countryCode":"PER","country":"Peru","wikipediaUrl":"https://en.wikipedia.org/wiki/Manu_National_Park","unescoUrl":"https://whc.unesco.org/en/list/402"},"geometry":{"type":"Point","coordinates":[-71.66,-12.14]}},{"type":"Feature","id":"PER-Q732554","properties":{"id":"Q732554","name":"Chavin de Huantar","countryCode":"PER","country":"Peru","wikipediaUrl":"https://en.wikipedia.org/wiki/Chav%C3%ADn_de_Hu%C3%A1ntar","unescoUrl":"https://whc.unesco.org/en/list/330"},"geometry":{"type":"Point","coordinates":[-77.178452777,-9.592775]}},{"type":"Feature","id":"PER-Q917369","properties":{"id":"Q917369","name":"Huascarán National Park","countryCode":"PER","country":"Peru","wikipediaUrl":"https://en.wikipedia.org/wiki/Huascar%C3%A1n_National_Park","unescoUrl":"https://whc.unesco.org/en/list/333"},"geometry":{"type":"Point","coordinates":[-77.4,-9.4]}},{"type":"Feature","id":"PER-Q941412","properties":{"id":"Q941412","name":"Río Abiseo National Park","countryCode":"PER","country":"Peru","wikipediaUrl":"https://en.wikipedia.org/wiki/Rio_Abiseo_National_Park","unescoUrl":"https://whc.unesco.org/en/list/548"},"geometry":{"type":"Point","coordinates":[-77.25,-7.75]}},{"type":"Feature","id":"PER-Q3320442","properties":{"id":"Q3320442","name":"Historic Centre of Lima","countryCode":"PER","country":"Peru","wikipediaUrl":"https://en.wikipedia.org/wiki/Historic_Centre_of_Lima","unescoUrl":"https://whc.unesco.org/en/list/500"},"geometry":{"type":"Point","coordinates":[-77.031388888,-12.046666666]}},{"type":"Feature","id":"PER-Q8343756","properties":{"id":"Q8343756","name":"Historic Centre of Arequipa","countryCode":"PER","country":"Peru","wikipediaUrl":"https://en.wikipedia.org/wiki/Historic_Centre_of_Arequipa","unescoUrl":"https://whc.unesco.org/en/list/1016"},"geometry":{"type":"Point","coordinates":[-71.533333333,-16.4]}},{"type":"Feature","id":"PER-Q3331815","properties":{"id":"Q3331815","name":"Historic Sanctuary of Machu Picchu","countryCode":"PER","country":"Peru","wikipediaUrl":"https://en.wikipedia.org/wiki/Historic_Sanctuary_of_Machu_Picchu","unescoUrl":"https://whc.unesco.org/en/list/274"},"geometry":{"type":"Point","coordinates":[-72.58333333,-13.11666667]}},{"type":"Feature","id":"PER-Q28502997","properties":{"id":"Q28502997","name":"Historic centre of Cusco","countryCode":"PER","country":"Peru","wikipediaUrl":"https://en.wikipedia.org/wiki/Historic_Centre_of_Cusco","unescoUrl":"https://whc.unesco.org/en/list/273"},"geometry":{"type":"Point","coordinates":[-71.978056,-13.518333]}},{"type":"Feature","id":"CIV-Q501344","properties":{"id":"Q501344","name":"Comoé National Park","countryCode":"CIV","country":"Ivory Coast","wikipediaUrl":"https://en.wikipedia.org/wiki/Como%C3%A9_National_Park","unescoUrl":"https://whc.unesco.org/en/list/227"},"geometry":{"type":"Point","coordinates":[-3.590555555,8.8225]}},{"type":"Feature","id":"CIV-Q328577","properties":{"id":"Q328577","name":"Taï National Park","countryCode":"CIV","country":"Ivory Coast","wikipediaUrl":"https://en.wikipedia.org/wiki/Ta%C3%AF_National_Park","unescoUrl":"https://whc.unesco.org/en/list/195"},"geometry":{"type":"Point","coordinates":[-7.12,5.75]}},{"type":"Feature","id":"CIV-Q924276","properties":{"id":"Q924276","name":"Mount Nimba Strict Nature Reserve","countryCode":"CIV","country":"Ivory Coast","wikipediaUrl":"https://en.wikipedia.org/wiki/Mount_Nimba_Strict_Nature_Reserve","unescoUrl":"https://whc.unesco.org/en/list/155"},"geometry":{"type":"Point","coordinates":[-8.391,7.603]}},{"type":"Feature","id":"CIV-Q65725484","properties":{"id":"Q65725484","name":"Sudanese style mosques in northern Côte d'Ivoire","countryCode":"CIV","country":"Ivory Coast","wikipediaUrl":"https://en.wikipedia.org/wiki/Sudanese_style_mosques_in_northern_C%C3%B4te_d%27Ivoire","unescoUrl":"https://whc.unesco.org/en/list/1648"},"geometry":{"type":"Point","coordinates":[-6.410167,10.490317]}},{"type":"Feature","id":"CIV-Q17990623","properties":{"id":"Q17990623","name":"Historic town of Grand-Bassam","countryCode":"CIV","country":"Ivory Coast","wikipediaUrl":"https://en.wikipedia.org/wiki/Historic_Town_of_Grand-Bassam","unescoUrl":"https://whc.unesco.org/en/list/1322"},"geometry":{"type":"Point","coordinates":[-3.7368,5.1965]}},{"type":"Feature","id":"KOR-Q477157","properties":{"id":"Q477157","name":"Changdeokgung","countryCode":"KOR","country":"South Korea","wikipediaUrl":"https://en.wikipedia.org/wiki/Changdeokgung","unescoUrl":"https://whc.unesco.org/en/list/816"},"geometry":{"type":"Point","coordinates":[126.991666666,37.579444444]}},{"type":"Feature","id":"KOR-Q490497","properties":{"id":"Q490497","name":"Jongmyo","countryCode":"KOR","country":"South Korea","wikipediaUrl":"https://en.wikipedia.org/wiki/Jongmyo","unescoUrl":"https://whc.unesco.org/en/list/738"},"geometry":{"type":"Point","coordinates":[126.993611111,37.574722222]}},{"type":"Feature","id":"KOR-Q482423","properties":{"id":"Q482423","name":"Hwaseong Fortress","countryCode":"KOR","country":"South Korea","wikipediaUrl":"https://en.wikipedia.org/wiki/Hwaseong_Fortress","unescoUrl":"https://whc.unesco.org/en/list/817"},"geometry":{"type":"Point","coordinates":[127.010202777,37.280733333]}},{"type":"Feature","id":"KOR-Q495276","properties":{"id":"Q495276","name":"Royal Tombs of the Joseon Dynasty","countryCode":"KOR","country":"South Korea","wikipediaUrl":"https://en.wikipedia.org/wiki/Royal_Tombs_of_the_Joseon_Dynasty","unescoUrl":"https://whc.unesco.org/en/list/1319"},"geometry":{"type":"Point","coordinates":[128.45277778,37.19722222]}},{"type":"Feature","id":"KOR-Q562529","properties":{"id":"Q562529","name":"Namhansanseong","countryCode":"KOR","country":"South Korea","wikipediaUrl":"https://en.wikipedia.org/wiki/Namhansanseong","unescoUrl":"https://whc.unesco.org/en/list/1439"},"geometry":{"type":"Point","coordinates":[127.18419444,37.47802778]}},{"type":"Feature","id":"KOR-Q495286","properties":{"id":"Q495286","name":"Gochang, Hwasun and Ganghwa Dolmen Sites","countryCode":"KOR","country":"South Korea","wikipediaUrl":"https://en.wikipedia.org/wiki/Gochang,_Hwasun_and_Ganghwa_Dolmen_Sites","unescoUrl":"https://whc.unesco.org/en/list/977"},"geometry":{"type":"Point","coordinates":[126.92917,34.96667]}},{"type":"Feature","id":"KOR-Q495733","properties":{"id":"Q495733","name":"Jeju Volcanic Island and Lava Tubes","countryCode":"KOR","country":"South Korea","wikipediaUrl":"https://en.wikipedia.org/wiki/Jeju_Volcanic_Island_and_Lava_Tubes","unescoUrl":"https://whc.unesco.org/en/list/1264"},"geometry":{"type":"Point","coordinates":[126.5325,33.36138889]}},{"type":"Feature","id":"KOR-Q495241","properties":{"id":"Q495241","name":"Gyeongju Historic Areas","countryCode":"KOR","country":"South Korea","wikipediaUrl":"https://en.wikipedia.org/wiki/Gyeongju_Historic_Areas","unescoUrl":"https://whc.unesco.org/en/list/976"},"geometry":{"type":"Point","coordinates":[129.22666667,35.78888889]}},{"type":"Feature","id":"KOR-Q20650483","properties":{"id":"Q20650483","name":"Baekje Historic Areas","countryCode":"KOR","country":"South Korea","wikipediaUrl":"https://en.wikipedia.org/wiki/Baekje_Historic_Areas","unescoUrl":"https://whc.unesco.org/en/list/1477"},"geometry":{"type":"Point","coordinates":[127.127222222,36.461944444]}},{"type":"Feature","id":"KOR-Q55306582","properties":{"id":"Q55306582","name":"Sansa, Buddhist Mountain Monasteries in Korea","countryCode":"KOR","country":"South Korea","wikipediaUrl":"https://en.wikipedia.org/wiki/Sansa_(temple)","unescoUrl":"https://whc.unesco.org/en/list/1562"},"geometry":{"type":"Point","coordinates":[127.331118,34.996581]}},{"type":"Feature","id":"KOR-Q107715736","properties":{"id":"Q107715736","name":"Getbol, Korean Tidal Flats","countryCode":"KOR","country":"South Korea","wikipediaUrl":"https://en.wikipedia.org/wiki/Getbol,_Korean_Tidal_Flats","unescoUrl":"https://whc.unesco.org/en/list/1591"},"geometry":{"type":"Point","coordinates":[126.104444444,34.828822222]}},{"type":"Feature","id":"KOR-Q66201394","properties":{"id":"Q66201394","name":"Gaya Tumuli","countryCode":"KOR","country":"South Korea","wikipediaUrl":"https://en.wikipedia.org/wiki/Gaya_Tumuli","unescoUrl":"https://whc.unesco.org/en/list/1666"},"geometry":{"type":"Point","coordinates":[128.873725,35.237263888]}},{"type":"Feature","id":"SVN-Q156011","properties":{"id":"Q156011","name":"Ancient and Primeval Beech Forests of the Carpathians and Other Regions of Europe","countryCode":"SVN","country":"Slovenia","wikipediaUrl":"https://en.wikipedia.org/wiki/Ancient_and_Primeval_Beech_Forests_of_the_Carpathians_and_Other_Regions_of_Europe","unescoUrl":"https://whc.unesco.org/en/list/1133"},"geometry":{"type":"Point","coordinates":[15,49]}},{"type":"Feature","id":"SVN-Q4580","properties":{"id":"Q4580","name":"prehistoric pile dwellings around the Alps","countryCode":"SVN","country":"Slovenia","wikipediaUrl":"https://en.wikipedia.org/wiki/Prehistoric_pile_dwellings_around_the_Alps","unescoUrl":"https://whc.unesco.org/en/list/1363"},"geometry":{"type":"Point","coordinates":[9.120991545,47.674596574]}},{"type":"Feature","id":"SVN-Q500376","properties":{"id":"Q500376","name":"Škocjan Caves","countryCode":"SVN","country":"Slovenia","wikipediaUrl":"https://en.wikipedia.org/wiki/%C5%A0kocjan_Caves","unescoUrl":"https://whc.unesco.org/en/list/390"},"geometry":{"type":"Point","coordinates":[13.99472,45.665]}},{"type":"Feature","id":"SVN-Q3370031","properties":{"id":"Q3370031","name":"Heritage of Mercury. Almadén and Idrija","countryCode":"SVN","country":"Slovenia","wikipediaUrl":"https://en.wikipedia.org/wiki/Heritage_of_Mercury._Almad%C3%A9n_and_Idrija","unescoUrl":"https://whc.unesco.org/en/list/1313"},"geometry":{"type":"Point","coordinates":[14.026666666,46.003888888]}},{"type":"Feature","id":"SVN-Q64494878","properties":{"id":"Q64494878","name":"The works of Jože Plečnik in Ljubljana – Human Centred Urban Design","countryCode":"SVN","country":"Slovenia","wikipediaUrl":"https://en.wikipedia.org/wiki/The_works_of_Jo%C5%BEe_Ple%C4%8Dnik_in_Ljubljana_%E2%80%93_Human_Centred_Urban_Design","unescoUrl":"https://whc.unesco.org/en/list/1643"},"geometry":{"type":"Point","coordinates":[14.502222,46.043333]}},{"type":"Feature","id":"UKR-Q184429","properties":{"id":"Q184429","name":"Danube Delta","countryCode":"UKR","country":"Ukraine","wikipediaUrl":"https://en.wikipedia.org/wiki/Danube_Delta","unescoUrl":"https://whc.unesco.org/en/list/588"},"geometry":{"type":"Point","coordinates":[29.5,45.2]}},{"type":"Feature","id":"UKR-Q830054","properties":{"id":"Q830054","name":"Saint Sophia Cathedral","countryCode":"UKR","country":"Ukraine","wikipediaUrl":"https://en.wikipedia.org/wiki/Saint_Sophia_Cathedral,_Kyiv","unescoUrl":"https://whc.unesco.org/en/list/527"},"geometry":{"type":"Point","coordinates":[30.514444444,50.452777777]}},{"type":"Feature","id":"UKR-Q192243","properties":{"id":"Q192243","name":"Struve Geodetic Arc","countryCode":"UKR","country":"Ukraine","wikipediaUrl":"https://en.wikipedia.org/wiki/Struve_Geodetic_Arc","unescoUrl":"https://whc.unesco.org/en/list/1187"},"geometry":{"type":"Point","coordinates":[25.649444444,52.289444444]}},{"type":"Feature","id":"UKR-Q156011","properties":{"id":"Q156011","name":"Ancient and Primeval Beech Forests of the Carpathians and Other Regions of Europe","countryCode":"UKR","country":"Ukraine","wikipediaUrl":"https://en.wikipedia.org/wiki/Ancient_and_Primeval_Beech_Forests_of_the_Carpathians_and_Other_Regions_of_Europe","unescoUrl":"https://whc.unesco.org/en/list/1133"},"geometry":{"type":"Point","coordinates":[15,49]}},{"type":"Feature","id":"UKR-Q8032604","properties":{"id":"Q8032604","name":"Wooden tserkvas of Carpathian region in Poland and Ukraine","countryCode":"UKR","country":"Ukraine","wikipediaUrl":"https://en.wikipedia.org/wiki/Wooden_Tserkvas_of_the_Carpathian_Region_in_Poland_and_Ukraine","unescoUrl":"https://whc.unesco.org/en/list/1424"},"geometry":{"type":"Point","coordinates":[21.0322,49.5339]}},{"type":"Feature","id":"UKR-Q2592613","properties":{"id":"Q2592613","name":"Old Town of Lviv","countryCode":"UKR","country":"Ukraine","wikipediaUrl":"https://en.wikipedia.org/wiki/Old_Town_(Lviv)","unescoUrl":"https://whc.unesco.org/en/list/865"},"geometry":{"type":"Point","coordinates":[24.03194444,49.84166667]}},{"type":"Feature","id":"UKR-Q156067","properties":{"id":"Q156067","name":"Residence of Bukovinian and Dalmatian Metropolitans","countryCode":"UKR","country":"Ukraine","wikipediaUrl":"https://en.wikipedia.org/wiki/Residence_of_Bukovinian_and_Dalmatian_Metropolitans","unescoUrl":"https://whc.unesco.org/en/list/1330"},"geometry":{"type":"Point","coordinates":[25.924905555,48.296641666]}},{"type":"Feature","id":"UKR-Q15041608","properties":{"id":"Q15041608","name":"historical city centre of Odesa","countryCode":"UKR","country":"Ukraine","wikipediaUrl":"https://en.wikipedia.org/wiki/Historic_Centre_of_Odesa","unescoUrl":"https://whc.unesco.org/en/list/1703"},"geometry":{"type":"Point","coordinates":[30.741,46.485]}},{"type":"Feature","id":"UKR-Q2524402","properties":{"id":"Q2524402","name":"Church of the Saviour at Berestove","countryCode":"UKR","country":"Ukraine","wikipediaUrl":"https://en.wikipedia.org/wiki/Church_of_the_Saviour_at_Berestove","unescoUrl":"https://whc.unesco.org/en/list/527"},"geometry":{"type":"Point","coordinates":[30.555001,50.437333]}},{"type":"Feature","id":"UKR-Q64532917","properties":{"id":"Q64532917","name":"Ancient City of Tauric Chersonese and its Chora","countryCode":"UKR","country":"Ukraine","wikipediaUrl":null,"unescoUrl":"https://whc.unesco.org/en/list/1411"},"geometry":{"type":"Point","coordinates":[33.49139,44.61083]}},{"type":"Feature","id":"UKR-Q16363487","properties":{"id":"Q16363487","name":"Kyiv: Saint-Sophia Cathedral and Related Monastic Buildings, Kyiv-Pechersk Lavra","countryCode":"UKR","country":"Ukraine","wikipediaUrl":null,"unescoUrl":"https://whc.unesco.org/en/list/527"},"geometry":{"type":"Point","coordinates":[30.51686,50.45258]}},{"type":"Feature","id":"ALB-Q188694","properties":{"id":"Q188694","name":"Butrint","countryCode":"ALB","country":"Albania","wikipediaUrl":"https://en.wikipedia.org/wiki/Butrint","unescoUrl":"https://whc.unesco.org/en/list/570"},"geometry":{"type":"Point","coordinates":[20.016628,39.757066]}},{"type":"Feature","id":"ALB-Q156011","properties":{"id":"Q156011","name":"Ancient and Primeval Beech Forests of the Carpathians and Other Regions of Europe","countryCode":"ALB","country":"Albania","wikipediaUrl":"https://en.wikipedia.org/wiki/Ancient_and_Primeval_Beech_Forests_of_the_Carpathians_and_Other_Regions_of_Europe","unescoUrl":"https://whc.unesco.org/en/list/1133"},"geometry":{"type":"Point","coordinates":[15,49]}},{"type":"Feature","id":"ALB-Q3664670","properties":{"id":"Q3664670","name":"Historic Centres of Berat and Gjirokastër","countryCode":"ALB","country":"Albania","wikipediaUrl":"https://en.wikipedia.org/wiki/Historic_Centres_of_Berat_and_Gjirokast%C3%ABr","unescoUrl":"https://whc.unesco.org/en/list/569"},"geometry":{"type":"Point","coordinates":[19.93825,40.707916666]}},{"type":"Feature","id":"ALB-Q2215414","properties":{"id":"Q2215414","name":"Natural and Cultural Heritage of the Ohrid region","countryCode":"ALB","country":"Albania","wikipediaUrl":"https://en.wikipedia.org/wiki/Natural_and_Cultural_Heritage_of_the_Ohrid_Region_(Albania)","unescoUrl":"https://whc.unesco.org/en/list/99"},"geometry":{"type":"Point","coordinates":[20.664016666,40.900702777]}},{"type":"Feature","id":"MKD-Q156011","properties":{"id":"Q156011","name":"Ancient and Primeval Beech Forests of the Carpathians and Other Regions of Europe","countryCode":"MKD","country":"North Macedonia","wikipediaUrl":"https://en.wikipedia.org/wiki/Ancient_and_Primeval_Beech_Forests_of_the_Carpathians_and_Other_Regions_of_Europe","unescoUrl":"https://whc.unesco.org/en/list/1133"},"geometry":{"type":"Point","coordinates":[15,49]}},{"type":"Feature","id":"MKD-Q2215414","properties":{"id":"Q2215414","name":"Natural and Cultural Heritage of the Ohrid region","countryCode":"MKD","country":"North Macedonia","wikipediaUrl":"https://en.wikipedia.org/wiki/Natural_and_Cultural_Heritage_of_the_Ohrid_Region_(Albania)","unescoUrl":"https://whc.unesco.org/en/list/99"},"geometry":{"type":"Point","coordinates":[20.664016666,40.900702777]}},{"type":"Feature","id":"HRV-Q189849","properties":{"id":"Q189849","name":"Plitvice Lakes National Park","countryCode":"HRV","country":"Croatia","wikipediaUrl":"https://en.wikipedia.org/wiki/Plitvice_Lakes_National_Park","unescoUrl":"https://whc.unesco.org/en/list/98"},"geometry":{"type":"Point","coordinates":[15.616035,44.880445]}},{"type":"Feature","id":"HRV-Q156011","properties":{"id":"Q156011","name":"Ancient and Primeval Beech Forests of the Carpathians and Other Regions of Europe","countryCode":"HRV","country":"Croatia","wikipediaUrl":"https://en.wikipedia.org/wiki/Ancient_and_Primeval_Beech_Forests_of_the_Carpathians_and_Other_Regions_of_Europe","unescoUrl":"https://whc.unesco.org/en/list/1133"},"geometry":{"type":"Point","coordinates":[15,49]}},{"type":"Feature","id":"HRV-Q645105","properties":{"id":"Q645105","name":"Euphrasian Basilica","countryCode":"HRV","country":"Croatia","wikipediaUrl":"https://en.wikipedia.org/wiki/Euphrasian_Basilica","unescoUrl":"https://whc.unesco.org/en/list/809"},"geometry":{"type":"Point","coordinates":[13.593611111,45.228611111]}},{"type":"Feature","id":"HRV-Q391973","properties":{"id":"Q391973","name":"Šibenik Cathedral","countryCode":"HRV","country":"Croatia","wikipediaUrl":"https://en.wikipedia.org/wiki/%C5%A0ibenik_Cathedral","unescoUrl":"https://whc.unesco.org/en/list/963"},"geometry":{"type":"Point","coordinates":[15.889166666,43.735555555]}},{"type":"Feature","id":"HRV-Q32797097","properties":{"id":"Q32797097","name":"The Venetian Works of defence between 15th and 17th centuries","countryCode":"HRV","country":"Croatia","wikipediaUrl":"https://en.wikipedia.org/wiki/Venetian_Works_of_Defence_between_the_16th_and_17th_centuries:_Stato_da_Terra_%E2%80%93_Western_Stato_da_Mar","unescoUrl":"https://whc.unesco.org/en/list/1533"},"geometry":{"type":"Point","coordinates":[9.663611111,45.703333333]}},{"type":"Feature","id":"HRV-Q614212","properties":{"id":"Q614212","name":"Stari Grad Plain","countryCode":"HRV","country":"Croatia","wikipediaUrl":"https://en.wikipedia.org/wiki/Stari_Grad_Plain","unescoUrl":"https://whc.unesco.org/en/list/1240"},"geometry":{"type":"Point","coordinates":[16.638611111,43.181666666]}},{"type":"Feature","id":"HRV-Q910661","properties":{"id":"Q910661","name":"Old city (Dubrovnik)","countryCode":"HRV","country":"Croatia","wikipediaUrl":null,"unescoUrl":"https://whc.unesco.org/en/list/95"},"geometry":{"type":"Point","coordinates":[18.1091,42.6409]}},{"type":"Feature","id":"HRV-Q29000652","properties":{"id":"Q29000652","name":"Q29000652","countryCode":"HRV","country":"Croatia","wikipediaUrl":null,"unescoUrl":"https://whc.unesco.org/en/list/1504"},"geometry":{"type":"Point","coordinates":[17.924052777,43.092213888]}},{"type":"Feature","id":"HRV-Q17132416","properties":{"id":"Q17132416","name":"Historical Complex of Split with the Palace of Diocletian","countryCode":"HRV","country":"Croatia","wikipediaUrl":null,"unescoUrl":"https://whc.unesco.org/en/list/97"},"geometry":{"type":"Point","coordinates":[16.438888888,43.508333333]}},{"type":"Feature","id":"HRV-Q17132483","properties":{"id":"Q17132483","name":"Historic City of Trogir","countryCode":"HRV","country":"Croatia","wikipediaUrl":null,"unescoUrl":"https://whc.unesco.org/en/list/810"},"geometry":{"type":"Point","coordinates":[16.25167,43.5125]}},{"type":"Feature","id":"BIH-Q156011","properties":{"id":"Q156011","name":"Ancient and Primeval Beech Forests of the Carpathians and Other Regions of Europe","countryCode":"BIH","country":"Bosnia and Herzegovina","wikipediaUrl":"https://en.wikipedia.org/wiki/Ancient_and_Primeval_Beech_Forests_of_the_Carpathians_and_Other_Regions_of_Europe","unescoUrl":"https://whc.unesco.org/en/list/1133"},"geometry":{"type":"Point","coordinates":[15,49]}},{"type":"Feature","id":"BIH-Q210055","properties":{"id":"Q210055","name":"Mehmed Paša Sokolović Bridge","countryCode":"BIH","country":"Bosnia and Herzegovina","wikipediaUrl":"https://en.wikipedia.org/wiki/Mehmed_Pa%C5%A1a_Sokolovi%C4%87_Bridge","unescoUrl":"https://whc.unesco.org/en/list/1260"},"geometry":{"type":"Point","coordinates":[19.28794,43.78248]}},{"type":"Feature","id":"BIH-Q2880621","properties":{"id":"Q2880621","name":"Vjetrenica","countryCode":"BIH","country":"Bosnia and Herzegovina","wikipediaUrl":"https://en.wikipedia.org/wiki/Vjetrenica_Cave","unescoUrl":"https://whc.unesco.org/en/list/1673"},"geometry":{"type":"Point","coordinates":[17.983888888,42.845833333]}},{"type":"Feature","id":"BIH-Q29000652","properties":{"id":"Q29000652","name":"Q29000652","countryCode":"BIH","country":"Bosnia and Herzegovina","wikipediaUrl":null,"unescoUrl":"https://whc.unesco.org/en/list/1504"},"geometry":{"type":"Point","coordinates":[17.924052777,43.092213888]}},{"type":"Feature","id":"AUT-Q192201","properties":{"id":"Q192201","name":"Wachau","countryCode":"AUT","country":"Austria","wikipediaUrl":"https://en.wikipedia.org/wiki/Wachau","unescoUrl":"https://whc.unesco.org/en/list/970"},"geometry":{"type":"Point","coordinates":[15.43417,48.36444]}},{"type":"Feature","id":"AUT-Q156011","properties":{"id":"Q156011","name":"Ancient and Primeval Beech Forests of the Carpathians and Other Regions of Europe","countryCode":"AUT","country":"Austria","wikipediaUrl":"https://en.wikipedia.org/wiki/Ancient_and_Primeval_Beech_Forests_of_the_Carpathians_and_Other_Regions_of_Europe","unescoUrl":"https://whc.unesco.org/en/list/1133"},"geometry":{"type":"Point","coordinates":[15,49]}},{"type":"Feature","id":"AUT-Q4580","properties":{"id":"Q4580","name":"prehistoric pile dwellings around the Alps","countryCode":"AUT","country":"Austria","wikipediaUrl":"https://en.wikipedia.org/wiki/Prehistoric_pile_dwellings_around_the_Alps","unescoUrl":"https://whc.unesco.org/en/list/1363"},"geometry":{"type":"Point","coordinates":[9.120991545,47.674596574]}},{"type":"Feature","id":"AUT-Q259313","properties":{"id":"Q259313","name":"Semmering railway","countryCode":"AUT","country":"Austria","wikipediaUrl":"https://en.wikipedia.org/wiki/Semmering_Railway","unescoUrl":"https://whc.unesco.org/en/list/785"},"geometry":{"type":"Point","coordinates":[15.831,47.643]}},{"type":"Feature","id":"AUT-Q16064866","properties":{"id":"Q16064866","name":"The Great Spa Towns of Europe","countryCode":"AUT","country":"Austria","wikipediaUrl":"https://en.wikipedia.org/wiki/Great_Spa_Towns_of_Europe","unescoUrl":"https://whc.unesco.org/en/list/1613"},"geometry":{"type":"Point","coordinates":[5.866944444,50.492222222]}},{"type":"Feature","id":"AUT-Q1621046","properties":{"id":"Q1621046","name":"Historic Centre of the City of Salzburg","countryCode":"AUT","country":"Austria","wikipediaUrl":"https://en.wikipedia.org/wiki/Historic_Centre_of_the_City_of_Salzburg","unescoUrl":"https://whc.unesco.org/en/list/784"},"geometry":{"type":"Point","coordinates":[13.0486,47.7997]}},{"type":"Feature","id":"AUT-Q1033019","properties":{"id":"Q1033019","name":"Hallstatt-Dachstein Salzkammergut cultural landscape","countryCode":"AUT","country":"Austria","wikipediaUrl":null,"unescoUrl":"https://whc.unesco.org/en/list/806"},"geometry":{"type":"Point","coordinates":[13.6464,47.5594]}},{"type":"Feature","id":"AUT-Q11288310","properties":{"id":"Q11288310","name":"Historic Centre of Vienna","countryCode":"AUT","country":"Austria","wikipediaUrl":null,"unescoUrl":"https://whc.unesco.org/en/list/1033"},"geometry":{"type":"Point","coordinates":[16.3722,48.2084]}},{"type":"Feature","id":"AUT-Q2326418","properties":{"id":"Q2326418","name":"City of Graz – Historic Centre and Schloss Eggenberg","countryCode":"AUT","country":"Austria","wikipediaUrl":null,"unescoUrl":"https://whc.unesco.org/en/list/931"},"geometry":{"type":"Point","coordinates":[15.391666666,47.074166666]}},{"type":"Feature","id":"AUT-Q2925869","properties":{"id":"Q2925869","name":"Fertö / Neusiedlersee Cultural Landscape","countryCode":"AUT","country":"Austria","wikipediaUrl":null,"unescoUrl":"https://whc.unesco.org/en/list/772"},"geometry":{"type":"Point","coordinates":[16.73472222,47.80055556]}},{"type":"Feature","id":"AUT-Q108017566","properties":{"id":"Q108017566","name":"Frontiers of the Roman Empire – The Danube Limes (Western Segment)","countryCode":"AUT","country":"Austria","wikipediaUrl":null,"unescoUrl":"https://whc.unesco.org/en/list/1608"},"geometry":{"type":"Point","coordinates":[16.861,48.115]}},{"type":"Feature","id":"AUT-Q64596229","properties":{"id":"Q64596229","name":"Palace and gardens of Schönbrunn","countryCode":"AUT","country":"Austria","wikipediaUrl":null,"unescoUrl":"https://whc.unesco.org/en/list/786"},"geometry":{"type":"Point","coordinates":[16.31333,48.18667]}},{"type":"Feature","id":"PHL-Q235004","properties":{"id":"Q235004","name":"Q235004","countryCode":"PHL","country":"Philippines","wikipediaUrl":"https://en.wikipedia.org/wiki/Vigan","unescoUrl":"https://whc.unesco.org/en/list/502"},"geometry":{"type":"Point","coordinates":[120.38694,17.57472]}},{"type":"Feature","id":"PHL-Q824602","properties":{"id":"Q824602","name":"Puerto Princesa Subterranean River National Park","countryCode":"PHL","country":"Philippines","wikipediaUrl":"https://en.wikipedia.org/wiki/Puerto_Princesa_Subterranean_River_National_Park","unescoUrl":"https://whc.unesco.org/en/list/652"},"geometry":{"type":"Point","coordinates":[118.916666666,10.166666666]}},{"type":"Feature","id":"PHL-Q927108","properties":{"id":"Q927108","name":"Tubbataha Reef","countryCode":"PHL","country":"Philippines","wikipediaUrl":"https://en.wikipedia.org/wiki/Tubbataha_Reef","unescoUrl":"https://whc.unesco.org/en/list/653"},"geometry":{"type":"Point","coordinates":[119.8675,8.953333333]}},{"type":"Feature","id":"PHL-Q808563","properties":{"id":"Q808563","name":"Baroque Churches of the Philippines","countryCode":"PHL","country":"Philippines","wikipediaUrl":"https://en.wikipedia.org/wiki/Baroque_Churches_of_the_Philippines","unescoUrl":"https://whc.unesco.org/en/list/677"},"geometry":{"type":"Point","coordinates":[120.48305,17.36642]}},{"type":"Feature","id":"PHL-Q1503858","properties":{"id":"Q1503858","name":"Rice Terraces of the Philippine Cordilleras","countryCode":"PHL","country":"Philippines","wikipediaUrl":"https://en.wikipedia.org/wiki/Rice_Terraces_of_the_Philippine_Cordilleras","unescoUrl":"https://whc.unesco.org/en/list/722"},"geometry":{"type":"Point","coordinates":[121.13667,16.93389]}},{"type":"Feature","id":"PHL-Q17494587","properties":{"id":"Q17494587","name":"Mount Hamiguitan Range Wildlife Sanctuary","countryCode":"PHL","country":"Philippines","wikipediaUrl":"https://en.wikipedia.org/wiki/Mount_Hamiguitan_Range_Wildlife_Sanctuary","unescoUrl":"https://whc.unesco.org/en/list/1403"},"geometry":{"type":"Point","coordinates":[126.182,6.74]}},{"type":"Feature","id":"THA-Q1025100","properties":{"id":"Q1025100","name":"Ayutthaya Historical Park","countryCode":"THA","country":"Thailand","wikipediaUrl":"https://en.wikipedia.org/wiki/Ayutthaya_Historical_Park","unescoUrl":"https://whc.unesco.org/en/list/576"},"geometry":{"type":"Point","coordinates":[100.5575086,14.351626]}},{"type":"Feature","id":"THA-Q584125","properties":{"id":"Q584125","name":"Ban Chiang","countryCode":"THA","country":"Thailand","wikipediaUrl":"https://en.wikipedia.org/wiki/Ban_Chiang","unescoUrl":"https://whc.unesco.org/en/list/575"},"geometry":{"type":"Point","coordinates":[103.358333333,17.548611111]}},{"type":"Feature","id":"THA-Q422995","properties":{"id":"Q422995","name":"Thungyai Naresuan Wildlife Sanctuary","countryCode":"THA","country":"Thailand","wikipediaUrl":"https://en.wikipedia.org/wiki/Thung_Yai_Naresuan_Wildlife_Sanctuary","unescoUrl":"https://whc.unesco.org/en/list/591"},"geometry":{"type":"Point","coordinates":[98.916666666,15.333333333]}},{"type":"Feature","id":"THA-Q1517758","properties":{"id":"Q1517758","name":"Si Thep historical park","countryCode":"THA","country":"Thailand","wikipediaUrl":"https://en.wikipedia.org/wiki/Si_Thep_Historical_Park","unescoUrl":"https://whc.unesco.org/en/list/1662"},"geometry":{"type":"Point","coordinates":[101.15009308,15.46658533]}},{"type":"Feature","id":"THA-Q16963852","properties":{"id":"Q16963852","name":"Dong Phayayen-Khao Yai Forest Complex","countryCode":"THA","country":"Thailand","wikipediaUrl":"https://en.wikipedia.org/wiki/Dong_Phayayen%E2%80%93Khao_Yai_Forest_Complex","unescoUrl":"https://whc.unesco.org/en/list/590"},"geometry":{"type":"Point","coordinates":[102.05,14.33]}},{"type":"Feature","id":"THA-Q2552354","properties":{"id":"Q2552354","name":"Wat Phra Mahathat","countryCode":"THA","country":"Thailand","wikipediaUrl":"https://en.wikipedia.org/wiki/Wat_Phra_Mahathat","unescoUrl":"https://whc.unesco.org/en/list/1761"},"geometry":{"type":"Point","coordinates":[99.966666666,8.411388888]}},{"type":"Feature","id":"THA-Q865097","properties":{"id":"Q865097","name":"Historic Town of Sukhothai and Associated Historic Towns","countryCode":"THA","country":"Thailand","wikipediaUrl":"https://en.wikipedia.org/wiki/Historic_Town_of_Sukhothai_and_Associated_Historic_Towns","unescoUrl":"https://whc.unesco.org/en/list/574"},"geometry":{"type":"Point","coordinates":[99.70361111,17.02111111]}},{"type":"Feature","id":"THA-Q37636297","properties":{"id":"Q37636297","name":"Kaeng Krachan Forest Complex","countryCode":"THA","country":"Thailand","wikipediaUrl":"https://en.wikipedia.org/wiki/Kaeng_Krachan_Forest_Complex","unescoUrl":"https://whc.unesco.org/en/list/1461"},"geometry":{"type":"Point","coordinates":[99.400166666,12.865666666]}},{"type":"Feature","id":"THA-Q15725130","properties":{"id":"Q15725130","name":"Thungyai-Huai Kha Khaeng Wildlife Sanctuaries","countryCode":"THA","country":"Thailand","wikipediaUrl":"https://en.wikipedia.org/wiki/Thungyai%E2%80%93Huai_Kha_Khaeng_Wildlife_Sanctuaries","unescoUrl":"https://whc.unesco.org/en/list/591"},"geometry":{"type":"Point","coordinates":[98.91667,15.33333]}},{"type":"Feature","id":"THA-Q127935365","properties":{"id":"Q127935365","name":"Phu Phrabat, a testimony to the Sīma stone tradition of the Dvaravati period","countryCode":"THA","country":"Thailand","wikipediaUrl":null,"unescoUrl":"https://whc.unesco.org/en/list/1507"},"geometry":{"type":"Point","coordinates":[102.356277777,17.731055555]}},{"type":"Feature","id":"PAK-Q5725","properties":{"id":"Q5725","name":"Mohenjo-daro","countryCode":"PAK","country":"Pakistan","wikipediaUrl":"https://en.wikipedia.org/wiki/Mohenjo-daro","unescoUrl":"https://whc.unesco.org/en/list/138"},"geometry":{"type":"Point","coordinates":[68.138888888,27.329166666]}},{"type":"Feature","id":"PAK-Q156093","properties":{"id":"Q156093","name":"Taxila","countryCode":"PAK","country":"Pakistan","wikipediaUrl":"https://en.wikipedia.org/wiki/Taxila","unescoUrl":"https://whc.unesco.org/en/list/139"},"geometry":{"type":"Point","coordinates":[72.7875,33.745833333]}},{"type":"Feature","id":"PAK-Q155188","properties":{"id":"Q155188","name":"Rohtas Fort","countryCode":"PAK","country":"Pakistan","wikipediaUrl":"https://en.wikipedia.org/wiki/Rohtas_Fort","unescoUrl":"https://whc.unesco.org/en/list/586"},"geometry":{"type":"Point","coordinates":[73.576416666,32.965277777]}},{"type":"Feature","id":"PAK-Q15240737","properties":{"id":"Q15240737","name":"Buddhist Ruins of Takht-i-Bahi and Neighbouring City Remains at Sahr-i-Bahlol","countryCode":"PAK","country":"Pakistan","wikipediaUrl":null,"unescoUrl":"https://whc.unesco.org/en/list/140"},"geometry":{"type":"Point","coordinates":[71.94583333,34.32083333]}},{"type":"Feature","id":"PAK-Q155727","properties":{"id":"Q155727","name":"Fort and Shalamar Gardens in Lahore","countryCode":"PAK","country":"Pakistan","wikipediaUrl":null,"unescoUrl":"https://whc.unesco.org/en/list/171"},"geometry":{"type":"Point","coordinates":[74.30972222,31.59027778]}},{"type":"Feature","id":"PAK-Q10332177","properties":{"id":"Q10332177","name":"Historical Monuments at Makli, Thatta","countryCode":"PAK","country":"Pakistan","wikipediaUrl":null,"unescoUrl":"https://whc.unesco.org/en/list/143"},"geometry":{"type":"Point","coordinates":[67.898611111,24.756388888]}},{"type":"Feature","id":"NOR-Q192243","properties":{"id":"Q192243","name":"Struve Geodetic Arc","countryCode":"NOR","country":"Norway","wikipediaUrl":"https://en.wikipedia.org/wiki/Struve_Geodetic_Arc","unescoUrl":"https://whc.unesco.org/en/list/1187"},"geometry":{"type":"Point","coordinates":[25.649444444,52.289444444]}},{"type":"Feature","id":"NOR-Q210678","properties":{"id":"Q210678","name":"Urnes Stave Church","countryCode":"NOR","country":"Norway","wikipediaUrl":"https://en.wikipedia.org/wiki/Urnes_Stave_Church","unescoUrl":"https://whc.unesco.org/en/list/58"},"geometry":{"type":"Point","coordinates":[7.3225,61.298055555]}},{"type":"Feature","id":"NOR-Q153430","properties":{"id":"Q153430","name":"Bryggen","countryCode":"NOR","country":"Norway","wikipediaUrl":"https://en.wikipedia.org/wiki/Bryggen","unescoUrl":"https://whc.unesco.org/en/list/59"},"geometry":{"type":"Point","coordinates":[5.323333333,60.3975]}},{"type":"Feature","id":"NOR-Q829084","properties":{"id":"Q829084","name":"Vega Archipelago","countryCode":"NOR","country":"Norway","wikipediaUrl":"https://en.wikipedia.org/wiki/Vega%C3%B8yan","unescoUrl":"https://whc.unesco.org/en/list/1143"},"geometry":{"type":"Point","coordinates":[11.9,65.633333333]}},{"type":"Feature","id":"NOR-Q433634","properties":{"id":"Q433634","name":"Rock carvings at Alta","countryCode":"NOR","country":"Norway","wikipediaUrl":"https://en.wikipedia.org/wiki/Rock_carvings_at_Alta","unescoUrl":"https://whc.unesco.org/en/list/352"},"geometry":{"type":"Point","coordinates":[23.187777777,69.946944444]}},{"type":"Feature","id":"NOR-Q20643889","properties":{"id":"Q20643889","name":"Rjukan–Notodden Industrial Heritage Site","countryCode":"NOR","country":"Norway","wikipediaUrl":"https://en.wikipedia.org/wiki/Rjukan%E2%80%93Notodden_Industrial_Heritage_Site","unescoUrl":"https://whc.unesco.org/en/list/1486"},"geometry":{"type":"Point","coordinates":[8.593611111,59.878611111]}},{"type":"Feature","id":"NOR-Q12269990","properties":{"id":"Q12269990","name":"West Norwegian Fjords – Geirangerfjord and Nærøyfjord","countryCode":"NOR","country":"Norway","wikipediaUrl":"https://en.wikipedia.org/wiki/West_Norwegian_Fjords","unescoUrl":"https://whc.unesco.org/en/list/1195"},"geometry":{"type":"Point","coordinates":[6.977692,60.965776]}},{"type":"Feature","id":"NOR-Q19387263","properties":{"id":"Q19387263","name":"Røros Mining Town and the Circumference","countryCode":"NOR","country":"Norway","wikipediaUrl":null,"unescoUrl":"https://whc.unesco.org/en/list/55"},"geometry":{"type":"Point","coordinates":[11.38555556,62.57388889]}},{"type":"Feature","id":"TJK-Q3076575","properties":{"id":"Q3076575","name":"Pamir National Park","countryCode":"TJK","country":"Tajikistan","wikipediaUrl":"https://en.wikipedia.org/wiki/Tajik_National_Park","unescoUrl":"https://whc.unesco.org/en/list/1252"},"geometry":{"type":"Point","coordinates":[72.119751,38.741231]}},{"type":"Feature","id":"TJK-Q422929","properties":{"id":"Q422929","name":"Sarazm","countryCode":"TJK","country":"Tajikistan","wikipediaUrl":"https://en.wikipedia.org/wiki/Sarazm","unescoUrl":"https://whc.unesco.org/en/list/1141"},"geometry":{"type":"Point","coordinates":[67.566666666,39.516666666]}},{"type":"Feature","id":"TJK-Q1138108","properties":{"id":"Q1138108","name":"Tigrovaya Balka Nature Reserve","countryCode":"TJK","country":"Tajikistan","wikipediaUrl":"https://en.wikipedia.org/wiki/Tigrovaya_Balka_Nature_Reserve","unescoUrl":"https://whc.unesco.org/en/list/1685"},"geometry":{"type":"Point","coordinates":[68.5,37.25]}},{"type":"Feature","id":"TJK-Q122666385","properties":{"id":"Q122666385","name":"Silk Roads: Zarafshan-Karakum Corridor","countryCode":"TJK","country":"Tajikistan","wikipediaUrl":"https://en.wikipedia.org/wiki/Silk_Roads:_Zarafshan-Karakum_Corridor","unescoUrl":"https://whc.unesco.org/en/list/1675"},"geometry":{"type":"Point","coordinates":[69.685558333,39.441488888]}},{"type":"Feature","id":"TJK-Q135442987","properties":{"id":"Q135442987","name":"Cultural Heritage Sites of Ancient Khuttal","countryCode":"TJK","country":"Tajikistan","wikipediaUrl":null,"unescoUrl":"https://whc.unesco.org/en/list/1627"},"geometry":{"type":"Point","coordinates":[69.556730555,37.777741666]}},{"type":"Feature","id":"BRB-Q629210","properties":{"id":"Q629210","name":"Garrison Historic Area","countryCode":"BRB","country":"Barbados","wikipediaUrl":"https://en.wikipedia.org/wiki/Garrison_Historic_Area","unescoUrl":"https://whc.unesco.org/en/list/1376"},"geometry":{"type":"Point","coordinates":[-59.61388889,13.09666667]}},{"type":"Feature","id":"NGA-Q1123956","properties":{"id":"Q1123956","name":"Sukur","countryCode":"NGA","country":"Nigeria","wikipediaUrl":"https://en.wikipedia.org/wiki/Sukur","unescoUrl":"https://whc.unesco.org/en/list/938"},"geometry":{"type":"Point","coordinates":[13.571666666,10.740555555]}},{"type":"Feature","id":"NGA-Q621498","properties":{"id":"Q621498","name":"Osun-Osogbo Grove","countryCode":"NGA","country":"Nigeria","wikipediaUrl":"https://en.wikipedia.org/wiki/Osun-Osogbo","unescoUrl":"https://whc.unesco.org/en/list/1118"},"geometry":{"type":"Point","coordinates":[4.550625,7.75491]}},{"type":"Feature","id":"JOR-Q5788","properties":{"id":"Q5788","name":"Petra","countryCode":"JOR","country":"Jordan","wikipediaUrl":"https://en.wikipedia.org/wiki/Petra","unescoUrl":"https://whc.unesco.org/en/list/326"},"geometry":{"type":"Point","coordinates":[35.440277777,30.328888888]}},{"type":"Feature","id":"JOR-Q40729","properties":{"id":"Q40729","name":"Wadi Rum","countryCode":"JOR","country":"Jordan","wikipediaUrl":"https://en.wikipedia.org/wiki/Wadi_Rum","unescoUrl":"https://whc.unesco.org/en/list/1377"},"geometry":{"type":"Point","coordinates":[35.419927777,29.5765]}},{"type":"Feature","id":"JOR-Q867586","properties":{"id":"Q867586","name":"Salt","countryCode":"JOR","country":"Jordan","wikipediaUrl":"https://en.wikipedia.org/wiki/As-Salt","unescoUrl":"https://whc.unesco.org/en/list/689"},"geometry":{"type":"Point","coordinates":[35.727222222,32.039166666]}},{"type":"Feature","id":"JOR-Q499517","properties":{"id":"Q499517","name":"Qasr Amra","countryCode":"JOR","country":"Jordan","wikipediaUrl":"https://en.wikipedia.org/wiki/Qusayr_%27Amra","unescoUrl":"https://whc.unesco.org/en/list/327"},"geometry":{"type":"Point","coordinates":[36.587305555,31.80175]}},{"type":"Feature","id":"JOR-Q12193567","properties":{"id":"Q12193567","name":"Al Maghtas","countryCode":"JOR","country":"Jordan","wikipediaUrl":"https://en.wikipedia.org/wiki/Al-Maghtas","unescoUrl":"https://whc.unesco.org/en/list/1446"},"geometry":{"type":"Point","coordinates":[35.550277777,31.837222222]}},{"type":"Feature","id":"JOR-Q822842","properties":{"id":"Q822842","name":"Umm ar-Rasas","countryCode":"JOR","country":"Jordan","wikipediaUrl":"https://en.wikipedia.org/wiki/Umm_ar-Rasas","unescoUrl":"https://whc.unesco.org/en/list/1093"},"geometry":{"type":"Point","coordinates":[35.919722222,31.499722222]}},{"type":"Feature","id":"JOR-Q3107493","properties":{"id":"Q3107493","name":"Umm el-Jimal","countryCode":"JOR","country":"Jordan","wikipediaUrl":"https://en.wikipedia.org/wiki/Umm_el-Jimal","unescoUrl":"https://whc.unesco.org/en/list/1721"},"geometry":{"type":"Point","coordinates":[36.369722222,32.326666666]}},{"type":"Feature","id":"JOR-Q31866622","properties":{"id":"Q31866622","name":"Aqaba Marine Reserve","countryCode":"JOR","country":"Jordan","wikipediaUrl":"https://en.wikipedia.org/wiki/Aqaba_Marine_Reserve","unescoUrl":"https://whc.unesco.org/en/list/1742"},"geometry":{"type":"Point","coordinates":[34.9718427,29.4307022]}},{"type":"Feature","id":"LTU-Q5595","properties":{"id":"Q5595","name":"Curonian Spit","countryCode":"LTU","country":"Lithuania","wikipediaUrl":"https://en.wikipedia.org/wiki/Curonian_Spit","unescoUrl":"https://whc.unesco.org/en/list/994"},"geometry":{"type":"Point","coordinates":[20.970833333,55.274444444]}},{"type":"Feature","id":"LTU-Q192243","properties":{"id":"Q192243","name":"Struve Geodetic Arc","countryCode":"LTU","country":"Lithuania","wikipediaUrl":"https://en.wikipedia.org/wiki/Struve_Geodetic_Arc","unescoUrl":"https://whc.unesco.org/en/list/1187"},"geometry":{"type":"Point","coordinates":[25.649444444,52.289444444]}},{"type":"Feature","id":"LTU-Q445649","properties":{"id":"Q445649","name":"Vilnius Old Town","countryCode":"LTU","country":"Lithuania","wikipediaUrl":"https://en.wikipedia.org/wiki/Vilnius_Old_Town","unescoUrl":"https://whc.unesco.org/en/list/541"},"geometry":{"type":"Point","coordinates":[25.283333333,54.683333333]}},{"type":"Feature","id":"LTU-Q64462328","properties":{"id":"Q64462328","name":"Modernist Kaunas: Architecture of Optimism, 1919-1939","countryCode":"LTU","country":"Lithuania","wikipediaUrl":"https://en.wikipedia.org/wiki/Modern_architecture_of_Kaunas","unescoUrl":"https://whc.unesco.org/en/list/1661"},"geometry":{"type":"Point","coordinates":[23.929167,54.896944]}},{"type":"Feature","id":"LTU-Q12676460","properties":{"id":"Q12676460","name":"Cultural Reserve of Kernavė","countryCode":"LTU","country":"Lithuania","wikipediaUrl":null,"unescoUrl":"https://whc.unesco.org/en/list/1137"},"geometry":{"type":"Point","coordinates":[24.841666666,54.880555555]}},{"type":"Feature","id":"FIN-Q192243","properties":{"id":"Q192243","name":"Struve Geodetic Arc","countryCode":"FIN","country":"Finland","wikipediaUrl":"https://en.wikipedia.org/wiki/Struve_Geodetic_Arc","unescoUrl":"https://whc.unesco.org/en/list/1187"},"geometry":{"type":"Point","coordinates":[25.649444444,52.289444444]}},{"type":"Feature","id":"FIN-Q1292442","properties":{"id":"Q1292442","name":"Suomenlinna","countryCode":"FIN","country":"Finland","wikipediaUrl":"https://en.wikipedia.org/wiki/Suomenlinna","unescoUrl":"https://whc.unesco.org/en/list/583"},"geometry":{"type":"Point","coordinates":[24.984444444,60.143611111]}},{"type":"Feature","id":"FIN-Q435829","properties":{"id":"Q435829","name":"Petäjävesi Old Church","countryCode":"FIN","country":"Finland","wikipediaUrl":"https://en.wikipedia.org/wiki/Pet%C3%A4j%C3%A4vesi_Old_Church","unescoUrl":"https://whc.unesco.org/en/list/584"},"geometry":{"type":"Point","coordinates":[25.1839449,62.2501367]}},{"type":"Feature","id":"FIN-Q239748","properties":{"id":"Q239748","name":"Sammallahdenmäki","countryCode":"FIN","country":"Finland","wikipediaUrl":"https://en.wikipedia.org/wiki/Sammallahdenm%C3%A4ki","unescoUrl":"https://whc.unesco.org/en/list/579"},"geometry":{"type":"Point","coordinates":[21.7751687,61.11767375]}},{"type":"Feature","id":"FIN-Q828417","properties":{"id":"Q828417","name":"Old Rauma","countryCode":"FIN","country":"Finland","wikipediaUrl":"https://en.wikipedia.org/wiki/Old_Rauma","unescoUrl":"https://whc.unesco.org/en/list/582"},"geometry":{"type":"Point","coordinates":[21.513215,61.128269]}},{"type":"Feature","id":"FIN-Q217447","properties":{"id":"Q217447","name":"Verla","countryCode":"FIN","country":"Finland","wikipediaUrl":"https://en.wikipedia.org/wiki/Verla","unescoUrl":"https://whc.unesco.org/en/list/751"},"geometry":{"type":"Point","coordinates":[26.640016,61.061992]}},{"type":"Feature","id":"FIN-Q10532185","properties":{"id":"Q10532185","name":"High Coast/Kvarken Archipelago","countryCode":"FIN","country":"Finland","wikipediaUrl":null,"unescoUrl":"https://whc.unesco.org/en/list/898"},"geometry":{"type":"Point","coordinates":[20.45,63.066666666]}},{"type":"Feature","id":"NLD-Q9900","properties":{"id":"Q9900","name":"Beemster","countryCode":"NLD","country":"Netherlands","wikipediaUrl":"https://en.wikipedia.org/wiki/Beemster","unescoUrl":"https://whc.unesco.org/en/list/899"},"geometry":{"type":"Point","coordinates":[4.9278,52.55]}},{"type":"Feature","id":"NLD-Q140869527","properties":{"id":"Q140869527","name":"Q140869527","countryCode":"NLD","country":"Netherlands","wikipediaUrl":"https://en.wikipedia.org/wiki/Schokland","unescoUrl":"https://whc.unesco.org/en/list/739"},"geometry":{"type":"Point","coordinates":[5.771666666,52.638611111]}},{"type":"Feature","id":"NLD-Q914231","properties":{"id":"Q914231","name":"Rietveld Schröder House","countryCode":"NLD","country":"Netherlands","wikipediaUrl":"https://en.wikipedia.org/wiki/Rietveld_Schr%C3%B6der_House","unescoUrl":"https://whc.unesco.org/en/list/965"},"geometry":{"type":"Point","coordinates":[5.147597,52.085333]}},{"type":"Feature","id":"NLD-Q601223","properties":{"id":"Q601223","name":"Eise Eisinga Planetarium","countryCode":"NLD","country":"Netherlands","wikipediaUrl":"https://en.wikipedia.org/wiki/Eise_Eisinga_Planetarium","unescoUrl":"https://whc.unesco.org/en/list/1683"},"geometry":{"type":"Point","coordinates":[5.543752777,53.187375]}},{"type":"Feature","id":"NLD-Q1121835","properties":{"id":"Q1121835","name":"Ir.D.F. Woudagemaal","countryCode":"NLD","country":"Netherlands","wikipediaUrl":"https://en.wikipedia.org/wiki/Wouda_pumping_station","unescoUrl":"https://whc.unesco.org/en/list/867"},"geometry":{"type":"Point","coordinates":[5.678888888,52.845833333]}},{"type":"Feature","id":"NLD-Q2328849","properties":{"id":"Q2328849","name":"Van Nelle Factory","countryCode":"NLD","country":"Netherlands","wikipediaUrl":"https://en.wikipedia.org/wiki/Van_Nelle_Factory","unescoUrl":"https://whc.unesco.org/en/list/1441"},"geometry":{"type":"Point","coordinates":[4.433611,51.922778]}},{"type":"Feature","id":"NLD-Q12012965","properties":{"id":"Q12012965","name":"Windmills at Kinderdijk","countryCode":"NLD","country":"Netherlands","wikipediaUrl":"https://en.wikipedia.org/wiki/Kinderdijk_windmills","unescoUrl":"https://whc.unesco.org/en/list/818"},"geometry":{"type":"Point","coordinates":[4.63472,51.88861]}},{"type":"Feature","id":"NLD-Q478707","properties":{"id":"Q478707","name":"Grachtengordel","countryCode":"NLD","country":"Netherlands","wikipediaUrl":"https://en.wikipedia.org/wiki/Grachtengordel","unescoUrl":"https://whc.unesco.org/en/list/1349"},"geometry":{"type":"Point","coordinates":[4.885833333,52.366388888]}},{"type":"Feature","id":"NLD-Q1265889","properties":{"id":"Q1265889","name":"Lower German Limes","countryCode":"NLD","country":"Netherlands","wikipediaUrl":"https://en.wikipedia.org/wiki/Lower_Germanic_Limes","unescoUrl":"https://whc.unesco.org/en/list/1631"},"geometry":{"type":"Point","coordinates":[6.453888888,51.662222222]}},{"type":"Feature","id":"NLD-Q64590591","properties":{"id":"Q64590591","name":"Colonies of Benevolence","countryCode":"NLD","country":"Netherlands","wikipediaUrl":null,"unescoUrl":"https://whc.unesco.org/en/list/1555"},"geometry":{"type":"Point","coordinates":[6.391589,53.042222]}},{"type":"Feature","id":"NLD-Q64590253","properties":{"id":"Q64590253","name":"Dutch Water Defence Lines","countryCode":"NLD","country":"Netherlands","wikipediaUrl":"https://en.wikipedia.org/wiki/Dutch_Water_Defence_Lines","unescoUrl":"https://whc.unesco.org/en/list/759"},"geometry":{"type":"Point","coordinates":[5.168330555,52.058611111]}},{"type":"Feature","id":"NLD-Q64590476","properties":{"id":"Q64590476","name":"Wadden Sea","countryCode":"NLD","country":"Netherlands","wikipediaUrl":null,"unescoUrl":"https://whc.unesco.org/en/list/1314"},"geometry":{"type":"Point","coordinates":[8.556111111,53.528611111]}},{"type":"Feature","id":"YEM-Q192518","properties":{"id":"Q192518","name":"Shibam","countryCode":"YEM","country":"Yemen","wikipediaUrl":"https://en.wikipedia.org/wiki/Shibam","unescoUrl":"https://whc.unesco.org/en/list/192"},"geometry":{"type":"Point","coordinates":[48.626666666,15.926944444]}},{"type":"Feature","id":"YEM-Q138986","properties":{"id":"Q138986","name":"Zabid","countryCode":"YEM","country":"Yemen","wikipediaUrl":"https://en.wikipedia.org/wiki/Zabid","unescoUrl":"https://whc.unesco.org/en/list/611"},"geometry":{"type":"Point","coordinates":[43.316666666,14.2]}},{"type":"Feature","id":"YEM-Q2860218","properties":{"id":"Q2860218","name":"Socotra Archipelago","countryCode":"YEM","country":"Yemen","wikipediaUrl":"https://en.wikipedia.org/wiki/Socotra_Archipelago","unescoUrl":"https://whc.unesco.org/en/list/1263"},"geometry":{"type":"Point","coordinates":[53.4,12.5]}},{"type":"Feature","id":"YEM-Q116943542","properties":{"id":"Q116943542","name":"Landmarks of the Ancient Kingdom of Saba","countryCode":"YEM","country":"Yemen","wikipediaUrl":"https://en.wikipedia.org/wiki/Landmarks_of_the_Ancient_Kingdom_of_Saba,_Marib","unescoUrl":"https://whc.unesco.org/en/list/1700"},"geometry":{"type":"Point","coordinates":[45.335227777,15.426769444]}},{"type":"Feature","id":"YEM-Q12220316","properties":{"id":"Q12220316","name":"Old Sana'a","countryCode":"YEM","country":"Yemen","wikipediaUrl":"https://en.wikipedia.org/wiki/Old_City_of_Sana%27a","unescoUrl":"https://whc.unesco.org/en/list/385"},"geometry":{"type":"Point","coordinates":[44.20805556,15.35555556]}},{"type":"Feature","id":"NER-Q794643","properties":{"id":"Q794643","name":"Aïr and Ténéré National Nature Reserve","countryCode":"NER","country":"Niger","wikipediaUrl":"https://en.wikipedia.org/wiki/A%C3%AFr_and_T%C3%A9n%C3%A9r%C3%A9_National_Nature_Reserve","unescoUrl":"https://whc.unesco.org/en/list/573"},"geometry":{"type":"Point","coordinates":[9,18]}},{"type":"Feature","id":"NER-Q25379596","properties":{"id":"Q25379596","name":"W-Arly-Pendjari Complex","countryCode":"NER","country":"Niger","wikipediaUrl":"https://en.wikipedia.org/wiki/W%E2%80%93Arly%E2%80%93Pendjari_Complex","unescoUrl":"https://whc.unesco.org/en/list/749"},"geometry":{"type":"Point","coordinates":[2.29,11.53]}},{"type":"Feature","id":"NER-Q47800464","properties":{"id":"Q47800464","name":"Historic Center of Agadez","countryCode":"NER","country":"Niger","wikipediaUrl":"https://en.wikipedia.org/wiki/Historic_Centre_of_Agadez","unescoUrl":"https://whc.unesco.org/en/list/1268"},"geometry":{"type":"Point","coordinates":[7.9896,16.9744]}},{"type":"Feature","id":"ZWE-Q209217","properties":{"id":"Q209217","name":"Great Zimbabwe","countryCode":"ZWE","country":"Zimbabwe","wikipediaUrl":"https://en.wikipedia.org/wiki/Great_Zimbabwe","unescoUrl":"https://whc.unesco.org/en/list/364"},"geometry":{"type":"Point","coordinates":[30.933,-20.27]}},{"type":"Feature","id":"ZWE-Q938685","properties":{"id":"Q938685","name":"Khami","countryCode":"ZWE","country":"Zimbabwe","wikipediaUrl":"https://en.wikipedia.org/wiki/Khami","unescoUrl":"https://whc.unesco.org/en/list/365"},"geometry":{"type":"Point","coordinates":[28.423436111,-20.143291666]}},{"type":"Feature","id":"ZWE-Q917429","properties":{"id":"Q917429","name":"Matobo Hills","countryCode":"ZWE","country":"Zimbabwe","wikipediaUrl":"https://en.wikipedia.org/wiki/Matobo_Hills","unescoUrl":"https://whc.unesco.org/en/list/306"},"geometry":{"type":"Point","coordinates":[28.666666666,-20.583333333]}},{"type":"Feature","id":"ZWE-Q15728398","properties":{"id":"Q15728398","name":"Mana Pools National Park, Sapi and Chewore Safari Areas","countryCode":"ZWE","country":"Zimbabwe","wikipediaUrl":null,"unescoUrl":"https://whc.unesco.org/en/list/302"},"geometry":{"type":"Point","coordinates":[29.40805556,-15.81944444]}},{"type":"Feature","id":"GRL-Q828071","properties":{"id":"Q828071","name":"Ilulissat Icefjord","countryCode":"GRL","country":"Greenland","wikipediaUrl":"https://en.wikipedia.org/wiki/Ilulissat_Icefjord","unescoUrl":"https://whc.unesco.org/en/list/1149"},"geometry":{"type":"Point","coordinates":[-49.55,69.15]}},{"type":"Feature","id":"GRL-Q32904732","properties":{"id":"Q32904732","name":"Kujataa","countryCode":"GRL","country":"Greenland","wikipediaUrl":"https://en.wikipedia.org/wiki/Kujataa","unescoUrl":"https://whc.unesco.org/en/list/1536"},"geometry":{"type":"Point","coordinates":[-45.598055555,61.164444444]}},{"type":"Feature","id":"GRL-Q16324987","properties":{"id":"Q16324987","name":"Aasivissuit–Nipisat","countryCode":"GRL","country":"Greenland","wikipediaUrl":"https://en.wikipedia.org/wiki/Aasivissuit_%E2%80%93_Nipisat:_Inuit_Hunting_Ground_between_Ice_and_Sea","unescoUrl":"https://whc.unesco.org/en/list/1557"},"geometry":{"type":"Point","coordinates":[-51.433205555,67.063930555]}},{"type":"Feature","id":"CYP-Q385086","properties":{"id":"Q385086","name":"Khirokitia","countryCode":"CYP","country":"Cyprus","wikipediaUrl":"https://en.wikipedia.org/wiki/Khirokitia","unescoUrl":"https://whc.unesco.org/en/list/848"},"geometry":{"type":"Point","coordinates":[33.343719444,34.796725]}},{"type":"Feature","id":"CYP-Q462702","properties":{"id":"Q462702","name":"Painted Churches in the Troödos Region","countryCode":"CYP","country":"Cyprus","wikipediaUrl":"https://en.wikipedia.org/wiki/Painted_Churches_in_the_Troodos_Region","unescoUrl":"https://whc.unesco.org/en/list/351"},"geometry":{"type":"Point","coordinates":[33.095833333,34.920277777]}},{"type":"Feature","id":"CYP-Q64433741","properties":{"id":"Q64433741","name":"Paphos","countryCode":"CYP","country":"Cyprus","wikipediaUrl":null,"unescoUrl":"https://whc.unesco.org/en/list/79"},"geometry":{"type":"Point","coordinates":[32.40556,34.75833]}},{"type":"Feature","id":"SYR-Q5747","properties":{"id":"Q5747","name":"Palmyra","countryCode":"SYR","country":"Syria","wikipediaUrl":"https://en.wikipedia.org/wiki/Palmyra","unescoUrl":"https://whc.unesco.org/en/list/23"},"geometry":{"type":"Point","coordinates":[38.267222,34.56]}},{"type":"Feature","id":"SYR-Q393841","properties":{"id":"Q393841","name":"Dead Cities","countryCode":"SYR","country":"Syria","wikipediaUrl":"https://en.wikipedia.org/wiki/Dead_Cities","unescoUrl":"https://whc.unesco.org/en/list/1348"},"geometry":{"type":"Point","coordinates":[36.84416667,36.33416667]}},{"type":"Feature","id":"SYR-Q4115349","properties":{"id":"Q4115349","name":"Ancient City of Aleppo","countryCode":"SYR","country":"Syria","wikipediaUrl":"https://en.wikipedia.org/wiki/Ancient_Aleppo","unescoUrl":"https://whc.unesco.org/en/list/21"},"geometry":{"type":"Point","coordinates":[37.15,36.18333333]}},{"type":"Feature","id":"SYR-Q3678596","properties":{"id":"Q3678596","name":"Ancient City of Damascus","countryCode":"SYR","country":"Syria","wikipediaUrl":"https://en.wikipedia.org/wiki/Old_city_of_Damascus","unescoUrl":"https://whc.unesco.org/en/list/20"},"geometry":{"type":"Point","coordinates":[36.30639,33.51111222]}},{"type":"Feature","id":"SYR-Q15727412","properties":{"id":"Q15727412","name":"Ancient City of Bosra","countryCode":"SYR","country":"Syria","wikipediaUrl":"https://en.wikipedia.org/wiki/Ancient_City_of_Bosra","unescoUrl":"https://whc.unesco.org/en/list/22"},"geometry":{"type":"Point","coordinates":[36.48166667,32.51805556]}},{"type":"Feature","id":"SYR-Q15604681","properties":{"id":"Q15604681","name":"Crac des Chevaliers and Qal’at Salah El-Din","countryCode":"SYR","country":"Syria","wikipediaUrl":null,"unescoUrl":"https://whc.unesco.org/en/list/1229"},"geometry":{"type":"Point","coordinates":[36.26305556,34.78166667]}},{"type":"Feature","id":"MLT-Q23800","properties":{"id":"Q23800","name":"Valletta","countryCode":"MLT","country":"Malta","wikipediaUrl":"https://en.wikipedia.org/wiki/Valletta","unescoUrl":"https://whc.unesco.org/en/list/131"},"geometry":{"type":"Point","coordinates":[14.5125,35.897777777]}},{"type":"Feature","id":"MLT-Q755514","properties":{"id":"Q755514","name":"Hypogeum of Ħal Saflieni","countryCode":"MLT","country":"Malta","wikipediaUrl":"https://en.wikipedia.org/wiki/%C4%A6al_Saflieni_Hypogeum","unescoUrl":"https://whc.unesco.org/en/list/130"},"geometry":{"type":"Point","coordinates":[14.506883333,35.869558333]}},{"type":"Feature","id":"MLT-Q753383","properties":{"id":"Q753383","name":"Megalithic Temples of Malta","countryCode":"MLT","country":"Malta","wikipediaUrl":"https://en.wikipedia.org/wiki/Megalithic_Temples_of_Malta","unescoUrl":"https://whc.unesco.org/en/list/132"},"geometry":{"type":"Point","coordinates":[14.26944444,36.04916667]}},{"type":"Feature","id":"CHL-Q948975","properties":{"id":"Q948975","name":"Inca road system","countryCode":"CHL","country":"Chile","wikipediaUrl":"https://en.wikipedia.org/wiki/Inca_road_system","unescoUrl":"https://whc.unesco.org/en/list/1459"},"geometry":{"type":"Point","coordinates":[-69.59166667,-18.25]}},{"type":"Feature","id":"CHL-Q1763364","properties":{"id":"Q1763364","name":"Rapa Nui National Park","countryCode":"CHL","country":"Chile","wikipediaUrl":"https://en.wikipedia.org/wiki/Rapa_Nui_National_Park","unescoUrl":"https://whc.unesco.org/en/list/715"},"geometry":{"type":"Point","coordinates":[-109.348579,-27.072877]}},{"type":"Feature","id":"CHL-Q588417","properties":{"id":"Q588417","name":"Sewell","countryCode":"CHL","country":"Chile","wikipediaUrl":"https://en.wikipedia.org/wiki/Sewell,_Chile","unescoUrl":"https://whc.unesco.org/en/list/1214"},"geometry":{"type":"Point","coordinates":[-70.3825,-34.085]}},{"type":"Feature","id":"CHL-Q27964","properties":{"id":"Q27964","name":"Churches of Chiloé","countryCode":"CHL","country":"Chile","wikipediaUrl":"https://en.wikipedia.org/wiki/Churches_of_Chilo%C3%A9","unescoUrl":"https://whc.unesco.org/en/list/971"},"geometry":{"type":"Point","coordinates":[-73.766666666,-42.5]}},{"type":"Feature","id":"CHL-Q572895","properties":{"id":"Q572895","name":"Humberstone and Santa Laura Saltpeter Works","countryCode":"CHL","country":"Chile","wikipediaUrl":"https://en.wikipedia.org/wiki/Humberstone_and_Santa_Laura_Saltpeter_Works","unescoUrl":"https://whc.unesco.org/en/list/1178"},"geometry":{"type":"Point","coordinates":[-69.794444444,-20.208333333]}},{"type":"Feature","id":"CHL-Q27096877","properties":{"id":"Q27096877","name":"Chinchorro mummies","countryCode":"CHL","country":"Chile","wikipediaUrl":"https://en.wikipedia.org/wiki/Chinchorro_mummies","unescoUrl":"https://whc.unesco.org/en/list/1634"},"geometry":{"type":"Point","coordinates":[-70.321114,-18.480596]}},{"type":"Feature","id":"CHL-Q16333721","properties":{"id":"Q16333721","name":"Historic Quarter of the Seaport City of Valparaíso","countryCode":"CHL","country":"Chile","wikipediaUrl":null,"unescoUrl":"https://whc.unesco.org/en/list/959"},"geometry":{"type":"Point","coordinates":[-71.628,-33.04063889]}},{"type":"Feature","id":"CHL-Q108096731","properties":{"id":"Q108096731","name":"Settlement and Artificial Mummification of the Chinchorro Culture in the Arica and Parinacota Region","countryCode":"CHL","country":"Chile","wikipediaUrl":null,"unescoUrl":"https://whc.unesco.org/en/list/1634"},"geometry":{"type":"Point","coordinates":[-70.322,-18.482]}},{"type":"Feature","id":"SRB-Q143042","properties":{"id":"Q143042","name":"Studenica monastery","countryCode":"SRB","country":"Serbia","wikipediaUrl":"https://en.wikipedia.org/wiki/Studenica_Monastery","unescoUrl":"https://whc.unesco.org/en/list/389"},"geometry":{"type":"Point","coordinates":[20.531638888,43.486722222]}},{"type":"Feature","id":"SRB-Q904128","properties":{"id":"Q904128","name":"Gamzigrad","countryCode":"SRB","country":"Serbia","wikipediaUrl":"https://en.wikipedia.org/wiki/Gamzigrad","unescoUrl":"https://whc.unesco.org/en/list/1253"},"geometry":{"type":"Point","coordinates":[22.186166666,43.899305555]}},{"type":"Feature","id":"SRB-Q849517","properties":{"id":"Q849517","name":"Visoki Dečani","countryCode":"SRB","country":"Serbia","wikipediaUrl":"https://en.wikipedia.org/wiki/Visoki_De%C4%8Dani","unescoUrl":"https://whc.unesco.org/en/list/724"},"geometry":{"type":"Point","coordinates":[20.266388888,42.546944444]}},{"type":"Feature","id":"SRB-Q1982106","properties":{"id":"Q1982106","name":"Medieval Monuments in Kosovo","countryCode":"SRB","country":"Serbia","wikipediaUrl":"https://en.wikipedia.org/wiki/Medieval_Monuments_in_Kosovo","unescoUrl":"https://whc.unesco.org/en/list/724"},"geometry":{"type":"Point","coordinates":[20.265555555,42.661111111]}},{"type":"Feature","id":"SRB-Q890652","properties":{"id":"Q890652","name":"Our Lady of Promise","countryCode":"SRB","country":"Serbia","wikipediaUrl":"https://en.wikipedia.org/wiki/Our_Lady_of_Ljevi%C5%A1","unescoUrl":"https://whc.unesco.org/en/list/724"},"geometry":{"type":"Point","coordinates":[20.735833333,42.211388888]}},{"type":"Feature","id":"SRB-Q29000652","properties":{"id":"Q29000652","name":"Q29000652","countryCode":"SRB","country":"Serbia","wikipediaUrl":null,"unescoUrl":"https://whc.unesco.org/en/list/1504"},"geometry":{"type":"Point","coordinates":[17.924052777,43.092213888]}},{"type":"Feature","id":"SRB-Q10913999","properties":{"id":"Q10913999","name":"Stari Ras and Sopoćani","countryCode":"SRB","country":"Serbia","wikipediaUrl":null,"unescoUrl":"https://whc.unesco.org/en/list/96"},"geometry":{"type":"Point","coordinates":[20.42278,43.11889]}},{"type":"Feature","id":"MHL-Q152225","properties":{"id":"Q152225","name":"Bikini Atoll","countryCode":"MHL","country":"Marshall Islands","wikipediaUrl":"https://en.wikipedia.org/wiki/Bikini_Atoll","unescoUrl":"https://whc.unesco.org/en/list/1339"},"geometry":{"type":"Point","coordinates":[165.4,11.6]}},{"type":"Feature","id":"BWA-Q650872","properties":{"id":"Q650872","name":"Okavango Delta","countryCode":"BWA","country":"Botswana","wikipediaUrl":"https://en.wikipedia.org/wiki/Okavango_Delta","unescoUrl":"https://whc.unesco.org/en/list/1432"},"geometry":{"type":"Point","coordinates":[22.9,-19.4]}},{"type":"Feature","id":"BWA-Q214007","properties":{"id":"Q214007","name":"Tsodilo","countryCode":"BWA","country":"Botswana","wikipediaUrl":"https://en.wikipedia.org/wiki/Tsodilo","unescoUrl":"https://whc.unesco.org/en/list/1021"},"geometry":{"type":"Point","coordinates":[21.754166666,-18.771666666]}},{"type":"Feature","id":"SYC-Q272768","properties":{"id":"Q272768","name":"Aldabra","countryCode":"SYC","country":"Seychelles","wikipediaUrl":"https://en.wikipedia.org/wiki/Aldabra","unescoUrl":"https://whc.unesco.org/en/list/185"},"geometry":{"type":"Point","coordinates":[46.416388888,-9.416388888]}},{"type":"Feature","id":"SYC-Q573558","properties":{"id":"Q573558","name":"Vallée de Mai","countryCode":"SYC","country":"Seychelles","wikipediaUrl":"https://en.wikipedia.org/wiki/Vall%C3%A9e_de_Mai","unescoUrl":"https://whc.unesco.org/en/list/261"},"geometry":{"type":"Point","coordinates":[55.7375,-4.329166666]}},{"type":"Feature","id":"TUN-Q179570","properties":{"id":"Q179570","name":"Kairouan","countryCode":"TUN","country":"Tunisia","wikipediaUrl":"https://en.wikipedia.org/wiki/Kairouan","unescoUrl":"https://whc.unesco.org/en/list/499"},"geometry":{"type":"Point","coordinates":[10.1,35.683333333]}},{"type":"Feature","id":"TUN-Q188938","properties":{"id":"Q188938","name":"Djerba","countryCode":"TUN","country":"Tunisia","wikipediaUrl":"https://en.wikipedia.org/wiki/Djerba","unescoUrl":"https://whc.unesco.org/en/list/1640"},"geometry":{"type":"Point","coordinates":[10.8833,33.7837]}},{"type":"Feature","id":"TUN-Q32378","properties":{"id":"Q32378","name":"Dougga","countryCode":"TUN","country":"Tunisia","wikipediaUrl":"https://en.wikipedia.org/wiki/Dougga","unescoUrl":"https://whc.unesco.org/en/list/794"},"geometry":{"type":"Point","coordinates":[9.22027778,36.42333333]}},{"type":"Feature","id":"TUN-Q877391","properties":{"id":"Q877391","name":"Sidi Bou Said","countryCode":"TUN","country":"Tunisia","wikipediaUrl":"https://en.wikipedia.org/wiki/Sidi_Bou_Said","unescoUrl":"https://whc.unesco.org/en/list/1769"},"geometry":{"type":"Point","coordinates":[10.341014,36.869758]}},{"type":"Feature","id":"TUN-Q2914326","properties":{"id":"Q2914326","name":"Roman amphitheatre of El Jem","countryCode":"TUN","country":"Tunisia","wikipediaUrl":"https://en.wikipedia.org/wiki/Amphitheatre_of_El_Jem","unescoUrl":"https://whc.unesco.org/en/list/38"},"geometry":{"type":"Point","coordinates":[10.70694444,35.29638889]}},{"type":"Feature","id":"TUN-Q13220079","properties":{"id":"Q13220079","name":"Ichkeul National Park","countryCode":"TUN","country":"Tunisia","wikipediaUrl":"https://en.wikipedia.org/wiki/Ichkeul_National_Park","unescoUrl":"https://whc.unesco.org/en/list/8"},"geometry":{"type":"Point","coordinates":[9.655444,37.123444]}},{"type":"Feature","id":"TUN-Q3106527","properties":{"id":"Q3106527","name":"Medina of Tunis","countryCode":"TUN","country":"Tunisia","wikipediaUrl":"https://en.wikipedia.org/wiki/Medina_of_Tunis","unescoUrl":"https://whc.unesco.org/en/list/36"},"geometry":{"type":"Point","coordinates":[10.1700595,36.7990274]}},{"type":"Feature","id":"TUN-Q608100","properties":{"id":"Q608100","name":"Medina of Sousse","countryCode":"TUN","country":"Tunisia","wikipediaUrl":"https://en.wikipedia.org/wiki/Medina_of_Sousse","unescoUrl":"https://whc.unesco.org/en/list/498"},"geometry":{"type":"Point","coordinates":[10.6386,35.8278]}},{"type":"Feature","id":"TUN-Q52284968","properties":{"id":"Q52284968","name":"Archaeological site of Carthage","countryCode":"TUN","country":"Tunisia","wikipediaUrl":"https://en.wikipedia.org/wiki/Archaeological_site_of_Carthage","unescoUrl":"https://whc.unesco.org/en/list/37"},"geometry":{"type":"Point","coordinates":[10.33084,36.85788]}},{"type":"Feature","id":"TUN-Q65944741","properties":{"id":"Q65944741","name":"Punic Town of Kerkuane and its Necropolis","countryCode":"TUN","country":"Tunisia","wikipediaUrl":null,"unescoUrl":"https://whc.unesco.org/en/list/332"},"geometry":{"type":"Point","coordinates":[11.0992,36.9464]}},{"type":"Feature","id":"CRI-Q775154","properties":{"id":"Q775154","name":"Area de Conservación Guanacaste World Heritage Site","countryCode":"CRI","country":"Costa Rica","wikipediaUrl":"https://en.wikipedia.org/wiki/Area_de_Conservaci%C3%B3n_Guanacaste_World_Heritage_Site","unescoUrl":"https://whc.unesco.org/en/list/928"},"geometry":{"type":"Point","coordinates":[-85.61666667,10.85]}},{"type":"Feature","id":"CRI-Q6062995","properties":{"id":"Q6062995","name":"Cocos Island National Park","countryCode":"CRI","country":"Costa Rica","wikipediaUrl":null,"unescoUrl":"https://whc.unesco.org/en/list/820"},"geometry":{"type":"Point","coordinates":[-87.0667,5.53333]}},{"type":"Feature","id":"CRI-Q6106226","properties":{"id":"Q6106226","name":"Talamanca Range-La Amistad Reserves","countryCode":"CRI","country":"Costa Rica","wikipediaUrl":null,"unescoUrl":"https://whc.unesco.org/en/list/205"},"geometry":{"type":"Point","coordinates":[-82.9386,9.4069]}},{"type":"Feature","id":"CRI-Q65114170","properties":{"id":"Q65114170","name":"Precolumbian Chiefdom Settlements with Stone Spheres of the Diquís","countryCode":"CRI","country":"Costa Rica","wikipediaUrl":null,"unescoUrl":"https://whc.unesco.org/en/list/1453"},"geometry":{"type":"Point","coordinates":[-83.502539,8.938453]}},{"type":"Feature","id":"TZA-Q11812902","properties":{"id":"Q11812902","name":"Serengeti National Park","countryCode":"TZA","country":"Tanzania","wikipediaUrl":"https://en.wikipedia.org/wiki/Serengeti_National_Park","unescoUrl":"https://whc.unesco.org/en/list/156"},"geometry":{"type":"Point","coordinates":[34.6,-2.4]}},{"type":"Feature","id":"TZA-Q1217726","properties":{"id":"Q1217726","name":"Ngorongoro Conservation Area","countryCode":"TZA","country":"Tanzania","wikipediaUrl":"https://en.wikipedia.org/wiki/Ngorongoro_Conservation_Area","unescoUrl":"https://whc.unesco.org/en/list/39"},"geometry":{"type":"Point","coordinates":[35.46,-3.21]}},{"type":"Feature","id":"TZA-Q2268839","properties":{"id":"Q2268839","name":"Selous Game Reserve","countryCode":"TZA","country":"Tanzania","wikipediaUrl":"https://en.wikipedia.org/wiki/Selous_Game_Reserve","unescoUrl":"https://whc.unesco.org/en/list/199"},"geometry":{"type":"Point","coordinates":[37.4,-9]}},{"type":"Feature","id":"TZA-Q844417","properties":{"id":"Q844417","name":"Stone Town","countryCode":"TZA","country":"Tanzania","wikipediaUrl":"https://en.wikipedia.org/wiki/Stone_Town","unescoUrl":"https://whc.unesco.org/en/list/173"},"geometry":{"type":"Point","coordinates":[39.198788888,-6.164944444]}},{"type":"Feature","id":"TZA-Q756790","properties":{"id":"Q756790","name":"Kilimanjaro National Park","countryCode":"TZA","country":"Tanzania","wikipediaUrl":"https://en.wikipedia.org/wiki/Kilimanjaro_National_Park","unescoUrl":"https://whc.unesco.org/en/list/403"},"geometry":{"type":"Point","coordinates":[37.366666666,-3.066666666]}},{"type":"Feature","id":"TZA-Q1404282","properties":{"id":"Q1404282","name":"Kondoa Rock Art Sites","countryCode":"TZA","country":"Tanzania","wikipediaUrl":"https://en.wikipedia.org/wiki/Kondoa_Rock-Art_Sites","unescoUrl":"https://whc.unesco.org/en/list/1183"},"geometry":{"type":"Point","coordinates":[35.83389,-4.72444]}},{"type":"Feature","id":"TZA-Q15726282","properties":{"id":"Q15726282","name":"Ruins of Kilwa Kisiwani and Ruins of Songo Mnara","countryCode":"TZA","country":"Tanzania","wikipediaUrl":null,"unescoUrl":"https://whc.unesco.org/en/list/144"},"geometry":{"type":"Point","coordinates":[39.52277778,-8.95777778]}},{"type":"Feature","id":"BGD-Q305044","properties":{"id":"Q305044","name":"Q305044","countryCode":"BGD","country":"Bangladesh","wikipediaUrl":"https://en.wikipedia.org/wiki/Somapura_Mahavihara","unescoUrl":"https://whc.unesco.org/en/list/322"},"geometry":{"type":"Point","coordinates":[88.97694444,25.03111111]}},{"type":"Feature","id":"BGD-Q799893","properties":{"id":"Q799893","name":"Mosque City of Bagerhat","countryCode":"BGD","country":"Bangladesh","wikipediaUrl":"https://en.wikipedia.org/wiki/Mosque_City_of_Bagerhat","unescoUrl":"https://whc.unesco.org/en/list/321"},"geometry":{"type":"Point","coordinates":[89.75855,22.66097]}},{"type":"Feature","id":"BGD-Q42725548","properties":{"id":"Q42725548","name":"Sundarbans Reserved Forest","countryCode":"BGD","country":"Bangladesh","wikipediaUrl":null,"unescoUrl":"https://whc.unesco.org/en/list/798"},"geometry":{"type":"Point","coordinates":[89.516666666,22.033333333]}},{"type":"Feature","id":"DNK-Q189358","properties":{"id":"Q189358","name":"Kronborg Castle","countryCode":"DNK","country":"Denmark","wikipediaUrl":"https://en.wikipedia.org/wiki/Kronborg","unescoUrl":"https://whc.unesco.org/en/list/696"},"geometry":{"type":"Point","coordinates":[12.621944444,56.038611111]}},{"type":"Feature","id":"DNK-Q209705","properties":{"id":"Q209705","name":"Roskilde Cathedral","countryCode":"DNK","country":"Denmark","wikipediaUrl":"https://en.wikipedia.org/wiki/Roskilde_Cathedral","unescoUrl":"https://whc.unesco.org/en/list/695"},"geometry":{"type":"Point","coordinates":[12.080308333,55.642669444]}},{"type":"Feature","id":"DNK-Q3197288","properties":{"id":"Q3197288","name":"Christiansfeld","countryCode":"DNK","country":"Denmark","wikipediaUrl":"https://en.wikipedia.org/wiki/Christiansfeld","unescoUrl":"https://whc.unesco.org/en/list/1468"},"geometry":{"type":"Point","coordinates":[9.483056,55.356667]}},{"type":"Feature","id":"DNK-Q1614152","properties":{"id":"Q1614152","name":"Stevns Klint","countryCode":"DNK","country":"Denmark","wikipediaUrl":"https://en.wikipedia.org/wiki/Stevns_Klint","unescoUrl":"https://whc.unesco.org/en/list/1416"},"geometry":{"type":"Point","coordinates":[12.45,55.2822]}},{"type":"Feature","id":"DNK-Q1517331","properties":{"id":"Q1517331","name":"Q1517331","countryCode":"DNK","country":"Denmark","wikipediaUrl":"https://en.wikipedia.org/wiki/M%C3%B8ns_Klint","unescoUrl":"https://whc.unesco.org/en/list/1728"},"geometry":{"type":"Point","coordinates":[12.552222,54.964167]}},{"type":"Feature","id":"DNK-Q10620357","properties":{"id":"Q10620357","name":"Par force hunting landscape in North Zealand","countryCode":"DNK","country":"Denmark","wikipediaUrl":"https://en.wikipedia.org/wiki/Par_force_hunting_landscape_in_North_Zealand","unescoUrl":"https://whc.unesco.org/en/list/1469"},"geometry":{"type":"Point","coordinates":[12.3578,55.9136]}},{"type":"Feature","id":"DNK-Q128009257","properties":{"id":"Q128009257","name":"Moravian Church Settlements","countryCode":"DNK","country":"Denmark","wikipediaUrl":null,"unescoUrl":"https://whc.unesco.org/en/list/1468"},"geometry":{"type":"Point","coordinates":[14.744166666,51.015555555]}},{"type":"Feature","id":"DNK-Q4993586","properties":{"id":"Q4993586","name":"Jelling Heritage Site","countryCode":"DNK","country":"Denmark","wikipediaUrl":null,"unescoUrl":"https://whc.unesco.org/en/list/697"},"geometry":{"type":"Point","coordinates":[9.419743429,55.75651427]}},{"type":"Feature","id":"DNK-Q64518271","properties":{"id":"Q64518271","name":"Viking Age Ring Fortresses","countryCode":"DNK","country":"Denmark","wikipediaUrl":null,"unescoUrl":"https://whc.unesco.org/en/list/1660"},"geometry":{"type":"Point","coordinates":[9.254722222,56.995277777]}},{"type":"Feature","id":"DNK-Q127521592","properties":{"id":"Q127521592","name":"The Bony Fish Fossils of the Western Limfjord – Evolution and Climate Adaptation in the Earliest Eocene","countryCode":"DNK","country":"Denmark","wikipediaUrl":null,"unescoUrl":"https://whc.unesco.org/en/list/1758"},"geometry":{"type":"Point","coordinates":[8.964653,56.838216]}},{"type":"Feature","id":"DNK-Q64590476","properties":{"id":"Q64590476","name":"Wadden Sea","countryCode":"DNK","country":"Denmark","wikipediaUrl":null,"unescoUrl":"https://whc.unesco.org/en/list/1314"},"geometry":{"type":"Point","coordinates":[8.556111111,53.528611111]}},{"type":"Feature","id":"ARG-Q215992","properties":{"id":"Q215992","name":"Los Glaciares National Park","countryCode":"ARG","country":"Argentina","wikipediaUrl":"https://en.wikipedia.org/wiki/Los_Glaciares_National_Park","unescoUrl":"https://whc.unesco.org/en/list/145"},"geometry":{"type":"Point","coordinates":[-73.234164314,-50.330530387]}},{"type":"Feature","id":"ARG-Q213237","properties":{"id":"Q213237","name":"Valdes Peninsula","countryCode":"ARG","country":"Argentina","wikipediaUrl":"https://en.wikipedia.org/wiki/Vald%C3%A9s_Peninsula","unescoUrl":"https://whc.unesco.org/en/list/937"},"geometry":{"type":"Point","coordinates":[-63.933333,-42.5]}},{"type":"Feature","id":"ARG-Q223385","properties":{"id":"Q223385","name":"Cueva de las Manos","countryCode":"ARG","country":"Argentina","wikipediaUrl":"https://en.wikipedia.org/wiki/Cueva_de_las_Manos","unescoUrl":"https://whc.unesco.org/en/list/936"},"geometry":{"type":"Point","coordinates":[-70.666666666,-47.15]}},{"type":"Feature","id":"ARG-Q948975","properties":{"id":"Q948975","name":"Inca road system","countryCode":"ARG","country":"Argentina","wikipediaUrl":"https://en.wikipedia.org/wiki/Inca_road_system","unescoUrl":"https://whc.unesco.org/en/list/1459"},"geometry":{"type":"Point","coordinates":[-69.59166667,-18.25]}},{"type":"Feature","id":"ARG-Q28061","properties":{"id":"Q28061","name":"Quebrada de Humahuaca","countryCode":"ARG","country":"Argentina","wikipediaUrl":"https://en.wikipedia.org/wiki/Quebrada_de_Humahuaca","unescoUrl":"https://whc.unesco.org/en/list/1116"},"geometry":{"type":"Point","coordinates":[-65.348861111,-23.199861111]}},{"type":"Feature","id":"ARG-Q55619850","properties":{"id":"Q55619850","name":"The Architectural Work of Le Corbusier","countryCode":"ARG","country":"Argentina","wikipediaUrl":"https://en.wikipedia.org/wiki/The_Architectural_Work_of_Le_Corbusier","unescoUrl":"https://whc.unesco.org/en/list/1321"},"geometry":{"type":"Point","coordinates":[6.829336,46.468414]}},{"type":"Feature","id":"ARG-Q828291","properties":{"id":"Q828291","name":"Los Alerces National Park","countryCode":"ARG","country":"Argentina","wikipediaUrl":"https://en.wikipedia.org/wiki/Los_Alerces_National_Park","unescoUrl":"https://whc.unesco.org/en/list/1526"},"geometry":{"type":"Point","coordinates":[-71.89888889,-42.8075]}},{"type":"Feature","id":"ARG-Q837642","properties":{"id":"Q837642","name":"Jesuit Block and Estancias of Córdoba","countryCode":"ARG","country":"Argentina","wikipediaUrl":"https://en.wikipedia.org/wiki/Jesuit_Block_and_Estancias_of_C%C3%B3rdoba","unescoUrl":"https://whc.unesco.org/en/list/995"},"geometry":{"type":"Point","coordinates":[-64.435277777,-31.656111111]}},{"type":"Feature","id":"ARG-Q465960","properties":{"id":"Q465960","name":"Jesuit missions among the Guaraní","countryCode":"ARG","country":"Argentina","wikipediaUrl":"https://en.wikipedia.org/wiki/Jesuit_missions_among_the_Guaran%C3%AD","unescoUrl":"https://whc.unesco.org/en/list/275"},"geometry":{"type":"Point","coordinates":[-55.531669444,-27.255280555]}},{"type":"Feature","id":"ARG-Q1292306","properties":{"id":"Q1292306","name":"Navy Petty-Officers School of Mechanics","countryCode":"ARG","country":"Argentina","wikipediaUrl":"https://en.wikipedia.org/wiki/Navy_Petty-Officers_School","unescoUrl":"https://whc.unesco.org/en/list/1681"},"geometry":{"type":"Point","coordinates":[-58.46361111,-34.53841667]}},{"type":"Feature","id":"ARG-Q28663704","properties":{"id":"Q28663704","name":"ESMA Museum and Site of Memory – Former Clandestine Center of Detention, Torture and Extermination","countryCode":"ARG","country":"Argentina","wikipediaUrl":null,"unescoUrl":"https://whc.unesco.org/en/list/1681"},"geometry":{"type":"Point","coordinates":[-58.465475,-34.536627777]}},{"type":"Feature","id":"ARG-Q17132555","properties":{"id":"Q17132555","name":"Ischigualasto / Talampaya Natural Parks","countryCode":"ARG","country":"Argentina","wikipediaUrl":null,"unescoUrl":"https://whc.unesco.org/en/list/966"},"geometry":{"type":"Point","coordinates":[-67.833333,-29.8]}},{"type":"Feature","id":"BLR-Q192243","properties":{"id":"Q192243","name":"Struve Geodetic Arc","countryCode":"BLR","country":"Belarus","wikipediaUrl":"https://en.wikipedia.org/wiki/Struve_Geodetic_Arc","unescoUrl":"https://whc.unesco.org/en/list/1187"},"geometry":{"type":"Point","coordinates":[25.649444444,52.289444444]}},{"type":"Feature","id":"BLR-Q192666","properties":{"id":"Q192666","name":"Białowieża Forest","countryCode":"BLR","country":"Belarus","wikipediaUrl":"https://en.wikipedia.org/wiki/Bia%C5%82owie%C5%BCa_Forest","unescoUrl":"https://whc.unesco.org/en/list/33"},"geometry":{"type":"Point","coordinates":[23.95,52.75]}},{"type":"Feature","id":"BLR-Q209643","properties":{"id":"Q209643","name":"Mir Castle Complex","countryCode":"BLR","country":"Belarus","wikipediaUrl":"https://en.wikipedia.org/wiki/Mir_Castle_Complex","unescoUrl":"https://whc.unesco.org/en/list/625"},"geometry":{"type":"Point","coordinates":[26.472894444,53.451266666]}},{"type":"Feature","id":"BLR-Q15278712","properties":{"id":"Q15278712","name":"Architectural, Residential and Cultural Complex of the Radziwill Family at Nesvizh","countryCode":"BLR","country":"Belarus","wikipediaUrl":null,"unescoUrl":"https://whc.unesco.org/en/list/1196"},"geometry":{"type":"Point","coordinates":[26.69139,53.22278]}},{"type":"Feature","id":"NAM-Q754791","properties":{"id":"Q754791","name":"Twyfelfontein","countryCode":"NAM","country":"Namibia","wikipediaUrl":"https://en.wikipedia.org/wiki/Twyfelfontein","unescoUrl":"https://whc.unesco.org/en/list/1255"},"geometry":{"type":"Point","coordinates":[14.372583333,-20.595583333]}},{"type":"Feature","id":"NAM-Q65241628","properties":{"id":"Q65241628","name":"Namib Sand Sea","countryCode":"NAM","country":"Namibia","wikipediaUrl":null,"unescoUrl":"https://whc.unesco.org/en/list/1430"},"geometry":{"type":"Point","coordinates":[15.407777777,-24.885277777]}},{"type":"Feature","id":"KEN-Q379080","properties":{"id":"Q379080","name":"Fort Jesus Museum","countryCode":"KEN","country":"Kenya","wikipediaUrl":"https://en.wikipedia.org/wiki/Fort_Jesus","unescoUrl":"https://whc.unesco.org/en/list/1295"},"geometry":{"type":"Point","coordinates":[39.682055555,-4.071166666]}},{"type":"Feature","id":"KEN-Q1639468","properties":{"id":"Q1639468","name":"Mount Kenya National Park","countryCode":"KEN","country":"Kenya","wikipediaUrl":"https://en.wikipedia.org/wiki/Mount_Kenya_National_Park","unescoUrl":"https://whc.unesco.org/en/list/800"},"geometry":{"type":"Point","coordinates":[37.336666666,-0.123888888]}},{"type":"Feature","id":"KEN-Q1647948","properties":{"id":"Q1647948","name":"Lake Turkana National Parks","countryCode":"KEN","country":"Kenya","wikipediaUrl":"https://en.wikipedia.org/wiki/Lake_Turkana_National_Parks","unescoUrl":"https://whc.unesco.org/en/list/801"},"geometry":{"type":"Point","coordinates":[36.503666666,3.051305555]}},{"type":"Feature","id":"KEN-Q1362222","properties":{"id":"Q1362222","name":"Sacred Mijikenda Kaya Forests","countryCode":"KEN","country":"Kenya","wikipediaUrl":"https://en.wikipedia.org/wiki/Kaya_(Mijikenda)","unescoUrl":"https://whc.unesco.org/en/list/1231"},"geometry":{"type":"Point","coordinates":[39.596111111,-3.931944444]}},{"type":"Feature","id":"KEN-Q3524629","properties":{"id":"Q3524629","name":"Thimlich Ohinga","countryCode":"KEN","country":"Kenya","wikipediaUrl":"https://en.wikipedia.org/wiki/Thimlich_Ohinga","unescoUrl":"https://whc.unesco.org/en/list/1450"},"geometry":{"type":"Point","coordinates":[34.326106944,-0.891338055]}},{"type":"Feature","id":"KEN-Q2384313","properties":{"id":"Q2384313","name":"Kenya Lake System in the Great Rift Valley","countryCode":"KEN","country":"Kenya","wikipediaUrl":"https://en.wikipedia.org/wiki/Great_Rift_Valley,_Kenya","unescoUrl":"https://whc.unesco.org/en/list/1060"},"geometry":{"type":"Point","coordinates":[36.24,0.4425]}},{"type":"Feature","id":"KEN-Q502518","properties":{"id":"Q502518","name":"Ruins of Gedi","countryCode":"KEN","country":"Kenya","wikipediaUrl":"https://en.wikipedia.org/wiki/Ruins_of_Gedi","unescoUrl":"https://whc.unesco.org/en/list/1720"},"geometry":{"type":"Point","coordinates":[40.016666666,-3.309166666]}},{"type":"Feature","id":"KEN-Q51100199","properties":{"id":"Q51100199","name":"Lamu Old Town","countryCode":"KEN","country":"Kenya","wikipediaUrl":null,"unescoUrl":"https://whc.unesco.org/en/list/1055"},"geometry":{"type":"Point","coordinates":[40.8525,-2.284444444]}},{"type":"Feature","id":"LCA-Q639487","properties":{"id":"Q639487","name":"Pitons","countryCode":"LCA","country":"Saint Lucia","wikipediaUrl":"https://en.wikipedia.org/wiki/Pitons_(Saint_Lucia)","unescoUrl":"https://whc.unesco.org/en/list/1161"},"geometry":{"type":"Point","coordinates":[-61.070361111,13.807083333]}},{"type":"Feature","id":"SUR-Q189934","properties":{"id":"Q189934","name":"Central Suriname Nature Reserve","countryCode":"SUR","country":"Suriname","wikipediaUrl":"https://en.wikipedia.org/wiki/Central_Suriname_Nature_Reserve","unescoUrl":"https://whc.unesco.org/en/list/1017"},"geometry":{"type":"Point","coordinates":[-56.5,4]}},{"type":"Feature","id":"SUR-Q648787","properties":{"id":"Q648787","name":"Jodensavanne","countryCode":"SUR","country":"Suriname","wikipediaUrl":"https://en.wikipedia.org/wiki/Jodensavanne","unescoUrl":"https://whc.unesco.org/en/list/1680"},"geometry":{"type":"Point","coordinates":[-54.952979323,5.413277023]}},{"type":"Feature","id":"SUR-Q2147036","properties":{"id":"Q2147036","name":"Historic Inner City of Paramaribo","countryCode":"SUR","country":"Suriname","wikipediaUrl":null,"unescoUrl":"https://whc.unesco.org/en/list/940"},"geometry":{"type":"Point","coordinates":[-55.15387,5.826]}},{"type":"Feature","id":"PRY-Q157603","properties":{"id":"Q157603","name":"Q157603","countryCode":"PRY","country":"Paraguay","wikipediaUrl":"https://en.wikipedia.org/wiki/Pantanal","unescoUrl":"https://whc.unesco.org/en/list/999"},"geometry":{"type":"Point","coordinates":[-57.5,-17.4]}},{"type":"Feature","id":"PRY-Q15727363","properties":{"id":"Q15727363","name":"Jesuit Missions of La Santísima Trinidad de Paraná and Jesús de Tavarangüé","countryCode":"PRY","country":"Paraguay","wikipediaUrl":"https://en.wikipedia.org/wiki/Jesuit_Missions_of_La_Sant%C3%ADsima_Trinidad_de_Paran%C3%A1_and_Jes%C3%BAs_de_Tavarangue","unescoUrl":"https://whc.unesco.org/en/list/648"},"geometry":{"type":"Point","coordinates":[-55.753,-27.056]}},{"type":"Feature","id":"CMR-Q843147","properties":{"id":"Q843147","name":"Dja Faunal Reserve","countryCode":"CMR","country":"Cameroon","wikipediaUrl":"https://en.wikipedia.org/wiki/Dja_Faunal_Reserve","unescoUrl":"https://whc.unesco.org/en/list/407"},"geometry":{"type":"Point","coordinates":[12.9833,3.0167]}},{"type":"Feature","id":"CMR-Q2580451","properties":{"id":"Q2580451","name":"Sangha Trinational","countryCode":"CMR","country":"Cameroon","wikipediaUrl":"https://en.wikipedia.org/wiki/Sangha_Trinational","unescoUrl":"https://whc.unesco.org/en/list/1380"},"geometry":{"type":"Point","coordinates":[16.333333333,2.666666666]}},{"type":"Feature","id":"CMR-Q5285004","properties":{"id":"Q5285004","name":"Diy-Gid-Biy","countryCode":"CMR","country":"Cameroon","wikipediaUrl":"https://en.wikipedia.org/wiki/Diy-Gid-Biy","unescoUrl":"https://whc.unesco.org/en/list/1745"},"geometry":{"type":"Point","coordinates":[13.83333333,10.91666667]}},{"type":"Feature","id":"BOL-Q35045","properties":{"id":"Q35045","name":"Potosí","countryCode":"BOL","country":"Bolivia","wikipediaUrl":"https://en.wikipedia.org/wiki/Potos%C3%AD","unescoUrl":"https://whc.unesco.org/en/list/420"},"geometry":{"type":"Point","coordinates":[-65.753333333,-19.589166666]}},{"type":"Feature","id":"BOL-Q157603","properties":{"id":"Q157603","name":"Q157603","countryCode":"BOL","country":"Bolivia","wikipediaUrl":"https://en.wikipedia.org/wiki/Pantanal","unescoUrl":"https://whc.unesco.org/en/list/999"},"geometry":{"type":"Point","coordinates":[-57.5,-17.4]}},{"type":"Feature","id":"BOL-Q61750","properties":{"id":"Q61750","name":"Tiwanaku","countryCode":"BOL","country":"Bolivia","wikipediaUrl":"https://en.wikipedia.org/wiki/Tiwanaku","unescoUrl":"https://whc.unesco.org/en/list/567"},"geometry":{"type":"Point","coordinates":[-68.673333333,-16.554722222]}},{"type":"Feature","id":"BOL-Q948975","properties":{"id":"Q948975","name":"Inca road system","countryCode":"BOL","country":"Bolivia","wikipediaUrl":"https://en.wikipedia.org/wiki/Inca_road_system","unescoUrl":"https://whc.unesco.org/en/list/1459"},"geometry":{"type":"Point","coordinates":[-69.59166667,-18.25]}},{"type":"Feature","id":"BOL-Q650710","properties":{"id":"Q650710","name":"Noel Kempff Mercado National Park","countryCode":"BOL","country":"Bolivia","wikipediaUrl":"https://en.wikipedia.org/wiki/Noel_Kempff_Mercado_National_Park","unescoUrl":"https://whc.unesco.org/en/list/967"},"geometry":{"type":"Point","coordinates":[-60.84667,-14.23028]}},{"type":"Feature","id":"BOL-Q876451","properties":{"id":"Q876451","name":"El Fuerte de Samaipata","countryCode":"BOL","country":"Bolivia","wikipediaUrl":"https://en.wikipedia.org/wiki/El_Fuerte_de_Samaipata","unescoUrl":"https://whc.unesco.org/en/list/883"},"geometry":{"type":"Point","coordinates":[-63.818988888,-18.178355555]}},{"type":"Feature","id":"BOL-Q33934","properties":{"id":"Q33934","name":"Jesuit Missions of Chiquitos","countryCode":"BOL","country":"Bolivia","wikipediaUrl":"https://en.wikipedia.org/wiki/Jesuit_Missions_of_Chiquitos","unescoUrl":"https://whc.unesco.org/en/list/529"},"geometry":{"type":"Point","coordinates":[-62.5072,-16.2748]}},{"type":"Feature","id":"BOL-Q16522830","properties":{"id":"Q16522830","name":"Historic City of Sucre","countryCode":"BOL","country":"Bolivia","wikipediaUrl":null,"unescoUrl":"https://whc.unesco.org/en/list/566"},"geometry":{"type":"Point","coordinates":[-65.259591944,-19.04799]}},{"type":"Feature","id":"CPV-Q464913","properties":{"id":"Q464913","name":"Cidade Velha","countryCode":"CPV","country":"Cape Verde","wikipediaUrl":"https://en.wikipedia.org/wiki/Cidade_Velha","unescoUrl":"https://whc.unesco.org/en/list/1310"},"geometry":{"type":"Point","coordinates":[-23.604166666,14.916666666]}},{"type":"Feature","id":"DMA-Q629436","properties":{"id":"Q629436","name":"Morne Trois Pitons National Park","countryCode":"DMA","country":"Dominica","wikipediaUrl":"https://en.wikipedia.org/wiki/Morne_Trois_Pitons_National_Park","unescoUrl":"https://whc.unesco.org/en/list/814"},"geometry":{"type":"Point","coordinates":[-61.283333,15.266667]}},{"type":"Feature","id":"LBN-Q178835","properties":{"id":"Q178835","name":"Baalbek","countryCode":"LBN","country":"Lebanon","wikipediaUrl":"https://en.wikipedia.org/wiki/Baalbek","unescoUrl":"https://whc.unesco.org/en/list/294"},"geometry":{"type":"Point","coordinates":[36.208611111,34.006111111]}},{"type":"Feature","id":"LBN-Q173532","properties":{"id":"Q173532","name":"Byblos","countryCode":"LBN","country":"Lebanon","wikipediaUrl":"https://en.wikipedia.org/wiki/Byblos","unescoUrl":"https://whc.unesco.org/en/list/295"},"geometry":{"type":"Point","coordinates":[35.65,34.116666666]}},{"type":"Feature","id":"LBN-Q60977","properties":{"id":"Q60977","name":"Anjar","countryCode":"LBN","country":"Lebanon","wikipediaUrl":"https://en.wikipedia.org/wiki/Anjar,_Lebanon","unescoUrl":"https://whc.unesco.org/en/list/293"},"geometry":{"type":"Point","coordinates":[35.929722222,33.725833333]}},{"type":"Feature","id":"LBN-Q476801","properties":{"id":"Q476801","name":"Beaufort Castle","countryCode":"LBN","country":"Lebanon","wikipediaUrl":"https://en.wikipedia.org/wiki/Beaufort_Castle,_Lebanon","unescoUrl":"https://whc.unesco.org/en/list/1810"},"geometry":{"type":"Point","coordinates":[35.532148,33.324715]}},{"type":"Feature","id":"LBN-Q116448209","properties":{"id":"Q116448209","name":"Rachid Karami International Fair","countryCode":"LBN","country":"Lebanon","wikipediaUrl":null,"unescoUrl":"https://whc.unesco.org/en/list/1702"},"geometry":{"type":"Point","coordinates":[35.825911341,34.439613877]}},{"type":"Feature","id":"LBN-Q3991738","properties":{"id":"Q3991738","name":"Tyre","countryCode":"LBN","country":"Lebanon","wikipediaUrl":null,"unescoUrl":"https://whc.unesco.org/en/list/299"},"geometry":{"type":"Point","coordinates":[35.194938,33.273713]}},{"type":"Feature","id":"LBN-Q16946966","properties":{"id":"Q16946966","name":"Ouadi Qadisha (the Holy Valley) and the Forest of the Cedars of God (Horsh Arz el-Rab)","countryCode":"LBN","country":"Lebanon","wikipediaUrl":null,"unescoUrl":"https://whc.unesco.org/en/list/850"},"geometry":{"type":"Point","coordinates":[35.951611,34.282944]}},{"type":"Feature","id":"MYS-Q834893","properties":{"id":"Q834893","name":"Kinabalu Park","countryCode":"MYS","country":"Malaysia","wikipediaUrl":"https://en.wikipedia.org/wiki/Kinabalu_Park","unescoUrl":"https://whc.unesco.org/en/list/1012"},"geometry":{"type":"Point","coordinates":[116.65,6.15]}},{"type":"Feature","id":"MYS-Q61535","properties":{"id":"Q61535","name":"Gunung Mulu National Park","countryCode":"MYS","country":"Malaysia","wikipediaUrl":"https://en.wikipedia.org/wiki/Gunung_Mulu_National_Park","unescoUrl":"https://whc.unesco.org/en/list/1013"},"geometry":{"type":"Point","coordinates":[114.8125,4.0425]}},{"type":"Feature","id":"MYS-Q1984562","properties":{"id":"Q1984562","name":"Niah National Park","countryCode":"MYS","country":"Malaysia","wikipediaUrl":"https://en.wikipedia.org/wiki/Niah_National_Park","unescoUrl":"https://whc.unesco.org/en/list/1014"},"geometry":{"type":"Point","coordinates":[113.781389,3.813889]}},{"type":"Feature","id":"MYS-Q3370009","properties":{"id":"Q3370009","name":"Archaeological Heritage of the Lenggong Valley","countryCode":"MYS","country":"Malaysia","wikipediaUrl":"https://en.wikipedia.org/wiki/Archaeological_Heritage_of_the_Lenggong_Valley","unescoUrl":"https://whc.unesco.org/en/list/1396"},"geometry":{"type":"Point","coordinates":[100.972,5.06791]}},{"type":"Feature","id":"MYS-Q135315506","properties":{"id":"Q135315506","name":"Forest Research Institute Malaysia Forest Park Selangor","countryCode":"MYS","country":"Malaysia","wikipediaUrl":null,"unescoUrl":"https://whc.unesco.org/en/list/1734"},"geometry":{"type":"Point","coordinates":[101.633333333,3.233333333]}},{"type":"Feature","id":"DZA-Q190048","properties":{"id":"Q190048","name":"Tassili n'Ajjer","countryCode":"DZA","country":"Algeria","wikipediaUrl":"https://en.wikipedia.org/wiki/Tassili_n%27Ajjer","unescoUrl":"https://whc.unesco.org/en/list/179"},"geometry":{"type":"Point","coordinates":[9,25.666666666]}},{"type":"Feature","id":"DZA-Q459629","properties":{"id":"Q459629","name":"Timgad","countryCode":"DZA","country":"Algeria","wikipediaUrl":"https://en.wikipedia.org/wiki/Timgad","unescoUrl":"https://whc.unesco.org/en/list/194"},"geometry":{"type":"Point","coordinates":[6.468666,35.484237]}},{"type":"Feature","id":"DZA-Q457362","properties":{"id":"Q457362","name":"Djemila","countryCode":"DZA","country":"Algeria","wikipediaUrl":"https://en.wikipedia.org/wiki/Dj%C3%A9mila","unescoUrl":"https://whc.unesco.org/en/list/191"},"geometry":{"type":"Point","coordinates":[5.73667,36.32056]}},{"type":"Feature","id":"DZA-Q500367","properties":{"id":"Q500367","name":"Qal'at Bani Hammad","countryCode":"DZA","country":"Algeria","wikipediaUrl":"https://en.wikipedia.org/wiki/Qal%27at_Bani_Hammad","unescoUrl":"https://whc.unesco.org/en/list/102"},"geometry":{"type":"Point","coordinates":[4.793333333,35.813888888]}},{"type":"Feature","id":"DZA-Q724484","properties":{"id":"Q724484","name":"M'zab","countryCode":"DZA","country":"Algeria","wikipediaUrl":"https://en.wikipedia.org/wiki/M%27zab","unescoUrl":"https://whc.unesco.org/en/list/188"},"geometry":{"type":"Point","coordinates":[3.681388888,32.487222222]}},{"type":"Feature","id":"DZA-Q662102","properties":{"id":"Q662102","name":"Casbah of Algiers","countryCode":"DZA","country":"Algeria","wikipediaUrl":"https://en.wikipedia.org/wiki/Casbah_of_Algiers","unescoUrl":"https://whc.unesco.org/en/list/565"},"geometry":{"type":"Point","coordinates":[3.06028,36.78333]}},{"type":"Feature","id":"DZA-Q3529269","properties":{"id":"Q3529269","name":"Tipasa","countryCode":"DZA","country":"Algeria","wikipediaUrl":"https://en.wikipedia.org/wiki/Tipasa","unescoUrl":"https://whc.unesco.org/en/list/193"},"geometry":{"type":"Point","coordinates":[2.44077,36.5951]}},{"type":"Feature","id":"IDN-Q47721","properties":{"id":"Q47721","name":"Prambanan Temple","countryCode":"IDN","country":"Indonesia","wikipediaUrl":"https://en.wikipedia.org/wiki/Prambanan","unescoUrl":"https://whc.unesco.org/en/list/642"},"geometry":{"type":"Point","coordinates":[110.49122,-7.752]}},{"type":"Feature","id":"IDN-Q4520","properties":{"id":"Q4520","name":"Komodo National Park","countryCode":"IDN","country":"Indonesia","wikipediaUrl":"https://en.wikipedia.org/wiki/Komodo_National_Park","unescoUrl":"https://whc.unesco.org/en/list/609"},"geometry":{"type":"Point","coordinates":[119.576569,-8.651625]}},{"type":"Feature","id":"IDN-Q4516","properties":{"id":"Q4516","name":"Lorentz National Park","countryCode":"IDN","country":"Indonesia","wikipediaUrl":"https://en.wikipedia.org/wiki/Lorentz_National_Park","unescoUrl":"https://whc.unesco.org/en/list/955"},"geometry":{"type":"Point","coordinates":[137.833333,-4.75]}},{"type":"Feature","id":"IDN-Q4521","properties":{"id":"Q4521","name":"Tropical Rainforest Heritage of Sumatra","countryCode":"IDN","country":"Indonesia","wikipediaUrl":"https://en.wikipedia.org/wiki/Tropical_Rainforest_Heritage_of_Sumatra","unescoUrl":"https://whc.unesco.org/en/list/1167"},"geometry":{"type":"Point","coordinates":[101.5,-2.5]}},{"type":"Feature","id":"IDN-Q4522","properties":{"id":"Q4522","name":"Ujung Kulon National Park","countryCode":"IDN","country":"Indonesia","wikipediaUrl":"https://en.wikipedia.org/wiki/Ujung_Kulon_National_Park","unescoUrl":"https://whc.unesco.org/en/list/608"},"geometry":{"type":"Point","coordinates":[105.333333333,-6.75]}},{"type":"Feature","id":"IDN-Q842328","properties":{"id":"Q842328","name":"Sangiran","countryCode":"IDN","country":"Indonesia","wikipediaUrl":"https://en.wikipedia.org/wiki/Sangiran","unescoUrl":"https://whc.unesco.org/en/list/593"},"geometry":{"type":"Point","coordinates":[110.85,-7.45]}},{"type":"Feature","id":"IDN-Q16965955","properties":{"id":"Q16965955","name":"Ombilin coal mine","countryCode":"IDN","country":"Indonesia","wikipediaUrl":"https://en.wikipedia.org/wiki/Ombilin_Coal_Mine","unescoUrl":"https://whc.unesco.org/en/list/1610"},"geometry":{"type":"Point","coordinates":[100.767,-0.683333]}},{"type":"Feature","id":"IDN-Q29070","properties":{"id":"Q29070","name":"Borobudur Temple Compounds","countryCode":"IDN","country":"Indonesia","wikipediaUrl":"https://en.wikipedia.org/wiki/Borobudur_Temple_Compounds","unescoUrl":"https://whc.unesco.org/en/list/592"},"geometry":{"type":"Point","coordinates":[110.20361,-7.60778]}},{"type":"Feature","id":"IDN-Q17134727","properties":{"id":"Q17134727","name":"Cultural Landscape of Bali Province: the Subak System as a Manifestation of the Tri Hita Karana Philosophy","countryCode":"IDN","country":"Indonesia","wikipediaUrl":null,"unescoUrl":"https://whc.unesco.org/en/list/1194"},"geometry":{"type":"Point","coordinates":[115.4027778,-8.259166667]}},{"type":"Feature","id":"IDN-Q96012243","properties":{"id":"Q96012243","name":"The Cosmological Axis of Yogyakarta and its Historic Landmarks","countryCode":"IDN","country":"Indonesia","wikipediaUrl":null,"unescoUrl":"https://whc.unesco.org/en/list/1671"},"geometry":{"type":"Point","coordinates":[110.3647778,-7.8013889]}},{"type":"Feature","id":"IDN-Q66582204","properties":{"id":"Q66582204","name":"Mengening Temple","countryCode":"IDN","country":"Indonesia","wikipediaUrl":null,"unescoUrl":"https://whc.unesco.org/en/list/1194"},"geometry":{"type":"Point","coordinates":[115.31202518,-8.420021687]}},{"type":"Feature","id":"IDN-Q66545466","properties":{"id":"Q66545466","name":"Pegulingan Temple","countryCode":"IDN","country":"Indonesia","wikipediaUrl":null,"unescoUrl":"https://whc.unesco.org/en/list/1194"},"geometry":{"type":"Point","coordinates":[115.31777,-8.41498]}},{"type":"Feature","id":"UGA-Q309426","properties":{"id":"Q309426","name":"Kasubi Tombs","countryCode":"UGA","country":"Uganda","wikipediaUrl":"https://en.wikipedia.org/wiki/Kasubi_Tombs","unescoUrl":"https://whc.unesco.org/en/list/1022"},"geometry":{"type":"Point","coordinates":[32.553333333,0.329166666]}},{"type":"Feature","id":"UGA-Q500397","properties":{"id":"Q500397","name":"Bwindi Impenetrable National Park","countryCode":"UGA","country":"Uganda","wikipediaUrl":"https://en.wikipedia.org/wiki/Bwindi_Impenetrable_National_Park","unescoUrl":"https://whc.unesco.org/en/list/682"},"geometry":{"type":"Point","coordinates":[29.71666667,-1.05]}},{"type":"Feature","id":"UGA-Q838928","properties":{"id":"Q838928","name":"Rwenzori Mountains National Park","countryCode":"UGA","country":"Uganda","wikipediaUrl":"https://en.wikipedia.org/wiki/Rwenzori_Mountains_National_Park","unescoUrl":"https://whc.unesco.org/en/list/684"},"geometry":{"type":"Point","coordinates":[29.95,0.4]}},{"type":"Feature","id":"MLI-Q9427","properties":{"id":"Q9427","name":"Timbuktu","countryCode":"MLI","country":"Mali","wikipediaUrl":"https://en.wikipedia.org/wiki/Timbuktu","unescoUrl":"https://whc.unesco.org/en/list/119"},"geometry":{"type":"Point","coordinates":[-2.999443888,16.773333055]}},{"type":"Feature","id":"MLI-Q503823","properties":{"id":"Q503823","name":"Tomb of Askia","countryCode":"MLI","country":"Mali","wikipediaUrl":"https://en.wikipedia.org/wiki/Tomb_of_Askia","unescoUrl":"https://whc.unesco.org/en/list/1139"},"geometry":{"type":"Point","coordinates":[-0.044444,16.289722]}},{"type":"Feature","id":"MLI-Q650546","properties":{"id":"Q650546","name":"Bandiagara Escarpment","countryCode":"MLI","country":"Mali","wikipediaUrl":"https://en.wikipedia.org/wiki/Bandiagara_Escarpment","unescoUrl":"https://whc.unesco.org/en/list/516"},"geometry":{"type":"Point","coordinates":[-3.316666666,14.416666666]}},{"type":"Feature","id":"MLI-Q15278644","properties":{"id":"Q15278644","name":"Old Towns of Djenné","countryCode":"MLI","country":"Mali","wikipediaUrl":"https://en.wikipedia.org/wiki/Old_Towns_of_Djenn%C3%A9","unescoUrl":"https://whc.unesco.org/en/list/116"},"geometry":{"type":"Point","coordinates":[-4.555,13.90639]}},{"type":"Feature","id":"ECU-Q38095","properties":{"id":"Q38095","name":"Galapagos Islands","countryCode":"ECU","country":"Ecuador","wikipediaUrl":"https://en.wikipedia.org/wiki/Gal%C3%A1pagos_Islands","unescoUrl":"https://whc.unesco.org/en/list/1"},"geometry":{"type":"Point","coordinates":[-90.55,-0.666666666]}},{"type":"Feature","id":"ECU-Q948975","properties":{"id":"Q948975","name":"Inca road system","countryCode":"ECU","country":"Ecuador","wikipediaUrl":"https://en.wikipedia.org/wiki/Inca_road_system","unescoUrl":"https://whc.unesco.org/en/list/1459"},"geometry":{"type":"Point","coordinates":[-69.59166667,-18.25]}},{"type":"Feature","id":"ECU-Q839603","properties":{"id":"Q839603","name":"Sangay National Park","countryCode":"ECU","country":"Ecuador","wikipediaUrl":"https://en.wikipedia.org/wiki/Sangay_National_Park","unescoUrl":"https://whc.unesco.org/en/list/260"},"geometry":{"type":"Point","coordinates":[-78.333333333,-1.833333333]}},{"type":"Feature","id":"ECU-Q8343766","properties":{"id":"Q8343766","name":"Historic Center of Quito","countryCode":"ECU","country":"Ecuador","wikipediaUrl":null,"unescoUrl":"https://whc.unesco.org/en/list/2"},"geometry":{"type":"Point","coordinates":[-78.512083,-0.22]}},{"type":"Feature","id":"ECU-Q8343759","properties":{"id":"Q8343759","name":"Historic Centre of Santa Ana de los Ríos de Cuenca","countryCode":"ECU","country":"Ecuador","wikipediaUrl":null,"unescoUrl":"https://whc.unesco.org/en/list/863"},"geometry":{"type":"Point","coordinates":[-79.0049,-2.8979]}},{"type":"Feature","id":"ECU-Q117188122","properties":{"id":"Q117188122","name":"Galápagos Islands","countryCode":"ECU","country":"Ecuador","wikipediaUrl":null,"unescoUrl":"https://whc.unesco.org/en/list/1"},"geometry":{"type":"Point","coordinates":[-90.361243,-0.622977]}},{"type":"Feature","id":"MWI-Q1077596","properties":{"id":"Q1077596","name":"Lake Malawi National Park","countryCode":"MWI","country":"Malawi","wikipediaUrl":"https://en.wikipedia.org/wiki/Lake_Malawi_National_Park","unescoUrl":"https://whc.unesco.org/en/list/289"},"geometry":{"type":"Point","coordinates":[34.883333333,-14.033333333]}},{"type":"Feature","id":"MWI-Q1510436","properties":{"id":"Q1510436","name":"Mulanje Massif","countryCode":"MWI","country":"Malawi","wikipediaUrl":"https://en.wikipedia.org/wiki/Mulanje_Massif","unescoUrl":"https://whc.unesco.org/en/list/1201"},"geometry":{"type":"Point","coordinates":[35.65,-15.9]}},{"type":"Feature","id":"MWI-Q832262","properties":{"id":"Q832262","name":"Chongoni Rock Art Area","countryCode":"MWI","country":"Malawi","wikipediaUrl":"https://en.wikipedia.org/wiki/Chongoni_Rock_Art_Area","unescoUrl":"https://whc.unesco.org/en/list/476"},"geometry":{"type":"Point","coordinates":[34.279166666,-14.293333333]}},{"type":"Feature","id":"CUB-Q48153","properties":{"id":"Q48153","name":"Alexander von Humboldt National Park","countryCode":"CUB","country":"Cuba","wikipediaUrl":"https://en.wikipedia.org/wiki/Alejandro_de_Humboldt_National_Park","unescoUrl":"https://whc.unesco.org/en/list/839"},"geometry":{"type":"Point","coordinates":[-74.857897,20.496745]}},{"type":"Feature","id":"CUB-Q48108","properties":{"id":"Q48108","name":"Viñales Valley","countryCode":"CUB","country":"Cuba","wikipediaUrl":"https://en.wikipedia.org/wiki/Vi%C3%B1ales_Valley","unescoUrl":"https://whc.unesco.org/en/list/840"},"geometry":{"type":"Point","coordinates":[-83.716666666,22.616666666]}},{"type":"Feature","id":"CUB-Q909755","properties":{"id":"Q909755","name":"Desembarco del Granma National Park","countryCode":"CUB","country":"Cuba","wikipediaUrl":"https://en.wikipedia.org/wiki/Desembarco_del_Granma_National_Park","unescoUrl":"https://whc.unesco.org/en/list/889"},"geometry":{"type":"Point","coordinates":[-77.633333,19.883333]}},{"type":"Feature","id":"CUB-Q910189","properties":{"id":"Q910189","name":"Castillo de San Pedro de la Roca","countryCode":"CUB","country":"Cuba","wikipediaUrl":"https://en.wikipedia.org/wiki/Castillo_de_San_Pedro_de_la_Roca","unescoUrl":"https://whc.unesco.org/en/list/841"},"geometry":{"type":"Point","coordinates":[-75.8703,19.968705555]}},{"type":"Feature","id":"CUB-Q636714","properties":{"id":"Q636714","name":"Archaeological Landscape of the First Coffee Plantations in the South-East of Cuba","countryCode":"CUB","country":"Cuba","wikipediaUrl":"https://en.wikipedia.org/wiki/Archaeological_Landscape_of_the_First_Coffee_Plantations_in_the_South-East_of_Cuba","unescoUrl":"https://whc.unesco.org/en/list/1008"},"geometry":{"type":"Point","coordinates":[-75.3914,20.03]}},{"type":"Feature","id":"CUB-Q8343758","properties":{"id":"Q8343758","name":"Historic Centre of Cienfuegos","countryCode":"CUB","country":"Cuba","wikipediaUrl":"https://en.wikipedia.org/wiki/Historic_Centre_of_Cienfuegos","unescoUrl":"https://whc.unesco.org/en/list/1202"},"geometry":{"type":"Point","coordinates":[-80.43638889,22.14555556]}},{"type":"Feature","id":"CUB-Q65122987","properties":{"id":"Q65122987","name":"Historic Centre of Camagüey","countryCode":"CUB","country":"Cuba","wikipediaUrl":null,"unescoUrl":"https://whc.unesco.org/en/list/1270"},"geometry":{"type":"Point","coordinates":[-80.4531,22.1424]}},{"type":"Feature","id":"CUB-Q65121255","properties":{"id":"Q65121255","name":"Old Havana and its Fortification System","countryCode":"CUB","country":"Cuba","wikipediaUrl":null,"unescoUrl":"https://whc.unesco.org/en/list/204"},"geometry":{"type":"Point","coordinates":[-82.35,23.133333]}},{"type":"Feature","id":"CUB-Q15819677","properties":{"id":"Q15819677","name":"Trinidad and the Valley de los Ingenios","countryCode":"CUB","country":"Cuba","wikipediaUrl":null,"unescoUrl":"https://whc.unesco.org/en/list/460"},"geometry":{"type":"Point","coordinates":[-79.98444444,21.80305556]}},{"type":"Feature","id":"PRK-Q495501","properties":{"id":"Q495501","name":"Mount Kumgang","countryCode":"PRK","country":"North Korea","wikipediaUrl":"https://en.wikipedia.org/wiki/Mount_Kumgang","unescoUrl":"https://whc.unesco.org/en/list/1642"},"geometry":{"type":"Point","coordinates":[128.104902777,38.656763888]}},{"type":"Feature","id":"PRK-Q277525","properties":{"id":"Q277525","name":"Goguryeo tombs","countryCode":"PRK","country":"North Korea","wikipediaUrl":"https://en.wikipedia.org/wiki/Goguryeo_tombs","unescoUrl":"https://whc.unesco.org/en/list/1091"},"geometry":{"type":"Point","coordinates":[125.415,38.863055555]}},{"type":"Feature","id":"PRK-Q15726137","properties":{"id":"Q15726137","name":"Historic Monuments and Sites in Kaesong","countryCode":"PRK","country":"North Korea","wikipediaUrl":"https://en.wikipedia.org/wiki/Historic_Monuments_and_Sites_in_Kaesong","unescoUrl":"https://whc.unesco.org/en/list/1278"},"geometry":{"type":"Point","coordinates":[126.508055555,37.981666666]}},{"type":"Feature","id":"EST-Q192243","properties":{"id":"Q192243","name":"Struve Geodetic Arc","countryCode":"EST","country":"Estonia","wikipediaUrl":"https://en.wikipedia.org/wiki/Struve_Geodetic_Arc","unescoUrl":"https://whc.unesco.org/en/list/1187"},"geometry":{"type":"Point","coordinates":[25.649444444,52.289444444]}},{"type":"Feature","id":"EST-Q726803","properties":{"id":"Q726803","name":"Tallinn Old Town","countryCode":"EST","country":"Estonia","wikipediaUrl":"https://en.wikipedia.org/wiki/Tallinn_Old_Town","unescoUrl":"https://whc.unesco.org/en/list/822"},"geometry":{"type":"Point","coordinates":[24.745277777,59.437222222]}},{"type":"Feature","id":"FSM-Q846967","properties":{"id":"Q846967","name":"Nan Madol","countryCode":"FSM","country":"Micronesia","wikipediaUrl":"https://en.wikipedia.org/wiki/Nan_Madol","unescoUrl":"https://whc.unesco.org/en/list/1503"},"geometry":{"type":"Point","coordinates":[158.332222,6.841944]}},{"type":"Feature","id":"JAM-Q685357","properties":{"id":"Q685357","name":"Port Royal","countryCode":"JAM","country":"Jamaica","wikipediaUrl":"https://en.wikipedia.org/wiki/Port_Royal","unescoUrl":"https://whc.unesco.org/en/list/1595"},"geometry":{"type":"Point","coordinates":[-76.841388888,17.9375]}},{"type":"Feature","id":"JAM-Q24082981","properties":{"id":"Q24082981","name":"Blue and John Crow Mountains","countryCode":"JAM","country":"Jamaica","wikipediaUrl":null,"unescoUrl":"https://whc.unesco.org/en/list/1356"},"geometry":{"type":"Point","coordinates":[-76.571111111,18.0775]}},{"type":"Feature","id":"CAF-Q503835","properties":{"id":"Q503835","name":"Manovo-Gounda St. Floris National Park","countryCode":"CAF","country":"Central African Republic","wikipediaUrl":"https://en.wikipedia.org/wiki/Manovo-Gounda_St._Floris_National_Park","unescoUrl":"https://whc.unesco.org/en/list/475"},"geometry":{"type":"Point","coordinates":[21.5,8.5]}},{"type":"Feature","id":"CAF-Q2580451","properties":{"id":"Q2580451","name":"Sangha Trinational","countryCode":"CAF","country":"Central African Republic","wikipediaUrl":"https://en.wikipedia.org/wiki/Sangha_Trinational","unescoUrl":"https://whc.unesco.org/en/list/1380"},"geometry":{"type":"Point","coordinates":[16.333333333,2.666666666]}},{"type":"Feature","id":"AGO-Q500189","properties":{"id":"Q500189","name":"M'banza-Kongo","countryCode":"AGO","country":"Angola","wikipediaUrl":"https://en.wikipedia.org/wiki/M%27banza-Kongo","unescoUrl":"https://whc.unesco.org/en/list/1511"},"geometry":{"type":"Point","coordinates":[14.25,-6.266666666]}},{"type":"Feature","id":"SLB-Q852433","properties":{"id":"Q852433","name":"East Rennell","countryCode":"SLB","country":"Solomon Islands","wikipediaUrl":"https://en.wikipedia.org/wiki/East_Rennell","unescoUrl":"https://whc.unesco.org/en/list/854"},"geometry":{"type":"Point","coordinates":[160.333327777,-11.683327777]}},{"type":"Feature","id":"KIR-Q863815","properties":{"id":"Q863815","name":"Phoenix Islands Protected Area","countryCode":"KIR","country":"Kiribati","wikipediaUrl":"https://en.wikipedia.org/wiki/Phoenix_Islands_Protected_Area","unescoUrl":"https://whc.unesco.org/en/list/1325"},"geometry":{"type":"Point","coordinates":[-172.8575,-3.64972222]}},{"type":"Feature","id":"GEO-Q679979","properties":{"id":"Q679979","name":"Gelati Monastery","countryCode":"GEO","country":"Georgia","wikipediaUrl":"https://en.wikipedia.org/wiki/Gelati_Monastery","unescoUrl":"https://whc.unesco.org/en/list/710"},"geometry":{"type":"Point","coordinates":[42.768055555,42.294722222]}},{"type":"Feature","id":"GEO-Q107694185","properties":{"id":"Q107694185","name":"Colchic Rainforests and Wetlands","countryCode":"GEO","country":"Georgia","wikipediaUrl":"https://en.wikipedia.org/wiki/Colchic_Rainforests_and_Wetlands","unescoUrl":"https://whc.unesco.org/en/list/1616"},"geometry":{"type":"Point","coordinates":[41.951111111,41.702222222]}},{"type":"Feature","id":"GEO-Q16946829","properties":{"id":"Q16946829","name":"Historical Monuments of Mtskheta","countryCode":"GEO","country":"Georgia","wikipediaUrl":"https://en.wikipedia.org/wiki/Historical_Monuments_of_Mtskheta","unescoUrl":"https://whc.unesco.org/en/list/708"},"geometry":{"type":"Point","coordinates":[44.71639,41.84389]}},{"type":"Feature","id":"GEO-Q47496765","properties":{"id":"Q47496765","name":"Upper Svaneti","countryCode":"GEO","country":"Georgia","wikipediaUrl":null,"unescoUrl":"https://whc.unesco.org/en/list/709"},"geometry":{"type":"Point","coordinates":[43.01139,42.91639]}},{"type":"Feature","id":"LAO-Q190165","properties":{"id":"Q190165","name":"Luang Prabang","countryCode":"LAO","country":"Laos","wikipediaUrl":"https://en.wikipedia.org/wiki/Luang_Prabang","unescoUrl":"https://whc.unesco.org/en/list/479"},"geometry":{"type":"Point","coordinates":[102.134722222,19.89]}},{"type":"Feature","id":"LAO-Q870258","properties":{"id":"Q870258","name":"Plain of Jars","countryCode":"LAO","country":"Laos","wikipediaUrl":"https://en.wikipedia.org/wiki/Plain_of_Jars","unescoUrl":"https://whc.unesco.org/en/list/1587"},"geometry":{"type":"Point","coordinates":[103.1525,19.431111111]}},{"type":"Feature","id":"LAO-Q5765542","properties":{"id":"Q5765542","name":"Hin Nam No National Protected Area","countryCode":"LAO","country":"Laos","wikipediaUrl":"https://en.wikipedia.org/wiki/Hin_Namno_National_Park","unescoUrl":"https://whc.unesco.org/en/list/951"},"geometry":{"type":"Point","coordinates":[105.9333,17.4583]}},{"type":"Feature","id":"LAO-Q3888860","properties":{"id":"Q3888860","name":"Champasak cultural landscape","countryCode":"LAO","country":"Laos","wikipediaUrl":null,"unescoUrl":"https://whc.unesco.org/en/list/481"},"geometry":{"type":"Point","coordinates":[105.8176,14.848264]}},{"type":"Feature","id":"LVA-Q192243","properties":{"id":"Q192243","name":"Struve Geodetic Arc","countryCode":"LVA","country":"Latvia","wikipediaUrl":"https://en.wikipedia.org/wiki/Struve_Geodetic_Arc","unescoUrl":"https://whc.unesco.org/en/list/1187"},"geometry":{"type":"Point","coordinates":[25.649444444,52.289444444]}},{"type":"Feature","id":"LVA-Q1026415","properties":{"id":"Q1026415","name":"Vecrīga","countryCode":"LVA","country":"Latvia","wikipediaUrl":"https://en.wikipedia.org/wiki/Vecr%C4%ABga","unescoUrl":"https://whc.unesco.org/en/list/852"},"geometry":{"type":"Point","coordinates":[24.1082,56.9485]}},{"type":"Feature","id":"LVA-Q122772994","properties":{"id":"Q122772994","name":"Old town of Kuldīga","countryCode":"LVA","country":"Latvia","wikipediaUrl":null,"unescoUrl":"https://whc.unesco.org/en/list/1658"},"geometry":{"type":"Point","coordinates":[21.970555555,56.9675]}},{"type":"Feature","id":"MDA-Q192243","properties":{"id":"Q192243","name":"Struve Geodetic Arc","countryCode":"MDA","country":"Moldova","wikipediaUrl":"https://en.wikipedia.org/wiki/Struve_Geodetic_Arc","unescoUrl":"https://whc.unesco.org/en/list/1187"},"geometry":{"type":"Point","coordinates":[25.649444444,52.289444444]}},{"type":"Feature","id":"VEN-Q1244337","properties":{"id":"Q1244337","name":"Canaima National Park","countryCode":"VEN","country":"Venezuela","wikipediaUrl":"https://en.wikipedia.org/wiki/Canaima_National_Park","unescoUrl":"https://whc.unesco.org/en/list/701"},"geometry":{"type":"Point","coordinates":[-61.7953505,5.3193393]}},{"type":"Feature","id":"VEN-Q1061531","properties":{"id":"Q1061531","name":"University City of Caracas","countryCode":"VEN","country":"Venezuela","wikipediaUrl":"https://en.wikipedia.org/wiki/University_City_of_Caracas","unescoUrl":"https://whc.unesco.org/en/list/986"},"geometry":{"type":"Point","coordinates":[-66.890555555,10.490833333]}},{"type":"Feature","id":"VEN-Q65621655","properties":{"id":"Q65621655","name":"Coro and its Port","countryCode":"VEN","country":"Venezuela","wikipediaUrl":"https://en.wikipedia.org/wiki/Coro_and_its_Port","unescoUrl":"https://whc.unesco.org/en/list/658"},"geometry":{"type":"Point","coordinates":[-69.6833,11.4]}},{"type":"Feature","id":"LBY-Q44112","properties":{"id":"Q44112","name":"Cyrene","countryCode":"LBY","country":"Libya","wikipediaUrl":"https://en.wikipedia.org/wiki/Cyrene,_Libya","unescoUrl":"https://whc.unesco.org/en/list/190"},"geometry":{"type":"Point","coordinates":[21.85,32.816666666]}},{"type":"Feature","id":"LBY-Q191504","properties":{"id":"Q191504","name":"Leptis Magna","countryCode":"LBY","country":"Libya","wikipediaUrl":"https://en.wikipedia.org/wiki/Leptis_Magna","unescoUrl":"https://whc.unesco.org/en/list/183"},"geometry":{"type":"Point","coordinates":[14.290496459,32.638331884]}},{"type":"Feature","id":"LBY-Q308807","properties":{"id":"Q308807","name":"Tadrart Acacus","countryCode":"LBY","country":"Libya","wikipediaUrl":"https://en.wikipedia.org/wiki/Acacus_Mountains","unescoUrl":"https://whc.unesco.org/en/list/287"},"geometry":{"type":"Point","coordinates":[10.333319444,24.833429166]}},{"type":"Feature","id":"LBY-Q15052130","properties":{"id":"Q15052130","name":"Archaeological Site of Sabratha","countryCode":"LBY","country":"Libya","wikipediaUrl":"https://en.wikipedia.org/wiki/Archaeological_Site_of_Sabratha","unescoUrl":"https://whc.unesco.org/en/list/184"},"geometry":{"type":"Point","coordinates":[12.485,32.80528]}},{"type":"Feature","id":"LBY-Q105973249","properties":{"id":"Q105973249","name":"Old Town of Ghadamès","countryCode":"LBY","country":"Libya","wikipediaUrl":"https://en.wikipedia.org/wiki/Old_town_of_Ghadames","unescoUrl":"https://whc.unesco.org/en/list/362"},"geometry":{"type":"Point","coordinates":[9.497,30.132]}},{"type":"Feature","id":"NPL-Q9213","properties":{"id":"Q9213","name":"Lumbini","countryCode":"NPL","country":"Nepal","wikipediaUrl":"https://en.wikipedia.org/wiki/Lumbini","unescoUrl":"https://whc.unesco.org/en/list/666"},"geometry":{"type":"Point","coordinates":[83.275829,27.4814]}},{"type":"Feature","id":"NPL-Q970717","properties":{"id":"Q970717","name":"Kathmandu Valley","countryCode":"NPL","country":"Nepal","wikipediaUrl":"https://en.wikipedia.org/wiki/Kathmandu_Valley","unescoUrl":"https://whc.unesco.org/en/list/121"},"geometry":{"type":"Point","coordinates":[85.308583333,27.703944444]}},{"type":"Feature","id":"NPL-Q1075023","properties":{"id":"Q1075023","name":"Chitwan National Park","countryCode":"NPL","country":"Nepal","wikipediaUrl":"https://en.wikipedia.org/wiki/Chitwan_National_Park","unescoUrl":"https://whc.unesco.org/en/list/284"},"geometry":{"type":"Point","coordinates":[84.333333,27.5]}},{"type":"Feature","id":"NPL-Q2211959","properties":{"id":"Q2211959","name":"Sagarmatha National Park","countryCode":"NPL","country":"Nepal","wikipediaUrl":"https://en.wikipedia.org/wiki/Sagarmatha_National_Park","unescoUrl":"https://whc.unesco.org/en/list/120"},"geometry":{"type":"Point","coordinates":[86.693033,27.891069]}},{"type":"Feature","id":"MNG-Q1010335","properties":{"id":"Q1010335","name":"Burkhan Khaldun","countryCode":"MNG","country":"Mongolia","wikipediaUrl":"https://en.wikipedia.org/wiki/Burkhan_Khaldun","unescoUrl":"https://whc.unesco.org/en/list/1440"},"geometry":{"type":"Point","coordinates":[109.166666666,48.783333333]}},{"type":"Feature","id":"MNG-Q1453235","properties":{"id":"Q1453235","name":"Orkhon Valley","countryCode":"MNG","country":"Mongolia","wikipediaUrl":"https://en.wikipedia.org/wiki/Orkhon_Valley","unescoUrl":"https://whc.unesco.org/en/list/1081"},"geometry":{"type":"Point","coordinates":[102.831388888,47.556666666]}},{"type":"Feature","id":"MNG-Q4361429","properties":{"id":"Q4361429","name":"Petroglyphic Complexes of the Mongolian Altai","countryCode":"MNG","country":"Mongolia","wikipediaUrl":null,"unescoUrl":"https://whc.unesco.org/en/list/1382"},"geometry":{"type":"Point","coordinates":[88.395277777,49.333888888]}},{"type":"Feature","id":"MNG-Q64787456","properties":{"id":"Q64787456","name":"Landscapes of Dauria","countryCode":"MNG","country":"Mongolia","wikipediaUrl":"https://en.wikipedia.org/wiki/Landscapes_of_Dauria","unescoUrl":"https://whc.unesco.org/en/list/1448"},"geometry":{"type":"Point","coordinates":[115.42544,49.93022]}},{"type":"Feature","id":"MNG-Q66133349","properties":{"id":"Q66133349","name":"Deer Stone Monuments, the Heart of Bronze Age Culture","countryCode":"MNG","country":"Mongolia","wikipediaUrl":null,"unescoUrl":"https://whc.unesco.org/en/list/1621"},"geometry":{"type":"Point","coordinates":[101.225833333,47.742777777]}},{"type":"Feature","id":"MNG-Q64797735","properties":{"id":"Q64797735","name":"Uvs Nuur Basin","countryCode":"MNG","country":"Mongolia","wikipediaUrl":null,"unescoUrl":"https://whc.unesco.org/en/list/769"},"geometry":{"type":"Point","coordinates":[92.71972,50.275]}},{"type":"Feature","id":"GIN-Q924276","properties":{"id":"Q924276","name":"Mount Nimba Strict Nature Reserve","countryCode":"GIN","country":"Guinea","wikipediaUrl":"https://en.wikipedia.org/wiki/Mount_Nimba_Strict_Nature_Reserve","unescoUrl":"https://whc.unesco.org/en/list/155"},"geometry":{"type":"Point","coordinates":[-8.391,7.603]}},{"type":"Feature","id":"KAZ-Q46069","properties":{"id":"Q46069","name":"Mausoleum of Khoja Ahmed Yasawi","countryCode":"KAZ","country":"Kazakhstan","wikipediaUrl":"https://en.wikipedia.org/wiki/Mausoleum_of_Khoja_Ahmed_Yasawi","unescoUrl":"https://whc.unesco.org/en/list/1103"},"geometry":{"type":"Point","coordinates":[68.2710419,43.2976445]}},{"type":"Feature","id":"KAZ-Q943327","properties":{"id":"Q943327","name":"Tamgaly","countryCode":"KAZ","country":"Kazakhstan","wikipediaUrl":"https://en.wikipedia.org/wiki/Tanbaly","unescoUrl":"https://whc.unesco.org/en/list/1145"},"geometry":{"type":"Point","coordinates":[75.535,43.803333333]}},{"type":"Feature","id":"KAZ-Q2559020","properties":{"id":"Q2559020","name":"Saryarka – Steppe and Lakes of Northern Kazakhstan","countryCode":"KAZ","country":"Kazakhstan","wikipediaUrl":"https://en.wikipedia.org/wiki/Saryarka_%E2%80%93_Steppe_and_Lakes_of_Northern_Kazakhstan","unescoUrl":"https://whc.unesco.org/en/list/1102"},"geometry":{"type":"Point","coordinates":[69.188888888,50.433333333]}},{"type":"Feature","id":"KAZ-Q17277933","properties":{"id":"Q17277933","name":"Silk Roads: the Routes Network of Chang'an-Tianshan Corridor","countryCode":"KAZ","country":"Kazakhstan","wikipediaUrl":"https://en.wikipedia.org/wiki/Silk_Roads:_the_Routes_Network_of_Chang%27an-Tianshan_Corridor","unescoUrl":"https://whc.unesco.org/en/list/1442"},"geometry":{"type":"Point","coordinates":[108.8572,34.3044]}},{"type":"Feature","id":"KAZ-Q122731152","properties":{"id":"Q122731152","name":"Cold Winter Deserts of Turan","countryCode":"KAZ","country":"Kazakhstan","wikipediaUrl":null,"unescoUrl":"https://whc.unesco.org/en/list/1693"},"geometry":{"type":"Point","coordinates":[79.034166666,44.025833333]}},{"type":"Feature","id":"KAZ-Q16434635","properties":{"id":"Q16434635","name":"Western Tian Shan","countryCode":"KAZ","country":"Kazakhstan","wikipediaUrl":null,"unescoUrl":"https://whc.unesco.org/en/list/1490"},"geometry":{"type":"Point","coordinates":[74.583333333,42.5]}},{"type":"Feature","id":"COG-Q2580451","properties":{"id":"Q2580451","name":"Sangha Trinational","countryCode":"COG","country":"Congo","wikipediaUrl":"https://en.wikipedia.org/wiki/Sangha_Trinational","unescoUrl":"https://whc.unesco.org/en/list/1380"},"geometry":{"type":"Point","coordinates":[16.333333333,2.666666666]}},{"type":"Feature","id":"COG-Q263883","properties":{"id":"Q263883","name":"Odzala National Park","countryCode":"COG","country":"Congo","wikipediaUrl":"https://en.wikipedia.org/wiki/Odzala-Kokoua_National_Park","unescoUrl":"https://whc.unesco.org/en/list/692"},"geometry":{"type":"Point","coordinates":[14.9,0.8]}},{"type":"Feature","id":"GHA-Q1141003","properties":{"id":"Q1141003","name":"Asante Traditional Buildings","countryCode":"GHA","country":"Ghana","wikipediaUrl":"https://en.wikipedia.org/wiki/Asante_Traditional_Buildings","unescoUrl":"https://whc.unesco.org/en/list/35"},"geometry":{"type":"Point","coordinates":[-1.62583,6.40111]}},{"type":"Feature","id":"GHA-Q778743","properties":{"id":"Q778743","name":"Forts and Castles, Volta, Greater Accra, Central and Western Regions","countryCode":"GHA","country":"Ghana","wikipediaUrl":null,"unescoUrl":"https://whc.unesco.org/en/list/34"},"geometry":{"type":"Point","coordinates":[-1.241,5.103694444]}},{"type":"Feature","id":"BFA-Q25379596","properties":{"id":"Q25379596","name":"W-Arly-Pendjari Complex","countryCode":"BFA","country":"Burkina Faso","wikipediaUrl":"https://en.wikipedia.org/wiki/W%E2%80%93Arly%E2%80%93Pendjari_Complex","unescoUrl":"https://whc.unesco.org/en/list/749"},"geometry":{"type":"Point","coordinates":[2.29,11.53]}},{"type":"Feature","id":"BFA-Q1269931","properties":{"id":"Q1269931","name":"Ruins of Loropéni","countryCode":"BFA","country":"Burkina Faso","wikipediaUrl":"https://en.wikipedia.org/wiki/Ruins_of_Lorop%C3%A9ni","unescoUrl":"https://whc.unesco.org/en/list/1225"},"geometry":{"type":"Point","coordinates":[-3.563055555,10.310277777]}},{"type":"Feature","id":"BFA-Q65684910","properties":{"id":"Q65684910","name":"Royal Court of Tiébélé","countryCode":"BFA","country":"Burkina Faso","wikipediaUrl":"https://en.wikipedia.org/wiki/Royal_Court_of_Ti%C3%A9b%C3%A9l%C3%A9","unescoUrl":"https://whc.unesco.org/en/list/1713"},"geometry":{"type":"Point","coordinates":[-0.961555555,11.089722222]}},{"type":"Feature","id":"BFA-Q65685157","properties":{"id":"Q65685157","name":"Ancient ferrous metallurgy sites of Burkina Faso","countryCode":"BFA","country":"Burkina Faso","wikipediaUrl":"https://en.wikipedia.org/wiki/Ancient_Ferrous_Metallurgy_Sites_of_Burkina_Faso","unescoUrl":"https://whc.unesco.org/en/list/1602"},"geometry":{"type":"Point","coordinates":[-3.329,12.5878]}},{"type":"Feature","id":"NIC-Q48605","properties":{"id":"Q48605","name":"León Cathedral","countryCode":"NIC","country":"Nicaragua","wikipediaUrl":"https://en.wikipedia.org/wiki/Le%C3%B3n_Cathedral,_Nicaragua","unescoUrl":"https://whc.unesco.org/en/list/1236"},"geometry":{"type":"Point","coordinates":[-86.878097222,12.434997222]}},{"type":"Feature","id":"NIC-Q1422898","properties":{"id":"Q1422898","name":"Ruínas de León Viejo","countryCode":"NIC","country":"Nicaragua","wikipediaUrl":"https://en.wikipedia.org/wiki/Le%C3%B3n_Viejo","unescoUrl":"https://whc.unesco.org/en/list/613"},"geometry":{"type":"Point","coordinates":[-86.617797222,12.400547222]}},{"type":"Feature","id":"QAT-Q2727469","properties":{"id":"Q2727469","name":"Zubarah","countryCode":"QAT","country":"Qatar","wikipediaUrl":"https://en.wikipedia.org/wiki/Zubarah","unescoUrl":"https://whc.unesco.org/en/list/1402"},"geometry":{"type":"Point","coordinates":[51.0272187,25.9833949]}},{"type":"Feature","id":"DOM-Q2470834","properties":{"id":"Q2470834","name":"Colonial City of Santo Domingo","countryCode":"DOM","country":"Dominican Republic","wikipediaUrl":"https://en.wikipedia.org/wiki/Ciudad_Colonial_(Santo_Domingo)","unescoUrl":"https://whc.unesco.org/en/list/526"},"geometry":{"type":"Point","coordinates":[-69.883,18.473]}},{"type":"Feature","id":"MUS-Q9276","properties":{"id":"Q9276","name":"Aapravasi Ghat","countryCode":"MUS","country":"Mauritius","wikipediaUrl":"https://en.wikipedia.org/wiki/Aapravasi_Ghat","unescoUrl":"https://whc.unesco.org/en/list/1227"},"geometry":{"type":"Point","coordinates":[57.503056,-20.158611]}},{"type":"Feature","id":"MUS-Q1129992","properties":{"id":"Q1129992","name":"Le Morne Brabant","countryCode":"MUS","country":"Mauritius","wikipediaUrl":"https://en.wikipedia.org/wiki/Le_Morne_Brabant","unescoUrl":"https://whc.unesco.org/en/list/1259"},"geometry":{"type":"Point","coordinates":[57.313611111,-20.460555555]}},{"type":"Feature","id":"ARE-Q6172505","properties":{"id":"Q6172505","name":"Jabal Al Fayah","countryCode":"ARE","country":"United Arab Emirates","wikipediaUrl":"https://en.wikipedia.org/wiki/Jebel_Faya","unescoUrl":"https://whc.unesco.org/en/list/1735"},"geometry":{"type":"Point","coordinates":[55.838957,25.111404]}},{"type":"Feature","id":"ARE-Q2538723","properties":{"id":"Q2538723","name":"Wadi Wurayah","countryCode":"ARE","country":"United Arab Emirates","wikipediaUrl":"https://en.wikipedia.org/wiki/Wadi_Wurayah","unescoUrl":"https://whc.unesco.org/en/list/1724"},"geometry":{"type":"Point","coordinates":[56.36346,25.4226]}},{"type":"Feature","id":"ARE-Q3962347","properties":{"id":"Q3962347","name":"Cultural Sites of Al Ain (Hafit, Hili, Bidaa Bint Saud and Oases Areas)","countryCode":"ARE","country":"United Arab Emirates","wikipediaUrl":null,"unescoUrl":"https://whc.unesco.org/en/list/1343"},"geometry":{"type":"Point","coordinates":[55.80638889,24.06777778]}},{"type":"Feature","id":"PNG-Q1165562","properties":{"id":"Q1165562","name":"Kuk Swamp","countryCode":"PNG","country":"Papua New Guinea","wikipediaUrl":"https://en.wikipedia.org/wiki/Kuk_Swamp","unescoUrl":"https://whc.unesco.org/en/list/887"},"geometry":{"type":"Point","coordinates":[144.33,-5.7825]}},{"type":"Feature","id":"RWA-Q1356828","properties":{"id":"Q1356828","name":"Nyungwe Forest","countryCode":"RWA","country":"Rwanda","wikipediaUrl":"https://en.wikipedia.org/wiki/Nyungwe_Forest","unescoUrl":"https://whc.unesco.org/en/list/1697"},"geometry":{"type":"Point","coordinates":[29.2758463,-2.5282157]}},{"type":"Feature","id":"RWA-Q5964053","properties":{"id":"Q5964053","name":"Murambi Genocide Memorial","countryCode":"RWA","country":"Rwanda","wikipediaUrl":"https://en.wikipedia.org/wiki/Murambi_Genocide_Memorial_Centre","unescoUrl":"https://whc.unesco.org/en/list/1586"},"geometry":{"type":"Point","coordinates":[29.5684,-2.4544]}},{"type":"Feature","id":"MNE-Q32797097","properties":{"id":"Q32797097","name":"The Venetian Works of defence between 15th and 17th centuries","countryCode":"MNE","country":"Montenegro","wikipediaUrl":"https://en.wikipedia.org/wiki/Venetian_Works_of_Defence_between_the_16th_and_17th_centuries:_Stato_da_Terra_%E2%80%93_Western_Stato_da_Mar","unescoUrl":"https://whc.unesco.org/en/list/1533"},"geometry":{"type":"Point","coordinates":[9.663611111,45.703333333]}},{"type":"Feature","id":"MNE-Q3511938","properties":{"id":"Q3511938","name":"Natural and Culturo-Historical Region of Kotor","countryCode":"MNE","country":"Montenegro","wikipediaUrl":"https://en.wikipedia.org/wiki/Natural_and_Culturo-Historical_Region_of_Kotor","unescoUrl":"https://whc.unesco.org/en/list/125"},"geometry":{"type":"Point","coordinates":[18.77,42.43]}},{"type":"Feature","id":"MNE-Q3364446","properties":{"id":"Q3364446","name":"Durmitor National Park","countryCode":"MNE","country":"Montenegro","wikipediaUrl":null,"unescoUrl":"https://whc.unesco.org/en/list/100"},"geometry":{"type":"Point","coordinates":[19.036873092,43.153198375]}},{"type":"Feature","id":"MNE-Q29000652","properties":{"id":"Q29000652","name":"Q29000652","countryCode":"MNE","country":"Montenegro","wikipediaUrl":null,"unescoUrl":"https://whc.unesco.org/en/list/1504"},"geometry":{"type":"Point","coordinates":[17.924052777,43.092213888]}},{"type":"Feature","id":"SGP-Q3046409","properties":{"id":"Q3046409","name":"Singapore Botanic Gardens","countryCode":"SGP","country":"Singapore","wikipediaUrl":"https://en.wikipedia.org/wiki/Singapore_Botanic_Gardens","unescoUrl":"https://whc.unesco.org/en/list/1483"},"geometry":{"type":"Point","coordinates":[103.8162,1.3151]}},{"type":"Feature","id":"LSO-Q6744547","properties":{"id":"Q6744547","name":"Maloti-Drakensberg Park","countryCode":"LSO","country":"Lesotho","wikipediaUrl":"https://en.wikipedia.org/wiki/Maloti-Drakensberg_Park","unescoUrl":"https://whc.unesco.org/en/list/985"},"geometry":{"type":"Point","coordinates":[29.3939,-29.4665]}},{"type":"Feature","id":"GAB-Q9055979","properties":{"id":"Q9055979","name":"Ivindo National Park","countryCode":"GAB","country":"Gabon","wikipediaUrl":"https://en.wikipedia.org/wiki/Ivindo_National_Park","unescoUrl":"https://whc.unesco.org/en/list/1653"},"geometry":{"type":"Point","coordinates":[12.63,0.088]}},{"type":"Feature","id":"GAB-Q14223008","properties":{"id":"Q14223008","name":"Ecosystem and Relict Cultural Landscape of Lopé-Okanda","countryCode":"GAB","country":"Gabon","wikipediaUrl":null,"unescoUrl":"https://whc.unesco.org/en/list/1147"},"geometry":{"type":"Point","coordinates":[11.5,-0.5]}},{"type":"Feature","id":"HTI-Q12125635","properties":{"id":"Q12125635","name":"National History Park","countryCode":"HTI","country":"Haiti","wikipediaUrl":"https://en.wikipedia.org/wiki/National_History_Park","unescoUrl":"https://whc.unesco.org/en/list/180"},"geometry":{"type":"Point","coordinates":[-72.243888888,19.573611111]}},{"type":"Feature","id":"URY-Q26721344","properties":{"id":"Q26721344","name":"Church of Cristo Obrero y Nuestra Señora de Lourdes","countryCode":"URY","country":"Uruguay","wikipediaUrl":"https://en.wikipedia.org/wiki/Iglesia_de_Cristo_Obrero_y_Nuestra_Se%C3%B1ora_de_Lourdes","unescoUrl":"https://whc.unesco.org/en/list/1612"},"geometry":{"type":"Point","coordinates":[-55.766,-34.744]}},{"type":"Feature","id":"URY-Q9643691","properties":{"id":"Q9643691","name":"Historic Quarter of the City of Colonia del Sacramento","countryCode":"URY","country":"Uruguay","wikipediaUrl":null,"unescoUrl":"https://whc.unesco.org/en/list/747"},"geometry":{"type":"Point","coordinates":[-57.851234,-34.471543]}},{"type":"Feature","id":"URY-Q29905581","properties":{"id":"Q29905581","name":"Fray Bentos Industrial Landscape","countryCode":"URY","country":"Uruguay","wikipediaUrl":null,"unescoUrl":"https://whc.unesco.org/en/list/1464"},"geometry":{"type":"Point","coordinates":[-58.331667,-33.117778]}},{"type":"Feature","id":"SDS-Q60848196","properties":{"id":"Q60848196","name":"Boma-Badingilo Migratory Landscape","countryCode":"SDS","country":"South Sudan","wikipediaUrl":"https://en.wikipedia.org/wiki/Boma%E2%80%93Badingilo_Migratory_Landscape","unescoUrl":"https://whc.unesco.org/en/list/1808"},"geometry":{"type":"Point","coordinates":[32.9586,6.5138]}},{"type":"Feature","id":"KHM-Q45949","properties":{"id":"Q45949","name":"Preah Vihear Temple","countryCode":"KHM","country":"Cambodia","wikipediaUrl":"https://en.wikipedia.org/wiki/Preah_Vihear","unescoUrl":"https://whc.unesco.org/en/list/1224"},"geometry":{"type":"Point","coordinates":[104.680277777,14.390555555]}},{"type":"Feature","id":"KHM-Q1778458","properties":{"id":"Q1778458","name":"Koh Ker","countryCode":"KHM","country":"Cambodia","wikipediaUrl":"https://en.wikipedia.org/wiki/Koh_Ker","unescoUrl":"https://whc.unesco.org/en/list/1667"},"geometry":{"type":"Point","coordinates":[104.53333333,13.78333333]}},{"type":"Feature","id":"KHM-Q1818746","properties":{"id":"Q1818746","name":"Sambor Prei Kuk","countryCode":"KHM","country":"Cambodia","wikipediaUrl":"https://en.wikipedia.org/wiki/Sambor_Prei_Kuk","unescoUrl":"https://whc.unesco.org/en/list/1532"},"geometry":{"type":"Point","coordinates":[105.040025,12.867283]}},{"type":"Feature","id":"KHM-Q134721311","properties":{"id":"Q134721311","name":"Cambodian Memorial Sites: From centres of repression to places of peace and reflection","countryCode":"KHM","country":"Cambodia","wikipediaUrl":"https://en.wikipedia.org/wiki/Cambodian_Memorial_Sites","unescoUrl":"https://whc.unesco.org/en/list/1748"},"geometry":{"type":"Point","coordinates":[104.917777777,11.549444444]}},{"type":"Feature","id":"KHM-Q2397751","properties":{"id":"Q2397751","name":"Angkor","countryCode":"KHM","country":"Cambodia","wikipediaUrl":null,"unescoUrl":"https://whc.unesco.org/en/list/668"},"geometry":{"type":"Point","coordinates":[103.859081,13.440881]}},{"type":"Feature","id":"VAT-Q237","properties":{"id":"Q237","name":"Vatican City","countryCode":"VAT","country":"Vatican City","wikipediaUrl":"https://en.wikipedia.org/wiki/Vatican_City","unescoUrl":"https://whc.unesco.org/en/list/286"},"geometry":{"type":"Point","coordinates":[12.453,41.904]}},{"type":"Feature","id":"VAT-Q18448486","properties":{"id":"Q18448486","name":"Historic Centre of Rome, the Properties of the Holy See in that City Enjoying Extraterritorial Rights and San Paolo Fuori le Mura","countryCode":"VAT","country":"Vatican City","wikipediaUrl":null,"unescoUrl":"https://whc.unesco.org/en/list/91"},"geometry":{"type":"Point","coordinates":[12.4866,41.8928]}},{"type":"Feature","id":"VUT-Q1072369","properties":{"id":"Q1072369","name":"Chief Roi Mata’s Domain","countryCode":"VUT","country":"Vanuatu","wikipediaUrl":null,"unescoUrl":"https://whc.unesco.org/en/list/1280"},"geometry":{"type":"Point","coordinates":[168.23399,-17.69364]}},{"type":"Feature","id":"GMB-Q4387456","properties":{"id":"Q4387456","name":"Kunta Kinteh Island and Related Sites","countryCode":"GMB","country":"Gambia","wikipediaUrl":null,"unescoUrl":"https://whc.unesco.org/en/list/761"},"geometry":{"type":"Point","coordinates":[-16.36147222,13.31747222]}},{"type":"Feature","id":"GMB-Q98769058","properties":{"id":"Q98769058","name":"Stone Circles of Senegambia","countryCode":"GMB","country":"Gambia","wikipediaUrl":null,"unescoUrl":"https://whc.unesco.org/en/list/1226"},"geometry":{"type":"Point","coordinates":[-15.516666666,13.683333333]}},{"type":"Feature","id":"SDN-Q65937857","properties":{"id":"Q65937857","name":"Sanganeb Marine National Park and Dungonab Bay – Mukkawar Island Marine National Park","countryCode":"SDN","country":"Sudan","wikipediaUrl":null,"unescoUrl":"https://whc.unesco.org/en/list/262"},"geometry":{"type":"Point","coordinates":[37.4431,19.7361]}},{"type":"Feature","id":"SDN-Q3962345","properties":{"id":"Q3962345","name":"Archaeological Sites of the Island of Meroe","countryCode":"SDN","country":"Sudan","wikipediaUrl":null,"unescoUrl":"https://whc.unesco.org/en/list/1336"},"geometry":{"type":"Point","coordinates":[33.71666667,16.93333333]}},{"type":"Feature","id":"SDN-Q15278408","properties":{"id":"Q15278408","name":"Gebel Barkal and the Sites of the Napatan Region","countryCode":"SDN","country":"Sudan","wikipediaUrl":null,"unescoUrl":"https://whc.unesco.org/en/list/1073"},"geometry":{"type":"Point","coordinates":[31.816666666,18.533333333]}},{"type":"Feature","id":"GNB-Q63353195","properties":{"id":"Q63353195","name":"Bijagos Archipelago Biosphere Reserve","countryCode":"GNB","country":"Guinea-Bissau","wikipediaUrl":null,"unescoUrl":"https://whc.unesco.org/en/list/1431"},"geometry":{"type":"Point","coordinates":[-16.083333333,11.25]}},{"type":"Feature","id":"AFG-Q50810144","properties":{"id":"Q50810144","name":"Cultural Landscape and Archaeological Remains of the Bamiyan Valley","countryCode":"AFG","country":"Afghanistan","wikipediaUrl":null,"unescoUrl":"https://whc.unesco.org/en/list/208"},"geometry":{"type":"Point","coordinates":[67.826803,34.832042]}},{"type":"Feature","id":"AFG-Q65953897","properties":{"id":"Q65953897","name":"Minaret and Archaeological Remains of Jam","countryCode":"AFG","country":"Afghanistan","wikipediaUrl":null,"unescoUrl":"https://whc.unesco.org/en/list/211"},"geometry":{"type":"Point","coordinates":[64.5159,34.3964]}},{"type":"Feature","id":"LUX-Q52112669","properties":{"id":"Q52112669","name":"City of Luxembourg: its Old Quarters and Fortifications","countryCode":"LUX","country":"Luxembourg","wikipediaUrl":null,"unescoUrl":"https://whc.unesco.org/en/list/699"},"geometry":{"type":"Point","coordinates":[6.1325,49.610555555]}},{"type":"Feature","id":"SMR-Q15613336","properties":{"id":"Q15613336","name":"San Marino Historic Centre and Mount Titano","countryCode":"SMR","country":"San Marino","wikipediaUrl":null,"unescoUrl":"https://whc.unesco.org/en/list/1245"},"geometry":{"type":"Point","coordinates":[12.45194444,43.93277778]}},{"type":"Feature","id":"ARM-Q22026170","properties":{"id":"Q22026170","name":"Cathedral and Churches of Echmiatsin and the Archaeological Site of Zvartnots","countryCode":"ARM","country":"Armenia","wikipediaUrl":null,"unescoUrl":"https://whc.unesco.org/en/list/1011"},"geometry":{"type":"Point","coordinates":[44.295138888,40.159305555]}},{"type":"Feature","id":"ARM-Q16910825","properties":{"id":"Q16910825","name":"Monasteries of Haghpat and Sanahin","countryCode":"ARM","country":"Armenia","wikipediaUrl":null,"unescoUrl":"https://whc.unesco.org/en/list/777"},"geometry":{"type":"Point","coordinates":[44.71028,41.095]}},{"type":"Feature","id":"ARM-Q17155656","properties":{"id":"Q17155656","name":"Monastery of Geghard and the Upper Azat Valley","countryCode":"ARM","country":"Armenia","wikipediaUrl":null,"unescoUrl":"https://whc.unesco.org/en/list/960"},"geometry":{"type":"Point","coordinates":[44.79667,40.15889]}},{"type":"Feature","id":"PLW-Q17215490","properties":{"id":"Q17215490","name":"Rock Islands Southern Lagoon","countryCode":"PLW","country":"Palau","wikipediaUrl":null,"unescoUrl":"https://whc.unesco.org/en/list/1386"},"geometry":{"type":"Point","coordinates":[134.3525,7.2469]}},{"type":"Feature","id":"FJI-Q17304996","properties":{"id":"Q17304996","name":"Levuka Historical Port Town","countryCode":"FJI","country":"Fiji","wikipediaUrl":null,"unescoUrl":"https://whc.unesco.org/en/list/1399"},"geometry":{"type":"Point","coordinates":[178.8345333,-17.68337778]}},{"type":"Feature","id":"CUW-Q17240216","properties":{"id":"Q17240216","name":"Historic Area of Willemstad, Inner City and Harbour, Curaçao","countryCode":"CUW","country":"Curaçao","wikipediaUrl":null,"unescoUrl":"https://whc.unesco.org/en/list/819"},"geometry":{"type":"Point","coordinates":[-68.934201,12.106141]}},{"type":"Feature","id":"MMR-Q29317","properties":{"id":"Q29317","name":"Bagan","countryCode":"MMR","country":"Myanmar","wikipediaUrl":"https://en.wikipedia.org/wiki/Bagan","unescoUrl":"https://whc.unesco.org/en/list/1588"},"geometry":{"type":"Point","coordinates":[94.86,21.1725]}},{"type":"Feature","id":"MMR-Q17277938","properties":{"id":"Q17277938","name":"Pyu Ancient Cities","countryCode":"MMR","country":"Myanmar","wikipediaUrl":null,"unescoUrl":"https://whc.unesco.org/en/list/1444"},"geometry":{"type":"Point","coordinates":[95.81861111,22.47]}},{"type":"Feature","id":"COM-Q65724639","properties":{"id":"Q65724639","name":"The Medinas of the Historic Sultanates of the Comoros","countryCode":"COM","country":"Comoros","wikipediaUrl":null,"unescoUrl":"https://whc.unesco.org/en/list/1768"},"geometry":{"type":"Point","coordinates":[43.26465,-11.675294444]}},{"type":"Feature","id":"SLE-Q127463879","properties":{"id":"Q127463879","name":"Gola-Tiwai complex","countryCode":"SLE","country":"Sierra Leone","wikipediaUrl":null,"unescoUrl":"https://whc.unesco.org/en/list/1746"},"geometry":{"type":"Point","coordinates":[-11.35,7.533333333]}},{"type":"Feature","id":"ERI-Q124393371","properties":{"id":"Q124393371","name":"Asmara: A Modernist African City","countryCode":"ERI","country":"Eritrea","wikipediaUrl":null,"unescoUrl":"https://whc.unesco.org/en/list/1550"},"geometry":{"type":"Point","coordinates":[38.935833,15.335278]}},{"type":"Feature","id":"STP-Q140698922","properties":{"id":"Q140698922","name":"The Roças of Sao Tome and Principe: Colonial Agricultural System and Forced Migration","countryCode":"STP","country":"São Tomé and Príncipe","wikipediaUrl":null,"unescoUrl":"https://whc.unesco.org/en/list/1750"},"geometry":{"type":"Point","coordinates":[7.4435,1.684277777]}},{"type":"Feature","id":"ATG-Q124402010","properties":{"id":"Q124402010","name":"Antigua Naval Dockyard and Related Archaeological Sites","countryCode":"ATG","country":"Antigua and Barbuda","wikipediaUrl":"https://en.wikipedia.org/wiki/Antigua_Naval_Dockyard_and_Related_Archaeological_Sites","unescoUrl":"https://whc.unesco.org/en/list/1499"},"geometry":{"type":"Point","coordinates":[-61.76007,17.00455]}},{"type":"Feature","id":"BLZ-Q28361","properties":{"id":"Q28361","name":"Belize Barrier Reef","countryCode":"BLZ","country":"Belize","wikipediaUrl":"https://en.wikipedia.org/wiki/Belize_Barrier_Reef","unescoUrl":"https://whc.unesco.org/en/list/764"},"geometry":{"type":"Point","coordinates":[-88.052777777,17.2625]}},{"type":"Feature","id":"SLV-Q27985","properties":{"id":"Q27985","name":"Joya de Cerén","countryCode":"SLV","country":"El Salvador","wikipediaUrl":"https://en.wikipedia.org/wiki/Joya_de_Cer%C3%A9n","unescoUrl":"https://whc.unesco.org/en/list/675"},"geometry":{"type":"Point","coordinates":[-89.356158333,13.827494444]}}]}