{"type":"FeatureCollection","features":[{"type":"Feature","id":"city-1159123391","properties":{"name":"Mesa","localName":"Mesa","countryCode":"USA","country":"United States","division":"Arizona","qid":"Q49261","rank":12},"geometry":{"type":"Point","coordinates":[-111.820967,33.414796]}},{"type":"Feature","id":"city-1159123519","properties":{"name":"San Mateo","localName":"San Mateo","countryCode":"USA","country":"United States","division":"California","qid":"Q169943","rank":11},"geometry":{"type":"Point","coordinates":[-122.303214,37.540554]}},{"type":"Feature","id":"city-1159123565","properties":{"name":"Aurora","localName":"Aurora","countryCode":"USA","country":"United States","division":"Colorado","qid":"Q49246","rank":11},"geometry":{"type":"Point","coordinates":[-104.808497,39.695857]}},{"type":"Feature","id":"city-1159123881","properties":{"name":"Kansas City","localName":"Kansas City","countryCode":"USA","country":"United States","division":"Kansas","qid":"Q486472","rank":11},"geometry":{"type":"Point","coordinates":[-94.630146,39.11358]}},{"type":"Feature","id":"city-1159124429","properties":{"name":"Pasadena","localName":"Pasadena","countryCode":"USA","country":"United States","division":"Texas","qid":"Q51695","rank":11},"geometry":{"type":"Point","coordinates":[-95.147743,29.660863]}},{"type":"Feature","id":"city-1159124457","properties":{"name":"Arlington","localName":"Arlington","countryCode":"USA","country":"United States","division":"Texas","qid":"Q17943","rank":11},"geometry":{"type":"Point","coordinates":[-97.020239,32.684761]}},{"type":"Feature","id":"city-1159124569","properties":{"name":"Stamford","localName":"Stamford","countryCode":"USA","country":"United States","division":"Connecticut","qid":"Q49169","rank":11},"geometry":{"type":"Point","coordinates":[-73.539191,41.053346]}},{"type":"Feature","id":"city-1159125051","properties":{"name":"Joliet","localName":"Joliet","countryCode":"USA","country":"United States","division":"Illinois","qid":"Q40345","rank":11},"geometry":{"type":"Point","coordinates":[-88.106674,41.529983]}},{"type":"Feature","id":"city-1159125799","properties":{"name":"Puerto la Cruz","localName":"Puerto la Cruz","countryCode":"VEN","country":"Venezuela","division":"Anzoátegui","qid":"Q379509","rank":11},"geometry":{"type":"Point","coordinates":[-64.680016,10.169959]}},{"type":"Feature","id":"city-1159126851","properties":{"name":"Kryvyi Rih","localName":"Kryvyy Rih","countryCode":"UKR","country":"Ukraine","division":"Dnipropetrovs'k","qid":"Q157137","rank":11},"geometry":{"type":"Point","coordinates":[33.344983,47.928326]}},{"type":"Feature","id":"city-1159127297","properties":{"name":"Bristol","localName":"Bristol","countryCode":"GBR","country":"United Kingdom","division":"Bristol","qid":"Q23154","rank":11},"geometry":{"type":"Point","coordinates":[-2.583315,51.449998]}},{"type":"Feature","id":"city-1159127553","properties":{"name":"Ansan","localName":"Ansan","countryCode":"KOR","country":"South Korea","division":"Gyeonggi-do","qid":"Q42117","rank":11},"geometry":{"type":"Point","coordinates":[126.859533,37.348068]}},{"type":"Feature","id":"city-1159127593","properties":{"name":"Changwon","localName":"Changwon","countryCode":"KOR","country":"South Korea","division":"Gyeongsangnam-do","qid":"Q243327","rank":12},"geometry":{"type":"Point","coordinates":[128.583562,35.219102]}},{"type":"Feature","id":"city-1159127607","properties":{"name":"Southend-on-Sea","localName":"Southend-on-Sea","countryCode":"GBR","country":"United Kingdom","division":"Southend-on-Sea","qid":"Q203995","rank":11},"geometry":{"type":"Point","coordinates":[0.719997,51.550018]}},{"type":"Feature","id":"city-1159127641","properties":{"name":"Bradford","localName":"Bradford","countryCode":"GBR","country":"United Kingdom","division":"West Yorkshire","qid":"Q22905","rank":11},"geometry":{"type":"Point","coordinates":[-1.754465,53.791675]}},{"type":"Feature","id":"city-1159127645","properties":{"name":"Sheffield","localName":"Sheffield","countryCode":"GBR","country":"United Kingdom","division":"South Yorkshire","qid":"Q42448","rank":12},"geometry":{"type":"Point","coordinates":[-1.499997,53.366677]}},{"type":"Feature","id":"city-1159128193","properties":{"name":"Ta'if","localName":"At Taif","countryCode":"SAU","country":"Saudi Arabia","division":"Makkah","qid":"Q182640","rank":11},"geometry":{"type":"Point","coordinates":[40.382279,21.262228]}},{"type":"Feature","id":"city-1159128275","properties":{"name":"Al Hillah","localName":"Al Hillah","countryCode":"SAU","country":"Saudi Arabia","division":"Ar Riyad","qid":null,"rank":11},"geometry":{"type":"Point","coordinates":[46.75636,23.489456]}},{"type":"Feature","id":"city-1159128399","properties":{"name":"Abbottabad","localName":"Abbottabad","countryCode":"PAK","country":"Pakistan","division":"N.W.F.P.","qid":"Q170315","rank":12},"geometry":{"type":"Point","coordinates":[73.199501,34.149503]}},{"type":"Feature","id":"city-1159129381","properties":{"name":"Ciudad Nezahualcóyotl","localName":"Nezahualcoyotl","countryCode":"MEX","country":"Mexico","division":"México","qid":"Q210307","rank":12},"geometry":{"type":"Point","coordinates":[-99.029987,19.410016]}},{"type":"Feature","id":"city-1159129505","properties":{"name":"Bytom","localName":"Bytom","countryCode":"POL","country":"Poland","division":"Silesian","qid":"Q102350","rank":11},"geometry":{"type":"Point","coordinates":[18.909998,50.350039]}},{"type":"Feature","id":"city-1159129781","properties":{"name":"Linxia City","localName":"Linxia","countryCode":"CHN","country":"China","division":"Gansu","qid":"Q653608","rank":11},"geometry":{"type":"Point","coordinates":[103.200047,35.600009]}},{"type":"Feature","id":"city-1159129785","properties":{"name":"Zhuozhou","localName":"Zhuozhou","countryCode":"CHN","country":"China","division":"Beijing","qid":"Q198244","rank":11},"geometry":{"type":"Point","coordinates":[115.789976,39.540053]}},{"type":"Feature","id":"city-1159129943","properties":{"name":"Soledad","localName":"Soledad","countryCode":"COL","country":"Colombia","division":"Atlántico","qid":"Q767071","rank":11},"geometry":{"type":"Point","coordinates":[-74.769994,10.920017]}},{"type":"Feature","id":"city-1159129997","properties":{"name":"Dortmund","localName":"Dortmund","countryCode":"DEU","country":"Germany","division":"Nordrhein-Westfalen","qid":"Q1295","rank":11},"geometry":{"type":"Point","coordinates":[7.450026,51.529967]}},{"type":"Feature","id":"city-1159130001","properties":{"name":"Duisburg","localName":"Duisburg","countryCode":"DEU","country":"Germany","division":"Nordrhein-Westfalen","qid":"Q2100","rank":12},"geometry":{"type":"Point","coordinates":[6.750017,51.429973]}},{"type":"Feature","id":"city-1159130005","properties":{"name":"Wuppertal","localName":"Wuppertal","countryCode":"DEU","country":"Germany","division":"Nordrhein-Westfalen","qid":"Q2107","rank":11},"geometry":{"type":"Point","coordinates":[7.169991,51.25001]}},{"type":"Feature","id":"city-1159130011","properties":{"name":"Essen","localName":"Essen","countryCode":"DEU","country":"Germany","division":"Nordrhein-Westfalen","qid":"Q2066","rank":12},"geometry":{"type":"Point","coordinates":[7.016615,51.449998]}},{"type":"Feature","id":"city-1159130135","properties":{"name":"Yangquan","localName":"Yangquan","countryCode":"CHN","country":"China","division":"Shanxi","qid":"Q72907","rank":11},"geometry":{"type":"Point","coordinates":[113.570008,37.869974]}},{"type":"Feature","id":"city-1159130139","properties":{"name":"Shiyan","localName":"Shiyan","countryCode":"CHN","country":"China","division":"Hubei","qid":"Q71227","rank":11},"geometry":{"type":"Point","coordinates":[110.779997,32.570039]}},{"type":"Feature","id":"city-1159130147","properties":{"name":"Jingzhou","localName":"Jingzhou","countryCode":"CHN","country":"China","division":"Hubei","qid":"Q71247","rank":11},"geometry":{"type":"Point","coordinates":[112.229986,30.320021]}},{"type":"Feature","id":"city-1159130203","properties":{"name":"Zhucheng","localName":"Zhucheng","countryCode":"CHN","country":"China","division":"Shandong","qid":"Q198184","rank":12},"geometry":{"type":"Point","coordinates":[119.380093,35.989959]}},{"type":"Feature","id":"city-1159130213","properties":{"name":"Xinyi","localName":"Xinyi","countryCode":"CHN","country":"China","division":"Jiangsu","qid":"Q1344902","rank":11},"geometry":{"type":"Point","coordinates":[118.350026,34.380006]}},{"type":"Feature","id":"city-1159130217","properties":{"name":"Yangzhou","localName":"Yangzhou","countryCode":"CHN","country":"China","division":"Jiangsu","qid":"Q57906","rank":11},"geometry":{"type":"Point","coordinates":[119.430012,32.399998]}},{"type":"Feature","id":"city-1159130361","properties":{"name":"Kawasaki","localName":"Kawasaki","countryCode":"JPN","country":"Japan","division":"Kanagawa","qid":"Q164234","rank":12},"geometry":{"type":"Point","coordinates":[139.705002,35.529988]}},{"type":"Feature","id":"city-1159130375","properties":{"name":"Hachiōji","localName":"Hachiōji","countryCode":"JPN","country":"Japan","division":"Tokyo","qid":"Q208863","rank":11},"geometry":{"type":"Point","coordinates":[139.326059,35.657706]}},{"type":"Feature","id":"city-1159130443","properties":{"name":"Hisar","localName":"Hisar","countryCode":"IND","country":"India","division":"Haryana","qid":"Q1772825","rank":11},"geometry":{"type":"Point","coordinates":[75.725031,29.169988]}},{"type":"Feature","id":"city-1159130467","properties":{"name":"Kalyan","localName":"Kalyan","countryCode":"IND","country":"India","division":"Maharashtra","qid":"Q366754","rank":12},"geometry":{"type":"Point","coordinates":[73.160175,19.250232]}},{"type":"Feature","id":"city-1159130573","properties":{"name":"Viña del Mar","localName":"Viña del Mar","countryCode":"CHL","country":"Chile","division":"Valparaíso","qid":"Q184345","rank":11},"geometry":{"type":"Point","coordinates":[-71.557083,-33.024898]}},{"type":"Feature","id":"city-1159130807","properties":{"name":"Ajmer","localName":"Ajmer","countryCode":"IND","country":"India","division":"Rajasthan","qid":"Q200049","rank":11},"geometry":{"type":"Point","coordinates":[74.639981,26.449999]}},{"type":"Feature","id":"city-1159131055","properties":{"name":"Canoas","localName":"Canoas","countryCode":"BRA","country":"Brazil","division":"Rio Grande do Sul","qid":"Q194325","rank":11},"geometry":{"type":"Point","coordinates":[-51.179987,-29.919997]}},{"type":"Feature","id":"city-1159131135","properties":{"name":"São José dos Pinhais","localName":"São José dos Pinhais","countryCode":"BRA","country":"Brazil","division":"Paraná","qid":"Q478818","rank":11},"geometry":{"type":"Point","coordinates":[-49.180006,-25.57003]}},{"type":"Feature","id":"city-1159131299","properties":{"name":"Nova Iguaçu","localName":"Nova Iguaçu","countryCode":"BRA","country":"Brazil","division":"Rio de Janeiro","qid":"Q188897","rank":11},"geometry":{"type":"Point","coordinates":[-43.44519,-22.755052]}},{"type":"Feature","id":"city-1159131305","properties":{"name":"Duque de Caxias","localName":"Duque de Caxias","countryCode":"BRA","country":"Brazil","division":"Rio de Janeiro","qid":"Q193021","rank":11},"geometry":{"type":"Point","coordinates":[-43.305602,-22.796378]}},{"type":"Feature","id":"city-1159131983","properties":{"name":"Santo André","localName":"Santo André","countryCode":"BRA","country":"Brazil","division":"São Paulo","qid":"Q191652","rank":11},"geometry":{"type":"Point","coordinates":[-46.527817,-23.652834]}},{"type":"Feature","id":"city-1159132015","properties":{"name":"Jundiaí","localName":"Jundiaí","countryCode":"BRA","country":"Brazil","division":"São Paulo","qid":"Q275109","rank":11},"geometry":{"type":"Point","coordinates":[-46.879992,-23.199994]}},{"type":"Feature","id":"city-1159132019","properties":{"name":"São José dos Campos","localName":"São José dos Campos","countryCode":"BRA","country":"Brazil","division":"São Paulo","qid":"Q191642","rank":11},"geometry":{"type":"Point","coordinates":[-45.879949,-23.199994]}},{"type":"Feature","id":"city-1159132115","properties":{"name":"Jaboatão dos Guararapes","localName":"Jaboatao","countryCode":"BRA","country":"Brazil","division":"Pernambuco","qid":"Q271393","rank":11},"geometry":{"type":"Point","coordinates":[-35.020044,-8.11001]}},{"type":"Feature","id":"city-1159132119","properties":{"name":"Olinda","localName":"Olinda","countryCode":"BRA","country":"Brazil","division":"Pernambuco","qid":"Q28301","rank":11},"geometry":{"type":"Point","coordinates":[-34.849951,-7.999991]}},{"type":"Feature","id":"city-1159132389","properties":{"name":"Zhongli","localName":"Zhongli","countryCode":"TWN","country":"Taiwan","division":"Taoyuan","qid":"Q172146","rank":12},"geometry":{"type":"Point","coordinates":[121.216776,24.965025]}},{"type":"Feature","id":"city-1159132609","properties":{"name":"Stockton","localName":"Stockton","countryCode":"USA","country":"United States","division":"California","qid":"Q49240","rank":11},"geometry":{"type":"Point","coordinates":[-121.289739,37.958134]}},{"type":"Feature","id":"city-1159132659","properties":{"name":"Oceanside","localName":"Oceanside","countryCode":"USA","country":"United States","division":"California","qid":"Q488924","rank":11},"geometry":{"type":"Point","coordinates":[-117.345811,33.191499]}},{"type":"Feature","id":"city-1159132667","properties":{"name":"Irvine","localName":"Irvine","countryCode":"USA","country":"United States","division":"California","qid":"Q49219","rank":12},"geometry":{"type":"Point","coordinates":[-117.82995,33.680411]}},{"type":"Feature","id":"city-1159133199","properties":{"name":"New Haven","localName":"New Haven","countryCode":"USA","country":"United States","division":"Connecticut","qid":"Q49145","rank":11},"geometry":{"type":"Point","coordinates":[-72.900005,41.330383]}},{"type":"Feature","id":"city-1159133203","properties":{"name":"Lowell","localName":"Lowell","countryCode":"USA","country":"United States","division":"Massachusetts","qid":"Q49162","rank":11},"geometry":{"type":"Point","coordinates":[-71.316691,42.633688]}},{"type":"Feature","id":"city-1159133279","properties":{"name":"Fort Lauderdale","localName":"Fort Lauderdale","countryCode":"USA","country":"United States","division":"Florida","qid":"Q165972","rank":12},"geometry":{"type":"Point","coordinates":[-80.141785,26.136065]}},{"type":"Feature","id":"city-1159133425","properties":{"name":"Gary","localName":"Gary","countryCode":"USA","country":"United States","division":"Indiana","qid":"Q184116","rank":11},"geometry":{"type":"Point","coordinates":[-87.330003,41.580393]}},{"type":"Feature","id":"city-1159133431","properties":{"name":"Covington","localName":"Covington","countryCode":"USA","country":"United States","division":"Kentucky","qid":"Q747599","rank":11},"geometry":{"type":"Point","coordinates":[-84.508599,39.084008]}},{"type":"Feature","id":"city-1159133457","properties":{"name":"Akron","localName":"Akron","countryCode":"USA","country":"United States","division":"Ohio","qid":"Q163132","rank":11},"geometry":{"type":"Point","coordinates":[-81.519996,41.070399]}},{"type":"Feature","id":"city-1159133737","properties":{"name":"Grand Rapids","localName":"Grand Rapids","countryCode":"USA","country":"United States","division":"Michigan","qid":"Q184587","rank":11},"geometry":{"type":"Point","coordinates":[-85.669949,42.96372]}},{"type":"Feature","id":"city-1159133777","properties":{"name":"Málaga","localName":"Málaga","countryCode":"ESP","country":"Spain","division":"Andalucía","qid":"Q8851","rank":11},"geometry":{"type":"Point","coordinates":[-4.419999,36.720406]}},{"type":"Feature","id":"city-1159135179","properties":{"name":"Tarsus","localName":"Tarsus","countryCode":"TUR","country":"Türkiye","division":"Mersin","qid":"Q134287","rank":11},"geometry":{"type":"Point","coordinates":[34.879979,36.920394]}},{"type":"Feature","id":"city-1159135295","properties":{"name":"Brighton","localName":"Brighton","countryCode":"GBR","country":"United Kingdom","division":"Brighton and Hove","qid":"Q131491","rank":11},"geometry":{"type":"Point","coordinates":[-0.169974,50.830346]}},{"type":"Feature","id":"city-1159135319","properties":{"name":"Nottingham","localName":"Nottingham","countryCode":"GBR","country":"United Kingdom","division":"Nottingham","qid":"Q41262","rank":11},"geometry":{"type":"Point","coordinates":[-1.165706,52.941084]}},{"type":"Feature","id":"city-1159136431","properties":{"name":"Sargodha","localName":"Sargodha","countryCode":"PAK","country":"Pakistan","division":"Punjab","qid":"Q855997","rank":11},"geometry":{"type":"Point","coordinates":[72.674985,32.085366]}},{"type":"Feature","id":"city-1159136481","properties":{"name":"Bannu","localName":"Bannu","countryCode":"PAK","country":"Pakistan","division":"N.W.F.P.","qid":"Q806916","rank":11},"geometry":{"type":"Point","coordinates":[70.598574,32.98898]}},{"type":"Feature","id":"city-1159136511","properties":{"name":"Butterworth","localName":"Butterworth","countryCode":"MYS","country":"Malaysia","division":"Pulau Pinang","qid":"Q1018159","rank":11},"geometry":{"type":"Point","coordinates":[100.400011,5.417071]}},{"type":"Feature","id":"city-1159137037","properties":{"name":"Matola","localName":"Matola","countryCode":"MOZ","country":"Mozambique","division":"Maputo","qid":"Q109949","rank":11},"geometry":{"type":"Point","coordinates":[32.460024,-25.969592]}},{"type":"Feature","id":"city-1159137677","properties":{"name":"Tolyatti","localName":"Tolyatti","countryCode":"RUS","country":"Russia","division":"Samara","qid":"Q1341","rank":11},"geometry":{"type":"Point","coordinates":[49.420063,53.508094]}},{"type":"Feature","id":"city-1159137967","properties":{"name":"Quezon City","localName":"Quezon City","countryCode":"PHL","country":"Philippines","division":"Metropolitan Manila","qid":"Q1475","rank":12},"geometry":{"type":"Point","coordinates":[121.029966,14.650435]}},{"type":"Feature","id":"city-1159138759","properties":{"name":"Aba","localName":"Aba","countryCode":"NGA","country":"Nigeria","division":"Abia","qid":"Q202162","rank":11},"geometry":{"type":"Point","coordinates":[7.34998,5.100398]}},{"type":"Feature","id":"city-1159138813","properties":{"name":"Ikare","localName":"Ikare","countryCode":"NGA","country":"Nigeria","division":"Ondo","qid":"Q3320803","rank":12},"geometry":{"type":"Point","coordinates":[5.76,7.53043]}},{"type":"Feature","id":"city-1159138839","properties":{"name":"Oyo","localName":"Oyo","countryCode":"NGA","country":"Nigeria","division":"Oyo","qid":"Q1023703","rank":11},"geometry":{"type":"Point","coordinates":[3.929982,7.850437]}},{"type":"Feature","id":"city-1159139083","properties":{"name":"Gliwice","localName":"Gliwice","countryCode":"POL","country":"Poland","division":"Silesian","qid":"Q105084","rank":11},"geometry":{"type":"Point","coordinates":[18.670013,50.330376]}},{"type":"Feature","id":"city-1159139315","properties":{"name":"Binjai","localName":"Binjai","countryCode":"IDN","country":"Indonesia","division":"Sumatera Utara","qid":"Q5954","rank":11},"geometry":{"type":"Point","coordinates":[98.500075,3.620359]}},{"type":"Feature","id":"city-1159139337","properties":{"name":"Bukittinggi","localName":"Bukittinggi","countryCode":"IDN","country":"Indonesia","division":"Sumatera Barat","qid":"Q7248","rank":11},"geometry":{"type":"Point","coordinates":[100.36146,-0.303148]}},{"type":"Feature","id":"city-1159139497","properties":{"name":"Salerno","localName":"Salerno","countryCode":"ITA","country":"Italy","division":"Campania","qid":"Q1083","rank":11},"geometry":{"type":"Point","coordinates":[14.769941,40.680397]}},{"type":"Feature","id":"city-1159139651","properties":{"name":"Beihai","localName":"Beihai","countryCode":"CHN","country":"China","division":"Guangxi","qid":"Q210365","rank":11},"geometry":{"type":"Point","coordinates":[109.100048,21.480406]}},{"type":"Feature","id":"city-1159139657","properties":{"name":"Hechi","localName":"Hechi","countryCode":"CHN","country":"China","division":"Guangxi","qid":"Q572089","rank":12},"geometry":{"type":"Point","coordinates":[108.083,24.695252]}},{"type":"Feature","id":"city-1159139669","properties":{"name":"Changping","localName":"Changping","countryCode":"CHN","country":"China","division":"Beijing","qid":null,"rank":11},"geometry":{"type":"Point","coordinates":[116.194396,40.224766]}},{"type":"Feature","id":"city-1159139683","properties":{"name":"Zhangzhou","localName":"Zhangzhou","countryCode":"CHN","country":"China","division":"Fujian","qid":"Q68814","rank":12},"geometry":{"type":"Point","coordinates":[117.670016,24.520375]}},{"type":"Feature","id":"city-1159139717","properties":{"name":"Tongling","localName":"Tongling","countryCode":"CHN","country":"China","division":"Anhui","qid":"Q360326","rank":11},"geometry":{"type":"Point","coordinates":[117.780035,30.950448]}},{"type":"Feature","id":"city-1159139721","properties":{"name":"Ma'anshan","localName":"Maanshan","countryCode":"CHN","country":"China","division":"Anhui","qid":"Q360235","rank":12},"geometry":{"type":"Point","coordinates":[118.485148,31.672564]}},{"type":"Feature","id":"city-1159139731","properties":{"name":"Yangjiang","localName":"Yangjiang","countryCode":"CHN","country":"China","division":"Guangdong","qid":"Q59209","rank":11},"geometry":{"type":"Point","coordinates":[111.970002,21.850409]}},{"type":"Feature","id":"city-1159139743","properties":{"name":"Qingyuan","localName":"Qingyuan","countryCode":"CHN","country":"China","division":"Guangdong","qid":"Q59213","rank":11},"geometry":{"type":"Point","coordinates":[113.030093,23.7004]}},{"type":"Feature","id":"city-1159139757","properties":{"name":"Jiangmen","localName":"Jiangmen","countryCode":"CHN","country":"China","division":"Guangdong","qid":"Q59132","rank":11},"geometry":{"type":"Point","coordinates":[113.080012,22.58039]}},{"type":"Feature","id":"city-1159139761","properties":{"name":"Maoming","localName":"Maoming","countryCode":"CHN","country":"China","division":"Guangdong","qid":"Q38927","rank":12},"geometry":{"type":"Point","coordinates":[110.870018,21.920405]}},{"type":"Feature","id":"city-1159139775","properties":{"name":"Cilacap","localName":"Cilacap","countryCode":"IDN","country":"Indonesia","division":"Jawa Tengah","qid":"Q12478970","rank":12},"geometry":{"type":"Point","coordinates":[109.015402,-7.71882]}},{"type":"Feature","id":"city-1159139809","properties":{"name":"Bekasi","localName":"Bekasi","countryCode":"IDN","country":"Indonesia","division":"Jakarta Raya","qid":"Q10392","rank":12},"geometry":{"type":"Point","coordinates":[106.972323,-6.217257]}},{"type":"Feature","id":"city-1159140541","properties":{"name":"Bonn","localName":"Bonn","countryCode":"DEU","country":"Germany","division":"Nordrhein-Westfalen","qid":"Q586","rank":11},"geometry":{"type":"Point","coordinates":[7.080022,50.720456]}},{"type":"Feature","id":"city-1159140549","properties":{"name":"Mannheim","localName":"Mannheim","countryCode":"DEU","country":"Germany","division":"Baden-Württemberg","qid":"Q2119","rank":12},"geometry":{"type":"Point","coordinates":[8.470015,49.500375]}},{"type":"Feature","id":"city-1159140685","properties":{"name":"Leipzig","localName":"Leipzig","countryCode":"DEU","country":"Germany","division":"Sachsen","qid":"Q2079","rank":11},"geometry":{"type":"Point","coordinates":[12.409981,51.335405]}},{"type":"Feature","id":"city-1159140707","properties":{"name":"Turpan","localName":"Turpan","countryCode":"CHN","country":"China","division":"Xinjiang Uygur","qid":"Q868527","rank":11},"geometry":{"type":"Point","coordinates":[89.165038,42.935375]}},{"type":"Feature","id":"city-1159140741","properties":{"name":"Shuozhou","localName":"Shuozhou","countryCode":"CHN","country":"China","division":"Shanxi","qid":"Q73020","rank":11},"geometry":{"type":"Point","coordinates":[112.420001,39.300378]}},{"type":"Feature","id":"city-1159140747","properties":{"name":"Jincheng","localName":"Jincheng","countryCode":"CHN","country":"China","division":"Shanxi","qid":"Q72990","rank":11},"geometry":{"type":"Point","coordinates":[112.830002,35.500377]}},{"type":"Feature","id":"city-1159140757","properties":{"name":"Changzhi","localName":"Changzhi","countryCode":"CHN","country":"China","division":"Shanxi","qid":"Q72945","rank":11},"geometry":{"type":"Point","coordinates":[113.105282,36.183875]}},{"type":"Feature","id":"city-1159140809","properties":{"name":"Xiangtan","localName":"Xiangtan","countryCode":"CHN","country":"China","division":"Hunan","qid":"Q215755","rank":12},"geometry":{"type":"Point","coordinates":[112.900023,27.850431]}},{"type":"Feature","id":"city-1159140813","properties":{"name":"Zigong","localName":"Zigong","countryCode":"CHN","country":"China","division":"Sichuan","qid":"Q29015","rank":12},"geometry":{"type":"Point","coordinates":[104.778056,29.401946]}},{"type":"Feature","id":"city-1159140837","properties":{"name":"Zhanyi","localName":"Zhanyi","countryCode":"CHN","country":"China","division":"Yunnan","qid":null,"rank":11},"geometry":{"type":"Point","coordinates":[103.81665,25.600465]}},{"type":"Feature","id":"city-1159140851","properties":{"name":"Cangzhou","localName":"Cangzhou","countryCode":"CHN","country":"China","division":"Hebei","qid":"Q58695","rank":11},"geometry":{"type":"Point","coordinates":[116.870013,38.320386]}},{"type":"Feature","id":"city-1159140855","properties":{"name":"Baoding","localName":"Baoding","countryCode":"CHN","country":"China","division":"Hebei","qid":"Q58584","rank":12},"geometry":{"type":"Point","coordinates":[115.468897,38.85834]}},{"type":"Feature","id":"city-1159140881","properties":{"name":"Xingtai","localName":"Xiangtai","countryCode":"CHN","country":"China","division":"Hebei","qid":"Q58576","rank":11},"geometry":{"type":"Point","coordinates":[114.500029,37.049972]}},{"type":"Feature","id":"city-1159140885","properties":{"name":"Puyang","localName":"Puyang","countryCode":"CHN","country":"China","division":"Henan","qid":"Q404484","rank":11},"geometry":{"type":"Point","coordinates":[114.98,35.700391]}},{"type":"Feature","id":"city-1159140957","properties":{"name":"Rizhao","localName":"Rizhao","countryCode":"CHN","country":"China","division":"Shandong","qid":"Q373101","rank":11},"geometry":{"type":"Point","coordinates":[119.450011,35.430381]}},{"type":"Feature","id":"city-1159140977","properties":{"name":"Ji'an","localName":"Jian","countryCode":"CHN","country":"China","division":"Jiangxi","qid":"Q363262","rank":11},"geometry":{"type":"Point","coordinates":[114.999998,27.130423]}},{"type":"Feature","id":"city-1159140981","properties":{"name":"Shangrao","localName":"Shangrao","countryCode":"CHN","country":"China","division":"Jiangxi","qid":"Q363479","rank":12},"geometry":{"type":"Point","coordinates":[117.969998,28.470393]}},{"type":"Feature","id":"city-1159140991","properties":{"name":"Taizhou","localName":"Taizhou","countryCode":"CHN","country":"China","division":"Jiangsu","qid":"Q57931","rank":11},"geometry":{"type":"Point","coordinates":[119.900009,32.490406]}},{"type":"Feature","id":"city-1159140995","properties":{"name":"Shuyang","localName":"Shuyang","countryCode":"CHN","country":"China","division":"Jiangsu","qid":null,"rank":12},"geometry":{"type":"Point","coordinates":[118.77336,34.129866]}},{"type":"Feature","id":"city-1159140999","properties":{"name":"Lianyungang","localName":"Lianyungang","countryCode":"CHN","country":"China","division":"Jiangsu","qid":"Q57756","rank":11},"geometry":{"type":"Point","coordinates":[119.226193,34.587014]}},{"type":"Feature","id":"city-1159141271","properties":{"name":"Hamamatsu","localName":"Hamamatsu","countryCode":"JPN","country":"Japan","division":"Shizuoka","qid":"Q185125","rank":11},"geometry":{"type":"Point","coordinates":[137.732719,34.718073]}},{"type":"Feature","id":"city-1159141809","properties":{"name":"Rourkela","localName":"Raurkela","countryCode":"IND","country":"India","division":"Orissa","qid":"Q1012706","rank":11},"geometry":{"type":"Point","coordinates":[84.829954,22.230412]}},{"type":"Feature","id":"city-1159141827","properties":{"name":"Shivamogga","localName":"Shivamogga","countryCode":"IND","country":"India","division":"Karnataka","qid":"Q281796","rank":11},"geometry":{"type":"Point","coordinates":[75.560028,13.930376]}},{"type":"Feature","id":"city-1159141845","properties":{"name":"Sangli","localName":"Sangli","countryCode":"IND","country":"India","division":"Maharashtra","qid":"Q429215","rank":11},"geometry":{"type":"Point","coordinates":[74.575024,16.860404]}},{"type":"Feature","id":"city-1159141855","properties":{"name":"Malegaon","localName":"Malegaon","countryCode":"IND","country":"India","division":"Maharashtra","qid":"Q580965","rank":11},"geometry":{"type":"Point","coordinates":[74.525001,20.560359]}},{"type":"Feature","id":"city-1159142617","properties":{"name":"Karaj","localName":"Karaj","countryCode":"IRN","country":"Iran","division":"Tehran","qid":"Q36529","rank":12},"geometry":{"type":"Point","coordinates":[50.968059,35.802305]}},{"type":"Feature","id":"city-1159142753","properties":{"name":"Bikaner","localName":"Bikaner","countryCode":"IND","country":"India","division":"Rajasthan","qid":"Q200718","rank":11},"geometry":{"type":"Point","coordinates":[73.332243,28.015083]}},{"type":"Feature","id":"city-1159142813","properties":{"name":"Jhansi","localName":"Jhansi","countryCode":"IND","country":"India","division":"Uttar Pradesh","qid":"Q242995","rank":11},"geometry":{"type":"Point","coordinates":[78.557468,25.452954]}},{"type":"Feature","id":"city-1159142827","properties":{"name":"Bareilly","localName":"Bareilly","countryCode":"IND","country":"India","division":"Uttar Pradesh","qid":"Q213026","rank":11},"geometry":{"type":"Point","coordinates":[79.418054,28.347333]}},{"type":"Feature","id":"city-1159142843","properties":{"name":"Howrah","localName":"Haora","countryCode":"IND","country":"India","division":"West Bengal","qid":"Q205697","rank":12},"geometry":{"type":"Point","coordinates":[88.318516,22.584698]}},{"type":"Feature","id":"city-1159142865","properties":{"name":"Siliguri","localName":"Siliguri","countryCode":"IND","country":"India","division":"West Bengal","qid":"Q5087","rank":11},"geometry":{"type":"Point","coordinates":[88.455004,26.720422]}},{"type":"Feature","id":"city-1159142885","properties":{"name":"Bilaspur","localName":"Bilaspur","countryCode":"IND","country":"India","division":"Chhattisgarh","qid":"Q860452","rank":11},"geometry":{"type":"Point","coordinates":[82.159987,22.09042]}},{"type":"Feature","id":"city-1159142893","properties":{"name":"Ujjain","localName":"Ujjain","countryCode":"IND","country":"India","division":"Madhya Pradesh","qid":"Q200119","rank":11},"geometry":{"type":"Point","coordinates":[75.79004,23.190405]}},{"type":"Feature","id":"city-1159142935","properties":{"name":"Tirunelveli","localName":"Tirunelveli","countryCode":"IND","country":"India","division":"Tamil Nadu","qid":"Q213248","rank":11},"geometry":{"type":"Point","coordinates":[77.689976,8.730409]}},{"type":"Feature","id":"city-1159142957","properties":{"name":"Tirupur","localName":"Tiruppur","countryCode":"IND","country":"India","division":"Tamil Nadu","qid":"Q836527","rank":11},"geometry":{"type":"Point","coordinates":[77.329998,11.080421]}},{"type":"Feature","id":"city-1159142977","properties":{"name":"Bhavnagar","localName":"Bhavnagar","countryCode":"IND","country":"India","division":"Dadra and Nagar Haveli","qid":"Q242992","rank":11},"geometry":{"type":"Point","coordinates":[72.129954,21.778424]}},{"type":"Feature","id":"city-1159143411","properties":{"name":"Novo Hamburgo","localName":"Novo Hamburgo","countryCode":"BRA","country":"Brazil","division":"Rio Grande do Sul","qid":"Q321331","rank":11},"geometry":{"type":"Point","coordinates":[-51.13999,-29.709622]}},{"type":"Feature","id":"city-1159146013","properties":{"name":"Bucheon","localName":"Bucheon","countryCode":"KOR","country":"South Korea","division":"Gyeonggi-do","qid":"Q42099","rank":11},"geometry":{"type":"Point","coordinates":[126.78111,37.500835]}},{"type":"Feature","id":"city-1159146015","properties":{"name":"Seongnam","localName":"Songnam","countryCode":"KOR","country":"South Korea","division":"Gyeonggi-do","qid":"Q42108","rank":11},"geometry":{"type":"Point","coordinates":[127.135832,37.440557]}},{"type":"Feature","id":"city-1159146017","properties":{"name":"Goyang","localName":"Goyang","countryCode":"KOR","country":"South Korea","division":"Gyeonggi-do","qid":"Q42061","rank":11},"geometry":{"type":"Point","coordinates":[126.835303,37.654682]}},{"type":"Feature","id":"city-1159146193","properties":{"name":"Tacoma","localName":"Tacoma","countryCode":"USA","country":"United States","division":"Washington","qid":"Q199797","rank":11},"geometry":{"type":"Point","coordinates":[-122.446824,47.240568]}},{"type":"Feature","id":"city-1159146199","properties":{"name":"Long Beach","localName":"Long Beach","countryCode":"USA","country":"United States","division":"California","qid":"Q16739","rank":12},"geometry":{"type":"Point","coordinates":[-118.200337,33.777018]}},{"type":"Feature","id":"city-1159146259","properties":{"name":"Birmingham","localName":"Birmingham","countryCode":"USA","country":"United States","division":"Alabama","qid":"Q79867","rank":12},"geometry":{"type":"Point","coordinates":[-86.824995,33.530006]}},{"type":"Feature","id":"city-1159146267","properties":{"name":"St. Petersburg","localName":"St. Petersburg","countryCode":"USA","country":"United States","division":"Florida","qid":"Q49236","rank":11},"geometry":{"type":"Point","coordinates":[-82.679383,27.770539]}},{"type":"Feature","id":"city-1159146277","properties":{"name":"Dayton","localName":"Dayton","countryCode":"USA","country":"United States","division":"Ohio","qid":"Q34739","rank":11},"geometry":{"type":"Point","coordinates":[-84.201933,39.752322]}},{"type":"Feature","id":"city-1159146281","properties":{"name":"Virginia Beach","localName":"Virginia Beach","countryCode":"USA","country":"United States","division":"Virginia","qid":"Q49259","rank":12},"geometry":{"type":"Point","coordinates":[-75.980265,36.85516]}},{"type":"Feature","id":"city-1159146367","properties":{"name":"Newcastle upon Tyne","localName":"Newcastle","countryCode":"GBR","country":"United Kingdom","division":"Tyne and Wear","qid":"Q1425428","rank":11},"geometry":{"type":"Point","coordinates":[-1.611625,54.989742]}},{"type":"Feature","id":"city-1159146371","properties":{"name":"Liverpool","localName":"Liverpool","countryCode":"GBR","country":"United Kingdom","division":"Merseyside","qid":"Q24826","rank":11},"geometry":{"type":"Point","coordinates":[-2.961934,53.405068]}},{"type":"Feature","id":"city-1159146385","properties":{"name":"Leeds","localName":"Leeds","countryCode":"GBR","country":"United Kingdom","division":"West Yorkshire","qid":"Q39121","rank":12},"geometry":{"type":"Point","coordinates":[-1.551348,53.790017]}},{"type":"Feature","id":"city-1159146435","properties":{"name":"Rotterdam","localName":"Rotterdam","countryCode":"NLD","country":"Netherlands","division":"Zuid-Holland","qid":"Q34370","rank":12},"geometry":{"type":"Point","coordinates":[4.478028,51.921915]}},{"type":"Feature","id":"city-1159146455","properties":{"name":"Hofuf","localName":"Hofuf","countryCode":"SAU","country":"Saudi Arabia","division":"Ash Sharqiyah","qid":"Q27136","rank":11},"geometry":{"type":"Point","coordinates":[49.585593,25.348749]}},{"type":"Feature","id":"city-1159146463","properties":{"name":"Faisalabad","localName":"Faisalabad","countryCode":"PAK","country":"Pakistan","division":"Punjab","qid":"Q173985","rank":12},"geometry":{"type":"Point","coordinates":[73.108051,31.411927]}},{"type":"Feature","id":"city-1159146465","properties":{"name":"Rawalpindi","localName":"Rawalpindi","countryCode":"PAK","country":"Pakistan","division":"Punjab","qid":"Q93230","rank":12},"geometry":{"type":"Point","coordinates":[73.067502,33.591002]}},{"type":"Feature","id":"city-1159146467","properties":{"name":"Bahawalpur","localName":"Bahawalpur","countryCode":"PAK","country":"Pakistan","division":"Punjab","qid":"Q318156","rank":11},"geometry":{"type":"Point","coordinates":[71.674994,29.389975]}},{"type":"Feature","id":"city-1159146475","properties":{"name":"Saidu Sharif","localName":"Saidu","countryCode":"PAK","country":"Pakistan","division":"N.W.F.P.","qid":"Q378879","rank":12},"geometry":{"type":"Point","coordinates":[72.349992,34.750035]}},{"type":"Feature","id":"city-1159146483","properties":{"name":"Benoni","localName":"Benoni","countryCode":"ZAF","country":"South Africa","division":"Gauteng","qid":"Q818106","rank":12},"geometry":{"type":"Point","coordinates":[28.327994,-26.147635]}},{"type":"Feature","id":"city-1159146485","properties":{"name":"Vereeniging","localName":"Vereeniging","countryCode":"ZAF","country":"South Africa","division":"Gauteng","qid":"Q503056","rank":12},"geometry":{"type":"Point","coordinates":[27.958042,-26.647656]}},{"type":"Feature","id":"city-1159146789","properties":{"name":"Ciudad Juárez","localName":"Ciudad Juárez","countryCode":"MEX","country":"Mexico","division":"Chihuahua","qid":"Q26590","rank":12},"geometry":{"type":"Point","coordinates":[-106.491994,31.692323]}},{"type":"Feature","id":"city-1159146879","properties":{"name":"Liuzhou","localName":"Liuzhou","countryCode":"CHN","country":"China","division":"Guangxi","qid":"Q38968","rank":12},"geometry":{"type":"Point","coordinates":[109.413529,24.320777]}},{"type":"Feature","id":"city-1159146881","properties":{"name":"Xingyi","localName":"Xingyi","countryCode":"CHN","country":"China","division":"Guizhou","qid":"Q1359367","rank":11},"geometry":{"type":"Point","coordinates":[104.888075,25.092364]}},{"type":"Feature","id":"city-1159146883","properties":{"name":"Anshun","localName":"Anshun","countryCode":"CHN","country":"China","division":"Guizhou","qid":"Q486149","rank":11},"geometry":{"type":"Point","coordinates":[105.928063,26.252345]}},{"type":"Feature","id":"city-1159146885","properties":{"name":"Zunyi","localName":"Zunyi","countryCode":"CHN","country":"China","division":"Guizhou","qid":"Q28994","rank":11},"geometry":{"type":"Point","coordinates":[106.918081,27.701972]}},{"type":"Feature","id":"city-1159146887","properties":{"name":"Wanzhou","localName":"Wanzhou","countryCode":"CHN","country":"China","division":"Chongqing","qid":null,"rank":12},"geometry":{"type":"Point","coordinates":[108.400039,30.819991]}},{"type":"Feature","id":"city-1159146889","properties":{"name":"Huaibei","localName":"Huaibei","countryCode":"CHN","country":"China","division":"Anhui","qid":"Q360268","rank":11},"geometry":{"type":"Point","coordinates":[116.748075,33.952314]}},{"type":"Feature","id":"city-1159146893","properties":{"name":"Wuhu","localName":"Wuhu","countryCode":"CHN","country":"China","division":"Anhui","qid":"Q359990","rank":11},"geometry":{"type":"Point","coordinates":[118.368028,31.352369]}},{"type":"Feature","id":"city-1159146895","properties":{"name":"Lu'an","localName":"Luan","countryCode":"CHN","country":"China","division":"Anhui","qid":"Q360702","rank":12},"geometry":{"type":"Point","coordinates":[116.478065,31.752293]}},{"type":"Feature","id":"city-1159146897","properties":{"name":"Bengbu","localName":"Bengbu","countryCode":"CHN","country":"China","division":"Anhui","qid":"Q360069","rank":11},"geometry":{"type":"Point","coordinates":[117.328091,32.951936]}},{"type":"Feature","id":"city-1159146899","properties":{"name":"Anqing","localName":"Anqing","countryCode":"CHN","country":"China","division":"Anhui","qid":"Q360374","rank":11},"geometry":{"type":"Point","coordinates":[117.050002,30.499959]}},{"type":"Feature","id":"city-1159146901","properties":{"name":"Foshan","localName":"Foshan","countryCode":"CHN","country":"China","division":"Guangdong","qid":"Q34412","rank":11},"geometry":{"type":"Point","coordinates":[113.113576,23.010477]}},{"type":"Feature","id":"city-1159146913","properties":{"name":"Bello","localName":"Bello","countryCode":"COL","country":"Colombia","division":"Antioquia","qid":"Q816024","rank":11},"geometry":{"type":"Point","coordinates":[-75.569997,6.329987]}},{"type":"Feature","id":"city-1159146947","properties":{"name":"Giza","localName":"Giza","countryCode":"EGY","country":"Egypt","division":"Al Jizah","qid":"Q81788","rank":12},"geometry":{"type":"Point","coordinates":[31.190024,30.009989]}},{"type":"Feature","id":"city-1159146953","properties":{"name":"Nuremberg","localName":"Nürnberg","countryCode":"DEU","country":"Germany","division":"Bayern","qid":"Q2090","rank":11},"geometry":{"type":"Point","coordinates":[11.079985,49.449991]}},{"type":"Feature","id":"city-1159146961","properties":{"name":"Korla","localName":"Korla","countryCode":"CHN","country":"China","division":"Xinjiang Uygur","qid":"Q837425","rank":11},"geometry":{"type":"Point","coordinates":[86.150028,41.729997]}},{"type":"Feature","id":"city-1159146969","properties":{"name":"Shihezi","localName":"Shihezi","countryCode":"CHN","country":"China","division":"Xinjiang Uygur","qid":"Q848680","rank":11},"geometry":{"type":"Point","coordinates":[86.029932,44.299969]}},{"type":"Feature","id":"city-1159146973","properties":{"name":"Aksu","localName":"Aksu","countryCode":"CHN","country":"China","division":"Xinjiang Uygur","qid":"Q421648","rank":11},"geometry":{"type":"Point","coordinates":[80.250026,41.150006]}},{"type":"Feature","id":"city-1159146983","properties":{"name":"Baoji","localName":"Baoji","countryCode":"CHN","country":"China","division":"Shaanxi","qid":"Q514796","rank":11},"geometry":{"type":"Point","coordinates":[107.149986,34.380006]}},{"type":"Feature","id":"city-1159146987","properties":{"name":"Linfen","localName":"Linfen","countryCode":"CHN","country":"China","division":"Shanxi","qid":"Q73156","rank":11},"geometry":{"type":"Point","coordinates":[111.518058,36.082287]}},{"type":"Feature","id":"city-1159146989","properties":{"name":"Yuci","localName":"Yuci","countryCode":"CHN","country":"China","division":"Shanxi","qid":null,"rank":11},"geometry":{"type":"Point","coordinates":[112.728062,37.682345]}},{"type":"Feature","id":"city-1159146991","properties":{"name":"Datong","localName":"Datong","countryCode":"CHN","country":"China","division":"Shanxi","qid":"Q72877","rank":12},"geometry":{"type":"Point","coordinates":[113.298053,40.081966]}},{"type":"Feature","id":"city-1159146993","properties":{"name":"Jingmen City","localName":"Jianmen","countryCode":"CHN","country":"China","division":"Hubei","qid":"Q71323","rank":12},"geometry":{"type":"Point","coordinates":[113.158061,30.651999]}},{"type":"Feature","id":"city-1159146995","properties":{"name":"Yichang","localName":"Yichang","countryCode":"CHN","country":"China","division":"Hubei","qid":"Q71266","rank":11},"geometry":{"type":"Point","coordinates":[111.278073,30.701918]}},{"type":"Feature","id":"city-1159146997","properties":{"name":"Xiantao City","localName":"Xiantao","countryCode":"CHN","country":"China","division":"Hubei","qid":"Q71455","rank":12},"geometry":{"type":"Point","coordinates":[113.438096,30.372352]}},{"type":"Feature","id":"city-1159147003","properties":{"name":"Huangshi","localName":"Huangshi","countryCode":"CHN","country":"China","division":"Hubei","qid":"Q71204","rank":11},"geometry":{"type":"Point","coordinates":[115.099992,30.220002]}},{"type":"Feature","id":"city-1159147005","properties":{"name":"Zhuzhou","localName":"Zhuzhou","countryCode":"CHN","country":"China","division":"Hunan","qid":"Q198266","rank":12},"geometry":{"type":"Point","coordinates":[113.148088,27.831938]}},{"type":"Feature","id":"city-1159147007","properties":{"name":"Yongzhou","localName":"Yongzhou","countryCode":"CHN","country":"China","division":"Hunan","qid":"Q266014","rank":11},"geometry":{"type":"Point","coordinates":[111.609135,26.41792]}},{"type":"Feature","id":"city-1159147009","properties":{"name":"Yiyang","localName":"Yiyang","countryCode":"CHN","country":"China","division":"Hunan","qid":"Q416669","rank":12},"geometry":{"type":"Point","coordinates":[112.328086,28.602356]}},{"type":"Feature","id":"city-1159147011","properties":{"name":"Changde","localName":"Changde","countryCode":"CHN","country":"China","division":"Hunan","qid":"Q416544","rank":12},"geometry":{"type":"Point","coordinates":[111.6781,29.031943]}},{"type":"Feature","id":"city-1159147015","properties":{"name":"Leshan","localName":"Leshan","countryCode":"CHN","country":"China","division":"Sichuan","qid":"Q426868","rank":12},"geometry":{"type":"Point","coordinates":[103.731402,29.569042]}},{"type":"Feature","id":"city-1159147025","properties":{"name":"Luzhou","localName":"Luzhou","countryCode":"CHN","country":"China","division":"Sichuan","qid":"Q425492","rank":12},"geometry":{"type":"Point","coordinates":[105.378071,28.881926]}},{"type":"Feature","id":"city-1159147027","properties":{"name":"Yibin","localName":"Yibin","countryCode":"CHN","country":"China","division":"Sichuan","qid":"Q427265","rank":11},"geometry":{"type":"Point","coordinates":[104.568095,28.771933]}},{"type":"Feature","id":"city-1159147039","properties":{"name":"Qinhuangdao","localName":"Qinhuangdao","countryCode":"CHN","country":"China","division":"Hebei","qid":"Q58560","rank":12},"geometry":{"type":"Point","coordinates":[119.618081,39.932311]}},{"type":"Feature","id":"city-1159147041","properties":{"name":"Langfang","localName":"Langfang","countryCode":"CHN","country":"China","division":"Hebei","qid":"Q58710","rank":11},"geometry":{"type":"Point","coordinates":[116.678053,39.52231]}},{"type":"Feature","id":"city-1159147043","properties":{"name":"Zhangjiakou","localName":"Zhangjiakou","countryCode":"CHN","country":"China","division":"Hebei","qid":"Q58650","rank":12},"geometry":{"type":"Point","coordinates":[114.852027,40.805255]}},{"type":"Feature","id":"city-1159147045","properties":{"name":"Tangshan","localName":"Tangshan","countryCode":"CHN","country":"China","division":"Hebei","qid":"Q58422","rank":12},"geometry":{"type":"Point","coordinates":[118.192431,39.626283]}},{"type":"Feature","id":"city-1159147047","properties":{"name":"Anyang","localName":"Anyang","countryCode":"CHN","country":"China","division":"Henan","qid":"Q324293","rank":11},"geometry":{"type":"Point","coordinates":[114.348066,36.081926]}},{"type":"Feature","id":"city-1159147049","properties":{"name":"Jiaozuo","localName":"Jiaozuo","countryCode":"CHN","country":"China","division":"Henan","qid":"Q404429","rank":11},"geometry":{"type":"Point","coordinates":[113.259553,35.200691]}},{"type":"Feature","id":"city-1159147051","properties":{"name":"Kaifeng","localName":"Kaifeng","countryCode":"CHN","country":"China","division":"Henan","qid":"Q208471","rank":11},"geometry":{"type":"Point","coordinates":[114.354819,34.793814]}},{"type":"Feature","id":"city-1159147055","properties":{"name":"Shangqiu","localName":"Shangqiu","countryCode":"CHN","country":"China","division":"Henan","qid":"Q404817","rank":12},"geometry":{"type":"Point","coordinates":[115.64961,34.412942]}},{"type":"Feature","id":"city-1159147057","properties":{"name":"Pingdingshan","localName":"Pingdingshan","countryCode":"CHN","country":"China","division":"Henan","qid":"Q404116","rank":11},"geometry":{"type":"Point","coordinates":[113.298053,33.732353]}},{"type":"Feature","id":"city-1159147059","properties":{"name":"Xinyang","localName":"Xinyang","countryCode":"CHN","country":"China","division":"Henan","qid":"Q404873","rank":12},"geometry":{"type":"Point","coordinates":[114.068032,32.132322]}},{"type":"Feature","id":"city-1159147061","properties":{"name":"Xinxiang","localName":"Xinxiang","countryCode":"CHN","country":"China","division":"Henan","qid":"Q404362","rank":11},"geometry":{"type":"Point","coordinates":[113.908926,35.301575]}},{"type":"Feature","id":"city-1159147063","properties":{"name":"Luoyang","localName":"Luoyang","countryCode":"CHN","country":"China","division":"Henan","qid":"Q187136","rank":12},"geometry":{"type":"Point","coordinates":[112.444471,34.64377]}},{"type":"Feature","id":"city-1159147065","properties":{"name":"Liaoyang","localName":"Liaoyang","countryCode":"CHN","country":"China","division":"Liaoning","qid":"Q75203","rank":11},"geometry":{"type":"Point","coordinates":[123.17807,41.281944]}},{"type":"Feature","id":"city-1159147067","properties":{"name":"Dandong","localName":"Dandong","countryCode":"CHN","country":"China","division":"Liaoning","qid":"Q75110","rank":11},"geometry":{"type":"Point","coordinates":[124.391639,40.145554]}},{"type":"Feature","id":"city-1159147069","properties":{"name":"Yingkou","localName":"Yingkow","countryCode":"CHN","country":"China","division":"Liaoning","qid":"Q75150","rank":11},"geometry":{"type":"Point","coordinates":[122.278073,40.672292]}},{"type":"Feature","id":"city-1159147073","properties":{"name":"Jinzhou","localName":"Jinzhou","countryCode":"CHN","country":"China","division":"Liaoning","qid":"Q28996","rank":11},"geometry":{"type":"Point","coordinates":[121.098094,41.122316]}},{"type":"Feature","id":"city-1159147075","properties":{"name":"Fuxin","localName":"Fuxin","countryCode":"CHN","country":"China","division":"Liaoning","qid":"Q34750","rank":11},"geometry":{"type":"Point","coordinates":[121.658059,42.012417]}},{"type":"Feature","id":"city-1159147077","properties":{"name":"Benxi","localName":"Benxi","countryCode":"CHN","country":"China","division":"Liaoning","qid":"Q75091","rank":12},"geometry":{"type":"Point","coordinates":[123.748061,41.332329]}},{"type":"Feature","id":"city-1159147081","properties":{"name":"Jining","localName":"Jining","countryCode":"CHN","country":"China","division":"Shandong","qid":"Q372791","rank":12},"geometry":{"type":"Point","coordinates":[116.548087,35.402355]}},{"type":"Feature","id":"city-1159147083","properties":{"name":"Weifang","localName":"Weifang","countryCode":"CHN","country":"China","division":"Shandong","qid":"Q217698","rank":12},"geometry":{"type":"Point","coordinates":[119.155626,36.702285]}},{"type":"Feature","id":"city-1159147085","properties":{"name":"Tai'an","localName":"Taian","countryCode":"CHN","country":"China","division":"Shandong","qid":"Q217681","rank":12},"geometry":{"type":"Point","coordinates":[117.11813,36.201944]}},{"type":"Feature","id":"city-1159147087","properties":{"name":"Heze","localName":"Heze","countryCode":"CHN","country":"China","division":"Shandong","qid":"Q332753","rank":12},"geometry":{"type":"Point","coordinates":[115.448103,35.231926]}},{"type":"Feature","id":"city-1159147093","properties":{"name":"Xinyu","localName":"Xinyu","countryCode":"CHN","country":"China","division":"Jiangxi","qid":"Q362959","rank":11},"geometry":{"type":"Point","coordinates":[114.928031,27.801966]}},{"type":"Feature","id":"city-1159147095","properties":{"name":"Ganzhou","localName":"Ganzhou","countryCode":"CHN","country":"China","division":"Jiangxi","qid":"Q363166","rank":12},"geometry":{"type":"Point","coordinates":[114.950027,25.91998]}},{"type":"Feature","id":"city-1159147097","properties":{"name":"Jiujiang","localName":"Jiujiang","countryCode":"CHN","country":"China","division":"Jiangxi","qid":"Q216077","rank":11},"geometry":{"type":"Point","coordinates":[115.980042,29.72998]}},{"type":"Feature","id":"city-1159147099","properties":{"name":"Changzhou","localName":"Changzhou","countryCode":"CHN","country":"China","division":"Jiangsu","qid":"Q57970","rank":12},"geometry":{"type":"Point","coordinates":[119.968033,31.78193]}},{"type":"Feature","id":"city-1159147101","properties":{"name":"Zhenjiang","localName":"Zhenjiang","countryCode":"CHN","country":"China","division":"Jiangsu","qid":"Q57958","rank":11},"geometry":{"type":"Point","coordinates":[119.430481,32.17573]}},{"type":"Feature","id":"city-1159147103","properties":{"name":"Nantong","localName":"Nantong","countryCode":"CHN","country":"China","division":"Jiangsu","qid":"Q57947","rank":11},"geometry":{"type":"Point","coordinates":[120.924587,31.982269]}},{"type":"Feature","id":"city-1159147105","properties":{"name":"Jiaxing","localName":"Jiaxing","countryCode":"CHN","country":"China","division":"Zhejiang","qid":"Q58178","rank":11},"geometry":{"type":"Point","coordinates":[120.748037,30.772353]}},{"type":"Feature","id":"city-1159147109","properties":{"name":"Huzhou","localName":"Huzhou","countryCode":"CHN","country":"China","division":"Zhejiang","qid":"Q42664","rank":12},"geometry":{"type":"Point","coordinates":[120.098051,30.872321]}},{"type":"Feature","id":"city-1159147111","properties":{"name":"Shaoxing","localName":"Shaoxing","countryCode":"CHN","country":"China","division":"Zhejiang","qid":"Q42666","rank":11},"geometry":{"type":"Point","coordinates":[120.5681,30.002323]}},{"type":"Feature","id":"city-1159147113","properties":{"name":"Jinhua","localName":"Jinhua","countryCode":"CHN","country":"China","division":"Zhejiang","qid":"Q58210","rank":12},"geometry":{"type":"Point","coordinates":[119.649999,29.120043]}},{"type":"Feature","id":"city-1159147115","properties":{"name":"Liaoyuan","localName":"Liaoyuan","countryCode":"CHN","country":"China","division":"Jilin","qid":"Q92311","rank":11},"geometry":{"type":"Point","coordinates":[125.129974,42.899977]}},{"type":"Feature","id":"city-1159147119","properties":{"name":"Siping","localName":"Siping","countryCode":"CHN","country":"China","division":"Jilin","qid":"Q92297","rank":11},"geometry":{"type":"Point","coordinates":[124.330023,43.170012]}},{"type":"Feature","id":"city-1159147147","properties":{"name":"Yichun","localName":"Yichun","countryCode":"CHN","country":"China","division":"Heilongjiang","qid":"Q349976","rank":11},"geometry":{"type":"Point","coordinates":[128.898031,47.701888]}},{"type":"Feature","id":"city-1159147149","properties":{"name":"Hegang","localName":"Hegang","countryCode":"CHN","country":"China","division":"Heilongjiang","qid":"Q349982","rank":11},"geometry":{"type":"Point","coordinates":[130.296732,47.346627]}},{"type":"Feature","id":"city-1159147155","properties":{"name":"Mudanjiang","localName":"Mudangiang","countryCode":"CHN","country":"China","division":"Heilongjiang","qid":"Q217646","rank":12},"geometry":{"type":"Point","coordinates":[129.588066,44.576963]}},{"type":"Feature","id":"city-1159147191","properties":{"name":"Warangal","localName":"Warangal","countryCode":"IND","country":"India","division":"Telangana","qid":"Q25563103","rank":12},"geometry":{"type":"Point","coordinates":[79.57999,18.009998]}},{"type":"Feature","id":"city-1159147199","properties":{"name":"Bhiwandi","localName":"Bhiwandi","countryCode":"IND","country":"India","division":"Maharashtra","qid":"Q645725","rank":11},"geometry":{"type":"Point","coordinates":[73.12805,19.351965]}},{"type":"Feature","id":"city-1159147205","properties":{"name":"Chandrapur","localName":"Chandrapur","countryCode":"IND","country":"India","division":"Maharashtra","qid":"Q861194","rank":11},"geometry":{"type":"Point","coordinates":[79.300007,19.969981]}},{"type":"Feature","id":"city-1159147207","properties":{"name":"Amravati","localName":"Amravati","countryCode":"IND","country":"India","division":"Maharashtra","qid":"Q269899","rank":11},"geometry":{"type":"Point","coordinates":[77.78181,20.925616]}},{"type":"Feature","id":"city-1159147221","properties":{"name":"Nice","localName":"Nice","countryCode":"FRA","country":"France","division":"Provence-Alpes-Côte-d'Azur","qid":"Q33959","rank":11},"geometry":{"type":"Point","coordinates":[7.263078,43.716964]}},{"type":"Feature","id":"city-1159147325","properties":{"name":"Gorakhpur","localName":"Gorakhpur","countryCode":"IND","country":"India","division":"Uttar Pradesh","qid":"Q5584396","rank":11},"geometry":{"type":"Point","coordinates":[83.380016,26.750394]}},{"type":"Feature","id":"city-1159147363","properties":{"name":"Oakland","localName":"Oakland","countryCode":"USA","country":"United States","division":"California","qid":"Q17042","rank":12},"geometry":{"type":"Point","coordinates":[-122.278038,37.804725]}},{"type":"Feature","id":"city-1159147411","properties":{"name":"West Palm Beach","localName":"West Palm Beach","countryCode":"USA","country":"United States","division":"Florida","qid":"Q163749","rank":12},"geometry":{"type":"Point","coordinates":[-80.123621,26.74502]}},{"type":"Feature","id":"city-1159147415","properties":{"name":"Sarasota","localName":"Sarasota","countryCode":"USA","country":"United States","division":"Florida","qid":"Q491540","rank":11},"geometry":{"type":"Point","coordinates":[-82.530787,27.336121]}},{"type":"Feature","id":"city-1159147439","properties":{"name":"Louisville","localName":"Louisville","countryCode":"USA","country":"United States","division":"Kentucky","qid":"Q43668","rank":11},"geometry":{"type":"Point","coordinates":[-85.75065,38.226963]}},{"type":"Feature","id":"city-1159147443","properties":{"name":"Charlotte","localName":"Charlotte","countryCode":"USA","country":"United States","division":"North Carolina","qid":"Q16565","rank":11},"geometry":{"type":"Point","coordinates":[-80.831984,35.20694]}},{"type":"Feature","id":"city-1159147477","properties":{"name":"Maracay","localName":"Maracay","countryCode":"VEN","country":"Venezuela","division":"Aragua","qid":"Q333928","rank":12},"geometry":{"type":"Point","coordinates":[-67.597753,10.248826]}},{"type":"Feature","id":"city-1159147609","properties":{"name":"Joinville","localName":"Joinville","countryCode":"BRA","country":"Brazil","division":"Santa Catarina","qid":"Q156819","rank":11},"geometry":{"type":"Point","coordinates":[-48.841895,-26.318012]}},{"type":"Feature","id":"city-1159147659","properties":{"name":"Hamilton","localName":"Hamilton","countryCode":"CAN","country":"Canada","division":"Ontario","qid":"Q133116","rank":11},"geometry":{"type":"Point","coordinates":[-79.829996,43.249981]}},{"type":"Feature","id":"city-1159147871","properties":{"name":"Homs","localName":"Homs","countryCode":"SYR","country":"Syria","division":"Homs (Hims)","qid":"Q131301","rank":12},"geometry":{"type":"Point","coordinates":[36.718076,34.731905]}},{"type":"Feature","id":"city-1159148175","properties":{"name":"Bacolod","localName":"Bacolod","countryCode":"PHL","country":"Philippines","division":"Negros Occidental","qid":"Q5217","rank":11},"geometry":{"type":"Point","coordinates":[122.981682,10.631688]}},{"type":"Feature","id":"city-1159148181","properties":{"name":"Naga","localName":"Naga","countryCode":"PHL","country":"Philippines","division":"Camarines Sur","qid":"Q2207","rank":11},"geometry":{"type":"Point","coordinates":[123.181359,13.619155]}},{"type":"Feature","id":"city-1159148193","properties":{"name":"Cagayan de Oro","localName":"Cagayan de Oro","countryCode":"PHL","country":"Philippines","division":"Misamis Oriental","qid":"Q1645","rank":12},"geometry":{"type":"Point","coordinates":[124.685299,8.45084]}},{"type":"Feature","id":"city-1159148217","properties":{"name":"Zaria","localName":"Zaria","countryCode":"NGA","country":"Nigeria","division":"Kaduna","qid":"Q147975","rank":11},"geometry":{"type":"Point","coordinates":[7.708064,11.081927]}},{"type":"Feature","id":"city-1159148323","properties":{"name":"Xuancheng","localName":"Xuanzhou","countryCode":"CHN","country":"China","division":"Anhui","qid":"Q360942","rank":11},"geometry":{"type":"Point","coordinates":[118.753332,30.954446]}},{"type":"Feature","id":"city-1159148325","properties":{"name":"Zhuhai","localName":"Zhuhai","countryCode":"CHN","country":"China","division":"Guangdong","qid":"Q59095","rank":12},"geometry":{"type":"Point","coordinates":[113.565832,22.27889]}},{"type":"Feature","id":"city-1159148377","properties":{"name":"Bogor","localName":"Bogor","countryCode":"IDN","country":"Indonesia","division":"Jawa Barat","qid":"Q10393","rank":11},"geometry":{"type":"Point","coordinates":[106.748065,-6.568055]}},{"type":"Feature","id":"city-1159148451","properties":{"name":"Cologne","localName":"Cologne","countryCode":"DEU","country":"Germany","division":"Nordrhein-Westfalen","qid":"Q365","rank":12},"geometry":{"type":"Point","coordinates":[6.948059,50.93195]}},{"type":"Feature","id":"city-1159148455","properties":{"name":"Xianyang","localName":"Xianyang","countryCode":"CHN","country":"China","division":"Shaanxi","qid":"Q497341","rank":12},"geometry":{"type":"Point","coordinates":[108.712776,34.347501]}},{"type":"Feature","id":"city-1159148459","properties":{"name":"Xiangyang","localName":"Xiangyang","countryCode":"CHN","country":"China","division":"Hubei","qid":"Q71284","rank":12},"geometry":{"type":"Point","coordinates":[112.128098,32.021941]}},{"type":"Feature","id":"city-1159148461","properties":{"name":"Suining","localName":"Suining","countryCode":"CHN","country":"China","division":"Sichuan","qid":"Q426644","rank":12},"geometry":{"type":"Point","coordinates":[105.531387,30.535279]}},{"type":"Feature","id":"city-1159148463","properties":{"name":"Lingyuan","localName":"Lingyuan","countryCode":"CHN","country":"China","division":"Liaoning","qid":"Q1333417","rank":11},"geometry":{"type":"Point","coordinates":[119.399165,41.241946]}},{"type":"Feature","id":"city-1159148465","properties":{"name":"Weihai","localName":"Weihai","countryCode":"CHN","country":"China","division":"Shandong","qid":"Q373023","rank":11},"geometry":{"type":"Point","coordinates":[122.099978,37.499971]}},{"type":"Feature","id":"city-1159148467","properties":{"name":"Yichun","localName":"Yichun","countryCode":"CHN","country":"China","division":"Jiangxi","qid":"Q363326","rank":11},"geometry":{"type":"Point","coordinates":[114.398054,27.835279]}},{"type":"Feature","id":"city-1159148469","properties":{"name":"Yancheng","localName":"Yancheng","countryCode":"CHN","country":"China","division":"Jiangsu","qid":"Q57866","rank":11},"geometry":{"type":"Point","coordinates":[120.16752,33.337877]}},{"type":"Feature","id":"city-1159148471","properties":{"name":"Fuyang","localName":"Fuyang","countryCode":"CHN","country":"China","division":"Zhejiang","qid":"Q1011103","rank":11},"geometry":{"type":"Point","coordinates":[119.949999,30.055279]}},{"type":"Feature","id":"city-1159148517","properties":{"name":"Nellore","localName":"Nellore","countryCode":"IND","country":"India","division":"Andhra Pradesh","qid":"Q61434","rank":11},"geometry":{"type":"Point","coordinates":[79.989939,14.439983]}},{"type":"Feature","id":"city-1159148521","properties":{"name":"Guntur","localName":"Guntur","countryCode":"IND","country":"India","division":"Andhra Pradesh","qid":"Q3120966","rank":11},"geometry":{"type":"Point","coordinates":[80.450014,16.329997]}},{"type":"Feature","id":"city-1159148525","properties":{"name":"Davangere","localName":"Davangere","countryCode":"IND","country":"India","division":"Karnataka","qid":"Q519486","rank":11},"geometry":{"type":"Point","coordinates":[75.920006,14.470007]}},{"type":"Feature","id":"city-1159148531","properties":{"name":"Belgaum","localName":"Belagavi","countryCode":"IND","country":"India","division":"Karnataka","qid":"Q270176","rank":11},"geometry":{"type":"Point","coordinates":[74.505002,15.865012]}},{"type":"Feature","id":"city-1159148743","properties":{"name":"Natal","localName":"Natal","countryCode":"BRA","country":"Brazil","division":"Amazonas","qid":null,"rank":11},"geometry":{"type":"Point","coordinates":[-60.269949,-6.983826]}},{"type":"Feature","id":"city-1159148791","properties":{"name":"Londrina","localName":"Londrina","countryCode":"BRA","country":"Brazil","division":"Paraná","qid":"Q192387","rank":11},"geometry":{"type":"Point","coordinates":[-51.179987,-23.300039]}},{"type":"Feature","id":"city-1159148899","properties":{"name":"Vila Velha","localName":"Vila Velha","countryCode":"BRA","country":"Brazil","division":"Amapi","qid":null,"rank":12},"geometry":{"type":"Point","coordinates":[-51.216652,3.216663]}},{"type":"Feature","id":"city-1159148975","properties":{"name":"Santos","localName":"Santos","countryCode":"BRA","country":"Brazil","division":"São Paulo","qid":"Q81882","rank":12},"geometry":{"type":"Point","coordinates":[-46.328496,-23.961836]}},{"type":"Feature","id":"city-1159149113","properties":{"name":"San Bernardino","localName":"San Bernardino","countryCode":"USA","country":"United States","division":"California","qid":"Q486168","rank":12},"geometry":{"type":"Point","coordinates":[-117.30198,34.12233]}},{"type":"Feature","id":"city-1159149115","properties":{"name":"Bridgeport","localName":"Bridgeport","countryCode":"USA","country":"United States","division":"Connecticut","qid":"Q49174","rank":12},"geometry":{"type":"Point","coordinates":[-73.201907,41.181925]}},{"type":"Feature","id":"city-1159149117","properties":{"name":"Rochester","localName":"Rochester","countryCode":"USA","country":"United States","division":"New York","qid":"Q49218","rank":11},"geometry":{"type":"Point","coordinates":[-77.621896,43.172371]}},{"type":"Feature","id":"city-1159149119","properties":{"name":"Manchester","localName":"Manchester","countryCode":"GBR","country":"United Kingdom","division":"Manchester","qid":"Q18125","rank":12},"geometry":{"type":"Point","coordinates":[-2.248685,53.47532]}},{"type":"Feature","id":"city-1159149121","properties":{"name":"Gujranwala","localName":"Gujranwala","countryCode":"PAK","country":"Pakistan","division":"Punjab","qid":"Q243322","rank":12},"geometry":{"type":"Point","coordinates":[74.183076,32.162372]}},{"type":"Feature","id":"city-1159149129","properties":{"name":"Xiamen","localName":"Xiamen","countryCode":"CHN","country":"China","division":"Fujian","qid":"Q68744","rank":12},"geometry":{"type":"Point","coordinates":[118.078071,24.451938]}},{"type":"Feature","id":"city-1159149131","properties":{"name":"Nanchong","localName":"Nanchong","countryCode":"CHN","country":"China","division":"Sichuan","qid":"Q426996","rank":12},"geometry":{"type":"Point","coordinates":[106.128051,30.782378]}},{"type":"Feature","id":"city-1159149133","properties":{"name":"Neijiang","localName":"Neijiang","countryCode":"CHN","country":"China","division":"Sichuan","qid":"Q426756","rank":12},"geometry":{"type":"Point","coordinates":[105.048066,29.582323]}},{"type":"Feature","id":"city-1159149135","properties":{"name":"Nanyang","localName":"Nanyang","countryCode":"CHN","country":"China","division":"Henan","qid":"Q404763","rank":12},"geometry":{"type":"Point","coordinates":[112.528074,33.002346]}},{"type":"Feature","id":"city-1159149137","properties":{"name":"Lianshan","localName":"Jinxi","countryCode":"CHN","country":"China","division":"Liaoning","qid":null,"rank":12},"geometry":{"type":"Point","coordinates":[120.828033,40.752287]}},{"type":"Feature","id":"city-1159149139","properties":{"name":"Yantai","localName":"Yantai","countryCode":"CHN","country":"China","division":"Shandong","qid":"Q210493","rank":12},"geometry":{"type":"Point","coordinates":[121.398075,37.532354]}},{"type":"Feature","id":"city-1159149143","properties":{"name":"Zaozhuang","localName":"Zaozhuang","countryCode":"CHN","country":"China","division":"Shandong","qid":"Q147187","rank":12},"geometry":{"type":"Point","coordinates":[117.568077,34.881947]}},{"type":"Feature","id":"city-1159149145","properties":{"name":"Suzhou","localName":"Suzhou","countryCode":"CHN","country":"China","division":"Jiangsu","qid":"Q42622","rank":12},"geometry":{"type":"Point","coordinates":[120.618071,31.302424]}},{"type":"Feature","id":"city-1159149147","properties":{"name":"Xuzhou","localName":"Xuzhou","countryCode":"CHN","country":"China","division":"Jiangsu","qid":"Q57719","rank":12},"geometry":{"type":"Point","coordinates":[117.178074,34.281958]}},{"type":"Feature","id":"city-1159149149","properties":{"name":"Wuxi","localName":"Wuxi","countryCode":"CHN","country":"China","division":"Jiangsu","qid":"Q42651","rank":12},"geometry":{"type":"Point","coordinates":[120.298039,31.581942]}},{"type":"Feature","id":"city-1159149151","properties":{"name":"Jilin City","localName":"Jilin","countryCode":"CHN","country":"China","division":"Jilin","qid":"Q92277","rank":12},"geometry":{"type":"Point","coordinates":[126.548097,43.851917]}},{"type":"Feature","id":"city-1159149155","properties":{"name":"Jammu","localName":"Jammu","countryCode":"IND","country":"India","division":"Jammu and Kashmir","qid":"Q255455","rank":11},"geometry":{"type":"Point","coordinates":[74.844793,32.713733]}},{"type":"Feature","id":"city-1159149157","properties":{"name":"Solapur","localName":"Sholapur","countryCode":"IND","country":"India","division":"Maharashtra","qid":"Q237847","rank":12},"geometry":{"type":"Point","coordinates":[75.898062,17.672352]}},{"type":"Feature","id":"city-1159149161","properties":{"name":"Aurangabad","localName":"Aurangabad","countryCode":"IND","country":"India","division":"Maharashtra","qid":"Q200713","rank":12},"geometry":{"type":"Point","coordinates":[75.328948,19.861686]}},{"type":"Feature","id":"city-1159149163","properties":{"name":"Nashik","localName":"Nasik","countryCode":"IND","country":"India","division":"Maharashtra","qid":"Q200235","rank":12},"geometry":{"type":"Point","coordinates":[73.778036,20.002365]}},{"type":"Feature","id":"city-1159149167","properties":{"name":"Jalandhar","localName":"Jullundur","countryCode":"IND","country":"India","division":"Punjab","qid":"Q33377","rank":11},"geometry":{"type":"Point","coordinates":[75.567074,31.336866]}},{"type":"Feature","id":"city-1159149169","properties":{"name":"Allahabad","localName":"Allahabad","countryCode":"IND","country":"India","division":"Uttar Pradesh","qid":"Q162442","rank":12},"geometry":{"type":"Point","coordinates":[81.838061,25.456941]}},{"type":"Feature","id":"city-1159149171","properties":{"name":"Muradabad","localName":"Moradabad","countryCode":"IND","country":"India","division":"Uttar Pradesh","qid":"Q330643","rank":11},"geometry":{"type":"Point","coordinates":[78.754838,28.843737]}},{"type":"Feature","id":"city-1159149173","properties":{"name":"Ghaziabad","localName":"Ghaziabad","countryCode":"IND","country":"India","division":"Uttar Pradesh","qid":"Q207098","rank":12},"geometry":{"type":"Point","coordinates":[77.406445,28.662327]}},{"type":"Feature","id":"city-1159149175","properties":{"name":"Agra","localName":"Agra","countryCode":"IND","country":"India","division":"Uttar Pradesh","qid":"Q42941","rank":12},"geometry":{"type":"Point","coordinates":[78.013075,27.172366]}},{"type":"Feature","id":"city-1159149179","properties":{"name":"Aligarh","localName":"Aligarh","countryCode":"IND","country":"India","division":"Uttar Pradesh","qid":"Q201832","rank":11},"geometry":{"type":"Point","coordinates":[78.059842,27.894157]}},{"type":"Feature","id":"city-1159149181","properties":{"name":"Meerut","localName":"Meerut","countryCode":"IND","country":"India","division":"Uttar Pradesh","qid":"Q200237","rank":12},"geometry":{"type":"Point","coordinates":[77.698055,29.002358]}},{"type":"Feature","id":"city-1159149183","properties":{"name":"Dhanbad","localName":"Dhanbad","countryCode":"IND","country":"India","division":"Jharkhand","qid":"Q244159","rank":12},"geometry":{"type":"Point","coordinates":[86.41804,23.802339]}},{"type":"Feature","id":"city-1159149185","properties":{"name":"Gwalior","localName":"Gwalior","countryCode":"IND","country":"India","division":"Madhya Pradesh","qid":"Q158467","rank":11},"geometry":{"type":"Point","coordinates":[78.169197,26.200035]}},{"type":"Feature","id":"city-1159149187","properties":{"name":"Vadodara","localName":"Vadodara","countryCode":"IND","country":"India","division":"Dadra and Nagar Haveli","qid":"Q11909","rank":12},"geometry":{"type":"Point","coordinates":[73.178073,22.311965]}},{"type":"Feature","id":"city-1159149189","properties":{"name":"Rajkot","localName":"Rajkot","countryCode":"IND","country":"India","division":"Dadra and Nagar Haveli","qid":"Q11854","rank":12},"geometry":{"type":"Point","coordinates":[70.798063,22.311965]}},{"type":"Feature","id":"city-1159149217","properties":{"name":"Vancouver","localName":"Vancouver","countryCode":"USA","country":"United States","division":"Washington","qid":"Q234053","rank":11},"geometry":{"type":"Point","coordinates":[-122.639993,45.630301]}},{"type":"Feature","id":"city-1159149221","properties":{"name":"Tucson","localName":"Tucson","countryCode":"USA","country":"United States","division":"Arizona","qid":"Q18575","rank":11},"geometry":{"type":"Point","coordinates":[-110.891932,32.206943]}},{"type":"Feature","id":"city-1159149225","properties":{"name":"Fresno","localName":"Fresno","countryCode":"USA","country":"United States","division":"California","qid":"Q43301","rank":11},"geometry":{"type":"Point","coordinates":[-119.772984,36.747717]}},{"type":"Feature","id":"city-1159149237","properties":{"name":"Albuquerque","localName":"Albuquerque","countryCode":"USA","country":"United States","division":"New Mexico","qid":"Q34804","rank":11},"geometry":{"type":"Point","coordinates":[-106.641331,35.104975]}},{"type":"Feature","id":"city-1159149245","properties":{"name":"Kansas City","localName":"Kansas City","countryCode":"USA","country":"United States","division":"Missouri","qid":"Q41819","rank":12},"geometry":{"type":"Point","coordinates":[-94.60604,39.109034]}},{"type":"Feature","id":"city-1159149247","properties":{"name":"Tulsa","localName":"Tulsa","countryCode":"USA","country":"United States","division":"Oklahoma","qid":"Q44989","rank":11},"geometry":{"type":"Point","coordinates":[-95.930021,36.120003]}},{"type":"Feature","id":"city-1159149257","properties":{"name":"Fort Worth","localName":"Ft.  Worth","countryCode":"USA","country":"United States","division":"Texas","qid":"Q16558","rank":12},"geometry":{"type":"Point","coordinates":[-97.340038,32.739977]}},{"type":"Feature","id":"city-1159149265","properties":{"name":"El Paso","localName":"El Paso","countryCode":"USA","country":"United States","division":"Texas","qid":"Q16562","rank":11},"geometry":{"type":"Point","coordinates":[-106.511941,31.78193]}},{"type":"Feature","id":"city-1159149279","properties":{"name":"Orlando","localName":"Orlando","countryCode":"USA","country":"United States","division":"Florida","qid":"Q49233","rank":12},"geometry":{"type":"Point","coordinates":[-81.381976,28.511923]}},{"type":"Feature","id":"city-1159149281","properties":{"name":"Jacksonville","localName":"Jacksonville","countryCode":"USA","country":"United States","division":"Florida","qid":"Q16568","rank":11},"geometry":{"type":"Point","coordinates":[-81.671933,30.331967]}},{"type":"Feature","id":"city-1159149293","properties":{"name":"Knoxville","localName":"Knoxville","countryCode":"USA","country":"United States","division":"Tennessee","qid":"Q185582","rank":11},"geometry":{"type":"Point","coordinates":[-83.92003,35.970012]}},{"type":"Feature","id":"city-1159149299","properties":{"name":"Baltimore","localName":"Baltimore","countryCode":"USA","country":"United States","division":"Maryland","qid":"Q5092","rank":12},"geometry":{"type":"Point","coordinates":[-76.614582,39.281516]}},{"type":"Feature","id":"city-1159149301","properties":{"name":"Syracuse","localName":"Syracuse","countryCode":"USA","country":"United States","division":"New York","qid":"Q128069","rank":11},"geometry":{"type":"Point","coordinates":[-76.150014,43.049994]}},{"type":"Feature","id":"city-1159149367","properties":{"name":"Birmingham","localName":"Birmingham","countryCode":"GBR","country":"United Kingdom","division":"West Midlands","qid":"Q2256","rank":12},"geometry":{"type":"Point","coordinates":[-1.921943,52.47692]}},{"type":"Feature","id":"city-1159149435","properties":{"name":"Bilbao","localName":"Bilbao","countryCode":"ESP","country":"Spain","division":"País Vasco","qid":"Q8692","rank":11},"geometry":{"type":"Point","coordinates":[-2.929987,43.249981]}},{"type":"Feature","id":"city-1159149583","properties":{"name":"Novokuznetsk","localName":"Novokuznetsk","countryCode":"RUS","country":"Russia","division":"Kemerovo","qid":"Q93910","rank":11},"geometry":{"type":"Point","coordinates":[87.114982,53.750012]}},{"type":"Feature","id":"city-1159149601","properties":{"name":"Zamboanga City","localName":"Zamboanga","countryCode":"PHL","country":"Philippines","division":"Zamboanga del Sur","qid":"Q1629","rank":11},"geometry":{"type":"Point","coordinates":[122.078085,6.921923]}},{"type":"Feature","id":"city-1159149607","properties":{"name":"General Santos","localName":"General Santos","countryCode":"PHL","country":"Philippines","division":"South Cotabato","qid":"Q594275","rank":11},"geometry":{"type":"Point","coordinates":[125.174726,6.110827]}},{"type":"Feature","id":"city-1159149665","properties":{"name":"Torreón","localName":"Torreón","countryCode":"MEX","country":"Mexico","division":"Coahuila","qid":"Q386991","rank":12},"geometry":{"type":"Point","coordinates":[-103.421949,25.571999]}},{"type":"Feature","id":"city-1159149677","properties":{"name":"Matamoros","localName":"Matamoros","countryCode":"MEX","country":"Mexico","division":"Tamaulipas","qid":"Q738353","rank":11},"geometry":{"type":"Point","coordinates":[-97.500002,25.879982]}},{"type":"Feature","id":"city-1159149689","properties":{"name":"León de Los Aldama","localName":"León","countryCode":"MEX","country":"Mexico","division":"Guanajuato","qid":"Q189128","rank":12},"geometry":{"type":"Point","coordinates":[-101.701976,21.151933]}},{"type":"Feature","id":"city-1159149701","properties":{"name":"Ogbomosho","localName":"Ogbomosho","countryCode":"NGA","country":"Nigeria","division":"Oyo","qid":"Q500366","rank":11},"geometry":{"type":"Point","coordinates":[4.238043,8.131952]}},{"type":"Feature","id":"city-1159149703","properties":{"name":"Warri","localName":"Warri","countryCode":"NGA","country":"Nigeria","division":"Delta","qid":"Q574593","rank":11},"geometry":{"type":"Point","coordinates":[5.76,5.519959]}},{"type":"Feature","id":"city-1159149755","properties":{"name":"Catania","localName":"Catania","countryCode":"ITA","country":"Italy","division":"Sicily","qid":"Q1903","rank":11},"geometry":{"type":"Point","coordinates":[15.079999,37.499971]}},{"type":"Feature","id":"city-1159149775","properties":{"name":"Tianshui","localName":"Tianshui","countryCode":"CHN","country":"China","division":"Gansu","qid":"Q533157","rank":12},"geometry":{"type":"Point","coordinates":[105.918038,34.601964]}},{"type":"Feature","id":"city-1159149781","properties":{"name":"Yulin","localName":"Yulin","countryCode":"CHN","country":"China","division":"Guangxi","qid":"Q571918","rank":12},"geometry":{"type":"Point","coordinates":[110.148064,22.63192]}},{"type":"Feature","id":"city-1159149787","properties":{"name":"Liupanshui","localName":"Liupanshui","countryCode":"CHN","country":"China","division":"Guizhou","qid":"Q485918","rank":12},"geometry":{"type":"Point","coordinates":[104.831386,26.596381]}},{"type":"Feature","id":"city-1159149791","properties":{"name":"Quanzhou","localName":"Quanzhou","countryCode":"CHN","country":"China","division":"Fujian","qid":"Q68695","rank":12},"geometry":{"type":"Point","coordinates":[118.578041,24.901962]}},{"type":"Feature","id":"city-1159149795","properties":{"name":"Suzhou","localName":"Suzhou","countryCode":"CHN","country":"China","division":"Anhui","qid":"Q360643","rank":12},"geometry":{"type":"Point","coordinates":[116.976943,33.638057]}},{"type":"Feature","id":"city-1159149797","properties":{"name":"Zhanjiang","localName":"Zhanjiang","countryCode":"CHN","country":"China","division":"Guangdong","qid":"Q59144","rank":12},"geometry":{"type":"Point","coordinates":[110.378076,21.20193]}},{"type":"Feature","id":"city-1159149799","properties":{"name":"Shaoguan","localName":"Shaoguan","countryCode":"CHN","country":"China","division":"Guangdong","qid":"Q59107","rank":11},"geometry":{"type":"Point","coordinates":[113.579982,24.799971]}},{"type":"Feature","id":"city-1159149815","properties":{"name":"Surakarta","localName":"Surakarta","countryCode":"IDN","country":"Indonesia","division":"Jawa Tengah","qid":"Q4803","rank":11},"geometry":{"type":"Point","coordinates":[110.825008,-7.564979]}},{"type":"Feature","id":"city-1159149821","properties":{"name":"Malang","localName":"Malang","countryCode":"IDN","country":"Indonesia","division":"Jawa Timur","qid":"Q11445","rank":11},"geometry":{"type":"Point","coordinates":[112.608069,-7.978046]}},{"type":"Feature","id":"city-1159149853","properties":{"name":"Suez","localName":"Suez","countryCode":"EGY","country":"Egypt","division":"As Suways","qid":"Q134514","rank":11},"geometry":{"type":"Point","coordinates":[32.549941,30.004976]}},{"type":"Feature","id":"city-1159149875","properties":{"name":"Yarkant County","localName":"Shache","countryCode":"CHN","country":"China","division":"Xinjiang Uygur","qid":"Q857618","rank":11},"geometry":{"type":"Point","coordinates":[77.250003,38.426142]}},{"type":"Feature","id":"city-1159149877","properties":{"name":"Yining City","localName":"Yining","countryCode":"CHN","country":"China","division":"Xinjiang Uygur","qid":"Q866021","rank":11},"geometry":{"type":"Point","coordinates":[81.350011,43.900019]}},{"type":"Feature","id":"city-1159149889","properties":{"name":"Ankang","localName":"Ankang","countryCode":"CHN","country":"China","division":"Shaanxi","qid":"Q515846","rank":12},"geometry":{"type":"Point","coordinates":[109.020002,32.679981]}},{"type":"Feature","id":"city-1159149893","properties":{"name":"Yueyang","localName":"Yueyang","countryCode":"CHN","country":"China","division":"Hunan","qid":"Q151958","rank":11},"geometry":{"type":"Point","coordinates":[113.098065,29.381999]}},{"type":"Feature","id":"city-1159149895","properties":{"name":"Hengyang","localName":"Hengyang","countryCode":"CHN","country":"China","division":"Hunan","qid":"Q144663","rank":12},"geometry":{"type":"Point","coordinates":[112.58807,26.881971]}},{"type":"Feature","id":"city-1159149899","properties":{"name":"Mianyang","localName":"Mianyang","countryCode":"CHN","country":"China","division":"Sichuan","qid":"Q426130","rank":12},"geometry":{"type":"Point","coordinates":[104.689993,31.464828]}},{"type":"Feature","id":"city-1159149903","properties":{"name":"Baoshan","localName":"Baoshan","countryCode":"CHN","country":"China","division":"Yunnan","qid":"Q496576","rank":11},"geometry":{"type":"Point","coordinates":[99.15001,25.119977]}},{"type":"Feature","id":"city-1159149909","properties":{"name":"Handan","localName":"Handan","countryCode":"CHN","country":"China","division":"Hebei","qid":"Q58570","rank":12},"geometry":{"type":"Point","coordinates":[114.478032,36.581921]}},{"type":"Feature","id":"city-1159149911","properties":{"name":"Anshan","localName":"Anshan","countryCode":"CHN","country":"China","division":"Liaoning","qid":"Q74957","rank":12},"geometry":{"type":"Point","coordinates":[122.938085,41.116967]}},{"type":"Feature","id":"city-1159149913","properties":{"name":"Dalian","localName":"Dalian","countryCode":"CHN","country":"China","division":"Liaoning","qid":"Q74881","rank":12},"geometry":{"type":"Point","coordinates":[121.627885,38.924784]}},{"type":"Feature","id":"city-1159149917","properties":{"name":"Qingdao","localName":"Qingdao","countryCode":"CHN","country":"China","division":"Shandong","qid":"Q170322","rank":12},"geometry":{"type":"Point","coordinates":[120.328063,36.091925]}},{"type":"Feature","id":"city-1159149919","properties":{"name":"Linyi","localName":"Linyi","countryCode":"CHN","country":"China","division":"Shandong","qid":"Q373346","rank":12},"geometry":{"type":"Point","coordinates":[118.32803,35.081935]}},{"type":"Feature","id":"city-1159149921","properties":{"name":"Huai'an","localName":"Huaiyin","countryCode":"CHN","country":"China","division":"Jiangsu","qid":"Q57818","rank":12},"geometry":{"type":"Point","coordinates":[119.065967,33.585165]}},{"type":"Feature","id":"city-1159149923","properties":{"name":"Wenzhou","localName":"Wenzhou","countryCode":"CHN","country":"China","division":"Zhejiang","qid":"Q42635","rank":12},"geometry":{"type":"Point","coordinates":[120.648147,28.021927]}},{"type":"Feature","id":"city-1159149925","properties":{"name":"Ningbo","localName":"Ningbo","countryCode":"CHN","country":"China","division":"Zhejiang","qid":"Q42780","rank":12},"geometry":{"type":"Point","coordinates":[121.548092,29.881917]}},{"type":"Feature","id":"city-1159149939","properties":{"name":"Tongliao","localName":"Tongliao","countryCode":"CHN","country":"China","division":"Nei Mongol","qid":"Q570884","rank":11},"geometry":{"type":"Point","coordinates":[122.268048,43.621905]}},{"type":"Feature","id":"city-1159149943","properties":{"name":"Chifeng","localName":"Chifeng","countryCode":"CHN","country":"China","division":"Nei Mongol","qid":"Q570829","rank":12},"geometry":{"type":"Point","coordinates":[118.948044,42.271961]}},{"type":"Feature","id":"city-1159149949","properties":{"name":"Jiamusi","localName":"Jiamusi","countryCode":"CHN","country":"China","division":"Heilongjiang","qid":"Q29003","rank":12},"geometry":{"type":"Point","coordinates":[130.348072,46.831967]}},{"type":"Feature","id":"city-1159149955","properties":{"name":"Daqing","localName":"Daqing","countryCode":"CHN","country":"China","division":"Heilongjiang","qid":"Q304848","rank":12},"geometry":{"type":"Point","coordinates":[124.998062,46.581905]}},{"type":"Feature","id":"city-1159149957","properties":{"name":"Jixi","localName":"Jixi","countryCode":"CHN","country":"China","division":"Heilongjiang","qid":"Q28979","rank":11},"geometry":{"type":"Point","coordinates":[130.968085,45.301906]}},{"type":"Feature","id":"city-1159149999","properties":{"name":"Faridabad","localName":"Faridabad","countryCode":"IND","country":"India","division":"Haryana","qid":"Q200663","rank":12},"geometry":{"type":"Point","coordinates":[77.314721,28.435279]}},{"type":"Feature","id":"city-1159150003","properties":{"name":"Vijayawada","localName":"Vijayawada","countryCode":"IND","country":"India","division":"Andhra Pradesh","qid":"Q200017","rank":12},"geometry":{"type":"Point","coordinates":[80.628057,16.521905]}},{"type":"Feature","id":"city-1159150009","properties":{"name":"Kochi","localName":"Kochi","countryCode":"IND","country":"India","division":"Kerala","qid":"Q1800","rank":12},"geometry":{"type":"Point","coordinates":[76.22197,10.016953]}},{"type":"Feature","id":"city-1159150011","properties":{"name":"Pochinki","localName":"Cuttack","countryCode":"IND","country":"India","division":"Orissa","qid":"Q207324","rank":11},"geometry":{"type":"Point","coordinates":[85.889941,20.470002]}},{"type":"Feature","id":"city-1159150013","properties":{"name":"Hubli","localName":"Hubballi","countryCode":"IND","country":"India","division":"Karnataka","qid":"Q33412","rank":11},"geometry":{"type":"Point","coordinates":[75.12307,15.361924]}},{"type":"Feature","id":"city-1159150015","properties":{"name":"Mangalore","localName":"Mangaluru","countryCode":"IND","country":"India","division":"Karnataka","qid":"Q127041","rank":11},"geometry":{"type":"Point","coordinates":[74.849994,12.900025]}},{"type":"Feature","id":"city-1159150017","properties":{"name":"Mysore","localName":"Mysuru","countryCode":"IND","country":"India","division":"Karnataka","qid":"Q10086","rank":11},"geometry":{"type":"Point","coordinates":[76.658067,12.31193]}},{"type":"Feature","id":"city-1159150021","properties":{"name":"Kolhapur","localName":"Kolhapur","countryCode":"IND","country":"India","division":"Maharashtra","qid":"Q209698","rank":11},"geometry":{"type":"Point","coordinates":[74.220007,16.7]}},{"type":"Feature","id":"city-1159150025","properties":{"name":"Nanded","localName":"Nanded","countryCode":"IND","country":"India","division":"Maharashtra","qid":"Q855122","rank":11},"geometry":{"type":"Point","coordinates":[77.308337,19.197259]}},{"type":"Feature","id":"city-1159150027","properties":{"name":"Akola","localName":"Akola","countryCode":"IND","country":"India","division":"Maharashtra","qid":"Q213014","rank":11},"geometry":{"type":"Point","coordinates":[77.010018,20.709988]}},{"type":"Feature","id":"city-1159150029","properties":{"name":"Guwahati","localName":"Guwahati","countryCode":"IND","country":"India","division":"Assam","qid":"Q199605","rank":11},"geometry":{"type":"Point","coordinates":[91.768049,26.161963]}},{"type":"Feature","id":"city-1159150137","properties":{"name":"Ludhiana","localName":"Ludhiana","countryCode":"IND","country":"India","division":"Punjab","qid":"Q200123","rank":12},"geometry":{"type":"Point","coordinates":[75.870312,30.929708]}},{"type":"Feature","id":"city-1159150139","properties":{"name":"Kota","localName":"Kota","countryCode":"IND","country":"India","division":"Rajasthan","qid":"Q330531","rank":11},"geometry":{"type":"Point","coordinates":[75.833053,25.181945]}},{"type":"Feature","id":"city-1159150141","properties":{"name":"Jodhpur","localName":"Jodhpur","countryCode":"IND","country":"India","division":"Rajasthan","qid":"Q200019","rank":11},"geometry":{"type":"Point","coordinates":[73.014827,26.293712]}},{"type":"Feature","id":"city-1159150159","properties":{"name":"Jabalpur","localName":"Jabalpur","countryCode":"IND","country":"India","division":"Madhya Pradesh","qid":"Q200878","rank":12},"geometry":{"type":"Point","coordinates":[79.953112,23.177003]}},{"type":"Feature","id":"city-1159150161","properties":{"name":"Indore","localName":"Indore","countryCode":"IND","country":"India","division":"Madhya Pradesh","qid":"Q66616","rank":12},"geometry":{"type":"Point","coordinates":[75.863077,22.717005]}},{"type":"Feature","id":"city-1159150165","properties":{"name":"Salem","localName":"Salem","countryCode":"IND","country":"India","division":"Tamil Nadu","qid":"Q9863","rank":11},"geometry":{"type":"Point","coordinates":[78.178129,11.671943]}},{"type":"Feature","id":"city-1159150169","properties":{"name":"Trichy","localName":"Tiruchirappalli","countryCode":"IND","country":"India","division":"Tamil Nadu","qid":"Q207754","rank":11},"geometry":{"type":"Point","coordinates":[78.687512,10.800541]}},{"type":"Feature","id":"city-1159150197","properties":{"name":"Uberlândia","localName":"Uberlândia","countryCode":"BRA","country":"Brazil","division":"Minas Gerais","qid":"Q194328","rank":11},"geometry":{"type":"Point","coordinates":[-48.279984,-18.899998]}},{"type":"Feature","id":"city-1159150223","properties":{"name":"Vila Velha","localName":"Vila Velha","countryCode":"BRA","country":"Brazil","division":"Espírito Santo","qid":"Q334197","rank":12},"geometry":{"type":"Point","coordinates":[-40.290233,-20.338046]}},{"type":"Feature","id":"city-1159150303","properties":{"name":"Rosario","localName":"Rosario","countryCode":"ARG","country":"Argentina","division":"Santa Fe","qid":"Q52535","rank":12},"geometry":{"type":"Point","coordinates":[-60.668253,-32.949184]}},{"type":"Feature","id":"city-1159150305","properties":{"name":"Campinas","localName":"Campinas","countryCode":"BRA","country":"Brazil","division":"São Paulo","qid":"Q171617","rank":12},"geometry":{"type":"Point","coordinates":[-47.055885,-22.907898]}},{"type":"Feature","id":"city-1159150307","properties":{"name":"Sorocaba","localName":"Sorocaba","countryCode":"BRA","country":"Brazil","division":"São Paulo","qid":"Q188901","rank":11},"geometry":{"type":"Point","coordinates":[-47.469981,-23.490002]}},{"type":"Feature","id":"city-1159150309","properties":{"name":"Ribeirão Preto","localName":"Ribeirão Preto","countryCode":"BRA","country":"Brazil","division":"São Paulo","qid":"Q188892","rank":11},"geometry":{"type":"Point","coordinates":[-47.829985,-21.17004]}},{"type":"Feature","id":"city-1159150413","properties":{"name":"Gold Coast","localName":"Gold Coast","countryCode":"AUS","country":"Australia","division":"Queensland","qid":"Q140075","rank":11},"geometry":{"type":"Point","coordinates":[153.448246,-28.081504]}},{"type":"Feature","id":"city-1159150463","properties":{"name":"Kozhikode","localName":"Kozhikode","countryCode":"IND","country":"India","division":"Kerala","qid":"Q28729","rank":11},"geometry":{"type":"Point","coordinates":[75.768044,11.252382]}},{"type":"Feature","id":"city-1159150467","properties":{"name":"Jamshedpur","localName":"Jamshedpur","countryCode":"IND","country":"India","division":"Jharkhand","qid":"Q200054","rank":12},"geometry":{"type":"Point","coordinates":[86.195573,22.789481]}},{"type":"Feature","id":"city-1159150479","properties":{"name":"San Jose","localName":"San Jose","countryCode":"USA","country":"United States","division":"California","qid":"Q16553","rank":12},"geometry":{"type":"Point","coordinates":[-121.888179,37.330943]}},{"type":"Feature","id":"city-1159150483","properties":{"name":"Las Vegas","localName":"Las Vegas","countryCode":"USA","country":"United States","division":"Nevada","qid":"Q23768","rank":12},"geometry":{"type":"Point","coordinates":[-115.151362,36.164763]}},{"type":"Feature","id":"city-1159150487","properties":{"name":"Portland","localName":"Portland","countryCode":"USA","country":"United States","division":"Oregon","qid":"Q6106","rank":12},"geometry":{"type":"Point","coordinates":[-122.681936,45.52197]}},{"type":"Feature","id":"city-1159150497","properties":{"name":"Omaha","localName":"Omaha","countryCode":"USA","country":"United States","division":"Nebraska","qid":"Q43199","rank":11},"geometry":{"type":"Point","coordinates":[-96.00999,41.240001]}},{"type":"Feature","id":"city-1159150503","properties":{"name":"San Antonio","localName":"San Antonio","countryCode":"USA","country":"United States","division":"Texas","qid":"Q975","rank":12},"geometry":{"type":"Point","coordinates":[-98.492693,29.419848]}},{"type":"Feature","id":"city-1159150515","properties":{"name":"Cleveland","localName":"Cleveland","countryCode":"USA","country":"United States","division":"Ohio","qid":"Q37320","rank":12},"geometry":{"type":"Point","coordinates":[-81.696944,41.471933]}},{"type":"Feature","id":"city-1159150517","properties":{"name":"Cincinnati","localName":"Cincinnati","countryCode":"USA","country":"United States","division":"Ohio","qid":"Q43196","rank":12},"geometry":{"type":"Point","coordinates":[-84.458868,39.163831]}},{"type":"Feature","id":"city-1159150521","properties":{"name":"Memphis","localName":"Memphis","countryCode":"USA","country":"United States","division":"Tennessee","qid":"Q16563","rank":12},"geometry":{"type":"Point","coordinates":[-90.028777,35.144701]}},{"type":"Feature","id":"city-1159150523","properties":{"name":"Norfolk","localName":"Norfolk","countryCode":"USA","country":"United States","division":"Virginia","qid":"Q49231","rank":12},"geometry":{"type":"Point","coordinates":[-76.280006,36.849959]}},{"type":"Feature","id":"city-1159150525","properties":{"name":"Milwaukee","localName":"Milwaukee","countryCode":"USA","country":"United States","division":"Wisconsin","qid":"Q37836","rank":12},"geometry":{"type":"Point","coordinates":[-87.916673,43.029608]}},{"type":"Feature","id":"city-1159150529","properties":{"name":"Buffalo","localName":"Buffalo","countryCode":"USA","country":"United States","division":"New York","qid":"Q40435","rank":12},"geometry":{"type":"Point","coordinates":[-78.881948,42.881924]}},{"type":"Feature","id":"city-1159150531","properties":{"name":"Pittsburgh","localName":"Pittsburgh","countryCode":"USA","country":"United States","division":"Pennsylvania","qid":"Q1342","rank":12},"geometry":{"type":"Point","coordinates":[-80.001931,40.431945]}},{"type":"Feature","id":"city-1159150533","properties":{"name":"Ciudad Guayana","localName":"Ciudad Guayana","countryCode":"VEN","country":"Venezuela","division":"Bolívar","qid":"Q507080","rank":11},"geometry":{"type":"Point","coordinates":[-62.619987,8.370017]}},{"type":"Feature","id":"city-1159150591","properties":{"name":"Glasgow","localName":"Glasgow","countryCode":"GBR","country":"United Kingdom","division":"Glasgow","qid":"Q4093","rank":12},"geometry":{"type":"Point","coordinates":[-4.239101,55.86227]}},{"type":"Feature","id":"city-1159150647","properties":{"name":"Multan","localName":"Multan","countryCode":"PAK","country":"Pakistan","division":"Punjab","qid":"Q185453","rank":12},"geometry":{"type":"Point","coordinates":[71.453062,30.201923]}},{"type":"Feature","id":"city-1159150649","properties":{"name":"Hyderabad","localName":"Hyderabad","countryCode":"PAK","country":"Pakistan","division":"Sind","qid":"Q1640079","rank":12},"geometry":{"type":"Point","coordinates":[68.373043,25.381933]}},{"type":"Feature","id":"city-1159150681","properties":{"name":"Port Elizabeth","localName":"Port Elizabeth","countryCode":"ZAF","country":"South Africa","division":"Eastern Cape","qid":"Q125434","rank":12},"geometry":{"type":"Point","coordinates":[25.598083,-33.968088]}},{"type":"Feature","id":"city-1159150721","properties":{"name":"Cebu City","localName":"Cebu","countryCode":"PHL","country":"Philippines","division":"Cebu","qid":"Q1467","rank":11},"geometry":{"type":"Point","coordinates":[123.898129,10.321922]}},{"type":"Feature","id":"city-1159150727","properties":{"name":"Davao City","localName":"Davao","countryCode":"PHL","country":"Philippines","division":"Davao Del Sur","qid":"Q1473","rank":12},"geometry":{"type":"Point","coordinates":[125.62805,7.111963]}},{"type":"Feature","id":"city-1159150751","properties":{"name":"Tijuana","localName":"Tijuana","countryCode":"MEX","country":"Mexico","division":"Baja California","qid":"Q124739","rank":12},"geometry":{"type":"Point","coordinates":[-117.081942,32.501963]}},{"type":"Feature","id":"city-1159150757","properties":{"name":"Ciudad Madero Tamaulipas","localName":"Tampico","countryCode":"MEX","country":"Mexico","division":"Tamaulipas","qid":"Q273014","rank":11},"geometry":{"type":"Point","coordinates":[-97.870006,22.30002]}},{"type":"Feature","id":"city-1159150759","properties":{"name":"Acapulco de Juárez","localName":"Acapulco","countryCode":"MEX","country":"Mexico","division":"Guerrero","qid":"Q81398","rank":11},"geometry":{"type":"Point","coordinates":[-99.915979,16.849991]}},{"type":"Feature","id":"city-1159150763","properties":{"name":"Veracruz","localName":"Veracruz","countryCode":"MEX","country":"Mexico","division":"Veracruz","qid":"Q173270","rank":11},"geometry":{"type":"Point","coordinates":[-96.159981,19.177342]}},{"type":"Feature","id":"city-1159150767","properties":{"name":"Cancun","localName":"Cancún","countryCode":"MEX","country":"Mexico","division":"Quintana Roo","qid":"Q8969","rank":11},"geometry":{"type":"Point","coordinates":[-86.830008,21.16996]}},{"type":"Feature","id":"city-1159150821","properties":{"name":"Guilin","localName":"Guilin","countryCode":"CHN","country":"China","division":"Guangxi","qid":"Q189633","rank":11},"geometry":{"type":"Point","coordinates":[110.278082,25.281939]}},{"type":"Feature","id":"city-1159150823","properties":{"name":"Huainan","localName":"Huainan","countryCode":"CHN","country":"China","division":"Anhui","qid":"Q360178","rank":12},"geometry":{"type":"Point","coordinates":[116.978035,32.63193]}},{"type":"Feature","id":"city-1159150825","properties":{"name":"Shantou","localName":"Shantou","countryCode":"CHN","country":"China","division":"Guangdong","qid":"Q59100","rank":12},"geometry":{"type":"Point","coordinates":[116.66808,23.371952]}},{"type":"Feature","id":"city-1159150871","properties":{"name":"Luxor","localName":"Luxor","countryCode":"EGY","country":"Egypt","division":"Qina","qid":"Q130514","rank":11},"geometry":{"type":"Point","coordinates":[32.650038,25.700019]}},{"type":"Feature","id":"city-1159150881","properties":{"name":"Yizhou","localName":"Hami","countryCode":"CHN","country":"China","division":"Xinjiang Uygur","qid":"Q650585","rank":11},"geometry":{"type":"Point","coordinates":[93.515005,42.826984]}},{"type":"Feature","id":"city-1159150885","properties":{"name":"Kashgar City","localName":"Kashgar","countryCode":"CHN","country":"China","division":"Xinjiang Uygur","qid":"Q170521","rank":11},"geometry":{"type":"Point","coordinates":[75.969926,39.476336]}},{"type":"Feature","id":"city-1159150891","properties":{"name":"Pingxiang","localName":"Pingxiang","countryCode":"CHN","country":"China","division":"Jiangxi","qid":"Q362865","rank":11},"geometry":{"type":"Point","coordinates":[113.848097,27.621951]}},{"type":"Feature","id":"city-1159150895","properties":{"name":"Qiqihar","localName":"Qiqihar","countryCode":"CHN","country":"China","division":"Heilongjiang","qid":"Q205922","rank":12},"geometry":{"type":"Point","coordinates":[123.988046,47.346923]}},{"type":"Feature","id":"city-1159150897","properties":{"name":"Kikwit","localName":"Kikwit","countryCode":"COD","country":"DR Congo","division":"Bandundu","qid":"Q261887","rank":11},"geometry":{"type":"Point","coordinates":[18.850002,-5.030043]}},{"type":"Feature","id":"city-1159150915","properties":{"name":"Visakhapatnam","localName":"Vishakhapatnam","countryCode":"IND","country":"India","division":"Andhra Pradesh","qid":"Q200016","rank":12},"geometry":{"type":"Point","coordinates":[83.219848,17.682903]}},{"type":"Feature","id":"city-1159150975","properties":{"name":"Amritsar","localName":"Amritsar","countryCode":"IND","country":"India","division":"Punjab","qid":"Q48403","rank":12},"geometry":{"type":"Point","coordinates":[74.868047,31.641938]}},{"type":"Feature","id":"city-1159150979","properties":{"name":"Varanasi","localName":"Varanasi","countryCode":"IND","country":"India","division":"Uttar Pradesh","qid":"Q79980","rank":12},"geometry":{"type":"Point","coordinates":[82.998094,25.331936]}},{"type":"Feature","id":"city-1159150981","properties":{"name":"Asansol","localName":"Asansol","countryCode":"IND","country":"India","division":"West Bengal","qid":"Q202139","rank":12},"geometry":{"type":"Point","coordinates":[86.981387,23.685279]}},{"type":"Feature","id":"city-1159150983","properties":{"name":"Bhilai","localName":"Bhilai","countryCode":"IND","country":"India","division":"Chhattisgarh","qid":"Q242144","rank":12},"geometry":{"type":"Point","coordinates":[81.372213,21.211262]}},{"type":"Feature","id":"city-1159150987","properties":{"name":"Madurai","localName":"Madurai","countryCode":"IND","country":"India","division":"Tamil Nadu","qid":"Q228405","rank":12},"geometry":{"type":"Point","coordinates":[78.118081,9.921972]}},{"type":"Feature","id":"city-1159150989","properties":{"name":"Coimbatore","localName":"Coimbatore","countryCode":"IND","country":"India","division":"Tamil Nadu","qid":"Q9885","rank":12},"geometry":{"type":"Point","coordinates":[76.948075,11.001906]}},{"type":"Feature","id":"city-1159151035","properties":{"name":"Calgary","localName":"Calgary","countryCode":"CAN","country":"Canada","division":"Alberta","qid":"Q36312","rank":12},"geometry":{"type":"Point","coordinates":[-114.081944,51.084938]}},{"type":"Feature","id":"city-1159151101","properties":{"name":"Mar del Plata","localName":"Mar del Plata","countryCode":"ARG","country":"Argentina","division":"Ciudad de Buenos Aires","qid":"Q52607","rank":11},"geometry":{"type":"Point","coordinates":[-57.579984,-38.00002]}},{"type":"Feature","id":"city-1159151137","properties":{"name":"Oran","localName":"Oran","countryCode":"DZA","country":"Algeria","division":"Oran","qid":"Q131818","rank":11},"geometry":{"type":"Point","coordinates":[-0.621919,35.711948]}},{"type":"Feature","id":"city-1159151163","properties":{"name":"Newcastle","localName":"Newcastle","countryCode":"AUS","country":"Australia","division":"New South Wales","qid":"Q57278","rank":11},"geometry":{"type":"Point","coordinates":[151.770249,-32.929508]}},{"type":"Feature","id":"city-1159151215","properties":{"name":"Shenzhen","localName":"Shenzhen","countryCode":"CHN","country":"China","division":"Guangdong","qid":"Q15174","rank":13},"geometry":{"type":"Point","coordinates":[114.061154,22.548097]}},{"type":"Feature","id":"city-1159151217","properties":{"name":"Zibo","localName":"Zibo","countryCode":"CHN","country":"China","division":"Shandong","qid":"Q198370","rank":12},"geometry":{"type":"Point","coordinates":[117.99646,36.821365]}},{"type":"Feature","id":"city-1159151219","properties":{"name":"Minneapolis","localName":"Minneapolis","countryCode":"USA","country":"United States","division":"Minnesota","qid":"Q36091","rank":12},"geometry":{"type":"Point","coordinates":[-93.253732,44.981925]}},{"type":"Feature","id":"city-1159151223","properties":{"name":"Seattle","localName":"Seattle","countryCode":"USA","country":"United States","division":"Washington","qid":"Q5083","rank":12},"geometry":{"type":"Point","coordinates":[-122.315322,47.600423]}},{"type":"Feature","id":"city-1159151227","properties":{"name":"San Diego","localName":"San Diego","countryCode":"USA","country":"United States","division":"California","qid":"Q16552","rank":12},"geometry":{"type":"Point","coordinates":[-117.150881,32.718914]}},{"type":"Feature","id":"city-1159151231","properties":{"name":"St. Louis","localName":"St. Louis","countryCode":"USA","country":"United States","division":"Missouri","qid":"Q38022","rank":12},"geometry":{"type":"Point","coordinates":[-90.241926,38.636964]}},{"type":"Feature","id":"city-1159151233","properties":{"name":"New Orleans","localName":"New Orleans","countryCode":"USA","country":"United States","division":"Louisiana","qid":"Q34404","rank":11},"geometry":{"type":"Point","coordinates":[-90.088368,29.968908]}},{"type":"Feature","id":"city-1159151235","properties":{"name":"Dallas","localName":"Dallas","countryCode":"USA","country":"United States","division":"Texas","qid":"Q16557","rank":12},"geometry":{"type":"Point","coordinates":[-96.794687,32.771958]}},{"type":"Feature","id":"city-1159151241","properties":{"name":"Tampa","localName":"Tampa","countryCode":"USA","country":"United States","division":"Florida","qid":"Q49255","rank":12},"geometry":{"type":"Point","coordinates":[-82.460567,27.948934]}},{"type":"Feature","id":"city-1159151243","properties":{"name":"Philadelphia","localName":"Philadelphia","countryCode":"USA","country":"United States","division":"Pennsylvania","qid":"Q1345","rank":13},"geometry":{"type":"Point","coordinates":[-75.179841,39.945942]}},{"type":"Feature","id":"city-1159151245","properties":{"name":"Detroit","localName":"Detroit","countryCode":"USA","country":"United States","division":"Michigan","qid":"Q12439","rank":12},"geometry":{"type":"Point","coordinates":[-83.051334,42.333558]}},{"type":"Feature","id":"city-1159151267","properties":{"name":"Aleppo","localName":"Aleppo","countryCode":"SYR","country":"Syria","division":"Aleppo (Halab)","qid":"Q41183","rank":12},"geometry":{"type":"Point","coordinates":[37.168074,36.231917]}},{"type":"Feature","id":"city-1159151277","properties":{"name":"Jeddah","localName":"Jeddah","countryCode":"SAU","country":"Saudi Arabia","division":"Makkah","qid":"Q374365","rank":12},"geometry":{"type":"Point","coordinates":[39.217252,21.518835]}},{"type":"Feature","id":"city-1159151279","properties":{"name":"Mecca","localName":"Makkah","countryCode":"SAU","country":"Saudi Arabia","division":"Makkah","qid":"Q5806","rank":12},"geometry":{"type":"Point","coordinates":[39.818094,21.431967]}},{"type":"Feature","id":"city-1159151289","properties":{"name":"Durban","localName":"Durban","countryCode":"ZAF","country":"South Africa","division":"KwaZulu-Natal","qid":"Q5468","rank":12},"geometry":{"type":"Point","coordinates":[31.010944,-29.860662]}},{"type":"Feature","id":"city-1159151333","properties":{"name":"Dongguan","localName":"Dongguan","countryCode":"CHN","country":"China","division":"Guangdong","qid":"Q59218","rank":12},"geometry":{"type":"Point","coordinates":[113.750474,23.021537]}},{"type":"Feature","id":"city-1159151349","properties":{"name":"Alexandria","localName":"Alexandria","countryCode":"EGY","country":"Egypt","division":"Al Iskandariyah","qid":"Q87","rank":12},"geometry":{"type":"Point","coordinates":[29.94805,31.201965]}},{"type":"Feature","id":"city-1159151351","properties":{"name":"Frankfurt","localName":"Frankfurt","countryCode":"DEU","country":"Germany","division":"Hessen","qid":"Q1794","rank":12},"geometry":{"type":"Point","coordinates":[8.675015,50.099977]}},{"type":"Feature","id":"city-1159151395","properties":{"name":"Baotou","localName":"Baotou","countryCode":"CHN","country":"China","division":"Nei Mongol","qid":"Q569907","rank":12},"geometry":{"type":"Point","coordinates":[109.820074,40.654153]}},{"type":"Feature","id":"city-1159151405","properties":{"name":"Delhi","localName":"Delhi","countryCode":"IND","country":"India","division":"Delhi","qid":"Q1353","rank":14},"geometry":{"type":"Point","coordinates":[77.228058,28.671939]}},{"type":"Feature","id":"city-1159151411","properties":{"name":"Pune","localName":"Pune","countryCode":"IND","country":"India","division":"Maharashtra","qid":"Q1538","rank":12},"geometry":{"type":"Point","coordinates":[73.851892,18.516394]}},{"type":"Feature","id":"city-1159151413","properties":{"name":"Nagpur","localName":"Nagpur","countryCode":"IND","country":"India","division":"Maharashtra","qid":"Q1513","rank":12},"geometry":{"type":"Point","coordinates":[79.088048,21.171906]}},{"type":"Feature","id":"city-1159151425","properties":{"name":"Kanpur","localName":"Kanpur","countryCode":"IND","country":"India","division":"Uttar Pradesh","qid":"Q66568","rank":12},"geometry":{"type":"Point","coordinates":[80.31805,26.461945]}},{"type":"Feature","id":"city-1159151433","properties":{"name":"Ahmedabad","localName":"Ahmedabad","countryCode":"IND","country":"India","division":"Dadra and Nagar Haveli","qid":"Q1070","rank":13},"geometry":{"type":"Point","coordinates":[72.578058,23.031999]}},{"type":"Feature","id":"city-1159151435","properties":{"name":"Surat","localName":"Surat","countryCode":"IND","country":"India","division":"Dadra and Nagar Haveli","qid":"Q4629","rank":12},"geometry":{"type":"Point","coordinates":[72.838094,21.20193]}},{"type":"Feature","id":"city-1159151457","properties":{"name":"Montreal","localName":"Montréal","countryCode":"CAN","country":"Canada","division":"Québec","qid":"Q340","rank":12},"geometry":{"type":"Point","coordinates":[-73.585243,45.501945]}},{"type":"Feature","id":"city-1159151479","properties":{"name":"San Francisco","localName":"San Francisco","countryCode":"USA","country":"United States","division":"California","qid":"Q62","rank":12},"geometry":{"type":"Point","coordinates":[-122.3996,37.784263]}},{"type":"Feature","id":"city-1159151485","properties":{"name":"Houston","localName":"Houston","countryCode":"USA","country":"United States","division":"Texas","qid":"Q16555","rank":12},"geometry":{"type":"Point","coordinates":[-95.348436,29.741273]}},{"type":"Feature","id":"city-1159151487","properties":{"name":"Miami","localName":"Miami","countryCode":"USA","country":"United States","division":"Florida","qid":"Q8652","rank":13},"geometry":{"type":"Point","coordinates":[-80.226052,25.789557]}},{"type":"Feature","id":"city-1159151491","properties":{"name":"Chicago","localName":"Chicago","countryCode":"USA","country":"United States","division":"Illinois","qid":"Q1297","rank":13},"geometry":{"type":"Point","coordinates":[-87.635237,41.847961]}},{"type":"Feature","id":"city-1159151555","properties":{"name":"Vancouver","localName":"Vancouver","countryCode":"CAN","country":"Canada","division":"British Columbia","qid":"Q24639","rank":12},"geometry":{"type":"Point","coordinates":[-123.12359,49.275362]}},{"type":"Feature","id":"city-1159151569","properties":{"name":"Los Angeles","localName":"Los Angeles","countryCode":"USA","country":"United States","division":"California","qid":"Q65","rank":14},"geometry":{"type":"Point","coordinates":[-118.231986,34.049219]}},{"type":"Feature","id":"city-1159151575","properties":{"name":"New York City","localName":"New York","countryCode":"USA","country":"United States","division":"New York","qid":"Q60","rank":14},"geometry":{"type":"Point","coordinates":[-73.995718,40.721562]}}]}